Patient_ID,Age,Sex,BMI,Hypertension,Diabetes,Dyslipidemia,Atrial_Fibrillation,Heart_Disease,CKD,Family_History,Smoking,Alcohol,Systolic_BP_mmHg,Diastolic_BP_mmHg,Heart_Rate_bpm,Facial_Weakness,Arm_Weakness,Speech_Difficulty,Vision_Problem,Severe_Headache,Dizziness,Loss_of_Balance,Numbness,Stroke_Type
SYN-03375,0.5709581066170838,0,0.3968079724645015,1,0,1,0,0,0,0,1,0,0.3892986169583884,0.3361658612468818,0.1255216273764504,1,1,1,1,0,1,0,0,Hemorrhagic
SYN-02941,0.9304166472909052,1,0.3201964124478009,1,0,0,0,0,0,0,1,1,0.4599418120968931,0.4858258201327621,0.3095468747910695,1,0,1,0,1,0,1,0,Hemorrhagic
SYN-02567,0.701298701,1,0.503448276,0,0,0,0,0,0,0,1,0,0.458823529,0.309090909,0.235714286,1,1,0,1,0,1,0,1,Ischemic
SYN-00197,0.467532468,0,0.555172414,0,0,0,0,0,0,0,1,0,0.241176471,0.390909091,0.314285714,0,0,0,0,1,0,0,0,No Stroke
SYN-03564,0.5219031619471056,1,0.2718945499387691,0,1,0,0,1,0,0,1,1,0.3943855215820346,0.42505356510197495,0.19737360335071202,1,0,1,0,1,0,1,1,Hemorrhagic
SYN-00121,0.649350649,0,0.262068966,0,0,1,0,1,0,0,1,0,0.217647059,0.418181818,0.221428571,0,0,0,0,0,0,0,0,No Stroke
SYN-01621,0.753246753,1,0.431034483,0,0,0,0,0,0,0,1,0,0.470588235,0.463636364,0.178571429,0,1,1,0,0,0,0,0,Ischemic
SYN-00034,0.454545455,0,0.186206897,0,0,0,0,0,0,0,1,0,0.317647059,0.209090909,0.235714286,0,0,0,0,0,0,0,0,No Stroke
SYN-01685,0.805194805,1,0.072413793,0,0,0,0,0,0,1,1,0,0.258823529,0.345454545,0.371428571,1,1,1,0,1,1,0,0,Ischemic
SYN-01886,0.207792208,1,0.548275862,0,0,0,0,0,0,0,1,0,0.282352941,0.281818182,0.171428571,0,1,0,0,0,1,0,1,Ischemic
SYN-01351,0.285714286,0,0.393103448,0,0,0,0,0,0,0,1,0,0.305882353,0.390909091,0.164285714,0,0,0,0,0,0,1,0,No Stroke
SYN-02818,1.0,1,0.15862069,1,0,0,0,0,0,0,1,0,0.511764706,0.409090909,0.221428571,1,1,1,0,1,0,0,1,Hemorrhagic
SYN-01352,0.61038961,0,0.306896552,1,0,0,0,0,0,0,1,0,0.394117647,0.336363636,0.414285714,0,0,0,0,0,0,0,0,No Stroke
SYN-02004,0.771487115506994,0,0.3499881950195824,1,0,0,0,0,0,1,1,1,0.3087122888770965,0.4648615709961206,0.2309306863326234,1,1,1,0,0,0,0,1,Ischemic
SYN-01585,0.233766234,0,0.417241379,0,0,0,0,0,0,0,1,0,0.247058824,0.236363636,0.228571429,0,0,0,0,0,1,0,0,No Stroke
SYN-03214,0.8514487183604664,0,0.0694116618732813,1,1,0,1,0,1,0,1,0,0.3779003543295092,0.3845110257606681,0.298605011640465,1,1,1,0,1,0,0,0,Hemorrhagic
SYN-01666,0.805194805,0,0.303448276,1,0,1,0,0,0,1,1,0,0.405882353,0.427272727,0.2,1,1,1,0,1,0,0,0,Ischemic
SYN-03026,0.5696885546512197,1,0.1593328746903933,1,0,0,0,0,0,0,1,0,0.5596761379126313,0.3298077278351314,0.229439080678553,1,1,0,0,0,0,1,1,Hemorrhagic
SYN-00150,0.454545455,0,0.35862069,0,0,1,0,0,0,0,1,0,0.241176471,0.336363636,0.128571429,0,0,0,0,1,1,0,0,No Stroke
SYN-01466,0.545454545,1,0.234482759,0,0,0,0,0,0,0,1,0,0.294117647,0.345454545,0.25,0,0,0,0,0,0,0,0,No Stroke
SYN-00671,0.441558442,1,0.268965517,0,0,0,0,0,0,0,1,0,0.147058824,0.245454545,0.235714286,0,0,0,0,0,0,0,0,No Stroke
SYN-02277,0.7587466700992941,0,0.3715256505222058,1,0,0,0,0,0,0,1,0,0.4992287710412801,0.3403684008329269,0.2388659353144495,1,0,0,0,1,0,0,1,Ischemic
SYN-02834,0.6319683784676035,1,0.3339980881787883,1,1,0,0,0,0,0,1,0,0.4056259518699828,0.3009016686420356,0.1078990211213988,0,0,0,0,1,1,1,1,Hemorrhagic
SYN-03506,0.6593988560769702,1,0.0,1,0,0,0,0,0,0,1,1,0.3056891959723579,0.2847349684306047,0.2647779154016013,0,1,1,0,0,0,0,0,Hemorrhagic
SYN-02799,0.74025974,1,0.227586207,1,0,0,0,0,0,1,1,0,0.341176471,0.254545455,0.264285714,1,1,0,0,1,0,1,0,Hemorrhagic
SYN-03527,0.9613922617304811,0,0.24749944385509987,1,0,1,0,0,0,0,1,0,0.546501733164686,0.4076665507717771,0.24356594898153316,0,1,0,1,1,0,1,1,Hemorrhagic
SYN-01867,1.0,1,0.334482759,1,0,1,0,1,1,0,1,1,0.517647059,0.409090909,0.235714286,1,1,0,0,1,0,0,0,Ischemic
SYN-00812,0.597402597,1,0.531034483,0,0,0,0,0,0,1,1,0,0.305882353,0.336363636,0.342857143,0,0,0,0,0,0,0,0,No Stroke
SYN-01672,0.779220779,0,0.331034483,1,0,1,0,0,0,0,1,0,0.323529412,0.527272727,0.271428571,1,0,0,0,0,0,1,0,Ischemic
SYN-02065,0.688311688,1,0.348275862,1,0,0,0,0,0,0,1,0,0.382352941,0.363636364,0.3,0,1,0,0,0,0,0,0,Ischemic
SYN-02537,0.545454545,1,0.393103448,1,0,0,0,0,0,0,1,0,0.388235294,0.463636364,0.178571429,1,0,0,1,1,1,1,0,Ischemic
SYN-03446,0.61038961,1,0.203448276,1,0,0,0,0,0,0,1,0,0.564705882,0.327272727,0.228571429,1,1,0,0,0,0,1,0,Hemorrhagic
SYN-01023,0.74025974,0,0.4,0,0,0,0,0,0,1,1,0,0.305882353,0.181818182,0.257142857,0,0,0,0,0,0,0,0,No Stroke
SYN-00545,0.766233766,0,0.051724138,0,0,0,0,0,0,0,1,0,0.335294118,0.336363636,0.178571429,0,0,0,0,0,1,0,0,No Stroke
SYN-03079,0.8991351976374936,1,0.2244507749855382,1,0,0,0,0,0,0,1,0,0.4874116720756122,0.4307227735234,0.1954127122987664,1,1,1,0,1,0,0,0,Hemorrhagic
SYN-00299,0.441558442,0,0.486206897,0,0,0,0,0,0,1,1,0,0.305882353,0.309090909,0.078571429,0,0,0,0,0,0,0,0,No Stroke
SYN-00326,0.831168831,0,0.331034483,0,0,1,0,0,0,1,1,0,0.382352941,0.309090909,0.114285714,0,0,0,0,0,0,0,0,No Stroke
SYN-00863,0.506493506,1,0.265517241,0,1,0,0,0,0,1,1,1,0.511764706,0.263636364,0.214285714,0,0,0,0,1,0,0,0,No Stroke
SYN-03363,0.844155844,0,0.237931034,1,0,1,0,0,0,0,1,0,0.435294118,0.545454545,0.107142857,1,1,0,0,1,0,0,1,Hemorrhagic
SYN-02289,0.597402597,1,0.124137931,1,0,0,0,0,0,0,1,0,0.382352941,0.463636364,0.264285714,0,0,1,1,0,0,0,1,Ischemic
SYN-00135,0.688311688,0,0.310344828,0,0,1,0,0,0,0,1,0,0.276470588,0.436363636,0.192857143,0,0,0,0,0,0,0,0,No Stroke
SYN-01514,0.87012987,1,0.327586207,0,0,0,0,0,0,0,1,0,0.341176471,0.336363636,0.3,0,1,0,0,1,1,0,0,No Stroke
SYN-01757,0.87012987,0,0.54137931,1,1,1,0,0,0,0,1,0,0.564705882,0.445454545,0.221428571,1,0,0,0,0,0,1,0,Ischemic
SYN-03142,0.8598217338209831,0,0.2530418746266485,1,0,0,0,0,0,0,1,0,0.4825286066504338,0.4649784694706845,0.2637784581409902,0,1,1,1,0,1,0,1,Hemorrhagic
SYN-00760,0.493506494,0,0.427586207,0,0,0,0,0,0,0,1,0,0.3,0.181818182,0.214285714,0,0,0,0,0,0,0,0,No Stroke
SYN-01579,0.441558442,0,0.355172414,0,0,0,0,0,0,0,1,1,0.335294118,0.309090909,0.264285714,0,0,0,0,0,0,0,0,No Stroke
SYN-02382,0.688311688,0,0.427586207,0,0,0,0,1,0,0,1,0,0.276470588,0.290909091,0.242857143,1,1,1,0,0,0,1,0,Ischemic
SYN-01905,0.584415584,1,0.224137931,1,0,0,0,0,0,1,1,0,0.335294118,0.418181818,0.228571429,1,1,0,0,0,0,0,0,Ischemic
SYN-03567,0.5015877582001143,0,0.33702583812179926,1,0,1,0,0,0,0,1,0,0.44264245113382056,0.34208062988226307,0.27006982960454484,0,0,1,1,0,1,1,0,Hemorrhagic
SYN-01785,0.727272727,0,0.489655172,0,0,1,0,0,0,0,1,0,0.417647059,0.345454545,0.15,0,0,0,0,0,0,0,1,Ischemic
SYN-03064,0.9459117655564714,1,0.4487590475916848,1,0,0,0,0,0,0,1,0,0.4114715037719916,0.3855863865724685,0.2141996203567832,1,1,0,0,0,0,0,0,Hemorrhagic
SYN-02098,0.636363636,0,0.313793103,1,0,0,0,0,0,1,1,0,0.552941176,0.454545455,0.435714286,0,1,1,0,0,0,1,0,Ischemic
SYN-03586,0.9460565538122808,0,0.342633018521966,1,0,0,0,1,0,0,1,0,0.384321376054671,0.5310578607043057,0.2006222919695114,1,1,0,0,0,0,0,1,Hemorrhagic
SYN-03056,0.6191896838484409,1,0.3214435915956682,1,1,0,0,0,0,0,1,0,0.3934968941199694,0.3019969098324186,0.1219191938910618,0,0,0,0,1,1,1,1,Hemorrhagic
SYN-00403,0.688311688,1,0.337931034,0,0,0,0,0,0,0,1,0,0.411764706,0.281818182,0.214285714,0,0,0,0,0,0,0,0,No Stroke
SYN-00622,0.480519481,0,0.348275862,0,0,0,0,0,0,0,1,0,0.282352941,0.363636364,0.221428571,0,0,0,0,0,0,0,0,No Stroke
SYN-01054,0.428571429,1,0.624137931,0,0,0,0,0,0,0,1,0,0.3,0.272727273,0.25,0,0,0,0,0,0,0,0,No Stroke
SYN-01062,0.454545455,0,0.224137931,0,1,0,0,0,0,1,1,1,0.358823529,0.354545455,0.242857143,0,0,0,0,0,1,0,0,No Stroke
SYN-00323,0.441558442,1,0.324137931,1,0,0,0,0,0,0,1,0,0.435294118,0.427272727,0.278571429,0,0,0,0,0,0,0,0,No Stroke
SYN-00212,0.636363636,0,0.375862069,0,0,0,0,0,0,0,1,0,0.311764706,0.218181818,0.214285714,0,0,0,0,0,0,0,0,No Stroke
SYN-00502,0.61038961,0,0.3,0,0,0,0,0,0,0,1,0,0.323529412,0.290909091,0.278571429,0,0,0,0,0,0,0,0,No Stroke
SYN-00180,0.519480519,1,0.551724138,0,0,0,0,0,0,1,1,1,0.282352941,0.372727273,0.25,0,0,0,0,0,0,0,0,No Stroke
SYN-00252,0.480519481,0,0.331034483,0,0,0,0,0,0,0,1,1,0.276470588,0.281818182,0.228571429,0,0,0,0,0,0,0,0,No Stroke
SYN-00071,0.337662338,1,0.086206897,0,0,0,0,0,0,0,1,0,0.305882353,0.318181818,0.192857143,0,1,0,0,0,0,0,0,No Stroke
SYN-00692,0.311688312,0,0.417241379,0,0,0,0,0,0,1,1,0,0.141176471,0.290909091,0.128571429,0,0,0,0,0,0,0,0,No Stroke
SYN-03167,0.7627127360959509,0,0.1962273167784641,1,0,0,0,0,0,1,1,0,0.5462440820403287,0.3491050325599435,0.2949615589179174,1,0,0,0,1,0,0,0,Hemorrhagic
SYN-01950,0.61038961,1,0.427586207,1,0,0,0,0,0,1,1,0,0.511764706,0.490909091,0.242857143,1,1,1,0,0,0,0,1,Ischemic
SYN-02833,0.8425590793718877,0,0.5072397459412622,1,0,0,0,0,0,0,1,0,0.6221016946013931,0.3863208605835334,0.2615778690522033,1,0,0,1,1,1,0,0,Hemorrhagic
SYN-00865,0.545454545,0,0.406896552,0,0,0,0,0,1,1,1,0,0.305882353,0.472727273,0.2,0,0,0,0,0,0,0,0,No Stroke
SYN-03352,1.0,0,0.371981136435273,1,0,0,0,0,0,0,1,0,0.6570907471360823,0.3417613138162251,0.3607720265099253,0,0,1,0,1,0,1,0,Hemorrhagic
SYN-00677,0.38961039,0,0.224137931,0,0,0,0,0,0,0,1,0,0.305882353,0.454545455,0.128571429,0,1,0,0,0,0,0,0,No Stroke
SYN-03221,0.7416837184014293,0,0.1879501472207685,1,0,0,0,0,0,1,1,0,0.5195390953119832,0.3874850503638825,0.2735150097755361,1,0,0,0,1,0,0,0,Hemorrhagic
SYN-00998,0.532467532,1,0.206896552,0,1,0,0,0,0,0,1,0,0.370588235,0.245454545,0.214285714,0,0,0,0,0,0,0,0,No Stroke
SYN-02678,0.7197138575898112,0,0.3714392792007106,1,0,0,1,0,0,0,1,0,0.5537677987004631,0.4861171407952778,0.14992903749359,0,0,0,1,1,1,0,0,Hemorrhagic
SYN-01425,0.402597403,0,0.365517241,0,0,0,0,0,0,0,1,0,0.241176471,0.281818182,0.242857143,0,0,0,0,0,0,1,0,No Stroke
SYN-00818,0.649350649,1,0.324137931,0,0,1,0,0,0,0,1,0,0.276470588,0.190909091,0.242857143,0,0,0,0,0,1,0,1,No Stroke
SYN-00803,0.116883117,0,0.527586207,0,0,0,0,0,0,1,1,0,0.105882353,0.290909091,0.207142857,0,0,0,0,0,0,0,0,No Stroke
SYN-03492,0.9268866513889132,1,0.1717257586526079,1,0,1,0,0,0,1,1,1,0.6048021073275996,0.4331546565110253,0.320177427891374,1,1,0,0,0,0,0,0,Hemorrhagic
SYN-00953,0.350649351,1,0.362068966,0,0,0,0,0,0,0,1,0,0.317647059,0.318181818,0.235714286,0,0,0,0,1,0,0,0,No Stroke
SYN-03362,0.8207770816562993,1,0.3770877676565978,0,0,0,0,0,0,1,1,1,0.276294472303152,0.3859454872211595,0.2494164786020535,1,0,0,1,0,0,1,0,Hemorrhagic
SYN-01158,0.376623377,0,0.331034483,0,0,1,0,0,0,0,1,0,0.294117647,0.436363636,0.221428571,0,0,0,0,0,0,0,0,No Stroke
SYN-00882,0.584415584,1,0.182758621,0,0,0,0,0,0,1,1,0,0.452941176,0.436363636,0.242857143,0,0,0,0,0,0,0,0,No Stroke
SYN-00927,0.337662338,1,0.134482759,0,0,0,0,0,0,1,1,0,0.170588235,0.136363636,0.271428571,0,0,0,0,0,0,0,0,No Stroke
SYN-01502,0.662337662,1,0.327586207,0,0,1,0,0,0,1,1,0,0.329411765,0.363636364,0.2,0,0,0,0,0,0,0,1,No Stroke
SYN-02322,0.6418145122116772,1,0.322842655640951,0,0,1,0,0,0,0,1,0,0.3476811322784661,0.2866524940406611,0.2462151699514223,1,1,0,0,0,0,0,0,Ischemic
SYN-02662,0.4479749875646622,1,0.463862425182781,0,1,0,0,0,0,0,1,0,0.4445372257138602,0.2210736372061841,0.2371289086234463,1,0,1,0,1,1,0,0,Hemorrhagic
SYN-01430,0.441558442,1,0.368965517,0,0,0,0,0,0,0,1,0,0.335294118,0.436363636,0.335714286,0,0,0,1,0,0,0,0,No Stroke
SYN-02679,0.9248383170239454,1,0.4196355211548233,0,0,1,0,0,0,1,1,0,0.2487045895713006,0.393029678317115,0.2255045234721319,1,0,1,0,0,0,1,1,Hemorrhagic
SYN-02155,0.662337662,0,0.117241379,0,0,1,0,0,0,0,1,0,0.241176471,0.209090909,0.142857143,0,0,1,1,0,1,0,1,Ischemic
SYN-00094,0.402597403,0,0.465517241,0,0,0,0,0,0,0,1,0,0.352941176,0.236363636,0.25,0,0,0,0,0,0,0,0,No Stroke
SYN-01481,0.571428571,1,0.296551724,0,1,0,0,0,0,1,1,0,0.276470588,0.245454545,0.264285714,0,0,0,0,0,0,0,0,No Stroke
SYN-01966,0.558441558,0,0.196551724,1,0,0,0,0,0,0,1,0,0.535294118,0.318181818,0.314285714,0,0,0,1,0,0,1,0,Ischemic
SYN-01221,0.480519481,1,0.213793103,0,0,0,0,0,0,0,1,0,0.317647059,0.427272727,0.257142857,0,0,0,0,0,0,0,0,No Stroke
SYN-01056,0.376623377,0,0.531034483,0,0,1,0,0,0,0,1,0,0.317647059,0.254545455,0.257142857,0,0,0,0,0,0,0,1,No Stroke
SYN-00280,0.207792208,0,0.193103448,0,0,0,0,0,0,0,1,0,0.217647059,0.245454545,0.321428571,0,0,0,0,0,0,0,0,No Stroke
SYN-00808,0.766233766,0,0.175862069,0,0,0,0,0,0,1,1,1,0.447058824,0.454545455,0.235714286,0,0,0,0,0,0,1,0,No Stroke
SYN-02165,0.545454545,0,0.362068966,1,0,1,0,0,0,0,1,0,0.394117647,0.436363636,0.185714286,1,0,0,0,1,1,1,0,Ischemic
SYN-01537,0.376623377,1,0.079310345,0,0,1,0,0,0,1,1,1,0.282352941,0.390909091,0.242857143,0,0,0,0,0,0,1,0,No Stroke
SYN-03535,1.0,1,0.18155949672168867,1,0,0,0,0,0,0,1,0,0.47769031697776354,0.3991067150165894,0.206803841282256,1,1,1,0,1,0,0,1,Hemorrhagic
SYN-02003,0.792207792,0,0.496551724,0,1,0,0,1,0,0,1,0,0.388235294,0.381818182,0.307142857,1,0,1,1,1,1,0,1,Ischemic
SYN-03577,0.4368957432528033,1,0.6809728476383659,0,0,0,0,0,0,0,0,0,0.29292994671129924,0.4553256906952388,0.2779233619885718,1,1,0,0,0,1,0,0,Hemorrhagic
SYN-01339,0.402597403,1,0.131034483,0,0,0,0,0,0,0,1,0,0.364705882,0.3,0.185714286,0,0,0,0,0,0,0,0,No Stroke
SYN-02535,0.805194805,0,0.268965517,1,0,0,0,0,0,0,1,0,0.4,0.418181818,0.25,0,1,1,0,0,1,1,0,Ischemic
SYN-00810,0.558441558,0,0.34137931,0,0,0,0,0,0,0,1,0,0.370588235,0.290909091,0.257142857,0,0,0,0,0,0,0,0,No Stroke
SYN-03268,0.831168831,1,0.217241379,1,0,1,0,0,0,1,1,0,0.582352941,0.490909091,0.128571429,0,1,1,1,0,1,1,0,Hemorrhagic
SYN-02890,0.584415584,1,0.244827586,0,0,1,0,0,0,1,1,1,0.247058824,0.336363636,0.3,1,0,1,0,1,1,0,1,Hemorrhagic
SYN-01053,0.441558442,1,0.379310345,0,0,0,0,0,0,1,1,0,0.211764706,0.281818182,0.314285714,0,0,0,0,1,0,0,0,No Stroke
SYN-03376,0.8111666178161017,0,0.2635094705734951,1,1,1,0,0,0,0,1,0,0.6271057467289888,0.4382584247491088,0.19645552134499,0,0,1,0,0,0,0,0,Hemorrhagic
SYN-00394,0.480519481,1,0.506896552,0,0,0,0,0,0,0,1,0,0.235294118,0.3,0.3,0,1,0,0,0,1,0,0,No Stroke
SYN-00140,0.61038961,1,0.382758621,0,1,0,0,0,0,1,1,0,0.241176471,0.336363636,0.242857143,0,0,0,0,0,0,0,0,No Stroke
SYN-00027,0.558441558,0,0.268965517,0,0,0,0,1,0,0,1,0,0.147058824,0.281818182,0.25,1,0,0,0,1,0,1,0,No Stroke
SYN-02534,0.961038961,0,0.2,0,0,1,1,0,0,1,1,1,0.388235294,0.409090909,0.328571429,1,0,0,0,0,1,0,1,Ischemic
SYN-00271,0.298701299,0,0.310344828,0,0,0,0,0,0,0,1,0,0.152941176,0.218181818,0.214285714,0,0,0,0,0,0,0,0,No Stroke
SYN-01475,0.454545455,0,0.134482759,0,0,0,0,0,0,0,1,0,0.211764706,0.281818182,0.357142857,0,0,0,0,0,0,0,0,No Stroke
SYN-00290,0.558441558,0,0.427586207,0,0,0,0,0,0,0,1,0,0.264705882,0.4,0.271428571,0,0,1,0,0,0,0,0,No Stroke
SYN-00033,0.402597403,0,0.293103448,0,0,0,0,0,0,0,1,0,0.194117647,0.345454545,0.314285714,0,0,0,0,1,0,0,1,No Stroke
SYN-01949,0.883116883,1,0.237931034,1,0,1,0,0,0,0,1,0,0.4,0.572727273,0.2,1,1,0,0,0,0,1,0,Ischemic
SYN-00603,0.38961039,1,0.331034483,0,0,0,0,0,0,0,1,0,0.3,0.290909091,0.278571429,0,0,0,0,1,0,0,0,No Stroke
SYN-02500,0.558441558,1,0.389655172,1,0,0,0,0,0,0,1,0,0.335294118,0.463636364,0.185714286,1,0,1,0,1,0,0,0,Ischemic
SYN-00872,0.467532468,1,0.213793103,0,0,0,0,0,0,0,1,0,0.270588235,0.109090909,0.242857143,0,0,0,0,0,0,0,0,No Stroke
SYN-01892,0.779220779,1,0.279310345,0,0,1,0,0,0,0,1,1,0.258823529,0.3,0.264285714,0,1,1,0,0,0,0,0,Ischemic
SYN-03412,0.9114987512913296,1,0.2489153875372781,0,1,1,0,0,0,1,1,0,0.2671084111181391,0.2949830780559689,0.2869850397067551,1,1,1,0,1,1,0,1,Hemorrhagic
SYN-00052,0.519480519,0,0.324137931,0,0,0,0,0,0,1,1,0,0.282352941,0.427272727,0.235714286,0,0,0,1,0,0,0,0,No Stroke
SYN-02093,0.584415584,1,0.331034483,1,0,0,0,0,0,0,1,0,0.511764706,0.381818182,0.207142857,0,1,1,0,0,1,1,0,Ischemic
SYN-02999,0.623376623,1,0.437931034,0,0,1,0,0,0,1,1,0,0.352941176,0.290909091,0.114285714,0,1,1,0,0,0,1,1,Hemorrhagic
SYN-00606,0.558441558,0,0.327586207,0,1,0,0,0,0,0,1,0,0.270588235,0.354545455,0.221428571,0,0,0,0,0,0,0,0,No Stroke
SYN-03581,0.45114762217754356,1,0.2991371849166968,1,1,0,0,0,0,1,1,1,0.3273808845190396,0.37575414625779135,0.23946324428650645,0,0,1,0,1,0,0,0,Hemorrhagic
SYN-02561,0.441558442,1,0.55862069,0,0,1,0,0,0,1,1,0,0.205882353,0.3,0.314285714,1,0,0,0,0,0,1,0,Ischemic
SYN-03147,0.8574042769764683,0,0.1031631710732125,1,0,1,0,0,1,0,1,1,0.6370963206640082,0.5396157948615062,0.2708994337735033,1,0,0,0,1,1,0,0,Hemorrhagic
SYN-01833,0.727272727,1,0.282758621,0,1,1,0,0,0,0,1,0,0.376470588,0.472727273,0.242857143,1,1,1,0,0,0,0,1,Ischemic
SYN-00747,0.584415584,1,0.231034483,0,0,1,0,0,0,0,1,1,0.2,0.254545455,0.128571429,0,0,0,0,0,0,0,0,No Stroke
SYN-01565,0.272727273,0,0.175862069,1,0,0,0,0,0,0,1,0,0.258823529,0.381818182,0.192857143,0,0,0,0,0,1,0,0,No Stroke
SYN-02576,0.519480519,0,0.379310345,1,0,0,0,0,0,1,1,0,0.447058824,0.590909091,0.221428571,1,1,1,0,0,0,1,0,Ischemic
SYN-02432,0.948051948,0,0.527586207,0,0,1,0,0,0,0,1,0,0.505882353,0.409090909,0.128571429,1,1,0,0,0,1,0,1,Ischemic
SYN-01090,0.818181818,1,0.303448276,0,0,0,0,0,0,1,1,0,0.341176471,0.272727273,0.228571429,0,0,0,0,0,0,0,0,No Stroke
SYN-01363,0.441558442,1,0.3,0,0,1,0,0,1,0,1,0,0.317647059,0.254545455,0.207142857,0,0,0,0,0,0,0,0,No Stroke
SYN-03055,0.8128056930703453,0,0.4700031509604144,1,0,0,0,0,0,0,1,0,0.4124530180289714,0.4853332665016278,0.2173947533907721,1,0,0,0,1,1,0,0,Hemorrhagic
SYN-01832,1.0,1,0.413793103,1,0,1,0,0,0,0,1,0,0.423529412,0.345454545,0.15,1,0,1,1,0,1,1,0,Ischemic
SYN-03389,0.4300099506040511,1,0.3354622829029043,1,0,0,0,0,0,0,1,0,0.3106934320705641,0.4033563093774964,0.1878197823011576,0,1,1,0,1,0,0,1,Hemorrhagic
SYN-00300,0.792207792,0,0.210344828,0,0,0,0,0,0,0,1,0,0.335294118,0.427272727,0.321428571,0,0,0,1,0,0,0,0,No Stroke
SYN-03532,0.9647106460901461,1,0.34470227907888706,0,0,0,0,1,0,1,1,1,0.3318534155421752,0.4150050165886778,0.2793111149580075,0,1,0,0,1,0,0,1,Hemorrhagic
SYN-01201,0.480519481,1,0.379310345,0,0,0,0,0,0,0,1,0,0.217647059,0.245454545,0.221428571,0,1,0,0,0,0,0,1,No Stroke
SYN-03140,0.6434191560225649,0,0.3855330010891198,1,0,0,0,0,0,0,1,0,0.4925128527302096,0.6498392790411609,0.1679857849804858,0,1,1,0,0,1,0,0,Hemorrhagic
SYN-01095,0.506493506,1,0.337931034,0,0,0,0,0,0,0,1,0,0.364705882,0.345454545,0.378571429,0,0,0,0,1,0,0,1,No Stroke
SYN-03103,0.4740146590383727,0,0.2571135051658409,1,0,0,0,0,0,0,1,0,0.3303796155107839,0.4811127194225008,0.1287424954637825,1,1,0,0,0,0,0,1,Hemorrhagic
SYN-00464,0.103896104,0,0.351724138,0,1,0,0,0,0,0,1,0,0.270588235,0.327272727,0.178571429,0,0,0,0,0,0,0,0,No Stroke
SYN-03398,0.9154439192921436,0,0.3026900666408621,0,0,1,1,0,0,0,1,0,0.37316911320964,0.41178979388442,0.1927953981622826,0,1,1,1,0,1,0,1,Hemorrhagic
SYN-00416,0.688311688,0,0.375862069,0,1,0,0,0,0,0,1,0,0.376470588,0.363636364,0.214285714,0,0,0,0,0,0,0,0,No Stroke
SYN-02495,1.0,1,0.137931034,1,0,0,0,0,0,0,1,0,0.529411765,0.672727273,0.185714286,0,0,1,0,1,1,0,0,Ischemic
SYN-00765,0.285714286,0,0.103448276,1,0,0,0,1,0,0,1,0,0.3,0.318181818,0.221428571,0,0,0,0,0,0,0,0,No Stroke
SYN-00762,0.701298701,1,0.127586207,0,1,0,0,0,0,1,1,0,0.217647059,0.209090909,0.235714286,0,0,0,0,0,0,0,0,No Stroke
SYN-02458,1.0,1,0.310344828,0,0,0,1,1,0,0,1,0,0.152941176,0.372727273,0.25,0,0,1,0,0,1,0,0,Ischemic
SYN-01781,0.688311688,0,0.320689655,1,0,0,0,0,0,0,1,0,0.435294118,0.409090909,0.307142857,1,1,1,0,0,1,0,1,Ischemic
SYN-03393,0.792207792,1,0.179310345,1,0,1,0,0,1,0,1,0,0.552941176,0.436363636,0.114285714,0,1,0,0,1,1,1,1,Hemorrhagic
SYN-01840,0.688311688,0,0.444827586,1,0,1,0,0,1,0,1,0,0.464705882,0.381818182,0.285714286,0,0,0,1,0,0,0,1,Ischemic
SYN-01092,0.428571429,0,0.020689655,0,0,0,0,0,0,0,1,0,0.182352941,0.236363636,0.192857143,0,0,0,0,0,1,0,0,No Stroke
SYN-03181,0.7834860513793849,1,0.2718450390788197,1,0,0,0,1,0,1,1,0,0.5002578344928169,0.4348532526670206,0.3256517992538383,0,0,0,0,0,0,0,0,Hemorrhagic
SYN-00292,0.519480519,1,0.548275862,0,0,0,0,0,0,1,1,0,0.188235294,0.272727273,0.321428571,0,0,0,0,0,0,0,0,No Stroke
SYN-01707,0.649350649,1,0.510344828,1,0,0,0,0,0,0,1,0,0.370588235,0.3,0.342857143,1,0,1,1,0,0,0,1,Ischemic
SYN-01152,0.467532468,0,0.434482759,0,0,0,0,0,0,0,1,0,0.311764706,0.409090909,0.157142857,0,0,1,1,0,0,0,0,No Stroke
SYN-01722,0.597402597,1,0.417241379,1,0,0,0,0,0,0,1,0,0.635294118,0.381818182,0.142857143,0,1,1,0,1,0,1,0,Ischemic
SYN-00185,0.662337662,0,0.0,0,0,0,0,0,0,1,1,0,0.317647059,0.045454545,0.3,0,0,1,0,0,0,0,0,No Stroke
SYN-02668,0.6539643610681598,1,0.6596195534116129,0,1,0,0,0,0,1,1,0,0.5196053235050331,0.1542054721475931,0.1707777248666394,1,1,1,0,0,0,0,1,Hemorrhagic
SYN-01613,0.597402597,1,0.44137931,1,0,0,0,0,0,0,1,1,0.382352941,0.445454545,0.178571429,1,0,1,0,1,0,1,0,Ischemic
SYN-01508,0.493506494,0,0.186206897,0,0,0,0,0,0,0,1,0,0.294117647,0.236363636,0.178571429,0,0,0,0,0,0,0,0,No Stroke
SYN-00433,0.454545455,0,0.306896552,0,0,0,0,0,0,0,1,0,0.123529412,0.381818182,0.25,0,0,0,0,0,0,1,0,No Stroke
SYN-02887,0.5504589991285304,0,0.3958610003215027,1,0,1,0,0,0,0,1,0,0.4231462859568563,0.37290965748484,0.1114036090299403,1,1,1,1,0,1,0,0,Hemorrhagic
SYN-02217,0.766233766,1,0.186206897,1,0,1,0,0,0,0,1,0,0.517647059,0.427272727,0.107142857,1,0,0,1,0,1,0,0,Ischemic
SYN-01740,0.597402597,0,0.55862069,0,0,0,0,0,0,1,1,0,0.329411765,0.218181818,0.278571429,1,1,1,0,0,0,1,1,Ischemic
SYN-01316,0.571428571,1,0.337931034,0,0,1,0,0,0,0,1,0,0.294117647,0.363636364,0.185714286,0,0,0,0,0,0,0,0,No Stroke
SYN-01658,0.831168831,1,0.375862069,1,0,1,0,0,0,0,1,0,0.517647059,0.345454545,0.271428571,0,0,1,0,0,1,0,0,Ischemic
SYN-01996,0.571428571,0,0.268965517,0,0,1,0,0,0,1,1,0,0.394117647,0.336363636,0.314285714,0,1,1,1,0,0,1,1,Ischemic
SYN-01237,0.623376623,0,0.196551724,0,1,1,0,0,0,1,1,0,0.364705882,0.354545455,0.321428571,0,0,0,1,0,0,0,0,No Stroke
SYN-00579,0.298701299,0,0.386206897,0,0,0,0,0,0,1,1,0,0.194117647,0.236363636,0.178571429,0,0,0,0,0,0,0,0,No Stroke
SYN-03139,0.9954692241363324,1,0.146950960298912,1,0,0,0,0,0,0,1,0,0.4820003975971673,0.4725529897356988,0.2141669916464887,1,1,1,0,1,0,0,1,Hemorrhagic
SYN-03324,0.9238313099591532,0,0.3226046654297179,0,0,1,1,0,0,0,1,0,0.3730240315906067,0.4317107576379263,0.158066805457185,0,1,1,0,0,1,0,1,Hemorrhagic
SYN-00053,0.38961039,0,0.131034483,0,0,0,0,0,0,0,1,0,0.382352941,0.318181818,0.328571429,0,0,0,0,0,0,0,0,No Stroke
SYN-03575,0.5800265675410374,1,0.2919345574281943,0,1,0,0,1,0,0,1,1,0.43926607986441585,0.4874022063080201,0.19195065966139732,1,0,1,0,1,1,1,1,Hemorrhagic
SYN-02728,0.6297738822460439,1,0.5420800230845295,0,0,0,0,0,0,0,1,0,0.3294654920106922,0.4156797729059955,0.3706002870728166,0,1,0,1,0,0,1,1,Hemorrhagic
SYN-01845,0.480519481,1,0.524137931,0,1,0,0,0,0,0,1,1,0.241176471,0.372727273,0.192857143,1,1,1,0,0,0,0,0,Ischemic
SYN-00388,0.415584416,1,0.613793103,0,0,0,0,0,0,0,1,0,0.088235294,0.372727273,0.164285714,0,0,0,0,0,0,1,0,No Stroke
SYN-00756,0.441558442,0,0.506896552,0,0,0,0,0,0,0,1,0,0.282352941,0.281818182,0.142857143,0,0,0,0,0,0,0,0,No Stroke
SYN-02924,0.9355137683556836,1,0.3639632094167961,1,0,0,0,0,0,0,1,1,0.45873724267021,0.4694595434348058,0.2875286130147754,1,0,1,0,1,0,1,0,Hemorrhagic
SYN-01942,0.727272727,1,0.231034483,1,0,1,0,0,0,0,1,0,0.535294118,0.381818182,0.228571429,0,1,1,0,0,0,0,1,Ischemic
SYN-00938,0.376623377,0,0.231034483,0,0,0,0,0,0,0,1,0,0.235294118,0.190909091,0.235714286,0,0,0,0,0,0,0,0,No Stroke
SYN-00694,0.662337662,1,0.493103448,0,0,0,0,0,0,1,1,0,0.252941176,0.409090909,0.214285714,0,0,0,0,0,0,0,0,No Stroke
SYN-01601,0.545454545,0,0.282758621,0,0,0,0,0,0,0,1,0,0.423529412,0.309090909,0.271428571,0,0,0,0,0,0,0,0,No Stroke
SYN-00145,0.25974026,1,0.3,1,0,0,0,0,0,0,1,0,0.311764706,0.390909091,0.25,0,0,0,0,0,0,0,0,No Stroke
SYN-00600,0.753246753,1,0.313793103,0,0,0,0,0,0,0,1,0,0.188235294,0.4,0.307142857,0,0,0,0,0,0,0,0,No Stroke
SYN-01737,0.584415584,1,0.379310345,0,0,1,0,0,0,1,1,1,0.229411765,0.318181818,0.207142857,0,1,0,0,0,0,0,0,Ischemic
SYN-01071,0.233766234,1,0.455172414,0,0,0,0,0,0,0,1,0,0.182352941,0.363636364,0.142857143,0,0,0,0,0,0,0,0,No Stroke
SYN-00077,0.493506494,1,0.382758621,0,0,0,0,0,0,0,1,0,0.429411765,0.218181818,0.235714286,0,0,0,0,0,0,0,0,No Stroke
SYN-01105,0.220779221,0,0.286206897,0,0,0,0,0,0,0,1,0,0.305882353,0.227272727,0.25,0,0,0,0,0,0,0,0,No Stroke
SYN-00930,0.402597403,1,0.475862069,0,0,0,0,0,0,0,1,0,0.223529412,0.363636364,0.307142857,0,0,0,0,0,0,0,0,No Stroke
SYN-00018,0.38961039,0,0.279310345,0,0,0,0,0,0,1,1,0,0.176470588,0.372727273,0.157142857,0,0,0,0,1,1,0,0,No Stroke
SYN-03149,0.4871563252171979,0,0.2807657562094518,1,0,0,0,0,0,0,1,0,0.3591854123612417,0.4097872094675555,0.1511811413436249,1,1,0,1,1,0,0,1,Hemorrhagic
SYN-02541,0.402597403,1,0.472413793,1,0,0,0,0,0,0,1,0,0.347058824,0.409090909,0.15,0,1,0,0,0,1,0,0,Ischemic
SYN-00412,0.311688312,0,0.486206897,0,0,0,0,0,0,0,1,0,0.194117647,0.381818182,0.285714286,0,0,0,0,0,1,0,0,No Stroke
SYN-02245,0.61038961,0,0.665517241,0,0,0,1,0,0,0,1,1,0.129411765,0.4,0.271428571,0,1,1,0,0,1,0,0,Ischemic
SYN-03270,0.3500776204622251,1,0.3278073396674236,1,0,0,0,0,0,0,1,0,0.2710697351378181,0.3986366290639745,0.1708110333200022,0,1,1,0,1,0,0,1,Hemorrhagic
SYN-00806,0.415584416,0,0.379310345,0,0,0,0,0,0,0,1,0,0.123529412,0.390909091,0.342857143,0,0,0,0,0,0,0,0,No Stroke
SYN-01862,0.974025974,1,0.427586207,1,0,0,0,0,0,0,1,0,0.494117647,0.354545455,0.25,1,0,1,1,0,0,0,1,Ischemic
SYN-02643,0.6840816916791239,1,0.4290225771917712,1,0,0,1,0,0,0,1,0,0.4121935858648098,0.3534568293225504,0.2645943504356535,0,0,1,0,0,0,0,1,Hemorrhagic
SYN-02527,0.805194805,0,0.44137931,1,1,0,0,0,0,0,1,0,0.476470588,0.454545455,0.192857143,1,1,1,1,0,1,1,1,Ischemic
SYN-03037,0.779220779,1,0.431034483,0,1,0,0,0,0,0,1,1,0.358823529,0.4,0.171428571,1,1,0,0,0,1,1,0,Hemorrhagic
SYN-02994,0.8017083744762153,1,0.2638369295468342,1,0,0,0,1,0,0,1,1,0.4367386813316729,0.4536948049329231,0.3380281260765342,0,0,0,0,0,1,0,0,Hemorrhagic
SYN-02030,0.883116883,1,0.365517241,0,0,1,0,0,0,0,1,0,0.335294118,0.281818182,0.192857143,1,1,1,1,1,1,0,0,Ischemic
SYN-00512,0.506493506,0,0.117241379,0,0,1,0,0,0,0,1,0,0.270588235,0.263636364,0.2,0,0,0,0,0,0,0,0,No Stroke
SYN-01421,0.558441558,1,0.286206897,0,0,1,0,0,0,0,1,0,0.223529412,0.218181818,0.214285714,0,0,0,0,0,1,0,0,No Stroke
SYN-00359,0.61038961,1,0.45862069,0,0,0,0,0,0,0,1,0,0.294117647,0.463636364,0.342857143,0,0,0,0,0,0,0,0,No Stroke
SYN-02590,0.636363636,1,0.25862069,0,0,1,0,0,0,0,1,0,0.435294118,0.236363636,0.235714286,0,1,1,0,0,0,1,0,Ischemic
SYN-00719,0.480519481,0,0.15862069,0,0,0,0,0,0,0,1,0,0.282352941,0.336363636,0.142857143,0,0,0,0,0,0,0,1,No Stroke
SYN-01728,0.896103896,1,0.351724138,1,0,1,0,0,0,0,1,0,0.558823529,0.4,0.221428571,0,0,1,0,0,1,0,1,Ischemic
SYN-02474,0.909090909,1,0.517241379,1,1,0,0,0,0,1,1,0,0.505882353,0.427272727,0.121428571,1,0,1,1,0,0,1,0,Ischemic
SYN-03450,0.7441481370978091,1,0.2433614086981894,1,1,0,0,1,0,0,1,0,0.5394529892557401,0.4388996031532243,0.1874857039586879,1,1,0,1,1,0,0,1,Hemorrhagic
SYN-00352,0.350649351,1,0.393103448,0,0,0,0,0,0,0,1,1,0.194117647,0.363636364,0.221428571,0,0,0,0,0,0,0,0,No Stroke
SYN-02348,0.753246753,1,0.382758621,1,0,0,0,0,0,1,1,0,0.570588235,0.354545455,0.178571429,1,1,0,0,0,0,0,0,Ischemic
SYN-03239,0.8033844965292364,0,0.2626164310402034,1,0,0,0,1,0,0,1,0,0.5679124104955381,0.4111920391620618,0.1464106838340459,1,0,0,0,1,0,0,0,Hemorrhagic
SYN-02586,0.844155844,1,0.424137931,1,0,0,0,0,0,1,1,0,0.7,0.472727273,0.342857143,0,1,1,0,0,0,0,1,Ischemic
SYN-02802,0.675809088295814,0,0.583232514253186,1,0,0,0,0,0,0,1,0,0.3291353646003206,0.3736942487839154,0.246764251800819,0,1,0,1,1,0,0,0,Hemorrhagic
SYN-01865,0.701298701,1,0.368965517,1,0,0,0,0,0,0,1,0,0.552941176,0.418181818,0.207142857,1,0,0,1,0,1,0,1,Ischemic
SYN-01160,0.636363636,0,0.172413793,0,0,1,0,0,0,1,1,0,0.388235294,0.345454545,0.228571429,0,0,0,0,0,0,0,0,No Stroke
SYN-02250,0.961038961,1,0.113793103,1,0,0,0,0,0,1,1,1,0.470588235,0.581818182,0.214285714,0,0,1,0,0,0,0,0,Ischemic
SYN-03538,0.6031649223354095,0,0.4374004268568141,0,1,0,0,0,0,0,1,0,0.38403277604752906,0.28415337144666947,0.29789990551249707,0,0,1,1,1,0,1,1,Hemorrhagic
SYN-02400,0.493506494,0,0.451724138,0,1,1,0,0,0,0,1,0,0.376470588,0.3,0.157142857,1,0,1,0,0,0,0,0,Ischemic
SYN-00745,0.532467532,1,0.262068966,0,0,0,0,0,0,1,1,0,0.094117647,0.245454545,0.214285714,0,0,0,0,1,0,0,0,No Stroke
SYN-02308,0.987012987,0,0.413793103,0,0,1,0,0,0,0,1,0,0.505882353,0.445454545,0.278571429,0,1,0,0,0,0,0,1,Ischemic
SYN-03366,0.7996242506060697,0,0.4351939701313549,0,0,1,0,0,0,1,1,0,0.3089166102785125,0.2762572630375298,0.2647947796187713,0,1,0,0,0,0,1,0,Hemorrhagic
SYN-01357,0.636363636,1,0.379310345,0,0,1,0,0,0,0,1,0,0.335294118,0.318181818,0.192857143,0,0,0,0,0,0,0,1,No Stroke
SYN-02230,0.454545455,1,0.451724138,1,0,0,0,0,0,1,1,1,0.435294118,0.327272727,0.207142857,0,0,0,0,0,0,1,0,Ischemic
SYN-03295,0.757078682983076,0,0.1790495204893578,1,1,1,0,0,1,0,1,0,0.4242594756297989,0.4078691628824158,0.204304461002492,1,0,0,0,1,0,0,0,Hemorrhagic
SYN-00031,0.675324675,0,0.224137931,0,0,0,0,0,0,0,1,0,0.329411765,0.390909091,0.235714286,0,0,0,0,0,0,0,0,No Stroke
SYN-03204,0.493506494,0,0.34137931,1,0,1,0,1,0,0,1,0,0.205882353,0.281818182,0.278571429,1,0,1,0,1,1,0,1,Hemorrhagic
SYN-00230,0.493506494,0,0.389655172,0,0,0,0,0,0,0,1,0,0.288235294,0.372727273,0.164285714,1,0,0,0,0,0,0,0,No Stroke
SYN-00204,0.467532468,1,0.293103448,0,0,1,0,0,0,1,1,1,0.235294118,0.309090909,0.135714286,0,0,0,0,0,0,0,0,No Stroke
SYN-00184,0.207792208,0,0.348275862,0,0,0,0,0,0,0,1,0,0.194117647,0.336363636,0.15,0,0,0,0,0,1,0,0,No Stroke
SYN-02160,0.571428571,0,0.689655172,0,0,0,0,0,0,0,1,0,0.288235294,0.3,0.221428571,1,0,0,0,0,0,0,0,Ischemic
SYN-00565,0.116883117,0,0.462068966,0,0,0,0,0,0,0,1,0,0.082352941,0.3,0.364285714,0,0,0,0,1,0,0,1,No Stroke
SYN-01341,0.363636364,1,0.265517241,0,0,0,0,0,0,0,1,0,0.329411765,0.381818182,0.207142857,0,0,0,0,0,0,0,0,No Stroke
SYN-00595,0.519480519,1,0.306896552,1,0,0,0,0,0,0,1,0,0.376470588,0.5,0.271428571,0,0,0,0,0,0,0,0,No Stroke
SYN-02715,1.0,1,0.3409138115703871,1,0,1,0,0,0,0,1,1,0.4565521620667468,0.4078835504446644,0.2087922195776501,1,0,0,0,1,0,0,1,Hemorrhagic
SYN-02459,0.805194805,1,0.189655172,0,1,0,0,0,1,0,1,0,0.341176471,0.354545455,0.357142857,0,1,0,0,0,1,1,1,Ischemic
SYN-02006,0.506493506,1,0.613793103,0,0,0,0,0,0,0,1,0,0.258823529,0.318181818,0.25,1,1,1,0,1,0,0,1,Ischemic
SYN-00791,0.38961039,1,0.134482759,0,0,0,0,0,0,0,1,0,0.270588235,0.363636364,0.242857143,0,0,0,0,0,0,0,0,No Stroke
SYN-00804,0.402597403,1,0.203448276,0,0,0,0,0,0,0,1,0,0.311764706,0.4,0.135714286,0,0,0,0,1,0,0,0,No Stroke
SYN-02554,0.688311688,0,0.520689655,1,0,1,0,1,0,0,1,0,0.423529412,0.509090909,0.214285714,1,1,1,0,0,0,1,0,Ischemic
SYN-03467,1.0,0,0.534482759,1,0,1,0,0,0,0,1,0,0.576470588,0.445454545,0.242857143,1,0,0,0,0,0,1,1,Hemorrhagic
SYN-01911,0.974025974,1,0.355172414,1,0,0,0,0,0,1,1,0,0.511764706,0.390909091,0.278571429,0,1,1,0,0,0,1,0,Ischemic
SYN-01498,0.441558442,0,0.131034483,0,0,0,0,0,0,0,1,0,0.152941176,0.336363636,0.171428571,0,0,0,0,0,0,0,0,No Stroke
SYN-00322,0.532467532,0,0.124137931,0,0,0,0,0,0,0,1,0,0.317647059,0.327272727,0.128571429,0,0,0,0,1,0,1,0,No Stroke
SYN-00171,0.285714286,1,0.548275862,0,1,0,0,0,0,0,1,0,0.176470588,0.427272727,0.2,0,0,0,0,0,0,0,0,No Stroke
SYN-02895,0.675324675,0,0.375862069,1,1,1,0,0,0,0,1,0,0.529411765,0.490909091,0.164285714,1,1,1,0,0,1,1,1,Hemorrhagic
SYN-01603,1.0,0,0.437931034,1,0,0,0,0,0,1,1,0,0.452941176,0.445454545,0.257142857,1,1,1,0,0,1,0,1,Ischemic
SYN-02243,0.623376623,1,0.389655172,1,0,0,0,0,0,1,1,1,0.452941176,0.418181818,0.157142857,1,1,1,0,0,0,0,0,Ischemic
SYN-00568,0.636363636,1,0.244827586,0,0,0,0,0,0,0,1,1,0.417647059,0.372727273,0.235714286,0,0,0,0,0,1,1,0,No Stroke
SYN-02542,1.0,0,0.293103448,1,1,0,0,0,0,0,1,0,0.470588235,0.354545455,0.278571429,1,0,0,1,0,1,1,0,Ischemic
SYN-02367,0.662337662,1,0.210344828,1,0,1,0,0,0,1,1,0,0.217647059,0.354545455,0.192857143,1,1,1,0,0,0,1,1,Ischemic
SYN-00894,0.376623377,0,0.365517241,0,0,0,0,0,0,0,1,0,0.347058824,0.363636364,0.307142857,0,0,0,0,0,0,0,0,No Stroke
SYN-00550,0.61038961,0,0.472413793,0,0,0,0,0,0,0,1,0,0.258823529,0.345454545,0.264285714,1,0,0,0,0,0,0,0,No Stroke
SYN-00193,0.493506494,1,0.231034483,0,0,0,0,0,0,1,1,0,0.317647059,0.481818182,0.271428571,0,0,0,0,0,0,0,0,No Stroke
SYN-02658,0.545454545,0,0.579310345,0,0,1,0,0,0,0,1,0,0.235294118,0.290909091,0.307142857,0,0,1,0,1,1,0,0,Hemorrhagic
SYN-01000,0.519480519,0,0.113793103,0,0,0,0,0,0,0,1,0,0.323529412,0.336363636,0.257142857,0,0,1,0,0,0,0,1,No Stroke
SYN-01765,0.792207792,1,0.306896552,1,0,0,0,0,0,1,1,0,0.447058824,0.318181818,0.171428571,0,0,1,1,1,0,0,1,Ischemic
SYN-01038,0.0,0,0.265517241,0,0,0,0,0,0,0,1,0,0.164705882,0.309090909,0.292857143,0,0,0,0,0,0,0,0,No Stroke
SYN-00167,0.415584416,1,0.179310345,0,0,0,0,0,0,0,1,0,0.147058824,0.336363636,0.157142857,0,0,1,0,1,0,0,0,No Stroke
SYN-01668,0.844155844,1,0.048275862,1,0,0,0,0,0,1,1,1,0.252941176,0.418181818,0.228571429,0,1,0,1,0,1,0,1,Ischemic
SYN-03161,0.7348323961782991,1,0.4763078416090206,0,0,1,0,0,0,0,1,0,0.4192065411168365,0.2631735652390189,0.256828557492912,1,1,0,0,1,0,1,0,Hemorrhagic
SYN-03547,0.7695451419654886,1,0.13115077952664717,1,0,0,0,0,0,0,1,0,0.5433558481466524,0.45255267713906344,0.15944562272784588,1,1,1,0,0,0,1,0,Hemorrhagic
SYN-02669,0.830300296682055,0,0.2023580039095274,1,0,0,0,0,0,0,1,0,0.4359383728423748,0.4365482603532581,0.2172071664708359,0,1,1,1,0,1,0,1,Hemorrhagic
SYN-03018,0.6465348366648012,1,0.3140647786539455,1,0,0,0,0,0,0,1,0,0.3415522003297616,0.260275823960435,0.2695038328757898,0,1,1,1,1,0,1,1,Hemorrhagic
SYN-00965,0.350649351,0,0.193103448,0,0,0,0,0,0,0,1,0,0.158823529,0.381818182,0.378571429,0,1,0,0,0,0,0,0,No Stroke
SYN-01917,0.896103896,1,0.427586207,0,0,1,0,0,0,0,1,0,0.276470588,0.327272727,0.285714286,1,1,0,1,0,0,0,1,Ischemic
SYN-00316,0.571428571,1,0.25862069,0,1,0,0,0,0,1,1,1,0.341176471,0.354545455,0.135714286,0,0,0,0,0,0,0,0,No Stroke
SYN-01234,0.207792208,1,0.534482759,0,0,0,0,0,0,1,1,0,0.141176471,0.318181818,0.271428571,0,0,0,0,0,0,0,0,No Stroke
SYN-00558,0.558441558,1,0.175862069,0,0,0,0,0,0,0,1,0,0.335294118,0.309090909,0.3,0,0,0,0,0,0,1,0,No Stroke
SYN-00195,0.376623377,0,0.110344828,0,0,0,0,0,0,0,1,0,0.194117647,0.272727273,0.321428571,0,0,0,0,0,0,0,0,No Stroke
SYN-02906,0.4726961808259785,1,0.3854727983458617,1,0,0,0,0,0,0,1,0,0.4860128513619903,0.4349771072100676,0.3235744393225423,0,0,0,1,0,0,1,1,Hemorrhagic
SYN-02481,0.792207792,1,0.410344828,1,0,0,0,1,0,0,1,0,0.364705882,0.454545455,0.271428571,1,0,0,0,0,0,0,0,Ischemic
SYN-03413,0.6412992518023133,1,0.329705570798256,1,0,1,0,0,0,0,1,0,0.350706811561695,0.3074894770064124,0.2775853009249061,0,1,1,1,1,0,1,1,Hemorrhagic
SYN-02781,0.8461005621456752,0,0.3351045321003205,0,0,1,0,0,0,0,1,0,0.3513479418074815,0.3459969992764979,0.0868328280360865,0,0,1,1,0,0,0,1,Hemorrhagic
SYN-03244,0.439984164745396,1,0.4423671507835555,1,0,0,0,0,0,1,1,1,0.441062813525317,0.3277736086399905,0.2105434303143152,0,0,0,1,1,1,0,0,Hemorrhagic
SYN-02485,0.935064935,0,0.451724138,1,0,0,0,0,0,1,1,0,0.423529412,0.436363636,0.2,1,0,0,1,0,1,0,0,Ischemic
SYN-02670,0.8494073854218374,1,0.3846843819255282,1,0,0,0,0,0,0,1,1,0.4376883245443024,0.3821524317460768,0.2380183188037004,0,0,0,0,0,1,1,0,Hemorrhagic
SYN-00415,0.12987013,1,0.331034483,0,0,0,0,0,0,0,1,0,0.241176471,0.263636364,0.214285714,0,0,0,0,0,0,0,0,No Stroke
SYN-01139,0.428571429,0,0.534482759,0,0,0,0,0,0,1,1,0,0.223529412,0.381818182,0.321428571,0,0,0,0,0,0,0,0,No Stroke
SYN-02592,1.0,1,0.35862069,1,0,1,0,1,0,1,1,0,0.570588235,0.463636364,0.278571429,0,1,1,0,0,0,1,1,Ischemic
SYN-01778,0.844155844,0,0.144827586,1,0,1,0,1,0,0,1,0,0.305882353,0.3,0.214285714,1,1,0,0,0,1,0,1,Ischemic
SYN-02341,0.883116883,0,0.013793103,1,0,0,0,0,0,0,1,0,0.488235294,0.3,0.135714286,1,0,0,0,0,0,1,0,Ischemic
SYN-03160,0.5308623013771645,0,0.6152729841940155,0,0,0,0,0,0,0,1,0,0.3224834006863386,0.2460670590827045,0.1003048031651251,0,0,1,0,1,0,0,0,Hemorrhagic
SYN-02765,0.888523204007004,1,0.3280927242031656,1,0,0,0,0,1,0,1,0,0.360570731655303,0.3843787522679728,0.2388302556169012,1,0,0,0,1,0,1,1,Hemorrhagic
SYN-00737,0.311688312,1,0.165517241,0,0,0,0,0,0,0,1,0,0.270588235,0.336363636,0.214285714,0,0,0,0,0,0,1,0,No Stroke
SYN-03504,0.8115746387939003,0,0.2838882192291209,1,0,0,0,0,0,1,0,0,0.544963260962451,0.3867247110627022,0.1690413490491775,1,0,1,1,1,0,0,1,Hemorrhagic
SYN-02271,0.571428571,1,0.403448276,0,0,1,0,0,0,1,1,1,0.305882353,0.227272727,0.307142857,0,0,1,0,0,1,1,0,Ischemic
SYN-00081,0.623376623,0,0.306896552,0,0,0,0,0,0,0,1,0,0.305882353,0.281818182,0.228571429,0,0,0,0,0,0,0,0,No Stroke
SYN-00315,0.298701299,1,0.475862069,0,0,0,0,0,0,0,1,0,0.223529412,0.336363636,0.235714286,0,0,0,0,0,0,0,0,No Stroke
SYN-00296,0.350649351,1,0.279310345,0,0,0,0,0,0,0,1,0,0.241176471,0.3,0.107142857,0,0,1,0,0,1,0,0,No Stroke
SYN-01834,0.9973732228319,0,0.5154354407735127,1,0,1,0,0,0,1,1,0,0.5602897241727574,0.3228149592353845,0.1607170550657664,1,0,0,1,0,0,1,0,Ischemic
SYN-02609,0.614224182764805,1,0.4325819477803796,1,0,0,0,0,0,0,1,0,0.3327530409048006,0.46610390062635565,0.17914352320143084,1,0,1,0,1,0,0,0,Ischemic
SYN-02227,0.805194805,1,0.4,1,1,0,0,0,0,0,1,0,0.411764706,0.381818182,0.207142857,1,1,1,0,1,0,0,0,Ischemic
SYN-03416,0.5802114559719055,1,0.6084814023670269,0,0,0,0,0,0,0,1,0,0.3222202778384739,0.4496732348807047,0.3175031506964946,0,0,1,0,1,0,0,0,Hemorrhagic
SYN-03468,0.7133129631303445,0,0.3931840302980889,1,0,1,0,0,0,0,1,0,0.4409048717812562,0.4292783540147818,0.1880270271236148,0,1,1,1,1,0,0,0,Hemorrhagic
SYN-01273,0.61038961,0,0.103448276,0,0,1,0,0,0,1,1,0,0.364705882,0.290909091,0.2,0,0,0,0,0,0,0,0,No Stroke
SYN-03453,0.9413924997889518,1,0.2982547640234047,0,1,1,0,0,0,1,1,0,0.3151381301306077,0.3064664918828834,0.2287263783646669,1,1,1,0,1,1,0,1,Hemorrhagic
SYN-03197,0.642740687096694,1,0.5771507943799384,0,0,0,0,0,0,0,1,0,0.3098832026929305,0.3675415670825798,0.366771972757868,0,1,0,1,0,0,1,1,Hemorrhagic
SYN-01222,0.441558442,0,0.313793103,0,0,0,0,0,0,0,1,0,0.3,0.281818182,0.328571429,0,0,0,0,0,0,0,0,No Stroke
SYN-00458,0.194805195,1,0.134482759,0,0,0,0,0,0,0,1,0,0.258823529,0.227272727,0.214285714,0,1,0,0,0,0,0,0,No Stroke
SYN-02572,0.61038961,1,0.596551724,0,0,1,0,0,0,0,1,1,0.258823529,0.336363636,0.142857143,1,1,0,0,1,0,1,1,Ischemic
SYN-03282,1.0,1,0.3198793513913184,1,0,1,0,0,0,0,1,1,0.400942348569404,0.426363342413552,0.2223111864352931,1,0,0,0,1,0,0,1,Hemorrhagic
SYN-03001,0.7687380069498368,1,0.2438825822409578,1,0,0,0,1,0,1,1,0,0.5034579707673221,0.3965809164503184,0.3242474423413853,0,0,0,0,0,0,0,0,Hemorrhagic
SYN-01223,0.506493506,0,0.248275862,0,0,0,0,0,0,0,1,0,0.358823529,0.327272727,0.264285714,0,0,0,0,0,0,0,0,No Stroke
SYN-02168,0.454545455,0,0.451724138,1,0,0,0,0,0,0,1,0,0.305882353,0.572727273,0.314285714,1,1,1,0,0,0,0,1,Ischemic
SYN-02195,0.519480519,1,0.337931034,1,0,0,0,0,0,0,1,1,0.494117647,0.427272727,0.271428571,1,1,0,0,0,0,1,0,Ischemic
SYN-02959,0.6356417955613972,1,0.4146003952327666,0,0,1,0,0,0,1,1,0,0.3283399629245204,0.3140685096958311,0.1339438057072894,0,1,1,0,0,0,1,1,Hemorrhagic
SYN-01962,0.324675325,1,0.717241379,0,0,0,0,0,0,0,1,0,0.405882353,0.281818182,0.214285714,0,1,1,0,1,0,0,0,Ischemic
SYN-00258,0.454545455,1,0.406896552,0,0,0,0,0,0,0,1,1,0.364705882,0.372727273,0.192857143,0,0,0,0,0,0,0,0,No Stroke
SYN-00462,0.545454545,0,0.362068966,0,1,1,0,0,0,1,1,0,0.382352941,0.327272727,0.264285714,0,1,0,0,0,0,0,0,No Stroke
SYN-02378,0.649350649,1,0.162068966,1,0,1,1,0,0,1,1,0,0.411764706,0.445454545,0.257142857,0,0,1,0,0,1,0,0,Ischemic
SYN-01236,0.571428571,0,0.362068966,0,0,0,0,0,0,1,1,0,0.247058824,0.290909091,0.135714286,0,0,0,0,1,0,0,0,No Stroke
SYN-01804,0.701298701,1,0.296551724,1,0,0,0,1,0,1,1,0,0.270588235,0.4,0.185714286,0,1,1,0,1,1,0,1,Ischemic
SYN-00839,0.74025974,1,0.175862069,0,0,0,0,0,0,0,1,0,0.511764706,0.245454545,0.271428571,0,0,0,1,1,0,0,0,No Stroke
SYN-01910,0.675324675,1,0.513793103,1,0,0,0,0,0,1,1,0,0.458823529,0.490909091,0.207142857,1,0,0,1,0,0,0,0,Ischemic
SYN-00239,0.25974026,1,0.331034483,0,0,0,0,0,0,0,1,0,0.217647059,0.136363636,0.207142857,0,0,0,0,0,0,0,0,No Stroke
SYN-00680,0.324675325,0,0.603448276,0,0,0,0,0,0,0,1,0,0.482352941,0.236363636,0.178571429,0,0,0,0,1,0,0,0,No Stroke
SYN-00730,0.207792208,1,0.268965517,0,0,0,0,0,0,1,1,0,0.194117647,0.372727273,0.235714286,0,0,0,0,0,0,0,0,No Stroke
SYN-03118,0.7596070195227467,0,0.0517982287198846,1,0,1,0,0,0,0,1,0,0.4101408998577546,0.4377602313818112,0.2941732685114397,0,1,0,0,1,0,1,0,Hemorrhagic
SYN-02928,1.0,0,0.3431203642385773,1,0,1,0,0,0,0,1,0,0.551970950428383,0.4703664333087902,0.2858141508787511,0,1,0,1,0,0,1,0,Hemorrhagic
SYN-01150,0.220779221,1,0.275862069,0,0,1,0,0,0,0,1,0,0.247058824,0.218181818,0.214285714,0,0,0,0,0,0,0,0,No Stroke
SYN-03461,0.8961725203294121,0,0.3304225846949987,0,0,1,0,0,0,0,1,0,0.3446959562923949,0.3260643080184598,0.0907007042801882,0,0,1,1,0,0,0,1,Hemorrhagic
SYN-00175,0.519480519,0,0.262068966,0,0,0,0,0,0,0,1,0,0.170588235,0.272727273,0.285714286,1,0,1,0,0,0,0,0,No Stroke
SYN-03047,0.71202283577818,0,0.6361864169128599,1,0,0,0,0,0,0,1,0,0.3805380774433478,0.37547816127042,0.2120001234465823,0,1,0,1,1,0,0,0,Hemorrhagic
SYN-00215,0.493506494,1,0.213793103,0,0,0,0,0,0,0,1,0,0.129411765,0.209090909,0.228571429,0,0,0,0,0,0,0,0,No Stroke
SYN-02957,0.6404180224933296,1,0.0309262635460617,1,0,0,0,0,1,0,1,1,0.325703530962942,0.2263267557528302,0.2677042580869481,0,1,1,0,0,0,0,0,Hemorrhagic
SYN-00496,0.493506494,0,0.455172414,0,0,0,0,0,0,0,1,0,0.241176471,0.236363636,0.292857143,0,0,0,0,0,0,0,0,No Stroke
SYN-00409,0.506493506,1,0.124137931,0,0,0,0,0,0,0,1,0,0.241176471,0.427272727,0.271428571,0,0,0,0,0,0,0,0,No Stroke
SYN-03546,0.9461654870406558,1,0.43698607666418005,1,0,0,0,0,0,0,1,0,0.441134563787271,0.39234246209407414,0.23426806241939738,1,1,0,0,0,0,0,0,Hemorrhagic
SYN-00753,0.74025974,1,0.427586207,0,0,0,0,0,0,0,1,0,0.429411765,0.218181818,0.15,0,0,0,0,0,0,1,0,No Stroke
SYN-00103,0.623376623,1,0.255172414,0,0,1,0,0,0,0,1,0,0.464705882,0.354545455,0.114285714,0,0,0,0,0,0,0,0,No Stroke
SYN-01879,0.714285714,1,0.479310345,0,0,1,0,0,0,0,1,0,0.3,0.372727273,0.335714286,0,1,0,0,0,1,1,1,Ischemic
SYN-02762,0.9750882097407132,1,0.1390768136506874,1,0,0,0,0,0,0,1,0,0.4022742276215235,0.4232094654622602,0.2856550147278319,0,0,0,1,0,1,0,1,Hemorrhagic
SYN-00240,0.532467532,1,0.24137931,1,0,0,0,0,0,0,1,0,0.317647059,0.390909091,0.321428571,0,0,0,0,0,0,0,0,No Stroke
SYN-00890,0.519480519,0,0.165517241,0,0,0,0,0,0,0,1,0,0.264705882,0.318181818,0.278571429,0,0,0,0,0,0,0,0,No Stroke
SYN-01607,0.7934433649992034,1,0.5949415791101398,1,0,0,0,0,1,1,1,0,0.2794189509505397,0.4882065509243848,0.3642181272686998,1,1,1,0,0,1,1,0,Ischemic
SYN-02401,0.467532468,0,0.396551724,1,0,1,0,0,0,1,1,0,0.347058824,0.363636364,0.15,1,1,1,0,0,1,0,1,Ischemic
SYN-01289,0.428571429,1,0.368965517,0,0,0,0,0,0,0,1,0,0.170588235,0.209090909,0.128571429,0,0,0,0,0,1,0,0,No Stroke
SYN-01500,0.428571429,1,0.124137931,1,0,0,0,0,0,0,1,1,0.352941176,0.4,0.228571429,0,0,0,0,0,0,0,0,No Stroke
SYN-03434,0.4111158925066857,1,0.6559662480369475,0,0,0,0,0,0,0,1,0,0.2888468597911779,0.4479274319690777,0.2976139743074392,1,1,0,0,0,1,0,0,Hemorrhagic
SYN-02269,0.571428571,0,0.375862069,0,1,0,0,0,0,1,1,0,0.229411765,0.127272727,0.128571429,1,1,1,0,1,1,1,0,Ischemic
SYN-01733,0.545454545,0,0.296551724,0,1,0,0,0,0,1,1,0,0.317647059,0.381818182,0.235714286,0,1,0,1,0,1,0,1,Ischemic
SYN-00045,0.337662338,1,0.15862069,0,0,0,0,0,0,0,1,0,0.2,0.363636364,0.285714286,0,0,1,0,0,0,0,0,No Stroke
SYN-00046,0.350649351,1,0.417241379,0,0,1,0,0,0,0,1,0,0.170588235,0.436363636,0.135714286,0,0,0,0,0,0,0,0,No Stroke
SYN-00843,0.480519481,1,0.372413793,0,0,0,0,0,0,0,1,0,0.288235294,0.127272727,0.271428571,0,0,0,0,0,1,0,0,No Stroke
SYN-00333,0.467532468,0,0.420689655,0,0,0,0,0,0,0,1,0,0.217647059,0.409090909,0.285714286,0,0,0,0,0,0,1,0,No Stroke
SYN-00439,0.597402597,1,0.348275862,0,0,0,0,0,0,1,1,1,0.388235294,0.381818182,0.171428571,0,0,0,0,0,0,0,0,No Stroke
SYN-03367,0.7806348132873953,0,0.1522561499175116,1,0,0,0,0,0,1,1,1,0.487560033818995,0.3918696611473027,0.3275527700545702,1,0,0,0,1,0,0,0,Hemorrhagic
SYN-01043,0.454545455,1,0.293103448,0,0,1,0,0,0,0,1,0,0.264705882,0.3,0.342857143,0,0,0,0,0,0,0,0,No Stroke
SYN-01293,0.662337662,1,0.355172414,0,0,1,0,0,0,0,1,0,0.317647059,0.263636364,0.285714286,0,0,0,0,0,0,0,0,No Stroke
SYN-01973,0.675324675,1,0.210344828,1,1,1,0,0,0,0,1,0,0.517647059,0.354545455,0.242857143,1,1,1,1,0,0,0,0,Ischemic
SYN-00479,0.38961039,0,0.362068966,0,0,1,0,0,0,1,1,0,0.2,0.3,0.292857143,0,0,0,0,0,0,0,0,No Stroke
SYN-00059,0.415584416,0,0.462068966,0,0,0,0,0,0,0,1,0,0.311764706,0.263636364,0.25,0,0,0,0,0,0,0,1,No Stroke
SYN-03374,0.8620989842187515,0,0.2532571392442697,1,0,1,0,0,0,0,1,0,0.4831387690017106,0.5356746074169835,0.1035999046114042,1,1,1,0,1,0,0,1,Hemorrhagic
SYN-02149,0.753246753,0,0.379310345,1,0,0,0,0,0,1,1,1,0.517647059,0.381818182,0.235714286,1,0,1,0,0,1,1,1,Ischemic
SYN-01873,0.779220779,0,0.279310345,1,1,0,0,0,1,0,1,0,0.488235294,0.345454545,0.164285714,0,1,1,1,0,0,1,0,Ischemic
SYN-01812,0.831168831,1,0.272413793,0,1,1,0,0,0,0,1,0,0.411764706,0.309090909,0.207142857,0,1,0,1,0,0,1,0,Ischemic
SYN-01136,0.688311688,0,0.14137931,0,1,1,0,0,0,0,1,0,0.211764706,0.381818182,0.185714286,0,0,0,0,0,0,0,0,No Stroke
SYN-03583,0.8905531327931728,1,0.37720549948339444,1,0,0,0,0,1,0,1,0,0.3639745502380059,0.37498669715569877,0.2607130723258564,1,0,0,0,1,0,1,1,Hemorrhagic
SYN-01988,0.558441558,1,0.668965517,0,0,1,0,0,0,0,1,1,0.4,0.4,0.264285714,0,0,0,1,0,1,0,0,Ischemic
SYN-01504,0.441558442,0,0.479310345,0,0,0,0,0,0,0,1,0,0.282352941,0.390909091,0.178571429,0,0,0,0,0,0,0,0,No Stroke
SYN-01012,0.441558442,1,0.220689655,0,0,0,0,0,0,0,1,0,0.241176471,0.454545455,0.185714286,0,0,0,0,0,0,0,1,No Stroke
SYN-01310,0.519480519,0,0.231034483,1,0,0,0,0,0,0,1,0,0.311764706,0.381818182,0.185714286,0,1,0,0,0,0,0,0,No Stroke
SYN-00310,0.220779221,0,0.382758621,0,0,0,0,0,0,0,1,0,0.258823529,0.309090909,0.135714286,0,0,0,0,0,0,1,0,No Stroke
SYN-02094,0.701298701,0,0.355172414,1,0,1,0,0,0,0,1,0,0.488235294,0.309090909,0.228571429,0,0,0,0,1,0,0,0,Ischemic
SYN-01424,0.506493506,0,0.393103448,0,0,0,0,0,0,1,1,0,0.276470588,0.372727273,0.135714286,0,0,0,0,0,0,0,0,No Stroke
SYN-01654,0.8221453102769178,1,0.1657960200188583,0,0,1,0,0,0,0,1,1,0.3317292990928527,0.3083999100639294,0.192093322607136,0,1,1,1,0,0,0,0,Ischemic
SYN-01111,0.519480519,1,0.3,0,0,0,0,0,0,0,1,0,0.211764706,0.336363636,0.15,0,0,0,0,0,0,0,0,No Stroke
SYN-02737,0.7046385966829543,0,0.4083305468460938,1,0,0,1,0,0,0,1,0,0.5178497098318613,0.4944289354712793,0.2303581724157272,1,1,0,0,1,0,1,0,Hemorrhagic
SYN-02479,0.558441558,0,0.331034483,1,0,0,0,0,0,0,1,0,0.370588235,0.4,0.3,1,1,1,1,0,0,1,1,Ischemic
SYN-03317,0.7098487874355256,0,0.3477907827714633,0,0,0,0,0,0,0,1,0,0.3735526642704558,0.403039830065886,0.0818241140354112,0,0,0,1,1,1,0,0,Hemorrhagic
SYN-02687,0.6865175507523767,1,0.5768668020131544,0,0,1,0,1,0,0,1,1,0.3985558923522647,0.3806625342199856,0.2137838093587067,1,1,0,1,0,1,0,1,Hemorrhagic
SYN-02901,0.7621183007111597,0,0.2283645783236244,1,0,0,0,0,0,1,1,0,0.3325950769540783,0.2824731002864007,0.2480925229230421,1,1,0,0,1,0,1,0,Hemorrhagic
SYN-03518,0.688311688,1,0.465517241,0,0,0,0,0,0,0,1,0,0.205882353,0.372727273,0.264285714,0,1,1,1,1,0,1,1,Hemorrhagic
SYN-02310,0.87012987,1,0.365517241,1,1,0,0,0,0,0,1,0,0.5,0.445454545,0.25,1,1,1,1,0,1,0,0,Ischemic
SYN-02816,0.5976678151815022,0,0.5277456281538772,1,0,0,0,0,0,0,1,0,0.1297480478413076,0.4367995984470009,0.3053346806541923,1,0,1,0,1,0,1,0,Hemorrhagic
SYN-00574,0.311688312,0,0.293103448,0,1,0,0,0,0,0,1,0,0.247058824,0.227272727,0.178571429,0,0,0,0,0,1,0,0,No Stroke
SYN-02408,0.558441558,1,0.5,0,0,1,0,0,0,1,1,0,0.288235294,0.245454545,0.235714286,0,0,0,0,0,0,1,0,Ischemic
SYN-02944,0.6656382633726025,1,0.5476030284605059,1,0,1,0,0,0,1,1,0,0.529924618829974,0.4065086986240361,0.2225397713247867,0,1,0,0,0,1,0,1,Hemorrhagic
SYN-00991,0.545454545,0,0.324137931,0,0,0,0,0,0,0,1,0,0.176470588,0.363636364,0.142857143,0,0,0,0,0,0,0,0,No Stroke
SYN-00189,0.467532468,1,0.186206897,0,0,1,0,0,0,0,1,0,0.211764706,0.363636364,0.192857143,0,0,0,0,0,0,0,0,No Stroke
SYN-02842,0.4897707724999145,0,0.6248745861837173,0,0,0,0,0,0,0,1,0,0.3095074623473296,0.2006073039189408,0.1080598463514049,0,0,1,0,1,0,0,0,Hemorrhagic
SYN-02892,1.0,0,0.3040597407138325,1,0,1,0,0,0,0,1,0,0.5043433146962853,0.4389444190030197,0.2518721141660958,0,1,0,1,0,0,1,1,Hemorrhagic
SYN-03377,0.934248385678732,1,0.3456146909615715,0,1,0,0,0,0,1,1,0,0.372247230596706,0.4025160433162537,0.3203869563344799,1,0,0,1,1,1,1,1,Hemorrhagic
SYN-02705,0.6864862005311297,0,0.4546925715342635,1,0,0,0,0,0,0,1,0,0.3970891566636992,0.2622379391484894,0.203896711007078,0,1,1,1,1,0,0,0,Hemorrhagic
SYN-02304,0.896103896,0,0.124137931,0,0,0,0,1,0,1,1,0,0.452941176,0.4,0.2,0,1,0,0,0,1,0,0,Ischemic
SYN-01426,0.493506494,0,0.413793103,0,0,0,0,0,0,0,1,0,0.394117647,0.281818182,0.221428571,0,0,0,0,0,0,0,0,No Stroke
SYN-02844,0.9109011072033034,1,0.2879562588864438,0,1,0,0,0,0,1,1,0,0.2873673254286428,0.4096855005110058,0.3031314207257503,1,0,0,1,1,1,1,1,Hemorrhagic
SYN-00355,0.155844156,0,0.162068966,0,0,0,0,0,0,1,1,0,0.182352941,0.345454545,0.278571429,0,0,0,0,0,0,0,0,No Stroke
SYN-00241,0.220779221,1,0.544827586,0,0,0,0,1,0,0,1,1,0.158823529,0.281818182,0.221428571,0,0,0,0,0,0,0,0,No Stroke
SYN-01695,0.519480519,1,0.193103448,1,0,1,0,0,0,0,1,0,0.4,0.454545455,0.292857143,0,0,1,0,0,0,0,0,Ischemic
SYN-01045,0.350649351,0,0.596551724,0,0,0,0,0,0,0,1,0,0.217647059,0.390909091,0.214285714,0,0,0,0,0,0,0,0,No Stroke
SYN-02919,0.7815047917784173,1,0.3404835486508518,0,1,0,0,0,0,0,1,1,0.3797621306423352,0.1453261624119302,0.1790898609943469,1,0,1,0,1,0,0,0,Hemorrhagic
SYN-03476,0.5463066529271469,1,0.3929492738052514,1,0,1,0,0,0,0,1,0,0.4775622924731537,0.4124284060096523,0.1051831905204794,1,1,0,0,0,1,0,0,Hemorrhagic
SYN-02285,0.7279482067696911,0,0.2242482947907504,1,0,1,0,0,0,1,0,0,0.4708738863890165,0.5267394536651543,0.1955324712703277,1,1,0,0,0,1,0,0,Ischemic
SYN-02518,1.0,1,0.2280236641917116,1,0,1,0,0,0,0,1,0,0.3793237076983371,0.4059842972703558,0.2127688055089467,1,1,0,1,1,1,0,0,Ischemic
SYN-01165,0.623376623,1,0.306896552,0,0,0,0,0,0,0,1,0,0.223529412,0.254545455,0.121428571,0,0,0,1,0,0,0,1,No Stroke
SYN-00411,0.545454545,0,0.286206897,0,0,0,0,0,0,0,1,0,0.194117647,0.245454545,0.278571429,0,0,0,0,0,0,0,0,No Stroke
SYN-00875,0.311688312,1,0.331034483,0,0,0,0,0,0,0,1,0,0.147058824,0.309090909,0.157142857,0,0,0,1,0,0,0,0,No Stroke
SYN-02229,0.558441558,0,0.406896552,1,0,1,0,0,0,0,1,0,0.347058824,0.372727273,0.242857143,1,1,0,0,0,1,1,0,Ischemic
SYN-03340,0.87012987,1,0.351724138,1,0,0,0,0,1,0,1,0,0.388235294,0.381818182,0.257142857,1,0,0,0,1,0,1,1,Hemorrhagic
SYN-00539,0.61038961,1,0.165517241,1,0,0,0,0,0,0,1,1,0.317647059,0.345454545,0.392857143,0,0,0,0,0,0,0,0,No Stroke
SYN-00153,0.480519481,0,0.368965517,0,0,0,0,0,0,0,1,0,0.411764706,0.281818182,0.242857143,0,0,0,0,0,0,0,0,No Stroke
SYN-02462,0.8316734540365212,1,0.4241400408272854,1,0,0,0,0,0,1,1,0,0.7026970111085757,0.4818905581809307,0.3747183234235309,0,1,1,0,0,0,0,1,Ischemic
SYN-01989,0.701298701,1,0.406896552,1,0,1,0,0,0,1,1,1,0.382352941,0.263636364,0.135714286,1,0,1,1,0,0,0,0,Ischemic
SYN-02881,0.4341912054503472,1,0.3836909750925955,1,0,0,0,0,0,0,1,0,0.4801761654045869,0.4507970649883108,0.3172963982638301,0,0,0,1,0,0,1,1,Hemorrhagic
SYN-03089,0.6989987140530209,1,0.3400106586970395,1,0,1,0,0,1,0,1,1,0.4356856922020646,0.385062740061546,0.1398785916914538,1,0,1,1,1,0,0,0,Hemorrhagic
SYN-00257,0.714285714,0,0.303448276,0,0,0,0,0,0,0,1,0,0.317647059,0.554545455,0.228571429,0,0,0,0,0,0,1,0,No Stroke
SYN-00440,0.467532468,0,0.527586207,0,0,0,0,0,0,0,1,0,0.223529412,0.227272727,0.242857143,0,0,0,0,0,0,0,0,No Stroke
SYN-00347,0.454545455,1,0.072413793,0,0,0,0,0,0,0,1,0,0.211764706,0.254545455,0.292857143,0,0,0,0,0,0,1,0,No Stroke
SYN-01815,0.480519481,0,0.362068966,0,0,0,0,0,0,0,1,0,0.411764706,0.327272727,0.3,0,1,1,0,0,0,1,0,Ischemic
SYN-01796,0.636363636,0,0.151724138,1,0,0,0,0,0,0,1,1,0.558823529,0.327272727,0.314285714,1,0,0,1,0,0,0,0,Ischemic
SYN-01926,0.727272727,1,0.286206897,1,1,1,0,0,0,0,1,0,0.435294118,0.418181818,0.114285714,0,0,1,0,0,0,0,1,Ischemic
SYN-02602,0.45345761312444255,1,0.4440391223320084,1,0,0,0,0,0,1,1,0,0.49119318262351425,0.3174183003226585,0.10262500362633854,1,1,1,0,0,0,0,0,Ischemic
SYN-00444,0.519480519,0,0.206896552,0,0,0,0,0,0,1,1,1,0.211764706,0.381818182,0.235714286,0,0,0,0,0,0,0,0,No Stroke
SYN-03566,0.7211278410758261,0,0.3217708520789271,1,0,1,0,0,0,0,1,1,0.4262108666992715,0.44530114528629794,0.2164123983363721,0,1,1,1,1,0,0,0,Hemorrhagic
SYN-01002,0.519480519,0,0.331034483,0,0,0,0,0,0,0,1,0,0.288235294,0.127272727,0.242857143,0,0,0,0,0,0,0,0,No Stroke
SYN-02942,0.8401128189239688,1,0.4546133664294245,1,0,0,0,0,0,0,1,0,0.6438608341707325,0.3225629792960144,0.2796096130224582,1,0,0,1,1,1,0,0,Hemorrhagic
SYN-01279,0.220779221,0,0.379310345,0,0,0,0,0,0,0,1,0,0.147058824,0.290909091,0.185714286,0,0,0,0,0,0,0,0,No Stroke
SYN-01570,0.376623377,0,0.296551724,0,0,0,0,0,0,0,1,0,0.241176471,0.3,0.157142857,0,0,0,0,0,0,0,0,No Stroke
SYN-01460,0.480519481,0,0.151724138,0,0,0,0,0,0,1,1,0,0.329411765,0.372727273,0.178571429,0,0,0,0,0,1,1,0,No Stroke
SYN-00179,0.324675325,1,0.486206897,0,0,0,0,0,0,0,1,0,0.247058824,0.245454545,0.235714286,0,0,0,0,0,0,0,0,No Stroke
SYN-03316,0.7636571820065372,0,0.2944704087187419,0,0,0,0,0,0,1,1,0,0.5373504764216839,0.3481829286648346,0.214387036069121,1,0,1,1,1,0,0,1,Hemorrhagic
SYN-02024,0.441558442,1,0.55862069,0,1,0,0,0,0,0,1,0,0.252941176,0.290909091,0.128571429,0,1,0,0,0,0,0,0,Ischemic
SYN-01024,0.350649351,1,0.293103448,0,0,0,0,0,0,0,1,0,0.370588235,0.263636364,0.171428571,0,0,0,0,0,0,0,0,No Stroke
SYN-01903,0.675324675,1,0.524137931,0,0,0,0,0,0,1,1,0,0.305882353,0.272727273,0.407142857,0,1,0,0,0,1,0,1,Ischemic
SYN-02476,0.857142857,1,0.162068966,0,0,0,0,0,0,0,1,0,0.464705882,0.245454545,0.207142857,0,1,1,0,0,1,0,0,Ischemic
SYN-01075,0.857142857,1,0.337931034,0,0,0,0,0,0,1,1,0,0.182352941,0.390909091,0.292857143,0,0,0,1,0,0,0,0,No Stroke
SYN-02172,0.8588114022839819,1,0.2266722506420095,1,0,0,0,0,0,1,1,0,0.4529177618137513,0.5190033271343963,0.2251578207865911,1,1,1,0,0,0,0,1,Ischemic
SYN-01823,0.675324675,1,0.44137931,0,0,1,0,0,0,1,1,0,0.241176471,0.3,0.164285714,1,0,1,0,0,0,0,1,Ischemic
SYN-02494,0.779220779,0,0.544827586,1,1,0,0,1,0,0,1,0,0.452941176,0.354545455,0.178571429,1,1,1,0,0,0,1,1,Ischemic
SYN-02563,0.5828479519389352,0,0.264477536667935,0,0,1,0,0,0,1,1,0,0.4157133473424547,0.3550994834931935,0.3493812488016639,0,1,1,1,0,0,1,1,Ischemic
SYN-02320,0.922077922,1,0.334482759,1,1,0,0,1,1,1,1,0,0.452941176,0.390909091,0.2,0,0,1,1,0,0,0,1,Ischemic
SYN-00487,0.467532468,1,0.251724138,0,0,0,0,0,0,0,1,0,0.294117647,0.372727273,0.257142857,0,0,0,0,0,0,0,0,No Stroke
SYN-00015,0.688311688,0,0.268965517,0,1,0,0,0,0,0,1,0,0.176470588,0.354545455,0.2,0,0,0,0,0,0,0,0,No Stroke
SYN-02549,0.701298701,0,0.475862069,1,0,0,0,0,0,1,1,0,0.347058824,0.372727273,0.171428571,0,1,0,0,0,0,0,1,Ischemic
SYN-00174,0.571428571,0,0.468965517,0,0,0,0,0,0,1,1,1,0.270588235,0.336363636,0.207142857,0,0,0,0,0,0,0,1,No Stroke
SYN-01232,0.441558442,1,0.303448276,0,0,0,0,0,0,0,1,1,0.288235294,0.418181818,0.221428571,0,0,0,0,0,0,0,1,No Stroke
SYN-02753,0.6774589595400647,0,0.3695161299718617,1,1,1,0,0,0,0,1,0,0.4733941584750513,0.4728560342442852,0.195670275522694,1,1,0,0,0,1,1,1,Hemorrhagic
SYN-00332,0.649350649,1,0.275862069,0,0,1,0,0,0,0,1,0,0.370588235,0.309090909,0.164285714,0,0,0,0,0,0,0,0,No Stroke
SYN-02178,0.428571429,1,0.589655172,1,0,0,0,0,0,1,1,0,0.447058824,0.3,0.235714286,1,1,0,0,0,0,0,1,Ischemic
SYN-00431,0.506493506,1,0.134482759,0,0,0,0,0,0,0,1,0,0.282352941,0.318181818,0.321428571,1,0,0,0,0,0,0,0,No Stroke
SYN-01456,0.454545455,0,0.196551724,0,1,0,0,0,0,0,1,0,0.294117647,0.381818182,0.257142857,0,0,0,0,0,0,0,1,No Stroke
SYN-02786,0.4408577437484897,1,0.7026433022157345,0,0,0,0,0,0,0,1,0,0.3037044719467853,0.4797231576868744,0.2879439711564962,1,1,0,0,0,1,0,0,Hemorrhagic
SYN-00643,0.246753247,0,0.410344828,0,0,0,0,0,0,0,1,0,0.335294118,0.345454545,0.178571429,0,0,0,0,0,1,0,0,No Stroke
SYN-03176,0.9248949137140812,1,0.2456735675516776,0,1,1,0,0,0,1,1,0,0.3243198090358935,0.2963878841896079,0.27635615227178,1,1,1,0,1,1,0,1,Hemorrhagic
SYN-02514,0.571428571,1,0.582758621,0,0,0,0,0,0,0,1,0,0.258823529,0.245454545,0.278571429,0,0,0,0,0,1,1,0,Ischemic
SYN-02309,0.662337662,1,0.444827586,1,1,0,0,0,0,0,1,0,0.470588235,0.281818182,0.321428571,0,1,1,0,0,0,1,0,Ischemic
SYN-01539,0.272727273,0,0.234482759,1,0,0,0,0,0,0,1,0,0.276470588,0.336363636,0.25,0,0,0,0,0,0,0,0,No Stroke
SYN-01533,0.753246753,0,0.217241379,0,0,0,0,0,0,1,1,0,0.341176471,0.272727273,0.214285714,0,0,0,0,0,0,1,0,No Stroke
SYN-02370,0.805194805,0,0.165517241,1,0,0,0,0,0,0,1,0,0.352941176,0.518181818,0.214285714,0,1,0,0,1,1,0,0,Ischemic
SYN-00555,0.519480519,1,0.289655172,0,0,0,0,0,0,0,1,1,0.276470588,0.245454545,0.271428571,0,0,0,0,0,0,0,0,No Stroke
SYN-02588,0.519480519,0,0.279310345,1,1,0,1,0,0,1,1,0,0.541176471,0.309090909,0.185714286,0,1,0,1,0,1,0,1,Ischemic
SYN-02544,0.831168831,0,0.427586207,1,0,0,0,0,0,1,1,0,0.458823529,0.281818182,0.314285714,1,0,1,0,0,0,0,1,Ischemic
SYN-00451,0.38961039,0,0.634482759,0,0,0,0,0,0,0,1,0,0.117647059,0.354545455,0.15,0,0,0,0,0,0,0,0,No Stroke
SYN-03033,0.558441558,1,0.548275862,0,0,1,0,0,0,1,1,1,0.305882353,0.327272727,0.157142857,1,0,0,0,0,0,0,0,Hemorrhagic
SYN-02603,0.6595969332459192,0,0.4640559484229765,1,1,0,0,0,0,0,1,0,0.47082696736347723,0.439160705700845,0.22196919191639772,1,0,1,0,0,0,0,0,Ischemic
SYN-01463,0.272727273,1,0.162068966,0,0,0,0,0,0,0,1,1,0.241176471,0.227272727,0.307142857,0,0,0,0,0,0,0,0,No Stroke
SYN-00325,0.363636364,0,0.179310345,0,0,0,0,0,0,1,1,1,0.194117647,0.254545455,0.228571429,0,0,0,0,0,0,0,0,No Stroke
SYN-01512,0.363636364,1,0.279310345,0,0,0,0,0,0,0,1,1,0.164705882,0.272727273,0.25,0,0,0,0,0,1,1,1,No Stroke
SYN-00480,0.675324675,1,0.134482759,0,0,1,0,0,0,1,1,0,0.447058824,0.363636364,0.185714286,0,0,0,0,0,0,0,0,No Stroke
SYN-00811,0.519480519,1,0.35862069,0,0,0,0,0,0,0,1,0,0.352941176,0.327272727,0.221428571,0,0,0,0,1,0,0,0,No Stroke
SYN-00064,0.649350649,0,0.296551724,1,0,0,0,0,0,1,1,0,0.329411765,0.372727273,0.285714286,0,0,0,0,0,0,0,0,No Stroke
SYN-00267,0.272727273,1,0.462068966,0,0,0,0,0,0,0,1,0,0.182352941,0.272727273,0.364285714,0,0,0,0,0,0,0,0,No Stroke
SYN-03312,0.3733260327483111,1,0.3419934367929553,1,0,0,0,1,0,0,1,0,0.2640735253608762,0.3478539119045918,0.2465065238077747,1,1,1,0,1,0,0,1,Hemorrhagic
SYN-02207,0.714285714,0,0.351724138,0,0,1,0,0,0,0,1,0,0.217647059,0.327272727,0.278571429,0,1,1,0,1,1,1,0,Ischemic
SYN-00158,0.545454545,0,0.368965517,0,0,0,0,0,0,0,1,0,0.164705882,0.327272727,0.3,0,0,0,0,0,0,0,0,No Stroke
SYN-02099,0.961038961,1,0.382758621,1,0,0,0,0,0,0,1,0,0.6,0.481818182,0.171428571,0,1,1,0,0,0,0,0,Ischemic
SYN-00369,0.519480519,0,0.217241379,0,1,0,0,0,0,0,1,0,0.211764706,0.236363636,0.135714286,0,0,0,0,0,0,0,0,No Stroke
SYN-00062,0.545454545,0,0.327586207,0,0,0,0,0,0,0,1,0,0.164705882,0.427272727,0.171428571,0,0,1,0,0,0,0,0,No Stroke
SYN-02447,0.688311688,0,0.565517241,1,0,0,0,0,0,0,1,0,0.388235294,0.290909091,0.235714286,0,0,0,0,0,0,1,1,Ischemic
SYN-00782,0.38961039,0,0.510344828,0,0,0,0,0,0,0,1,0,0.235294118,0.236363636,0.25,0,0,0,0,0,0,0,0,No Stroke
SYN-01625,1.0,1,0.45862069,1,0,1,1,0,1,1,1,0,0.505882353,0.436363636,0.257142857,1,1,0,0,0,0,1,1,Ischemic
SYN-00255,0.116883117,1,0.475862069,0,0,0,0,0,0,0,1,0,0.4,0.336363636,0.2,0,0,0,0,0,0,0,1,No Stroke
SYN-03563,0.7603322397696549,0,0.07624493817070636,1,0,1,0,0,0,0,1,0,0.46647832083135987,0.4356380112161203,0.3150598004762376,0,1,0,0,1,0,1,0,Hemorrhagic
SYN-03226,0.446929199966513,0,0.2369977678055781,1,0,0,0,0,0,0,1,0,0.3207081602010888,0.4141582396955022,0.2133358555960562,1,1,0,0,1,0,0,1,Hemorrhagic
SYN-00722,0.597402597,0,0.493103448,0,0,0,0,0,0,1,1,0,0.188235294,0.2,0.135714286,0,0,0,0,0,0,0,0,No Stroke
SYN-01919,0.792207792,1,0.265517241,1,0,0,0,0,0,1,1,0,0.494117647,0.5,0.178571429,1,1,1,0,0,0,1,0,Ischemic
SYN-00110,0.324675325,0,0.262068966,0,0,0,0,0,0,0,1,0,0.082352941,0.263636364,0.35,0,0,1,0,0,0,0,0,No Stroke
SYN-00125,0.38961039,1,0.155172414,0,0,0,0,0,0,0,1,1,0.111764706,0.236363636,0.328571429,0,0,0,0,0,0,0,0,No Stroke
SYN-01256,0.142857143,0,0.313793103,0,0,0,0,0,0,1,1,0,0.194117647,0.236363636,0.235714286,0,0,0,0,0,1,0,0,No Stroke
SYN-01422,0.597402597,0,0.355172414,0,0,0,0,0,0,0,1,0,0.247058824,0.354545455,0.385714286,0,0,0,0,0,1,0,0,No Stroke
SYN-00264,0.649350649,1,0.317241379,0,1,0,0,0,0,0,1,0,0.4,0.154545455,0.285714286,0,0,0,0,0,1,0,0,No Stroke
SYN-01227,0.584415584,0,0.186206897,0,0,1,0,0,0,0,1,0,0.247058824,0.372727273,0.178571429,0,0,0,0,0,0,0,0,No Stroke
SYN-03368,1.0,0,0.3009649113246597,1,0,1,1,0,0,0,1,0,0.4859413784369767,0.4083984831343293,0.2976287359518323,0,1,0,1,0,0,1,1,Hemorrhagic
SYN-02883,0.476151451029825,1,0.3149709611587369,1,1,1,0,0,1,0,1,1,0.3977284700743514,0.196237667548675,0.2083172619074874,0,1,0,0,0,0,0,0,Hemorrhagic
SYN-00651,0.402597403,1,0.306896552,0,0,0,0,0,0,0,1,0,0.252941176,0.327272727,0.285714286,0,0,0,1,0,0,0,0,No Stroke
SYN-01019,0.545454545,0,0.334482759,0,0,1,0,0,0,0,1,0,0.258823529,0.209090909,0.264285714,0,0,0,0,0,0,0,0,No Stroke
SYN-02674,0.3863425159743895,1,0.4127770798026536,1,0,0,0,0,0,0,1,0,0.5036287359218258,0.3675592384678197,0.3826148021419581,0,1,1,0,1,1,1,0,Hemorrhagic
SYN-02154,0.5753392378358733,1,0.5158464523060551,0,1,1,0,0,0,0,1,0,0.3572904203542787,0.3594902070485463,0.2363761394067678,0,0,0,0,0,0,0,0,Ischemic
SYN-01511,0.519480519,1,0.331034483,0,0,0,0,0,0,0,1,0,0.217647059,0.263636364,0.207142857,0,0,0,0,0,0,0,0,No Stroke
SYN-01420,0.61038961,0,0.34137931,0,0,0,0,0,1,1,1,0,0.158823529,0.318181818,0.092857143,0,0,0,0,0,0,1,0,No Stroke
SYN-01732,0.675324675,1,0.4,0,0,1,0,0,0,0,1,1,0.305882353,0.272727273,0.307142857,0,0,0,0,0,0,1,1,Ischemic
SYN-00788,0.532467532,0,0.055172414,0,0,1,0,0,0,0,1,0,0.282352941,0.327272727,0.278571429,0,0,0,0,0,0,0,1,No Stroke
SYN-01362,0.649350649,1,0.3,0,0,0,0,0,0,1,1,0,0.241176471,0.390909091,0.228571429,0,0,1,0,1,0,0,0,No Stroke
SYN-00089,0.337662338,1,0.362068966,0,0,0,0,0,0,0,1,1,0.147058824,0.463636364,0.2,0,0,0,0,0,0,0,0,No Stroke
SYN-02650,0.4156428695208849,1,0.3121978736666705,1,1,1,0,0,1,0,1,1,0.3979265997054066,0.231538404090477,0.2464277319237692,0,1,0,0,0,0,0,0,Hemorrhagic
SYN-02697,0.727272727,0,0.420689655,1,1,0,0,0,0,1,1,0,0.558823529,0.281818182,0.242857143,1,0,1,0,0,0,0,1,Hemorrhagic
SYN-01843,0.74025974,1,0.327586207,1,0,1,0,0,0,0,1,0,0.464705882,0.463636364,0.121428571,1,1,0,0,1,1,0,1,Ischemic
SYN-03246,0.766233766,1,0.255172414,1,1,0,0,1,0,0,1,0,0.552941176,0.418181818,0.207142857,1,1,0,1,1,0,0,1,Hemorrhagic
SYN-02683,0.831168831,1,0.606896552,0,0,0,0,1,0,0,1,1,0.517647059,0.290909091,0.278571429,0,1,1,1,1,1,1,0,Hemorrhagic
SYN-03183,0.6500303118154122,0,0.3630279418409964,0,1,1,0,0,1,0,1,0,0.3626114532936994,0.4117317050163287,0.2494279528906682,1,0,0,0,0,1,0,0,Hemorrhagic
SYN-01612,1.0,0,0.282758621,0,0,0,0,0,0,1,1,0,0.417647059,0.427272727,0.185714286,1,1,1,1,1,0,1,0,Ischemic
SYN-00528,0.272727273,1,0.306896552,0,0,0,0,0,0,0,1,0,0.229411765,0.318181818,0.3,0,1,0,0,0,0,0,0,No Stroke
SYN-01558,0.532467532,0,0.210344828,0,0,1,0,0,0,0,1,0,0.388235294,0.354545455,0.242857143,0,0,0,0,0,0,0,0,No Stroke
SYN-01784,0.649350649,0,0.331034483,1,0,1,0,0,0,0,1,0,0.458823529,0.263636364,0.085714286,1,0,1,1,0,0,0,0,Ischemic
SYN-01727,0.805194805,1,0.186206897,0,0,0,0,0,0,0,1,0,0.476470588,0.136363636,0.235714286,0,1,0,0,0,0,1,1,Ischemic
SYN-03084,0.3901840027647945,1,0.4712710177365341,1,0,0,0,0,0,0,1,1,0.3482564543786918,0.3455876201656777,0.2928421648303296,0,1,0,1,1,1,0,0,Hemorrhagic
SYN-03230,0.7471788677240688,1,0.3287180287357218,0,0,1,0,0,0,0,1,0,0.2562172482233515,0.2502917549807141,0.2652305727710162,0,0,0,1,1,0,0,0,Hemorrhagic
SYN-01427,0.649350649,0,0.220689655,0,0,0,0,0,0,0,1,0,0.4,0.327272727,0.214285714,0,0,0,0,0,0,0,0,No Stroke
SYN-02581,0.909090909,1,0.375862069,0,1,0,0,0,0,1,1,0,0.4,0.381818182,0.257142857,1,1,0,0,0,0,0,1,Ischemic
SYN-01229,0.467532468,1,0.506896552,0,0,0,0,0,0,0,1,0,0.405882353,0.254545455,0.264285714,0,0,0,0,0,0,0,0,No Stroke
SYN-02390,0.766233766,0,0.34137931,0,0,0,0,0,0,0,1,0,0.364705882,0.390909091,0.307142857,1,0,0,1,0,0,0,1,Ischemic
SYN-03046,0.61038961,1,0.093103448,1,0,0,0,0,0,0,1,0,0.435294118,0.372727273,0.221428571,1,0,1,0,1,0,1,0,Hemorrhagic
SYN-02640,0.5632055742416656,1,0.2813052937175682,0,1,0,0,1,0,0,1,1,0.3762865118774245,0.546076231523615,0.236431771581964,1,0,1,0,1,0,1,1,Hemorrhagic
SYN-00284,0.428571429,0,0.437931034,0,1,0,0,0,0,1,1,0,0.182352941,0.336363636,0.114285714,0,0,0,0,0,0,0,0,No Stroke
SYN-00275,0.558441558,0,0.389655172,0,0,0,0,0,0,0,1,0,0.347058824,0.363636364,0.192857143,0,0,0,0,0,0,0,0,No Stroke
SYN-01676,0.701298701,0,0.434482759,0,0,1,0,0,0,0,1,0,0.352941176,0.436363636,0.25,1,0,1,1,0,1,0,1,Ischemic
SYN-01174,0.337662338,1,0.3,0,0,0,0,0,0,1,1,0,0.194117647,0.290909091,0.192857143,0,0,0,0,0,0,0,0,No Stroke
SYN-01118,0.74025974,0,0.068965517,0,0,1,0,0,0,0,1,0,0.435294118,0.327272727,0.235714286,0,0,0,0,0,0,1,0,No Stroke
SYN-00870,0.558441558,1,0.144827586,0,0,0,0,0,0,0,1,0,0.223529412,0.463636364,0.242857143,0,0,0,0,0,0,0,0,No Stroke
SYN-00424,0.454545455,1,0.103448276,0,0,0,0,0,0,1,1,1,0.205882353,0.327272727,0.214285714,0,0,0,0,0,0,0,0,No Stroke
SYN-02311,0.701298701,1,0.068965517,1,0,0,0,0,0,0,1,0,0.388235294,0.309090909,0.235714286,1,1,1,0,0,1,0,1,Ischemic
SYN-00507,0.298701299,0,0.451724138,0,0,0,0,0,0,0,1,0,0.305882353,0.254545455,0.228571429,0,1,0,0,0,0,0,0,No Stroke
SYN-01851,0.662337662,1,0.296551724,0,1,0,0,0,0,1,1,0,0.370588235,0.336363636,0.107142857,1,1,0,1,1,1,1,1,Ischemic
SYN-01412,0.532467532,1,0.120689655,0,0,0,0,0,0,0,1,0,0.264705882,0.245454545,0.192857143,0,0,0,0,0,0,0,0,No Stroke
SYN-03148,0.5177417387687051,1,0.2830248839447423,1,0,0,0,0,0,1,1,0,0.3834564134166398,0.4712880289398649,0.2181836361842141,1,1,0,0,1,0,0,1,Hemorrhagic
SYN-00443,0.324675325,0,0.337931034,0,0,0,0,0,0,1,1,0,0.229411765,0.390909091,0.157142857,0,0,0,0,0,1,0,0,No Stroke
SYN-00979,0.454545455,1,0.365517241,0,0,0,0,0,0,0,1,0,0.323529412,0.281818182,0.264285714,0,0,0,0,0,0,0,0,No Stroke
SYN-00219,0.350649351,1,0.217241379,0,0,0,0,0,0,0,1,0,0.341176471,0.336363636,0.314285714,0,0,0,0,0,0,0,0,No Stroke
SYN-01767,0.441558442,1,0.331034483,1,1,0,0,0,0,0,1,0,0.323529412,0.354545455,0.192857143,1,1,0,1,0,0,0,0,Ischemic
SYN-02986,0.617151744652755,1,0.29805915239961,1,1,0,0,0,0,0,1,0,0.425938972489593,0.320804567340314,0.1499203960090717,0,0,0,0,1,1,1,1,Hemorrhagic
SYN-01018,0.675324675,1,0.313793103,0,0,0,0,0,0,0,1,0,0.452941176,0.318181818,0.207142857,0,0,0,0,0,0,0,0,No Stroke
SYN-03422,0.766233766,1,0.375862069,0,0,1,0,0,0,0,1,0,0.247058824,0.272727273,0.278571429,0,0,0,1,1,0,0,0,Hemorrhagic
SYN-00926,0.311688312,0,0.4,0,0,0,0,0,0,0,1,0,0.164705882,0.218181818,0.321428571,0,0,0,0,0,0,0,0,No Stroke
SYN-00830,0.428571429,0,0.582758621,0,0,0,0,0,0,0,1,0,0.252941176,0.372727273,0.114285714,0,0,0,0,0,0,0,0,No Stroke
SYN-01262,0.558441558,0,0.382758621,0,0,0,0,0,0,0,1,0,0.294117647,0.336363636,0.178571429,0,0,0,0,0,0,1,0,No Stroke
SYN-01981,0.74025974,0,0.151724138,0,0,0,1,0,0,1,1,0,0.335294118,0.227272727,0.285714286,0,1,1,0,1,1,1,0,Ischemic
SYN-01863,0.519480519,1,0.410344828,1,0,0,0,0,0,0,1,0,0.358823529,0.318181818,0.214285714,1,1,1,0,0,0,1,0,Ischemic
SYN-02989,0.3763069724357346,1,0.5058822427292468,1,0,0,0,0,0,0,1,1,0.3514431113219834,0.3501563958574759,0.3247766672707874,1,1,0,1,1,1,0,0,Hemorrhagic
SYN-03173,0.6524005786267643,1,0.3740385044293152,0,0,1,0,0,1,0,1,0,0.3628808904931667,0.4790091023693305,0.1897841584756534,0,1,1,0,0,0,0,0,Hemorrhagic
SYN-00552,0.0,1,0.213793103,0,0,1,0,0,0,0,1,0,0.247058824,0.181818182,0.207142857,0,0,0,0,1,1,0,0,No Stroke
SYN-01392,0.493506494,1,0.268965517,0,0,0,0,0,0,0,1,1,0.305882353,0.354545455,0.142857143,0,0,0,0,0,0,0,0,No Stroke
SYN-01068,0.480519481,0,0.251724138,0,0,0,0,0,0,1,1,0,0.188235294,0.227272727,0.221428571,0,0,0,0,0,0,0,0,No Stroke
SYN-00880,0.415584416,1,0.4,1,0,0,0,0,0,0,1,0,0.370588235,0.409090909,0.2,0,0,0,0,0,0,0,0,No Stroke
SYN-02047,0.87012987,1,0.510344828,1,0,0,0,0,0,1,1,0,0.335294118,0.490909091,0.228571429,0,0,1,1,0,0,0,1,Ischemic
SYN-00001,0.441558442,1,0.462068966,0,0,0,0,0,0,0,1,0,0.323529412,0.309090909,0.3,0,0,0,0,1,0,0,0,No Stroke
SYN-03190,0.5913303418067833,0,0.3183159891616373,1,0,0,0,0,0,1,1,0,0.4497540729504209,0.3598136096263353,0.2605362685138834,0,1,0,0,1,0,1,1,Hemorrhagic
SYN-03449,0.6080259807135069,1,0.6847934071610738,0,0,0,0,0,0,0,1,0,0.3970034812260402,0.2384701219192584,0.2756198576181675,1,1,0,0,1,1,0,1,Hemorrhagic
SYN-02448,0.753246753,1,0.331034483,1,0,1,0,1,0,1,1,1,0.423529412,0.490909091,0.207142857,1,0,1,0,0,1,0,1,Ischemic
SYN-03126,0.4877017500259091,1,0.4659556635418265,0,1,0,0,0,0,0,1,0,0.451211174424676,0.2287398485638127,0.1965881572030411,1,0,1,0,1,1,0,0,Hemorrhagic
SYN-01616,0.948051948,0,0.448275862,1,0,0,1,0,0,0,1,0,0.494117647,0.290909091,0.285714286,0,0,1,1,1,1,0,0,Ischemic
SYN-00248,0.61038961,0,0.15862069,0,0,0,0,0,0,0,1,0,0.288235294,0.372727273,0.057142857,0,0,0,0,0,0,0,0,No Stroke
SYN-01264,0.493506494,1,0.368965517,0,0,1,0,0,0,0,1,0,0.235294118,0.154545455,0.242857143,0,0,0,1,0,0,0,0,No Stroke
SYN-00658,0.363636364,1,0.255172414,0,0,0,0,0,0,0,1,0,0.264705882,0.227272727,0.242857143,0,0,0,0,0,0,0,0,No Stroke
SYN-02148,0.766233766,1,0.324137931,1,1,0,0,0,0,0,1,0,0.458823529,0.390909091,0.192857143,1,1,0,0,1,1,0,1,Ischemic
SYN-01808,0.285714286,1,0.534482759,0,0,0,0,1,0,0,1,0,0.188235294,0.163636364,0.285714286,1,0,1,0,0,0,0,0,Ischemic
SYN-02622,0.6902083381763658,0,0.42780032560677794,0,1,0,0,0,0,0,1,0,0.346832593556702,0.29611630821437984,0.2106550614535602,1,0,0,1,0,0,1,0,Ischemic
SYN-00176,0.142857143,0,0.489655172,0,0,0,0,0,0,0,1,0,0.188235294,0.381818182,0.25,0,0,0,0,0,0,0,0,No Stroke
SYN-00279,0.805194805,1,0.368965517,0,0,0,0,0,1,0,1,0,0.288235294,0.363636364,0.221428571,0,0,0,0,1,0,0,0,No Stroke
SYN-00819,0.376623377,1,0.396551724,0,0,0,0,0,0,1,1,1,0.123529412,0.172727273,0.135714286,1,0,0,0,0,0,0,1,No Stroke
SYN-01703,0.753246753,0,0.424137931,0,1,0,0,0,0,0,1,0,0.382352941,0.245454545,0.292857143,1,0,0,0,0,0,0,0,Ischemic
SYN-01135,0.558441558,0,0.2,0,0,1,0,0,0,0,1,0,0.411764706,0.245454545,0.221428571,0,0,0,0,0,0,0,0,No Stroke
SYN-03038,0.8297735027713369,1,0.4388479808495645,0,1,0,0,0,0,0,1,1,0.3703572817996426,0.429672283614977,0.1299037737748244,1,1,0,0,0,1,1,0,Hemorrhagic
SYN-03408,1.0,0,0.286206897,1,0,1,0,0,0,0,1,0,0.529411765,0.454545455,0.257142857,0,1,0,1,0,0,1,1,Hemorrhagic
SYN-02475,0.6443388530934085,1,0.4199909918139125,0,0,1,0,0,0,0,1,0,0.4227556211504248,0.4097916337970338,0.1507172100653798,1,0,1,1,1,0,1,0,Ischemic
SYN-00417,0.454545455,1,0.379310345,0,0,0,0,0,0,0,1,0,0.282352941,0.427272727,0.242857143,0,0,0,0,0,0,0,0,No Stroke
SYN-03008,0.6805184399403531,0,0.3816373184313879,1,1,1,0,0,0,0,1,0,0.5616134167565546,0.5191947002625683,0.1897112591604547,1,1,1,0,0,1,1,1,Hemorrhagic
SYN-00218,0.285714286,0,0.427586207,0,0,0,0,0,0,0,1,0,0.176470588,0.281818182,0.114285714,0,0,0,0,0,0,0,0,No Stroke
SYN-02532,0.766233766,0,0.368965517,1,0,1,1,0,0,1,1,1,0.376470588,0.245454545,0.321428571,0,1,1,0,0,0,1,0,Ischemic
SYN-02754,0.4170974199989641,1,0.3044960052933124,1,1,1,0,0,1,0,1,1,0.3538814848673675,0.2184797479619586,0.2069384618269169,0,1,0,0,0,0,0,0,Hemorrhagic
SYN-00713,0.233766234,1,0.368965517,0,0,1,0,0,0,0,1,0,0.305882353,0.327272727,0.292857143,0,0,0,0,0,0,0,0,No Stroke
SYN-00795,0.350649351,0,0.15862069,0,0,0,0,0,0,0,1,0,0.141176471,0.318181818,0.214285714,0,0,0,0,1,0,0,0,No Stroke
SYN-02112,0.779220779,1,0.5,1,0,1,0,0,0,1,1,0,0.264705882,0.445454545,0.2,0,1,1,0,0,0,0,0,Ischemic
SYN-01176,0.571428571,1,0.14137931,0,0,1,0,0,0,0,1,0,0.347058824,0.209090909,0.171428571,0,0,0,0,1,0,0,0,No Stroke
SYN-02185,0.935064935,1,0.0,0,0,0,0,0,0,0,1,0,0.629411765,0.409090909,0.171428571,0,0,1,0,0,1,1,1,Ischemic
SYN-00450,0.337662338,1,0.331034483,1,0,0,0,0,0,1,1,0,0.352941176,0.345454545,0.171428571,0,0,0,0,0,1,0,0,No Stroke
SYN-02108,0.649350649,1,0.472413793,1,0,0,0,0,0,0,1,0,0.435294118,0.454545455,0.35,1,0,1,1,0,1,0,0,Ischemic
SYN-00913,0.74025974,1,0.255172414,0,0,0,0,0,0,1,1,1,0.329411765,0.381818182,0.192857143,0,0,0,0,0,0,0,0,No Stroke
SYN-01106,0.493506494,0,0.3,0,1,1,0,0,0,0,1,0,0.264705882,0.4,0.235714286,0,0,0,0,0,0,0,0,No Stroke
SYN-01413,0.324675325,0,0.427586207,0,0,0,0,0,0,0,1,0,0.252941176,0.372727273,0.221428571,0,1,0,0,0,1,0,0,No Stroke
SYN-00434,0.493506494,1,0.3,0,0,0,0,0,0,0,1,0,0.3,0.309090909,0.271428571,0,0,0,0,0,0,0,0,No Stroke
SYN-01331,0.350649351,0,0.106896552,0,0,0,0,0,0,0,1,0,0.317647059,0.318181818,0.207142857,0,0,0,0,0,0,0,0,No Stroke
SYN-00372,0.298701299,0,0.220689655,0,0,0,0,0,0,0,1,1,0.241176471,0.345454545,0.25,0,0,0,0,0,0,0,1,No Stroke
SYN-03272,0.6189006210875386,1,0.1127865332007878,1,0,1,0,0,0,0,1,0,0.3670316471897755,0.3254702810801685,0.194246595172209,1,0,0,1,1,0,1,1,Hemorrhagic
SYN-02785,0.7984358731374092,1,0.292663499768609,0,0,0,0,1,0,0,1,0,0.262300544926795,0.3475996132788655,0.2810091943511142,0,1,0,0,1,0,1,0,Hemorrhagic
SYN-00786,0.493506494,1,0.293103448,0,1,0,0,0,0,0,1,0,0.4,0.336363636,0.228571429,0,0,0,0,0,0,0,0,No Stroke
SYN-02884,0.4612378305771095,1,0.3734029152195106,1,0,0,0,0,0,1,1,0,0.363337617174738,0.4761129226311382,0.1904531433910422,1,1,0,0,1,0,0,1,Hemorrhagic
SYN-01179,0.272727273,1,0.237931034,0,0,0,0,0,0,0,1,0,0.123529412,0.309090909,0.242857143,0,0,0,0,0,0,0,0,No Stroke
SYN-01736,0.831168831,0,0.375862069,0,1,1,0,0,0,0,1,0,0.335294118,0.354545455,0.142857143,0,1,0,1,0,0,0,1,Ischemic
SYN-01510,0.597402597,0,0.282758621,0,0,0,0,0,0,1,1,0,0.194117647,0.345454545,0.2,0,0,0,0,0,0,0,0,No Stroke
SYN-00949,0.727272727,0,0.420689655,0,0,0,0,0,0,0,1,0,0.370588235,0.290909091,0.3,0,0,0,0,0,0,0,0,No Stroke
SYN-01566,0.532467532,1,0.282758621,0,1,0,0,0,0,0,1,1,0.241176471,0.427272727,0.392857143,0,0,0,0,0,0,0,0,No Stroke
SYN-00247,0.285714286,1,0.334482759,1,0,0,0,0,0,0,1,0,0.229411765,0.272727273,0.292857143,0,0,0,0,0,0,0,0,No Stroke
SYN-00706,0.480519481,1,0.251724138,1,0,0,0,0,0,0,1,0,0.323529412,0.490909091,0.185714286,0,0,0,0,0,1,0,0,No Stroke
SYN-00506,0.363636364,1,0.396551724,0,0,0,0,0,0,1,1,0,0.182352941,0.290909091,0.3,0,0,0,0,0,0,0,0,No Stroke
SYN-02444,0.844155844,0,0.289655172,0,1,0,0,0,1,0,1,0,0.488235294,0.427272727,0.228571429,1,0,1,0,0,1,1,1,Ischemic
SYN-02721,0.7811102510895311,1,0.2690026822566363,1,0,0,0,1,0,0,1,1,0.4126038683419896,0.4426831742643232,0.2982640207976361,0,0,0,0,0,1,1,0,Hemorrhagic
SYN-00868,0.727272727,1,0.3,0,0,1,0,0,0,1,1,1,0.305882353,0.3,0.207142857,0,0,0,0,0,0,0,0,No Stroke
SYN-03091,0.6022240695955667,0,0.5661360601691134,0,0,0,0,0,0,0,1,0,0.2899161306599248,0.5249511572205878,0.3366668171718893,0,0,1,0,1,0,0,0,Hemorrhagic
SYN-01428,0.428571429,0,0.537931034,0,0,0,0,0,0,0,1,0,0.317647059,0.381818182,0.192857143,0,0,0,0,1,0,0,0,No Stroke
SYN-02829,0.8348179940704789,0,0.219212293400477,1,0,1,0,0,0,0,1,0,0.446853759471258,0.5410226784629,0.0830595552382613,1,1,0,0,1,0,0,1,Hemorrhagic
SYN-01547,0.233766234,1,0.403448276,0,0,0,0,0,0,0,1,0,0.252941176,0.454545455,0.242857143,0,0,0,0,0,0,0,0,No Stroke
SYN-03247,0.8137527543889731,1,0.4131380469054692,0,1,0,0,0,0,0,1,1,0.3692089997573372,0.4050579545139589,0.1552531554512135,1,1,0,0,0,1,1,0,Hemorrhagic
SYN-03580,0.9534907631361149,1,0.41415069642255686,1,0,0,0,0,0,0,1,0,0.42929170236462255,0.358711021518837,0.24678629050801626,1,1,0,0,0,0,0,0,Hemorrhagic
SYN-02611,0.884658303027788,0,0.2659190597546737,1,0,0,0,0,0,1,1,0,0.5410045590232166,0.5553393548353466,0.27359919614464373,1,1,0,0,1,0,0,1,Ischemic
SYN-03436,0.667318613031231,1,0.3011352793499605,1,0,0,0,0,0,0,1,0,0.4874124205048276,0.3957881283035578,0.13711571557064,0,1,0,0,0,0,1,0,Hemorrhagic
SYN-01074,0.428571429,1,0.186206897,0,0,0,0,0,0,0,1,1,0.258823529,0.345454545,0.292857143,0,0,0,0,0,0,0,0,No Stroke
SYN-01028,0.454545455,1,0.179310345,0,0,0,0,0,0,0,1,0,0.229411765,0.209090909,0.3,0,0,0,0,0,0,0,0,No Stroke
SYN-02985,0.2273871296244636,1,0.5149067644216232,0,1,0,0,0,0,0,1,0,0.3548802353652897,0.3363699020955393,0.3264295642150945,0,0,0,0,1,0,0,0,Hemorrhagic
SYN-00613,0.714285714,1,0.362068966,0,0,0,0,0,0,0,1,0,0.405882353,0.372727273,0.235714286,0,0,0,0,0,1,1,0,No Stroke
SYN-01065,0.311688312,0,0.151724138,1,0,1,0,0,0,0,1,0,0.329411765,0.281818182,0.35,0,0,0,0,1,0,0,0,No Stroke
SYN-00950,0.454545455,1,0.168965517,0,0,0,0,0,0,0,1,0,0.247058824,0.172727273,0.25,0,0,0,0,0,0,0,0,No Stroke
SYN-01048,0.467532468,1,0.137931034,0,0,0,0,0,0,0,1,0,0.2,0.2,0.107142857,0,0,0,0,0,0,0,0,No Stroke
SYN-00486,0.519480519,0,0.327586207,0,1,0,0,0,0,0,1,0,0.217647059,0.3,0.2,0,1,0,0,0,0,0,0,No Stroke
SYN-03464,0.896103896,1,0.427586207,0,0,1,0,0,0,1,1,0,0.241176471,0.372727273,0.228571429,1,0,1,0,0,0,1,1,Hemorrhagic
SYN-01175,0.363636364,1,0.344827586,0,0,0,0,0,0,0,1,0,0.182352941,0.345454545,0.207142857,0,0,0,0,0,0,0,0,No Stroke
SYN-00259,0.181818182,1,0.348275862,0,0,0,0,0,0,0,1,0,0.247058824,0.272727273,0.214285714,0,0,0,0,0,0,0,0,No Stroke
SYN-01875,0.493506494,1,0.44137931,1,0,1,0,0,0,0,1,0,0.352941176,0.509090909,0.257142857,1,1,1,0,1,0,1,0,Ischemic
SYN-01147,0.415584416,1,0.165517241,0,0,0,0,0,0,1,1,0,0.1,0.345454545,0.235714286,0,0,0,0,0,0,0,0,No Stroke
SYN-00645,0.298701299,1,0.420689655,0,0,0,0,0,0,0,1,1,0.282352941,0.309090909,0.292857143,0,0,0,0,0,0,0,0,No Stroke
SYN-02764,0.8958977029980741,1,0.2373586183346153,1,0,0,0,0,0,0,1,0,0.4498133384445339,0.4760702789399951,0.2089387391841066,1,1,1,0,1,0,0,0,Hemorrhagic
SYN-02589,0.623376623,1,0.517241379,0,1,0,0,0,0,1,1,0,0.4,0.409090909,0.107142857,0,1,1,1,0,0,0,1,Ischemic
SYN-03550,0.49334541670079773,0,0.6111294195730353,0,0,0,0,0,0,0,1,0,0.3447591139845394,0.21494230557547855,0.14739060133466822,0,0,1,0,1,0,0,0,Hemorrhagic
SYN-01967,0.623376623,1,0.613793103,0,0,0,0,0,0,0,1,0,0.352941176,0.363636364,0.264285714,1,0,0,0,1,0,1,1,Ischemic
SYN-01457,0.38961039,1,0.203448276,0,0,0,0,0,0,1,1,0,0.317647059,0.254545455,0.107142857,0,0,0,0,0,0,0,0,No Stroke
SYN-01004,0.545454545,1,0.296551724,0,0,1,0,0,0,0,1,0,0.352941176,0.336363636,0.207142857,0,0,0,0,0,0,0,0,No Stroke
SYN-03421,0.6301891031450583,1,0.0,1,0,0,0,0,0,0,1,1,0.2806811562281492,0.2860169226435687,0.238727164021739,0,1,1,0,0,0,0,0,Hemorrhagic
SYN-02423,0.714285714,1,0.248275862,1,0,0,0,0,0,0,1,1,0.305882353,0.390909091,0.292857143,1,1,1,0,0,0,1,1,Ischemic
SYN-03145,0.9095865098235718,1,0.4187942225097371,0,0,1,0,0,0,1,1,0,0.2012775420098445,0.3700469937761941,0.2173104630543536,1,0,1,0,0,0,1,1,Hemorrhagic
SYN-00597,0.402597403,0,0.3,0,0,0,0,0,0,0,1,0,0.047058824,0.490909091,0.2,0,0,0,0,0,0,0,0,No Stroke
SYN-01589,0.675324675,1,0.151724138,0,0,0,0,0,0,1,1,0,0.229411765,0.318181818,0.235714286,0,0,0,0,0,0,0,0,No Stroke
SYN-03387,0.5080035506152238,0,0.3703638734933762,1,0,1,0,0,0,1,1,0,0.4225984608111387,0.3949326444154012,0.2092335594437649,0,0,1,1,0,1,1,0,Hemorrhagic
SYN-00297,0.246753247,1,0.317241379,0,0,0,0,0,0,0,1,0,0.311764706,0.181818182,0.192857143,0,0,0,0,0,1,0,0,No Stroke
SYN-01587,0.649350649,1,0.324137931,0,0,0,0,0,0,0,1,0,0.205882353,0.263636364,0.228571429,0,0,0,0,0,0,0,0,No Stroke
SYN-00508,0.376623377,1,0.444827586,0,0,0,0,0,0,0,1,0,0.223529412,0.372727273,0.278571429,0,0,0,0,0,0,0,0,No Stroke
SYN-00008,0.38961039,0,0.244827586,0,0,0,0,0,0,0,1,0,0.223529412,0.336363636,0.185714286,0,0,0,0,0,0,0,0,No Stroke
SYN-03265,0.938096149755073,0,0.2721241546752441,0,0,1,1,0,0,0,1,0,0.3202495035403765,0.390085947165481,0.1497379802443237,0,1,1,0,0,1,0,1,Hemorrhagic
SYN-02750,0.807436570045597,1,0.2969426941212756,1,0,0,0,1,0,1,1,0,0.469591919777318,0.4186688653089365,0.241355293937415,0,1,0,1,0,0,0,0,Hemorrhagic
SYN-03252,0.428571429,1,0.662068966,0,0,0,0,0,0,0,1,0,0.3,0.445454545,0.307142857,1,1,0,0,0,1,0,0,Hemorrhagic
SYN-01729,0.792207792,1,0.165517241,0,1,0,0,0,0,1,1,0,0.329411765,0.381818182,0.171428571,1,0,0,0,0,1,1,0,Ischemic
SYN-01451,0.649350649,1,0.337931034,0,0,0,0,0,0,0,1,1,0.111764706,0.136363636,0.235714286,0,0,0,0,0,1,0,0,No Stroke
SYN-01779,0.5695618351075802,1,0.1970282291941658,1,0,0,0,0,0,1,1,0,0.3361136703219065,0.3812603725788567,0.2097332394910655,1,1,0,0,0,0,0,0,Ischemic
SYN-03456,0.793608689659365,0,0.3253001585565264,1,0,0,0,1,0,0,1,0,0.5723375078635532,0.4091270396486254,0.1549692669372179,1,0,0,0,1,0,0,0,Hemorrhagic
SYN-02511,0.87012987,1,0.565517241,0,0,0,1,0,0,0,1,0,0.347058824,0.227272727,0.264285714,1,1,0,0,1,0,0,1,Ischemic
SYN-01898,0.623376623,1,0.410344828,0,0,1,0,0,0,0,1,0,0.411764706,0.418181818,0.192857143,1,0,1,1,0,0,1,0,Ischemic
SYN-03062,0.7171193858632253,1,0.2690376861228512,0,0,1,0,0,0,0,1,0,0.4006315707774598,0.3061569522873464,0.2233842913589209,0,1,0,0,1,0,1,0,Hemorrhagic
SYN-01115,0.467532468,0,0.451724138,0,0,0,0,0,0,0,1,0,0.176470588,0.236363636,0.228571429,0,0,0,1,0,0,0,0,No Stroke
SYN-00097,0.0,0,0.24137931,0,0,0,0,0,0,1,1,0,0.070588235,0.281818182,0.228571429,0,0,0,0,0,1,0,1,No Stroke
SYN-00977,0.532467532,0,0.3,0,0,0,0,0,0,0,1,0,0.270588235,0.245454545,0.221428571,0,0,0,0,0,0,0,0,No Stroke
SYN-01058,0.350649351,0,0.172413793,0,0,0,0,0,0,0,1,1,0.305882353,0.309090909,0.2,0,0,1,0,0,0,0,0,No Stroke
SYN-01584,0.350649351,1,0.172413793,0,0,0,0,0,0,1,1,1,0.188235294,0.354545455,0.235714286,0,0,0,0,0,0,0,0,No Stroke
SYN-01193,0.311688312,0,0.286206897,1,1,0,0,0,0,0,1,0,0.411764706,0.354545455,0.171428571,0,0,0,0,0,0,1,0,No Stroke
SYN-00026,0.363636364,0,0.2,0,0,0,0,0,0,0,1,0,0.3,0.290909091,0.207142857,0,0,0,0,0,0,0,0,No Stroke
SYN-01614,0.714285714,1,0.386206897,0,1,0,0,0,1,0,1,0,0.441176471,0.354545455,0.242857143,1,1,1,0,0,1,1,1,Ischemic
SYN-01207,0.662337662,0,0.410344828,0,0,1,0,0,0,1,1,0,0.305882353,0.345454545,0.285714286,0,0,0,0,0,0,0,0,No Stroke
SYN-03337,0.5792087962815503,0,0.5523669360488184,0,0,1,0,0,0,0,1,0,0.2233357989625151,0.3104226187374125,0.2875909101582909,0,0,1,0,1,1,0,0,Hemorrhagic
SYN-00840,0.727272727,1,0.368965517,0,0,0,0,0,0,0,1,0,0.288235294,0.354545455,0.214285714,0,0,0,0,0,0,0,0,No Stroke
SYN-02299,0.6391732634648619,1,0.5504922735458102,0,0,1,0,0,0,0,1,0,0.4446940116460851,0.2148062676672757,0.3275076303378061,1,0,1,0,0,1,1,1,Ischemic
SYN-00986,0.636363636,1,0.279310345,0,0,1,0,0,0,0,1,0,0.511764706,0.381818182,0.3,0,0,0,0,0,0,1,0,No Stroke
SYN-02139,0.584415584,0,0.35862069,1,0,1,0,0,0,1,1,0,0.341176471,0.609090909,0.171428571,0,1,1,1,0,0,1,0,Ischemic
SYN-00848,0.480519481,1,0.251724138,0,0,0,0,0,0,0,1,1,0.305882353,0.263636364,0.142857143,0,0,0,0,0,0,0,0,No Stroke
SYN-01928,0.935064935,1,0.25862069,0,1,0,0,0,0,0,1,1,0.470588235,0.336363636,0.285714286,1,0,1,0,0,1,0,1,Ischemic
SYN-00068,0.220779221,0,0.320689655,0,0,0,0,0,0,1,1,0,0.241176471,0.181818182,0.235714286,0,0,0,0,0,0,0,0,No Stroke
SYN-01766,0.753246753,0,0.496551724,1,0,1,0,0,1,0,1,0,0.435294118,0.563636364,0.242857143,0,1,1,1,0,0,0,1,Ischemic
SYN-02349,0.8823041820196396,1,0.6022900668672261,1,0,0,0,1,0,0,1,0,0.491324643867474,0.3619079156318465,0.2462608075417476,0,1,1,0,0,1,1,1,Ischemic
SYN-03292,0.4470504274471866,0,0.3863172058205244,1,1,1,0,0,0,0,1,0,0.3512030568997411,0.2897580542707919,0.2188995964445149,1,0,1,0,0,1,1,0,Hemorrhagic
SYN-01076,0.545454545,0,0.231034483,1,0,0,0,0,0,0,1,0,0.452941176,0.290909091,0.35,0,0,0,0,1,0,0,0,No Stroke
SYN-02496,0.844155844,0,0.696551724,0,1,1,0,0,0,0,1,0,0.388235294,0.4,0.235714286,1,1,1,0,0,0,0,1,Ischemic
SYN-00032,0.74025974,1,0.120689655,0,0,0,0,0,0,0,1,0,0.294117647,0.190909091,0.157142857,0,0,0,0,0,0,0,0,No Stroke
SYN-01238,0.363636364,0,0.3,0,0,0,0,0,0,0,1,0,0.229411765,0.281818182,0.207142857,0,0,0,0,0,0,0,0,No Stroke
SYN-02596,0.818181818,1,0.551724138,1,0,0,0,0,1,1,1,0,0.305882353,0.472727273,0.314285714,1,1,1,0,0,1,1,0,Ischemic
SYN-00611,0.454545455,1,0.396551724,0,0,0,0,0,0,0,1,1,0.111764706,0.318181818,0.221428571,0,0,0,0,0,0,0,0,No Stroke
SYN-01682,0.623376623,1,0.35862069,1,0,0,0,0,0,1,1,1,0.364705882,0.4,0.264285714,0,1,0,0,0,0,0,0,Ischemic
SYN-00571,0.701298701,1,0.282758621,0,0,0,0,0,0,0,1,0,0.270588235,0.136363636,0.271428571,0,0,0,0,0,0,0,0,No Stroke
SYN-03321,0.805194805,0,0.45862069,1,0,0,0,0,0,0,1,0,0.429411765,0.463636364,0.221428571,1,0,0,0,1,1,0,0,Hemorrhagic
SYN-00344,0.571428571,1,0.25862069,0,1,1,0,0,0,0,1,0,0.3,0.3,0.235714286,0,0,0,0,0,0,0,0,No Stroke
SYN-01534,0.675324675,0,0.2,0,0,0,0,0,0,1,1,0,0.370588235,0.263636364,0.292857143,0,0,0,0,0,0,0,0,No Stroke
SYN-01546,0.74025974,0,0.124137931,0,0,0,0,0,0,1,1,0,0.358823529,0.390909091,0.25,1,0,0,0,0,0,0,0,No Stroke
SYN-00679,0.077922078,0,0.25862069,0,0,0,0,0,0,0,1,0,0.1,0.263636364,0.264285714,0,0,0,0,0,0,0,1,No Stroke
SYN-02539,0.649350649,1,0.148275862,1,0,0,0,0,0,0,1,0,0.458823529,0.390909091,0.142857143,0,1,0,1,0,0,0,0,Ischemic
SYN-03157,0.8464060408526375,0,0.3402108211670221,1,1,0,0,0,0,0,1,0,0.6397294414834935,0.5223142976739474,0.384769237004361,1,0,0,0,1,1,1,1,Hemorrhagic
SYN-02938,0.688311688,1,0.365517241,1,0,1,0,0,1,0,1,1,0.441176471,0.381818182,0.15,1,0,1,1,1,0,0,0,Hemorrhagic
SYN-02247,0.818181818,0,0.548275862,1,1,0,0,0,0,0,1,0,0.517647059,0.490909091,0.207142857,1,0,1,0,0,0,0,1,Ischemic
SYN-03024,0.9414354036632396,1,0.3280036384047853,0,0,0,0,1,0,1,1,1,0.3694468944755597,0.3943497061301824,0.2075106175726983,0,1,0,0,1,0,0,1,Hemorrhagic
SYN-02114,0.623376623,0,0.148275862,0,0,0,0,0,0,1,1,0,0.329411765,0.209090909,0.257142857,0,1,1,0,0,1,1,1,Ischemic
SYN-00928,0.350649351,0,0.331034483,0,0,0,0,0,0,0,1,0,0.188235294,0.336363636,0.342857143,0,0,0,0,0,0,1,0,No Stroke
SYN-02303,0.935064935,0,0.237931034,0,1,0,0,0,0,1,1,0,0.511764706,0.236363636,0.15,1,0,0,1,0,0,0,0,Ischemic
SYN-02315,0.766233766,0,0.389655172,1,0,0,0,0,0,0,1,0,0.6,0.345454545,0.292857143,0,1,1,0,0,0,0,0,Ischemic
SYN-01379,0.584415584,1,0.0,0,1,0,0,0,0,1,1,0,0.405882353,0.354545455,0.221428571,0,1,0,0,0,0,0,1,No Stroke
SYN-00577,0.337662338,0,0.189655172,0,0,0,0,0,0,0,1,0,0.194117647,0.336363636,0.2,0,0,0,0,0,0,0,0,No Stroke
SYN-01619,0.701298701,1,0.113793103,1,0,0,0,1,0,0,1,0,0.341176471,0.363636364,0.192857143,1,0,1,1,0,1,1,0,Ischemic
SYN-02877,0.7328177581746255,0,0.3517072775205556,1,0,1,0,0,0,0,1,1,0.4327576372629119,0.4218199780160045,0.2333565594469867,0,1,1,1,1,0,0,0,Hemorrhagic
SYN-02686,0.8381212383737956,0,0.3312906501004224,1,1,0,0,0,0,0,1,0,0.5620246029366368,0.5159047245742867,0.4014729784480623,1,0,0,0,1,1,1,1,Hemorrhagic
SYN-03342,0.883116883,0,0.331034483,0,0,1,0,0,0,1,1,0,0.382352941,0.336363636,0.171428571,1,0,1,1,0,0,1,0,Hemorrhagic
SYN-00529,0.636363636,0,0.189655172,0,0,0,0,0,0,0,1,0,0.247058824,0.245454545,0.314285714,0,0,0,0,0,0,0,0,No Stroke
SYN-00177,0.428571429,1,0.275862069,0,0,0,0,0,0,0,1,0,0.252941176,0.418181818,0.2,0,0,0,0,0,0,0,0,No Stroke
SYN-01492,0.519480519,1,0.465517241,0,0,0,0,0,0,0,1,0,0.258823529,0.372727273,0.2,0,0,0,0,0,0,0,0,No Stroke
SYN-00423,0.454545455,1,0.331034483,0,0,0,0,0,0,0,1,1,0.317647059,0.309090909,0.328571429,0,0,0,0,1,0,0,0,No Stroke
SYN-00681,0.415584416,0,0.64137931,0,0,0,0,0,0,0,1,0,0.2,0.354545455,0.207142857,0,0,0,0,1,0,0,0,No Stroke
SYN-01081,0.532467532,1,0.210344828,0,0,0,0,0,0,0,1,0,0.164705882,0.290909091,0.235714286,0,0,0,0,0,0,0,0,No Stroke
SYN-01642,0.545454545,1,0.444827586,1,0,0,0,0,0,0,1,0,0.241176471,0.290909091,0.235714286,1,1,0,0,0,0,1,0,Ischemic
SYN-01299,0.324675325,1,0.475862069,0,0,0,0,0,0,0,1,0,0.158823529,0.163636364,0.3,0,0,0,0,0,0,0,0,No Stroke
SYN-01491,0.545454545,0,0.417241379,0,0,0,0,0,0,0,1,1,0.258823529,0.309090909,0.178571429,1,0,0,0,0,0,0,0,No Stroke
SYN-00941,0.74025974,0,0.403448276,0,0,0,0,0,0,0,1,0,0.323529412,0.436363636,0.25,0,0,0,0,0,1,0,0,No Stroke
SYN-01780,0.441558442,0,0.268965517,1,1,0,0,0,0,0,1,0,0.429411765,0.309090909,0.121428571,0,0,0,0,0,0,0,0,Ischemic
SYN-02064,0.493506494,1,0.348275862,1,0,0,0,0,0,0,1,0,0.358823529,0.427272727,0.2,1,0,0,0,0,1,0,1,Ischemic
SYN-00289,0.571428571,1,0.293103448,0,0,0,0,0,0,1,1,0,0.170588235,0.309090909,0.178571429,0,0,0,1,0,0,0,0,No Stroke
SYN-01719,0.675324675,0,0.327586207,1,1,1,0,0,0,0,1,0,0.4,0.445454545,0.321428571,1,0,1,1,0,0,0,0,Ischemic
SYN-02376,0.792207792,1,0.437931034,1,1,1,0,0,0,1,1,0,0.388235294,0.390909091,0.321428571,1,0,1,1,0,0,0,1,Ischemic
SYN-01821,0.792207792,1,0.455172414,0,0,0,0,0,0,0,1,1,0.364705882,0.281818182,0.221428571,0,1,1,0,0,1,0,0,Ischemic
SYN-01321,0.246753247,1,0.462068966,0,0,0,0,0,0,0,1,1,0.305882353,0.3,0.235714286,0,0,0,0,0,0,1,0,No Stroke
SYN-02855,0.662337662,1,0.355172414,0,0,1,0,0,1,0,1,0,0.341176471,0.445454545,0.171428571,0,1,1,0,0,0,0,0,Hemorrhagic
SYN-00178,0.532467532,0,0.25862069,0,0,0,0,0,0,0,1,0,0.370588235,0.354545455,0.271428571,0,0,0,0,0,0,0,0,No Stroke
SYN-00841,0.467532468,0,0.262068966,0,1,1,0,0,0,0,1,0,0.323529412,0.3,0.207142857,0,0,0,0,0,0,0,0,No Stroke
SYN-03053,0.493506494,0,0.403448276,1,1,0,0,0,0,0,1,0,0.370588235,0.281818182,0.285714286,1,0,1,0,0,1,1,0,Hemorrhagic
SYN-01407,0.571428571,1,0.468965517,0,0,0,0,0,0,0,1,1,0.129411765,0.272727273,0.221428571,0,0,0,0,0,1,1,0,No Stroke
SYN-02023,0.701298701,0,0.662068966,0,1,0,0,0,0,0,1,0,0.158823529,0.3,0.235714286,1,0,0,1,1,1,0,1,Ischemic
SYN-00371,0.584415584,1,0.282758621,0,0,0,0,0,0,0,1,0,0.305882353,0.272727273,0.178571429,0,0,0,0,0,0,0,0,No Stroke
SYN-02973,0.8004188041934606,1,0.2910453060451816,1,0,1,0,0,0,0,1,1,0.475139568034023,0.3650929736812872,0.3204069668058679,0,1,0,0,1,1,1,0,Hemorrhagic
SYN-00599,0.61038961,0,0.196551724,0,0,0,0,0,0,1,1,0,0.282352941,0.472727273,0.278571429,0,0,0,0,0,0,0,1,No Stroke
SYN-02177,0.766233766,0,0.089655172,0,0,0,0,0,1,0,1,0,0.282352941,0.336363636,0.25,1,0,1,0,0,0,1,0,Ischemic
SYN-00799,0.298701299,0,0.14137931,0,0,0,0,0,0,0,1,0,0.329411765,0.309090909,0.142857143,0,0,0,0,0,0,0,0,No Stroke
SYN-02026,0.558441558,0,0.393103448,0,1,1,0,0,0,0,1,0,0.405882353,0.2,0.285714286,1,0,0,1,0,1,1,1,Ischemic
SYN-03127,0.765524492871507,1,0.5578476186761117,1,0,1,0,0,0,1,1,0,0.5587866136751962,0.3699955417169518,0.2825261526095463,0,1,0,0,0,1,0,1,Hemorrhagic
SYN-03122,0.571428571,1,0.331034483,0,1,0,0,1,0,0,1,1,0.429411765,0.481818182,0.2,1,0,1,0,1,1,1,1,Hemorrhagic
SYN-01609,0.545454545,0,0.406896552,0,1,1,0,0,0,0,1,0,0.388235294,0.372727273,0.278571429,0,1,1,0,1,0,0,1,Ischemic
SYN-01164,0.480519481,0,0.337931034,0,0,0,0,0,0,0,1,0,0.294117647,0.309090909,0.135714286,0,0,0,0,0,0,0,0,No Stroke
SYN-00142,0.246753247,0,0.355172414,0,0,0,0,0,0,1,1,0,0.405882353,0.254545455,0.235714286,0,0,0,0,0,0,0,0,No Stroke
SYN-02300,0.38961039,0,0.596551724,0,0,0,0,0,0,0,1,0,0.305882353,0.336363636,0.35,1,0,0,1,0,1,0,0,Ischemic
SYN-00666,0.194805195,1,0.406896552,0,0,0,0,0,0,0,1,1,0.123529412,0.354545455,0.157142857,0,0,0,0,0,0,0,0,No Stroke
SYN-01098,0.480519481,0,0.351724138,0,0,0,0,0,0,0,1,0,0.223529412,0.263636364,0.228571429,0,0,0,0,0,0,0,0,No Stroke
SYN-02716,0.662337662,1,0.451724138,1,0,0,1,0,0,0,1,0,0.405882353,0.409090909,0.264285714,0,0,1,0,0,0,0,1,Hemorrhagic
SYN-00655,0.363636364,0,0.348275862,0,0,0,0,0,0,1,1,0,0.029411765,0.381818182,0.25,0,0,0,0,1,0,0,0,No Stroke
SYN-00472,0.506493506,0,0.313793103,0,0,0,0,0,0,0,1,0,0.335294118,0.218181818,0.271428571,1,0,0,0,0,0,0,0,No Stroke
SYN-01653,0.337662338,1,0.379310345,0,0,1,0,1,0,0,1,0,0.158823529,0.181818182,0.3,0,1,0,0,0,0,0,0,Ischemic
SYN-03291,0.8034269152068884,0,0.2454953608172859,1,0,0,0,0,0,1,1,0,0.4767501491623495,0.3529046879528353,0.2678642201169571,1,0,1,1,1,0,0,1,Hemorrhagic
SYN-01133,0.12987013,1,0.448275862,0,0,0,0,0,0,0,1,0,0.188235294,0.145454545,0.157142857,0,0,0,0,0,0,0,0,No Stroke
SYN-01952,0.54346158972734,0,0.6108146634742244,1,0,0,0,0,0,0,1,0,0.3690563141616322,0.401907807484465,0.1858381735183391,1,0,0,0,0,1,0,1,Ischemic
SYN-02659,1.0,0,0.306896552,1,1,0,0,0,0,1,1,0,0.576470588,0.463636364,0.357142857,0,0,1,1,1,0,1,0,Hemorrhagic
SYN-00908,0.649350649,0,0.472413793,0,0,0,0,0,0,0,1,0,0.205882353,0.327272727,0.092857143,0,0,0,0,0,0,1,0,No Stroke
SYN-01188,0.571428571,1,0.262068966,1,0,0,0,0,0,1,1,0,0.317647059,0.4,0.157142857,0,0,0,0,0,0,0,0,No Stroke
SYN-02091,0.7962882057234643,1,0.2465164541666605,0,0,0,1,1,0,0,1,0,0.49845732994117,0.3303295271797817,0.3407989920154985,1,0,0,0,0,1,0,0,Ischemic
SYN-00196,0.363636364,1,0.320689655,0,0,0,0,0,0,0,1,1,0.182352941,0.290909091,0.15,0,0,0,0,0,0,1,0,No Stroke
SYN-00533,0.077922078,1,0.082758621,0,0,0,0,0,0,0,1,1,0.347058824,0.236363636,0.285714286,0,0,0,0,0,0,0,0,No Stroke
SYN-03022,1.0,0,0.362068966,1,0,0,0,0,0,0,1,0,0.629411765,0.381818182,0.357142857,0,0,1,0,1,0,1,0,Hemorrhagic
SYN-02796,0.7028416582998562,1,0.46480028380813,0,0,0,0,0,0,0,1,0,0.1939282298870961,0.3968608258060694,0.268338009213971,0,1,1,1,1,0,1,1,Hemorrhagic
SYN-00777,0.506493506,0,0.196551724,1,0,1,0,0,0,0,1,0,0.211764706,0.445454545,0.214285714,0,0,0,0,0,0,0,0,No Stroke
SYN-01753,0.545454545,0,0.396551724,1,0,1,0,0,0,0,1,0,0.294117647,0.5,0.178571429,1,1,1,0,0,0,0,1,Ischemic
SYN-00970,0.090909091,0,0.386206897,0,0,0,0,0,0,0,1,0,0.052941176,0.327272727,0.185714286,0,0,0,0,0,0,0,0,No Stroke
SYN-00228,0.597402597,1,0.237931034,0,0,0,0,0,1,0,1,0,0.311764706,0.3,0.257142857,0,0,0,0,0,0,0,0,No Stroke
SYN-00556,0.38961039,1,0.217241379,0,0,0,0,0,0,1,1,0,0.341176471,0.281818182,0.264285714,0,0,0,0,0,0,0,0,No Stroke
SYN-01895,0.701298701,0,0.462068966,1,0,1,0,0,0,0,1,1,0.5,0.436363636,0.321428571,0,0,1,1,1,1,0,0,Ischemic
SYN-02966,0.7500252643734943,1,0.3207953814870939,0,0,1,0,0,0,0,1,0,0.3496321379766646,0.3233670515724082,0.2374643956183429,0,1,0,0,1,0,1,0,Hemorrhagic
SYN-01830,0.649350649,1,0.282758621,0,0,1,0,0,0,0,1,0,0.258823529,0.227272727,0.164285714,0,1,0,1,0,1,1,0,Ischemic
SYN-01396,0.584415584,1,0.144827586,0,1,1,0,0,0,0,1,0,0.170588235,0.3,0.207142857,0,0,0,0,0,0,1,0,No Stroke
SYN-02105,0.857142857,0,0.465517241,0,0,0,0,0,0,1,1,0,0.317647059,0.345454545,0.335714286,1,1,0,0,0,0,0,1,Ischemic
SYN-03059,0.7317046677127307,1,0.3213733389443395,0,1,0,0,0,0,0,1,1,0.3903773916361521,0.1917169777796893,0.1350064526086933,1,0,1,0,1,0,0,0,Hemorrhagic
SYN-00632,0.545454545,0,0.093103448,0,0,0,0,0,0,0,1,0,0.235294118,0.327272727,0.15,0,0,0,0,0,0,0,0,No Stroke
SYN-01627,0.545454545,0,0.54137931,0,0,1,0,0,0,0,1,0,0.423529412,0.236363636,0.25,1,0,1,0,0,0,1,1,Ischemic
SYN-02610,0.5549344973943677,1,0.48279641798488854,0,0,0,0,0,0,0,1,1,0.24390936319820877,0.45369987235416986,0.21738598891702796,0,0,0,0,0,1,0,0,Ischemic
SYN-00163,0.298701299,0,0.162068966,0,0,1,0,0,0,0,1,0,0.158823529,0.281818182,0.271428571,0,0,1,0,0,0,0,0,No Stroke
SYN-00220,0.402597403,1,0.475862069,0,0,0,0,0,0,0,1,0,0.288235294,0.545454545,0.257142857,0,0,0,0,0,0,0,0,No Stroke
SYN-01243,0.38961039,0,0.537931034,0,0,0,0,0,0,0,1,0,0.182352941,0.290909091,0.264285714,0,0,0,0,0,0,0,0,No Stroke
SYN-02712,0.7149040162368572,1,0.326609143348089,1,0,0,0,0,0,0,1,1,0.4531575022683242,0.4769832619974948,0.2341651056741379,1,0,0,1,0,1,0,0,Hemorrhagic
SYN-01290,0.38961039,0,0.455172414,0,0,1,0,0,0,1,1,0,0.176470588,0.272727273,0.371428571,0,0,0,0,0,0,0,0,No Stroke
SYN-02873,0.4617792536285047,1,0.3606079975491701,1,0,0,0,0,0,1,1,0,0.4269934597155326,0.4819058824221551,0.1737453730524791,1,1,0,0,1,0,0,1,Hemorrhagic
SYN-03116,0.6150891059108985,1,0.7215051296794501,0,0,0,0,0,0,0,1,0,0.366036261766287,0.2962199195890347,0.2505027296694027,1,1,0,0,1,1,0,1,Hemorrhagic
SYN-00548,0.467532468,1,0.331034483,0,0,1,0,0,0,1,1,0,0.411764706,0.290909091,0.328571429,0,0,0,0,0,0,1,0,No Stroke
SYN-00858,0.454545455,1,0.289655172,0,0,0,0,0,0,1,1,0,0.411764706,0.354545455,0.292857143,0,1,0,0,0,0,0,0,No Stroke
SYN-02956,0.415584416,0,0.489655172,1,0,0,0,0,0,0,1,0,0.235294118,0.445454545,0.242857143,0,0,0,1,0,1,1,1,Hemorrhagic
SYN-02186,0.61038961,1,0.468965517,1,0,0,0,0,0,0,1,0,0.388235294,0.436363636,0.128571429,0,0,0,1,1,0,0,1,Ischemic
SYN-00569,0.467532468,1,0.131034483,0,0,1,0,0,0,1,1,0,0.358823529,0.336363636,0.25,0,1,0,0,0,0,0,0,No Stroke
SYN-03417,0.779220779,0,0.351724138,1,0,1,0,0,0,1,1,0,0.411764706,0.363636364,0.2,0,0,1,0,1,0,0,1,Hemorrhagic
SYN-01692,0.467532468,0,0.537931034,0,0,1,0,0,0,0,1,0,0.264705882,0.381818182,0.278571429,1,1,1,1,1,0,0,1,Ischemic
SYN-01026,0.402597403,0,0.296551724,1,0,0,0,0,0,0,1,1,0.423529412,0.181818182,0.107142857,0,0,0,1,0,0,0,0,No Stroke
SYN-02329,0.844155844,1,0.389655172,0,1,1,0,0,0,0,1,0,0.517647059,0.263636364,0.228571429,1,1,0,0,0,0,0,1,Ischemic
SYN-00612,0.428571429,1,0.15862069,1,0,0,0,0,0,0,1,0,0.335294118,0.463636364,0.285714286,0,0,0,0,0,0,0,0,No Stroke
SYN-01617,0.688311688,0,0.620689655,0,0,0,0,0,0,0,1,0,0.188235294,0.227272727,0.185714286,0,1,1,0,0,0,0,0,Ischemic
SYN-03287,0.792207792,1,0.25862069,1,0,0,0,1,0,0,1,1,0.429411765,0.454545455,0.342857143,0,0,0,0,0,1,0,0,Hemorrhagic
SYN-03293,0.662337662,1,0.296551724,1,0,0,0,0,0,0,1,0,0.476470588,0.381818182,0.171428571,0,1,0,0,0,0,1,0,Hemorrhagic
SYN-00743,0.545454545,1,0.396551724,0,0,0,0,0,0,0,1,0,0.335294118,0.309090909,0.185714286,0,0,0,0,0,0,0,0,No Stroke
SYN-02429,0.571428571,1,0.196551724,1,0,0,0,0,0,0,1,0,0.376470588,0.3,0.171428571,0,1,0,1,1,1,0,0,Ischemic
SYN-02504,0.7151150292731667,1,0.3152367390636285,0,1,1,0,0,0,0,1,0,0.3640736805086521,0.2532402130818645,0.2203150321938411,0,0,1,0,0,0,0,0,Ischemic
SYN-01624,0.6107019629681922,1,0.4274581603319982,1,0,0,0,0,0,1,1,0,0.5550724961352487,0.4932122574608527,0.219329090601876,1,1,1,0,0,0,0,1,Ischemic
SYN-00582,0.298701299,1,0.224137931,0,0,0,0,0,0,1,1,0,0.211764706,0.236363636,0.342857143,0,0,0,0,0,0,0,0,No Stroke
SYN-02025,0.532467532,1,0.444827586,0,1,0,0,0,0,0,1,0,0.305882353,0.336363636,0.235714286,0,0,1,0,0,1,1,0,Ischemic
SYN-01583,0.506493506,0,0.331034483,0,0,0,0,0,0,0,1,0,0.264705882,0.263636364,0.228571429,0,0,0,0,0,0,0,0,No Stroke
SYN-03013,0.6346917824461971,1,0.4782621072603439,1,0,0,1,0,0,0,1,0,0.4357819574595442,0.3995975103037592,0.2838758413574325,0,0,1,0,0,0,0,1,Hemorrhagic
SYN-00074,0.597402597,1,0.193103448,0,0,1,0,0,0,0,1,1,0.370588235,0.327272727,0.235714286,0,0,0,0,0,0,0,0,No Stroke
SYN-00049,0.545454545,0,0.275862069,0,0,0,0,0,0,0,1,0,0.247058824,0.336363636,0.2,0,0,0,0,0,0,0,0,No Stroke
SYN-01874,0.558441558,1,0.386206897,1,0,0,0,0,0,0,1,0,0.382352941,0.427272727,0.192857143,1,1,1,0,0,0,1,0,Ischemic
SYN-03289,0.6450154676735069,1,0.5605560088322187,0,0,1,0,1,0,0,1,1,0.3590540901873638,0.3807720572262124,0.1732405426070813,1,1,0,1,0,1,0,1,Hemorrhagic
SYN-00933,0.38961039,0,0.331034483,0,0,0,0,0,0,0,1,0,0.041176471,0.2,0.185714286,0,0,0,0,0,0,0,0,No Stroke
SYN-03196,0.7194466698518449,0,0.3398842154499386,1,0,0,1,0,0,1,1,0,0.461878626223442,0.4503701974529487,0.2383007151223424,1,1,0,0,1,0,1,0,Hemorrhagic
SYN-03134,0.792207792,1,0.2,1,0,1,0,0,1,0,1,0,0.394117647,0.390909091,0.185714286,1,0,0,0,1,0,0,0,Hemorrhagic
SYN-00757,0.337662338,0,0.210344828,0,0,0,0,0,0,0,1,0,0.311764706,0.327272727,0.228571429,0,0,0,0,0,0,0,0,No Stroke
SYN-01069,0.935064935,0,0.172413793,0,0,0,0,0,0,0,1,0,0.370588235,0.409090909,0.142857143,0,0,0,0,0,0,0,0,No Stroke
SYN-02963,0.8615009483189275,1,0.365693413868444,1,0,0,0,0,1,0,1,0,0.3657492880107728,0.3983831357606313,0.2652297090873085,1,0,0,0,1,0,1,1,Hemorrhagic
SYN-02385,0.688311688,0,0.582758621,0,0,0,0,0,0,0,1,0,0.270588235,0.327272727,0.207142857,1,1,1,1,1,1,0,0,Ischemic
SYN-01189,0.402597403,0,0.05862069,0,1,0,0,0,0,1,1,0,0.3,0.154545455,0.178571429,0,0,0,0,0,0,0,0,No Stroke
SYN-02982,0.5416453645059698,0,0.5632013177455686,1,0,0,0,0,0,0,1,0,0.3327294693447855,0.4960192801166225,0.3161959813985674,1,1,0,0,1,0,0,0,Hemorrhagic
SYN-01447,0.285714286,1,0.286206897,0,0,0,0,0,0,1,1,0,0.247058824,0.372727273,0.357142857,0,0,0,0,0,0,0,1,No Stroke
SYN-02751,0.724049987364211,1,0.3521859364329325,1,0,1,0,0,1,0,1,1,0.4815835148390932,0.3931162390848412,0.199818570020883,1,0,1,1,1,0,0,0,Hemorrhagic
SYN-01378,0.558441558,1,0.448275862,0,0,0,0,0,0,0,1,0,0.211764706,0.336363636,0.142857143,0,0,0,0,0,0,1,0,No Stroke
SYN-02692,0.9640055652431,1,0.3670364508600894,0,0,0,0,1,0,1,1,1,0.3350228042734431,0.4004808693842868,0.2493094671979476,0,1,0,0,1,0,0,1,Hemorrhagic
SYN-00573,0.428571429,1,0.179310345,0,0,0,0,0,0,0,1,0,0.294117647,0.390909091,0.35,0,0,0,0,0,0,0,0,No Stroke
SYN-01398,0.38961039,0,0.210344828,0,0,0,0,0,0,1,1,0,0.305882353,0.436363636,0.114285714,0,0,0,0,0,0,0,0,No Stroke
SYN-02869,0.6517532681965322,1,0.5488175725345577,0,0,0,0,0,0,0,1,0,0.3226449211164077,0.3577098573057666,0.3466110476839528,0,1,0,1,0,0,1,1,Hemorrhagic
SYN-02911,0.7981444429516197,0,0.260179045852078,1,0,0,0,0,0,1,1,0,0.552924978692619,0.4148265559909921,0.2070326237134634,1,0,1,0,1,0,0,1,Hemorrhagic
SYN-00922,0.571428571,0,0.355172414,0,0,1,0,0,0,0,1,0,0.288235294,0.381818182,0.378571429,1,0,0,0,0,0,0,1,No Stroke
SYN-02190,0.519480519,0,0.451724138,1,0,0,0,0,0,0,1,0,0.417647059,0.5,0.235714286,1,1,0,0,0,0,0,1,Ischemic
SYN-02283,0.558441558,1,0.444827586,0,0,1,0,0,0,0,1,1,0.435294118,0.363636364,0.228571429,0,1,0,0,1,0,1,0,Ischemic
SYN-01030,0.571428571,1,0.203448276,0,0,1,0,0,0,0,1,0,0.364705882,0.336363636,0.328571429,0,0,0,0,0,0,0,0,No Stroke
SYN-02513,0.857142857,0,0.45862069,1,1,0,0,0,0,0,1,0,0.511764706,0.409090909,0.271428571,1,1,0,0,0,0,1,0,Ischemic
SYN-01399,0.506493506,0,0.244827586,0,0,1,0,0,0,1,1,0,0.158823529,0.263636364,0.135714286,1,0,0,0,0,0,0,0,No Stroke
SYN-02125,0.532467532,1,0.455172414,0,0,0,0,0,0,1,1,0,0.2,0.127272727,0.221428571,1,1,1,0,1,0,0,1,Ischemic
SYN-01072,0.376623377,1,0.344827586,0,0,0,0,0,0,0,1,1,0.229411765,0.336363636,0.192857143,0,0,0,0,0,0,0,0,No Stroke
SYN-03258,0.6472014411224462,1,0.2956965499086836,1,0,0,0,0,0,0,1,0,0.3161667148275645,0.2910330084252268,0.310422729530288,0,1,1,1,1,0,1,1,Hemorrhagic
SYN-02961,0.6751176779017604,0,0.5461190886905051,0,1,1,0,0,0,1,1,0,0.4703573717275506,0.4082056915584265,0.1885854815525872,0,0,0,0,1,0,1,0,Hemorrhagic
SYN-03307,0.4122337354797659,1,0.379824867081928,1,0,0,0,0,0,0,1,0,0.4986127293413183,0.3154668243110561,0.3508539485885197,0,0,1,0,1,1,1,0,Hemorrhagic
SYN-00260,0.298701299,0,0.124137931,0,0,0,0,0,0,0,1,0,0.305882353,0.227272727,0.221428571,0,0,0,0,0,0,0,0,No Stroke
SYN-03341,0.7805473793498141,0,0.193764217921613,1,0,1,0,0,1,0,1,0,0.558942963816052,0.4489688239633614,0.1219709831623505,0,1,0,0,1,1,1,1,Hemorrhagic
SYN-02943,0.5215208019353573,0,0.6536043300239759,0,0,0,0,0,0,0,1,0,0.28771277774821,0.2435185095638579,0.1119020180375986,0,0,1,0,1,0,0,0,Hemorrhagic
SYN-03233,0.857142857,0,0.331034483,1,1,0,0,0,0,0,1,0,0.588235294,0.509090909,0.364285714,1,0,0,0,1,1,1,1,Hemorrhagic
SYN-00813,0.506493506,1,0.137931034,0,0,0,0,0,0,0,1,0,0.258823529,0.318181818,0.342857143,0,0,0,0,0,0,0,0,No Stroke
SYN-02583,0.415584416,1,0.362068966,0,0,0,0,0,0,0,1,0,0.182352941,0.354545455,0.185714286,1,1,0,1,0,0,1,1,Ischemic
SYN-02111,0.727272727,1,0.420689655,1,0,1,0,0,0,1,1,0,0.335294118,0.318181818,0.25,1,0,0,0,0,1,1,0,Ischemic
SYN-01689,0.779220779,0,0.434482759,1,0,0,0,1,0,0,1,0,0.447058824,0.290909091,0.221428571,1,1,1,1,1,0,0,1,Ischemic
SYN-01645,0.805194805,0,0.155172414,1,0,0,0,0,0,0,1,0,0.423529412,0.563636364,0.214285714,1,1,0,1,0,0,0,1,Ischemic
SYN-02814,0.727272727,1,0.331034483,1,0,0,0,0,0,0,1,1,0.464705882,0.436363636,0.235714286,1,0,0,1,0,1,0,0,Hemorrhagic
SYN-02874,0.7597021562239686,1,0.3305405365041037,0,1,0,0,0,0,0,1,1,0.3808128890930221,0.1730036131222183,0.1212237868080943,1,0,1,1,1,0,0,0,Hemorrhagic
SYN-01588,0.584415584,0,0.327586207,0,0,0,0,0,0,1,1,0,0.182352941,0.363636364,0.207142857,0,0,0,0,0,0,0,0,No Stroke
SYN-03254,0.8286292291729912,1,0.276831569874626,1,1,1,0,0,1,0,1,0,0.5912258259380138,0.2238229220907024,0.1457307262748959,1,1,1,0,1,1,1,0,Hemorrhagic
SYN-02355,0.714285714,0,0.324137931,1,0,0,0,0,0,0,1,0,0.411764706,0.409090909,0.25,0,0,1,0,0,0,0,0,Ischemic
SYN-01371,0.519480519,0,0.255172414,0,0,0,0,0,0,1,1,1,0.194117647,0.290909091,0.214285714,0,0,1,0,0,0,0,0,No Stroke
SYN-01259,0.480519481,1,0.362068966,0,0,0,0,0,0,0,1,0,0.129411765,0.309090909,0.178571429,0,0,0,0,0,0,0,0,No Stroke
SYN-03187,0.6539598166793915,0,0.3666621412566668,1,0,0,0,0,0,0,1,0,0.5074483294242104,0.655768575617004,0.1662635894858125,0,1,1,0,0,1,0,0,Hemorrhagic
SYN-03536,0.9046437382312549,0,0.2815636633320633,1,0,1,1,1,0,0,1,0,0.3191762046921859,0.40438026354623513,0.14433160986251786,0,1,1,0,0,1,0,1,Hemorrhagic
SYN-01033,0.597402597,1,0.213793103,0,0,0,0,0,0,0,1,0,0.229411765,0.254545455,0.114285714,0,0,0,0,0,0,0,0,No Stroke
SYN-03427,0.480519481,1,0.465517241,0,1,0,0,0,0,0,1,0,0.464705882,0.245454545,0.2,1,0,1,0,1,1,0,0,Hemorrhagic
SYN-02821,0.9165900853154474,1,0.4219006912311085,0,0,1,0,0,0,1,1,0,0.2346170177322458,0.3350493533591378,0.2249035132467853,1,0,1,0,0,0,1,1,Hemorrhagic
SYN-02604,0.6290709595034355,1,0.5780750210996447,0,0,0,0,0,0,0,1,0,0.34963702640316846,0.2776331484941834,0.22798022450853586,1,0,0,0,1,1,0,0,Ischemic
SYN-02631,0.7442873952058731,1,0.1487027597489434,1,0,1,0,0,1,0,1,0,0.5199654214082873,0.451422456972313,0.1387915582180666,0,1,0,0,1,1,1,1,Hemorrhagic
SYN-00966,0.285714286,1,0.206896552,0,0,0,0,0,0,0,1,0,0.2,0.227272727,0.271428571,0,0,0,0,0,0,0,0,No Stroke
SYN-02904,0.954137259361556,1,0.5429777267505732,1,1,0,0,0,1,0,1,0,0.4653114591242891,0.4642428886424511,0.2482913052909509,1,0,0,0,0,0,1,1,Hemorrhagic
SYN-01850,0.792207792,1,0.079310345,0,0,1,0,0,1,0,1,0,0.323529412,0.327272727,0.342857143,1,1,1,1,0,0,0,1,Ischemic
SYN-03403,0.7625923143588148,0,0.2474452029312299,1,0,0,0,1,0,0,1,0,0.5442467083164805,0.384949349926955,0.1060047434115876,1,0,0,0,1,0,0,0,Hemorrhagic
SYN-02828,0.5152202775691255,1,0.3817914970938547,1,0,0,0,0,0,0,1,0,0.4006655358301519,0.4357461900615517,0.2707655886884957,1,1,1,0,1,0,1,1,Hemorrhagic
SYN-03520,0.6974679269935447,0,0.0,1,0,0,0,0,0,1,1,0,0.4506371506002742,0.474104302707814,0.2445986912667524,0,1,1,0,1,1,1,1,Hemorrhagic
SYN-00109,0.584415584,1,0.293103448,0,0,0,0,0,0,1,1,0,0.329411765,0.345454545,0.185714286,0,0,0,0,0,0,0,0,No Stroke
SYN-01079,0.545454545,1,0.251724138,0,0,0,0,0,0,0,1,0,0.129411765,0.281818182,0.228571429,0,0,0,0,1,1,1,0,No Stroke
SYN-01468,0.454545455,0,0.244827586,0,0,0,0,0,0,0,1,0,0.352941176,0.218181818,0.264285714,0,0,0,0,0,0,0,0,No Stroke
SYN-00906,0.649350649,1,0.4,0,0,0,0,0,0,1,1,0,0.241176471,0.390909091,0.192857143,0,0,0,0,0,1,0,1,No Stroke
SYN-00319,0.350649351,1,0.389655172,0,1,0,0,0,0,0,1,0,0.335294118,0.154545455,0.292857143,0,0,0,0,0,0,0,0,No Stroke
SYN-00817,0.688311688,0,0.455172414,0,0,0,0,0,0,0,1,0,0.441176471,0.4,0.321428571,0,0,0,0,0,0,0,0,No Stroke
SYN-00060,0.584415584,0,0.348275862,0,0,0,0,0,0,0,1,0,0.311764706,0.345454545,0.185714286,0,0,0,0,0,0,0,0,No Stroke
SYN-01615,0.688311688,0,0.593103448,0,0,1,0,0,0,0,1,0,0.258823529,0.263636364,0.264285714,1,1,1,0,1,1,0,1,Ischemic
SYN-01906,0.883116883,1,0.275862069,1,0,0,0,0,0,0,1,0,0.564705882,0.445454545,0.278571429,1,1,1,0,0,0,0,1,Ischemic
SYN-03409,0.6764875042553685,1,0.3348773213633857,1,1,1,0,0,0,0,1,0,0.4838628092607979,0.4709851496679699,0.1333920645358512,1,1,1,0,0,1,1,1,Hemorrhagic
SYN-01860,0.636363636,0,0.431034483,0,1,1,1,0,0,1,1,0,0.264705882,0.190909091,0.328571429,1,0,1,1,1,0,1,1,Ischemic
SYN-03495,0.623376623,0,0.3,1,0,0,0,0,0,1,1,0,0.435294118,0.336363636,0.25,0,1,0,0,1,0,1,1,Hemorrhagic
SYN-00898,0.38961039,1,0.431034483,0,0,0,0,0,0,0,1,0,0.223529412,0.336363636,0.257142857,0,0,0,0,0,0,0,0,No Stroke
SYN-00766,0.675324675,1,0.079310345,0,0,0,0,0,0,0,1,1,0.288235294,0.072727273,0.192857143,0,0,0,0,1,0,0,0,No Stroke
SYN-02852,0.6384548742795048,1,0.4642444663386528,1,0,0,1,0,0,0,1,0,0.4165944262163958,0.3238731070882077,0.2278967909671977,0,0,1,0,0,0,0,1,Hemorrhagic
SYN-02054,0.766233766,0,0.389655172,1,0,0,0,0,0,0,1,0,0.652941176,0.545454545,0.278571429,1,0,0,0,0,0,1,0,Ischemic
SYN-01007,0.467532468,0,0.189655172,0,0,0,0,0,0,0,1,0,0.170588235,0.336363636,0.285714286,0,1,0,0,0,0,0,0,No Stroke
SYN-02868,0.5693005543777658,0,0.4482207402808228,1,1,0,0,0,0,0,1,0,0.3593866666464438,0.2944555831052068,0.2993882738754009,1,0,1,0,0,1,1,0,Hemorrhagic
SYN-03078,0.4818289475659177,1,0.2907207350769676,1,1,0,0,0,0,1,1,0,0.3640654559708491,0.3917513897065716,0.2875414232170549,0,0,1,0,1,0,0,0,Hemorrhagic
SYN-00728,0.428571429,1,0.403448276,0,0,0,0,0,0,0,1,1,0.270588235,0.3,0.228571429,0,0,0,0,0,0,0,0,No Stroke
SYN-01816,0.922077922,0,0.610344828,1,0,1,0,0,0,0,1,1,0.382352941,0.5,0.3,1,1,0,1,0,0,0,0,Ischemic
SYN-03336,0.753246753,0,0.168965517,1,0,0,0,0,0,1,1,0,0.523529412,0.372727273,0.328571429,1,0,0,0,1,0,0,0,Hemorrhagic
SYN-00221,0.480519481,1,0.286206897,0,0,0,0,0,0,1,1,0,0.241176471,0.281818182,0.235714286,0,0,0,0,0,0,0,0,No Stroke
SYN-01704,0.454545455,0,0.544827586,0,0,0,0,0,0,0,1,0,0.294117647,0.327272727,0.207142857,0,0,0,1,1,0,0,0,Ischemic
SYN-00583,0.324675325,0,0.293103448,1,0,0,0,0,0,0,1,0,0.417647059,0.227272727,0.192857143,0,0,0,0,0,1,0,0,No Stroke
SYN-03396,0.6642179042842545,1,0.0245268199672958,1,0,0,0,0,0,0,1,1,0.274108532064861,0.3140270689360834,0.258067047786478,0,1,1,0,0,0,0,0,Hemorrhagic
SYN-01035,0.428571429,0,0.327586207,0,0,0,0,0,0,1,1,0,0.205882353,0.336363636,0.342857143,0,0,0,0,0,0,0,0,No Stroke
SYN-01211,0.350649351,1,0.35862069,1,0,0,0,0,0,0,1,1,0.347058824,0.336363636,0.321428571,0,0,0,0,0,0,0,0,No Stroke
SYN-00057,0.558441558,0,0.203448276,0,0,0,0,0,0,1,1,0,0.294117647,0.336363636,0.178571429,0,0,0,0,0,0,1,0,No Stroke
SYN-00188,0.155844156,0,0.172413793,0,0,0,0,0,0,0,1,0,0.323529412,0.290909091,0.185714286,0,0,0,1,0,0,0,0,No Stroke
SYN-02118,0.779220779,1,0.34137931,1,0,0,0,0,0,0,1,0,0.523529412,0.472727273,0.214285714,0,1,0,0,0,0,0,1,Ischemic
SYN-02074,0.714285714,0,0.35862069,1,0,0,0,0,0,1,1,0,0.382352941,0.372727273,0.2,1,0,0,0,1,0,1,0,Ischemic
SYN-02418,0.493506494,0,0.196551724,1,0,1,0,0,0,1,1,1,0.323529412,0.363636364,0.235714286,1,0,1,0,1,1,0,1,Ischemic
SYN-02184,0.61038961,0,0.475862069,0,0,0,0,1,0,0,1,0,0.3,0.245454545,0.292857143,1,0,0,0,0,0,1,0,Ischemic
SYN-01794,0.74025974,0,0.306896552,0,0,1,0,1,0,0,1,0,0.329411765,0.336363636,0.214285714,0,0,0,0,0,1,0,0,Ischemic
SYN-01214,0.220779221,0,0.206896552,0,0,0,0,0,0,0,1,0,0.105882353,0.290909091,0.264285714,0,0,0,0,0,0,0,0,No Stroke
SYN-00469,0.194805195,0,0.25862069,0,0,0,0,0,0,1,1,0,0.182352941,0.263636364,0.264285714,0,1,0,0,0,0,0,0,No Stroke
SYN-01968,0.584415584,0,0.65862069,0,0,0,0,0,0,0,1,0,0.358823529,0.409090909,0.142857143,1,0,1,1,0,1,0,0,Ischemic
SYN-01433,0.519480519,1,0.24137931,0,0,0,0,0,0,0,1,0,0.258823529,0.3,0.164285714,0,0,0,0,0,0,0,0,No Stroke
SYN-02235,0.454545455,1,0.593103448,0,0,0,0,0,0,0,1,1,0.182352941,0.236363636,0.207142857,1,0,1,1,0,0,0,0,Ischemic
SYN-00227,0.272727273,0,0.331034483,0,0,0,0,0,0,0,1,0,0.147058824,0.227272727,0.135714286,0,0,0,0,0,0,0,0,No Stroke
SYN-00536,0.701298701,0,0.262068966,0,0,0,0,0,0,1,1,0,0.464705882,0.3,0.328571429,0,1,0,0,0,0,0,0,No Stroke
SYN-01285,0.519480519,0,0.006896552,1,0,0,0,0,0,0,1,0,0.494117647,0.554545455,0.185714286,0,0,0,0,0,1,0,0,No Stroke
SYN-02067,0.558441558,1,0.620689655,0,0,1,0,0,0,0,1,0,0.341176471,0.245454545,0.35,1,1,0,0,0,0,0,1,Ischemic
SYN-01212,0.662337662,0,0.375862069,0,0,0,0,0,0,0,1,0,0.182352941,0.363636364,0.114285714,0,0,0,1,0,1,0,0,No Stroke
SYN-02616,0.8279165012866627,1,0.38138198679268165,0,0,1,0,0,1,1,1,0,0.40009920632701174,0.37083839315054934,0.1428197839591281,1,0,1,0,0,1,1,0,Ischemic
SYN-03309,0.6909537883309463,0,0.2258291219024578,1,1,0,0,0,1,0,1,0,0.4854363731442088,0.4147490211340726,0.1785709037267934,0,0,1,1,1,0,0,0,Hemorrhagic
SYN-00698,0.61038961,1,0.35862069,0,0,0,0,0,0,0,1,0,0.370588235,0.290909091,0.314285714,0,0,0,0,0,0,0,0,No Stroke
SYN-01085,0.558441558,0,0.355172414,0,0,0,0,0,0,0,1,0,0.235294118,0.4,0.207142857,0,0,0,0,0,0,0,0,No Stroke
SYN-00211,0.428571429,0,0.272413793,0,0,0,0,0,0,0,1,0,0.270588235,0.363636364,0.207142857,0,0,0,0,0,0,0,0,No Stroke
SYN-02866,0.9779302490199432,1,0.2901880927911324,0,1,0,0,0,0,1,1,0,0.3372748834794524,0.4204470319614242,0.2807410382596073,1,0,0,1,1,1,1,1,Hemorrhagic
SYN-00070,0.376623377,1,0.106896552,0,0,0,0,0,0,0,1,1,0.252941176,0.4,0.271428571,0,0,0,0,0,0,0,0,No Stroke
SYN-00735,0.558441558,1,0.244827586,1,0,0,0,0,0,0,1,0,0.376470588,0.381818182,0.242857143,0,0,0,0,0,0,0,0,No Stroke
SYN-01908,0.779220779,1,0.3,1,0,1,0,0,1,0,1,0,0.452941176,0.4,0.221428571,1,1,1,0,0,0,0,1,Ischemic
SYN-03253,0.6470916555666325,1,0.3230217423090806,1,1,0,0,0,0,0,1,0,0.4281143618058778,0.3550367955073192,0.0981915000197328,0,0,0,0,1,1,1,1,Hemorrhagic
SYN-03136,0.7035531460032789,1,0.2279166193386703,1,0,1,0,0,0,0,1,0,0.4809997716241615,0.4011049278197747,0.1621613154537307,1,1,1,1,0,0,0,0,Hemorrhagic
SYN-00377,0.61038961,0,0.327586207,0,0,0,0,0,0,0,1,0,0.217647059,0.418181818,0.135714286,0,0,0,0,0,0,0,0,No Stroke
SYN-00437,0.181818182,1,0.231034483,0,0,0,0,0,0,0,1,0,0.194117647,0.181818182,0.321428571,0,0,0,0,0,1,0,0,No Stroke
SYN-02407,0.597402597,1,0.486206897,0,0,0,0,0,0,0,1,1,0.117647059,0.354545455,0.3,1,0,0,0,1,1,1,1,Ischemic
SYN-01826,0.883116883,1,0.0,1,0,1,0,0,0,1,1,1,0.388235294,0.418181818,0.142857143,1,1,1,0,0,1,0,0,Ischemic
SYN-02983,0.8179091311349797,0,0.298814965043308,1,1,1,0,0,0,0,1,0,0.5695998913149912,0.4179570137464451,0.175845365698189,0,0,1,0,0,0,0,0,Hemorrhagic
SYN-00209,0.415584416,1,0.331034483,1,0,0,0,0,0,0,1,0,0.423529412,0.545454545,0.207142857,0,0,0,0,0,0,0,0,No Stroke
SYN-02925,0.7196176750257113,0,0.2256556761266806,1,1,0,0,0,1,0,1,0,0.473647209530224,0.3925713815692465,0.1921065568047882,0,0,1,1,1,1,1,0,Hemorrhagic
SYN-00566,0.571428571,0,0.010344828,0,0,0,0,0,0,0,1,0,0.347058824,0.145454545,0.085714286,0,0,0,0,0,0,0,0,No Stroke
SYN-00314,0.168831169,0,0.331034483,0,0,0,0,0,0,0,1,0,0.247058824,0.327272727,0.214285714,0,1,0,0,0,0,0,0,No Stroke
SYN-00602,0.376623377,0,0.165517241,0,0,0,0,0,0,1,1,1,0.364705882,0.272727273,0.078571429,0,0,0,0,0,0,0,0,No Stroke
SYN-00234,0.584415584,0,0.355172414,0,1,0,0,0,0,0,1,0,0.347058824,0.336363636,0.2,0,1,0,0,0,0,0,0,No Stroke
SYN-03104,0.5228902638464966,1,0.432697890594496,1,0,1,0,0,0,0,1,0,0.4135088198357839,0.4156048278554339,0.097600192745158,1,1,1,1,0,1,0,0,Hemorrhagic
SYN-02900,0.662567271591394,0,0.3768800079446776,0,0,0,0,0,0,0,1,0,0.2950027929092531,0.3330731526086742,0.110656591833735,0,0,0,1,1,1,0,0,Hemorrhagic
SYN-01109,0.480519481,0,0.35862069,0,0,0,0,0,0,0,1,0,0.205882353,0.181818182,0.264285714,0,1,0,0,0,0,0,0,No Stroke
SYN-00013,0.155844156,1,0.306896552,0,0,0,0,0,0,0,1,0,0.082352941,0.327272727,0.25,0,0,0,0,0,0,0,0,No Stroke
SYN-00112,0.571428571,1,0.089655172,1,0,0,0,0,0,0,1,0,0.435294118,0.4,0.25,0,0,0,1,0,0,0,0,No Stroke
SYN-02029,0.61038961,0,0.413793103,0,0,0,0,0,0,0,1,0,0.258823529,0.290909091,0.171428571,0,0,0,0,1,0,1,0,Ischemic
SYN-02478,0.883116883,0,0.310344828,1,1,0,0,0,1,0,1,1,0.341176471,0.609090909,0.207142857,0,1,1,0,0,0,0,0,Ischemic
SYN-01979,0.779220779,1,0.231034483,1,0,0,0,0,0,0,1,0,0.435294118,0.327272727,0.257142857,0,1,0,0,1,0,0,1,Ischemic
SYN-01648,0.818181818,1,0.5,0,0,0,0,0,0,1,1,1,0.305882353,0.336363636,0.242857143,1,1,1,1,0,1,0,1,Ischemic
SYN-01573,0.558441558,1,0.306896552,0,0,0,0,0,0,0,1,1,0.3,0.327272727,0.307142857,0,0,0,0,0,0,0,0,No Stroke
SYN-03015,1.0,1,0.331034483,1,0,1,0,0,0,0,1,1,0.423529412,0.4,0.207142857,1,0,0,0,1,0,0,1,Hemorrhagic
SYN-02830,0.5758416054124423,1,0.4002265212874409,1,0,1,0,0,0,0,1,0,0.4623296021476402,0.4157210063395763,0.2494876109456792,0,0,1,1,0,1,1,0,Hemorrhagic
SYN-01499,0.415584416,1,0.106896552,1,0,0,0,0,0,0,1,0,0.341176471,0.427272727,0.114285714,0,0,0,0,0,0,1,0,No Stroke
SYN-00473,0.311688312,1,0.496551724,0,0,0,0,0,0,0,1,0,0.117647059,0.327272727,0.264285714,0,0,0,0,0,0,0,0,No Stroke
SYN-00491,0.441558442,1,0.248275862,1,0,0,0,0,0,0,1,0,0.482352941,0.418181818,0.207142857,0,0,0,0,0,0,0,0,No Stroke
SYN-01799,0.779220779,0,0.306896552,1,0,0,0,0,0,1,1,1,0.347058824,0.481818182,0.235714286,1,1,1,0,0,0,0,1,Ischemic
SYN-03014,0.6348062442494533,1,0.0848340998135599,1,0,1,1,0,0,0,1,0,0.3308307459590435,0.2998558113454304,0.2212101612240709,1,0,0,1,1,0,1,0,Hemorrhagic
SYN-00832,0.727272727,0,0.282758621,0,0,0,0,0,0,0,1,0,0.211764706,0.263636364,0.214285714,0,0,0,0,0,0,0,0,No Stroke
SYN-02795,0.511651670527293,1,0.3603908763456465,1,0,0,0,0,0,0,1,0,0.4032394107201973,0.4024594068125702,0.2797087480151337,1,1,0,0,0,0,1,1,Hemorrhagic
SYN-03260,0.857142857,1,0.275862069,1,0,1,0,1,0,0,1,0,0.529411765,0.454545455,0.235714286,1,0,0,0,1,0,1,0,Hemorrhagic
SYN-03249,0.719915569457743,1,0.4611322481730037,0,0,1,0,0,0,0,1,0,0.4002312699225554,0.2896346943673687,0.2544143425683974,1,1,0,0,1,0,1,0,Hemorrhagic
SYN-01761,0.896103896,1,0.031034483,1,0,1,0,0,0,0,1,1,0.305882353,0.463636364,0.314285714,1,1,1,1,1,1,1,1,Ischemic
SYN-01916,0.454545455,1,0.362068966,1,0,0,0,0,0,0,1,0,0.435294118,0.218181818,0.3,1,0,1,0,0,0,1,1,Ischemic
SYN-01252,0.974025974,1,0.262068966,0,0,0,0,0,0,0,1,0,0.441176471,0.590909091,0.264285714,0,0,0,0,0,0,0,0,No Stroke
SYN-01638,0.597402597,1,0.217241379,1,0,0,0,0,0,0,1,1,0.417647059,0.454545455,0.214285714,0,1,1,1,0,0,0,1,Ischemic
SYN-02403,0.467532468,1,0.417241379,1,0,0,0,0,0,0,1,1,0.394117647,0.372727273,0.271428571,0,1,1,1,1,1,0,1,Ischemic
SYN-01107,0.285714286,1,0.534482759,0,0,0,0,0,0,0,1,1,0.241176471,0.3,0.207142857,0,0,0,0,0,0,0,0,No Stroke
SYN-02231,0.662337662,1,0.572413793,0,0,1,0,0,0,0,1,0,0.423529412,0.254545455,0.35,1,0,1,0,0,1,1,1,Ischemic
SYN-00656,0.623376623,1,0.162068966,0,0,0,0,0,0,0,1,0,0.370588235,0.390909091,0.3,1,0,0,0,0,0,0,0,No Stroke
SYN-01884,0.766233766,0,0.175862069,1,0,1,0,0,0,0,1,0,0.488235294,0.563636364,0.278571429,1,0,1,0,0,0,0,0,Ischemic
SYN-00362,0.571428571,0,0.386206897,0,0,0,0,1,0,1,1,0,0.241176471,0.263636364,0.3,0,0,0,0,0,0,0,0,No Stroke
SYN-00136,0.753246753,1,0.255172414,0,0,0,0,0,0,0,1,0,0.311764706,0.181818182,0.171428571,0,0,0,0,0,0,0,0,No Stroke
SYN-01768,0.8172134714726477,0,0.1614311685368872,1,0,0,0,0,0,0,1,0,0.3823764732244423,0.4972468624043134,0.2030716087992911,0,1,0,0,1,1,0,0,Ischemic
SYN-02593,0.764889202229542,0,0.3666972054454957,0,0,0,0,0,0,0,1,0,0.3595768397783488,0.4016666249739388,0.3131843499955209,1,0,0,1,0,0,0,1,Ischemic
SYN-02916,0.6014380432607207,1,0.1056947051881013,1,0,0,0,0,0,0,1,0,0.4633581147537337,0.4201118636369167,0.2487503614523178,1,0,1,0,1,0,1,0,Hemorrhagic
SYN-02699,0.9702379061327912,1,0.1493843065544063,1,0,0,0,0,0,0,1,0,0.5012836895831683,0.4237193954365269,0.2308309551888497,1,1,1,0,1,0,0,1,Hemorrhagic
SYN-00367,0.623376623,0,0.003448276,0,0,1,0,0,0,0,1,0,0.358823529,0.318181818,0.2,0,0,0,0,0,0,0,0,No Stroke
SYN-03402,0.7420557452213121,1,0.284230595439165,1,0,0,0,0,0,0,1,1,0.5144805539972159,0.4817305197232242,0.2291051436621649,1,0,0,1,0,1,0,0,Hemorrhagic
SYN-02124,0.441558442,1,0.593103448,0,0,1,0,1,0,0,1,0,0.435294118,0.336363636,0.228571429,0,1,0,0,0,0,0,1,Ischemic
SYN-00030,0.493506494,0,0.275862069,1,0,0,0,0,0,0,1,0,0.382352941,0.290909091,0.214285714,0,0,0,0,0,0,0,0,No Stroke
SYN-02981,0.7860371971122104,0,0.2739695601219923,1,1,1,0,0,0,0,1,0,0.5403846073983014,0.4341646597254706,0.2268908850319715,0,0,1,0,0,0,0,0,Hemorrhagic
SYN-00023,0.532467532,0,0.451724138,0,0,0,0,0,0,0,1,0,0.305882353,0.245454545,0.228571429,0,0,0,0,0,1,1,0,No Stroke
SYN-03201,0.7007109270640526,1,0.2467197704034071,1,0,0,0,0,0,1,1,0,0.3760144587402515,0.254043091290605,0.309801528930143,1,1,0,0,1,0,0,0,Hemorrhagic
SYN-03487,0.4897436285780444,0,0.6526392358644317,0,0,0,0,0,0,0,1,0,0.264518389524247,0.2403119697208673,0.0931893371198915,0,0,1,0,1,0,0,0,Hemorrhagic
SYN-01335,0.584415584,1,0.179310345,1,0,0,0,0,0,0,1,0,0.347058824,0.463636364,0.278571429,0,0,0,0,0,0,0,0,No Stroke
SYN-01622,0.506493506,1,0.448275862,1,0,0,0,0,0,0,1,0,0.335294118,0.227272727,0.235714286,0,0,0,0,0,1,0,1,Ischemic
SYN-00696,0.61038961,0,0.251724138,0,0,0,0,0,0,0,1,0,0.282352941,0.381818182,0.221428571,0,0,0,0,0,0,1,0,No Stroke
SYN-02621,0.9614506440040207,1,0.40655085438577104,1,0,1,0,0,0,0,1,0,0.42181042169577565,0.3727685100997064,0.1573792761064287,1,0,1,1,0,1,1,0,Ischemic
SYN-00701,0.506493506,1,0.179310345,0,0,1,0,0,0,0,1,1,0.305882353,0.245454545,0.271428571,0,0,0,0,0,0,0,0,No Stroke
SYN-00421,0.558441558,1,0.327586207,0,0,0,0,0,0,1,1,0,0.3,0.254545455,0.071428571,0,0,0,0,0,1,0,0,No Stroke
SYN-00683,0.207792208,0,0.520689655,0,0,0,0,0,0,1,1,0,0.176470588,0.390909091,0.171428571,0,0,0,0,0,0,0,0,No Stroke
SYN-03395,0.6158465671779405,1,0.2905788012620401,0,1,0,0,1,0,0,1,1,0.3888425817433368,0.4971268050024612,0.1921643541829101,1,0,1,0,1,1,1,1,Hemorrhagic
SYN-00461,0.558441558,1,0.462068966,0,0,0,0,0,0,0,1,0,0.282352941,0.218181818,0.2,0,0,0,0,0,1,1,0,No Stroke
SYN-00044,0.311688312,1,0.062068966,0,0,0,0,0,0,0,1,1,0.058823529,0.354545455,0.264285714,0,0,0,0,0,0,0,0,No Stroke
SYN-00088,0.363636364,1,0.331034483,0,0,0,0,0,0,0,1,1,0.170588235,0.327272727,0.242857143,0,0,1,0,1,1,0,0,No Stroke
SYN-02949,0.8071866234816891,0,0.3177485562374336,1,0,0,0,0,0,0,1,0,0.5539614459043593,0.3868762933810759,0.1618143278294649,1,1,0,0,0,1,0,1,Hemorrhagic
SYN-03431,0.5575871270765785,0,0.5737939431689679,0,0,1,0,0,0,0,1,0,0.2550815913021206,0.2902483421314826,0.2800454497598587,0,0,1,1,1,1,0,0,Hemorrhagic
SYN-02453,0.701298701,1,0.617241379,0,1,0,1,0,1,0,1,0,0.288235294,0.327272727,0.178571429,0,1,1,0,0,0,1,1,Ischemic
SYN-00562,0.25974026,0,0.362068966,0,0,0,0,0,0,0,1,0,0.135294118,0.290909091,0.228571429,0,0,0,1,0,0,0,0,No Stroke
SYN-00283,0.506493506,1,0.262068966,0,0,1,0,0,0,1,1,0,0.241176471,0.436363636,0.271428571,0,0,0,0,0,0,0,0,No Stroke
SYN-02016,1.0,1,0.544827586,1,0,0,0,0,0,1,1,0,0.558823529,0.518181818,0.192857143,0,1,1,0,0,1,0,1,Ischemic
SYN-02237,0.649350649,1,0.5,0,0,0,0,0,0,0,1,0,0.341176471,0.336363636,0.271428571,0,0,0,0,0,1,1,0,Ischemic
SYN-02460,0.662337662,1,0.251724138,0,1,1,0,0,0,0,1,0,0.335294118,0.454545455,0.242857143,1,0,1,0,1,0,0,0,Ischemic
SYN-03404,1.0,0,0.3839603542963325,1,0,0,0,0,0,0,1,0,0.6059968195597437,0.3910218458799602,0.3429678986014689,0,0,1,1,1,0,1,0,Hemorrhagic
SYN-03298,0.5309914765673736,0,0.426654462026746,0,1,0,0,0,0,0,1,0,0.3530622144003049,0.3585345311817438,0.2899340172895057,0,0,1,1,1,0,1,1,Hemorrhagic
SYN-00466,0.623376623,1,0.334482759,0,0,0,0,0,0,0,1,0,0.205882353,0.309090909,0.142857143,0,0,0,0,0,1,0,0,No Stroke
SYN-01042,0.402597403,0,0.386206897,0,0,0,0,0,0,1,1,0,0.335294118,0.090909091,0.257142857,0,0,0,0,0,0,0,0,No Stroke
SYN-01594,0.220779221,1,0.448275862,0,0,0,0,0,0,0,1,0,0.217647059,0.281818182,0.114285714,0,0,0,0,1,0,0,0,No Stroke
SYN-00860,0.519480519,0,0.203448276,0,1,0,0,0,0,0,1,0,0.311764706,0.4,0.321428571,0,0,0,0,0,0,0,0,No Stroke
SYN-00534,0.506493506,1,0.355172414,0,0,0,0,0,0,0,1,0,0.211764706,0.327272727,0.321428571,0,0,0,0,0,0,0,0,No Stroke
SYN-03473,0.805194805,1,0.255172414,1,1,1,0,0,1,0,1,0,0.594117647,0.236363636,0.178571429,1,1,1,0,1,1,1,0,Hemorrhagic
SYN-02923,0.922077922,0,0.313793103,0,0,1,1,0,0,0,1,0,0.352941176,0.427272727,0.171428571,0,1,1,0,0,1,0,1,Hemorrhagic
SYN-01296,0.376623377,1,0.244827586,0,0,0,0,0,0,0,1,0,0.311764706,0.327272727,0.292857143,0,0,0,0,0,0,0,0,No Stroke
SYN-03119,0.8418903853485722,0,0.3500507298856237,0,0,1,0,0,0,0,1,0,0.3792827997362324,0.4264860219244196,0.1287439476518557,0,0,1,1,0,0,0,1,Hemorrhagic
SYN-02808,0.8080397941335073,0,0.460635884390513,1,0,0,0,0,0,0,1,0,0.408986548731448,0.4733154084779091,0.2588890778912581,1,0,0,0,1,1,0,0,Hemorrhagic
SYN-02853,0.7322618348519246,1,0.3750782014830874,0,0,1,0,0,0,0,1,0,0.2358722330448379,0.2684039451790018,0.2927385266742771,0,0,0,1,1,0,0,0,Hemorrhagic
SYN-01484,0.636363636,0,0.337931034,0,1,0,0,0,0,0,1,0,0.323529412,0.327272727,0.264285714,0,0,0,0,0,0,0,0,No Stroke
SYN-02530,0.493506494,0,0.355172414,0,0,1,0,0,0,0,1,0,0.382352941,0.236363636,0.185714286,0,0,0,0,0,0,0,0,Ischemic
SYN-03539,0.6208371509801817,1,0.07747830748117535,1,0,0,0,0,0,0,1,0,0.4669024276577242,0.4249236726499157,0.2460766524232509,1,0,1,0,1,0,1,0,Hemorrhagic
SYN-03534,0.8244904433746864,1,0.2499627456921255,1,1,1,0,0,1,0,1,0,0.6054562850595956,0.22260707062642693,0.17043170927533113,1,1,1,0,1,1,1,0,Hemorrhagic
SYN-03392,0.6895357826398654,1,0.5551791666022045,0,0,1,0,1,0,0,1,1,0.3965154857475111,0.3660015108934835,0.1927252386298885,1,1,0,1,0,1,0,1,Hemorrhagic
SYN-03350,0.763617172665963,0,0.0,1,0,0,0,0,0,1,1,0,0.4669730423972861,0.4575204324863944,0.220961524696064,0,1,1,0,1,1,1,1,Hemorrhagic
SYN-01337,0.168831169,1,0.15862069,0,0,0,0,0,0,0,1,0,0.064705882,0.345454545,0.257142857,0,0,0,0,0,0,0,0,No Stroke
SYN-00904,0.467532468,0,0.486206897,0,0,0,0,0,0,0,1,0,0.205882353,0.281818182,0.25,0,0,0,0,0,0,0,0,No Stroke
SYN-00638,0.051948052,0,0.168965517,0,0,0,0,0,0,0,1,0,0.094117647,0.409090909,0.314285714,0,0,0,0,0,0,0,1,No Stroke
SYN-03165,0.721994769040339,0,0.4298275080381489,0,0,0,0,0,1,0,1,0,0.2554353335551588,0.305608188718607,0.3002829470164525,1,0,0,0,1,0,0,0,Hemorrhagic
SYN-01114,0.402597403,0,0.489655172,0,0,0,0,0,0,1,1,0,0.076470588,0.327272727,0.157142857,0,0,0,0,0,0,0,0,No Stroke
SYN-01923,0.7169384608491834,1,0.2998938883057812,1,0,0,0,0,0,0,1,1,0.5843602263541046,0.1598414150037923,0.3191088944080058,0,1,0,1,1,0,1,0,Ischemic
SYN-01675,0.792207792,1,0.437931034,0,1,0,0,0,0,0,1,0,0.270588235,0.381818182,0.3,1,0,1,0,0,0,0,1,Ischemic
SYN-00943,0.0,1,0.506896552,0,0,0,0,0,0,0,1,1,0.3,0.309090909,0.121428571,0,0,0,0,0,0,0,0,No Stroke
SYN-02624,0.535295128939841,0,0.49062445945362354,1,0,0,0,0,0,0,1,0,0.4916017963831928,0.32828917908446864,0.24350915015151997,0,1,1,1,0,0,1,1,Ischemic
SYN-03447,0.9674721404716288,1,0.4218692267927333,1,0,0,0,0,0,0,1,0,0.4090977759349085,0.3727401087577547,0.2241400852867831,1,1,0,0,0,0,0,0,Hemorrhagic
SYN-01129,0.532467532,1,0.465517241,0,0,0,0,0,0,0,1,0,0.305882353,0.263636364,0.15,0,0,0,0,0,0,0,0,No Stroke
SYN-02420,0.727272727,1,0.431034483,0,1,0,0,0,0,0,1,0,0.323529412,0.290909091,0.264285714,1,0,1,0,0,0,1,1,Ischemic
SYN-01361,0.480519481,1,0.482758621,0,0,0,0,0,0,0,1,1,0.341176471,0.136363636,0.171428571,0,0,0,0,0,0,0,0,No Stroke
SYN-00222,0.480519481,0,0.282758621,0,0,0,0,0,0,0,1,0,0.335294118,0.336363636,0.257142857,0,1,0,0,1,0,0,0,No Stroke
SYN-00544,0.285714286,1,0.15862069,0,0,0,0,0,0,0,1,0,0.217647059,0.154545455,0.207142857,0,0,0,0,0,0,0,0,No Stroke
SYN-01739,0.662337662,1,0.45862069,0,1,0,0,0,0,0,1,0,0.458823529,0.3,0.235714286,0,1,1,0,0,0,1,0,Ischemic
SYN-03088,0.6423982416753022,0,0.370979318404417,1,0,0,0,0,0,0,1,0,0.4633189501628308,0.6333962614550666,0.136889091661773,0,1,1,0,0,1,0,0,Hemorrhagic
SYN-01205,0.649350649,1,0.410344828,0,0,0,0,0,0,0,1,0,0.488235294,0.236363636,0.214285714,0,0,0,0,1,0,0,0,No Stroke
SYN-00888,0.558441558,0,0.234482759,0,0,0,0,0,0,1,1,0,0.305882353,0.345454545,0.178571429,0,0,1,0,0,0,0,0,No Stroke
SYN-02601,0.766233766,1,0.313793103,1,0,0,0,0,0,0,1,0,0.452941176,0.481818182,0.25,1,0,1,0,0,0,0,1,Ischemic
SYN-00686,0.636363636,1,0.206896552,0,0,0,0,0,0,1,1,0,0.423529412,0.354545455,0.164285714,0,0,0,0,0,0,1,0,No Stroke
SYN-02132,0.12987013,1,0.151724138,0,0,0,0,0,0,0,1,0,0.164705882,0.127272727,0.107142857,0,0,0,0,1,1,0,0,Ischemic
SYN-00790,0.597402597,0,0.268965517,0,0,0,0,0,0,0,1,0,0.235294118,0.327272727,0.164285714,0,0,0,0,0,0,0,0,No Stroke
SYN-03242,0.9154179951201872,0,0.3027088560118218,0,0,1,1,0,0,0,1,0,0.3461221248082239,0.4415826047007338,0.1621439049703143,0,1,1,0,0,1,0,1,Hemorrhagic
SYN-03224,0.7879867273699259,1,0.1392533604224755,1,0,0,0,0,0,0,1,0,0.5881848637515626,0.4484423857061845,0.1587611100531439,1,1,1,0,0,0,1,0,Hemorrhagic
SYN-02282,0.506493506,0,0.279310345,1,1,0,0,0,0,1,1,0,0.317647059,0.418181818,0.214285714,1,0,1,0,0,0,1,0,Ischemic
SYN-02761,0.3925730220937675,1,0.4800388071061588,1,0,0,0,0,0,1,1,1,0.5178261891301134,0.3253004743615292,0.1505724514341695,1,1,0,1,1,1,0,0,Hemorrhagic
SYN-01124,0.623376623,0,0.389655172,0,0,1,0,0,0,0,1,0,0.282352941,0.463636364,0.214285714,0,0,0,0,0,0,0,0,No Stroke
SYN-03545,0.6944305549816645,0,0.4226075904969883,1,1,1,0,0,1,0,1,0,0.5147687436723588,0.4928806201802286,0.1197505450806436,0,1,1,0,0,0,1,1,Hemorrhagic
SYN-00273,0.428571429,1,0.262068966,0,0,1,0,0,0,0,1,0,0.164705882,0.263636364,0.357142857,0,0,0,0,0,0,0,0,No Stroke
SYN-02219,0.558441558,1,0.572413793,0,1,1,0,0,0,0,1,0,0.364705882,0.327272727,0.185714286,0,1,0,0,0,0,0,1,Ischemic
SYN-00522,0.285714286,1,0.24137931,0,1,0,0,0,0,0,1,0,0.258823529,0.2,0.221428571,0,0,0,0,0,0,1,0,No Stroke
SYN-00523,0.480519481,1,0.151724138,0,0,0,0,0,0,1,1,0,0.258823529,0.272727273,0.292857143,0,0,0,0,0,0,0,0,No Stroke
SYN-01557,0.662337662,0,0.406896552,0,0,0,0,0,0,0,1,0,0.247058824,0.236363636,0.278571429,0,0,0,1,0,0,0,0,No Stroke
SYN-00351,0.493506494,0,0.35862069,0,0,0,0,0,0,0,1,1,0.211764706,0.318181818,0.235714286,0,0,0,0,0,0,0,0,No Stroke
SYN-02516,1.0,0,0.244827586,0,0,0,0,0,0,0,1,0,0.417647059,0.272727273,0.2,0,1,0,0,0,1,1,0,Ischemic
SYN-01515,0.415584416,0,0.289655172,0,0,1,0,0,0,0,1,0,0.341176471,0.372727273,0.242857143,1,0,0,0,0,0,0,0,No Stroke
SYN-03407,0.5439144376742462,1,0.3136425050120829,0,1,0,0,1,0,0,1,1,0.4127629551060177,0.452785426881935,0.2109743160104546,1,0,1,0,1,0,1,1,Hemorrhagic
SYN-02368,0.506493506,1,0.679310345,0,0,0,0,0,0,1,1,0,0.258823529,0.209090909,0.192857143,0,0,0,0,0,1,1,1,Ischemic
SYN-00652,0.532467532,1,0.368965517,0,0,1,0,0,0,1,1,0,0.247058824,0.2,0.3,0,0,0,0,0,0,0,0,No Stroke
SYN-01172,0.428571429,1,0.434482759,0,0,0,0,0,0,0,1,0,0.1,0.236363636,0.335714286,0,0,0,0,0,0,0,0,No Stroke
SYN-03090,0.7705165342290831,1,0.4447931105351222,0,1,0,0,0,0,0,1,1,0.4097517264239953,0.4057364118611166,0.1583424049379961,1,1,0,0,0,1,1,0,Hemorrhagic
SYN-03322,0.649350649,0,0.386206897,1,0,0,0,0,0,0,1,0,0.5,0.654545455,0.171428571,0,1,1,0,0,1,0,0,Hemorrhagic
SYN-03227,0.8184962805587959,1,0.2857051939828599,1,0,0,0,0,0,1,1,1,0.4231643060215887,0.4679452751231306,0.166985060618165,1,0,1,0,0,1,1,0,Hemorrhagic
SYN-02252,0.675324675,1,0.310344828,1,0,0,0,0,0,0,1,1,0.429411765,0.336363636,0.242857143,1,1,1,0,0,1,0,0,Ischemic
SYN-02259,0.701298701,0,0.25862069,1,0,1,0,0,0,1,1,0,0.470588235,0.490909091,0.15,1,1,0,0,0,0,0,0,Ischemic
SYN-03513,0.9926920569596868,1,0.4777117636331991,1,1,0,0,0,1,0,1,0,0.4697757236581204,0.5072561353097499,0.2881575799996609,1,0,0,0,0,0,1,1,Hemorrhagic
SYN-00169,0.350649351,0,0.44137931,0,0,0,0,0,0,0,1,0,0.441176471,0.327272727,0.228571429,0,0,0,0,0,0,0,0,No Stroke
SYN-03327,0.4814478846419388,1,0.3455102163412661,0,0,1,0,1,0,0,1,0,0.2797845586352633,0.2974679641641599,0.1750344494986727,1,1,1,0,0,1,1,1,Hemorrhagic
SYN-00963,0.701298701,1,0.327586207,0,0,0,0,0,0,1,1,0,0.376470588,0.345454545,0.292857143,0,0,0,0,0,0,0,0,No Stroke
SYN-00946,0.402597403,0,0.224137931,0,0,0,0,0,0,0,1,1,0.117647059,0.354545455,0.221428571,0,0,0,0,0,1,0,0,No Stroke
SYN-00463,0.662337662,0,0.162068966,0,0,0,0,0,0,0,1,0,0.211764706,0.209090909,0.285714286,0,0,0,0,0,0,0,0,No Stroke
SYN-01476,0.558441558,1,0.182758621,0,0,0,0,0,0,0,1,1,0.229411765,0.409090909,0.242857143,0,0,0,0,0,1,0,0,No Stroke
SYN-00329,0.337662338,1,0.106896552,0,0,0,0,0,0,0,1,1,0.294117647,0.181818182,0.235714286,0,0,0,0,0,0,0,0,No Stroke
SYN-02060,0.571428571,1,0.396551724,0,0,0,0,0,0,0,1,1,0.317647059,0.445454545,0.15,1,1,1,0,0,0,0,0,Ischemic
SYN-02010,0.818181818,1,0.172413793,1,1,0,0,1,0,0,1,0,0.541176471,0.372727273,0.321428571,1,0,1,1,1,0,0,1,Ischemic
SYN-00368,0.558441558,1,0.124137931,1,0,0,0,0,0,1,1,0,0.447058824,0.390909091,0.335714286,0,0,0,0,0,0,0,0,No Stroke
SYN-03098,0.5140679818855318,1,0.0,1,0,1,0,1,0,0,1,0,0.3776530675479195,0.4655404946986041,0.2569012222173826,0,1,0,1,0,0,0,1,Hemorrhagic
SYN-02719,0.584415584,1,0.472413793,0,0,0,0,0,0,0,1,0,0.152941176,0.190909091,0.135714286,1,1,1,1,1,0,0,0,Hemorrhagic
SYN-01881,0.766233766,0,0.331034483,0,1,1,0,0,0,0,1,0,0.335294118,0.390909091,0.171428571,0,0,1,1,0,0,0,0,Ischemic
SYN-03338,0.558441558,1,0.534482759,1,0,0,0,0,0,0,1,0,0.335294118,0.445454545,0.307142857,1,1,0,0,1,0,0,0,Hemorrhagic
SYN-00773,0.168831169,0,0.113793103,0,0,0,0,0,0,1,1,0,0.141176471,0.345454545,0.164285714,0,0,0,1,0,1,0,0,No Stroke
SYN-02286,0.935064935,0,0.437931034,0,0,0,0,0,0,0,1,0,0.511764706,0.436363636,0.157142857,1,1,1,1,1,0,0,0,Ischemic
SYN-03210,0.7035802418949049,1,0.5693403338055162,1,0,1,0,0,0,1,1,0,0.518655625558227,0.4254329767202829,0.3128877348798743,0,1,0,0,0,1,0,1,Hemorrhagic
SYN-03523,0.8517142666730921,0,0.1958683007494391,1,0,0,0,0,1,0,1,0,0.4349357678872022,0.4218837613868775,0.3011654166531902,0,1,1,1,0,1,0,1,Hemorrhagic
SYN-00499,0.701298701,1,0.186206897,0,0,0,0,0,0,0,1,0,0.305882353,0.3,0.235714286,0,0,0,0,1,0,0,0,No Stroke
SYN-01610,0.779220779,0,0.368965517,1,0,1,0,0,0,0,1,0,0.364705882,0.445454545,0.321428571,1,1,1,0,0,1,0,1,Ischemic
SYN-00436,0.428571429,0,0.465517241,0,0,0,0,0,0,0,1,0,0.094117647,0.218181818,0.271428571,0,0,0,0,0,0,0,0,No Stroke
SYN-00366,0.545454545,0,0.351724138,1,0,0,0,0,0,0,1,0,0.335294118,0.427272727,0.235714286,0,0,0,0,0,0,0,0,No Stroke
SYN-02680,0.9487790057259226,0,0.3335671593788316,0,0,1,0,0,0,1,1,0,0.3886615867835362,0.3135714790917941,0.1760349515601138,1,0,1,1,0,0,1,0,Hemorrhagic
SYN-00277,0.597402597,1,0.120689655,0,0,0,0,0,0,0,1,0,0.270588235,0.381818182,0.207142857,0,0,0,0,0,0,0,0,No Stroke
SYN-02381,0.649350649,0,0.413793103,1,1,0,0,0,0,0,1,0,0.4,0.436363636,0.171428571,0,1,1,0,0,0,1,0,Ischemic
SYN-02634,0.4739000312771205,0,0.4745806358726909,1,1,0,1,0,0,0,1,0,0.3812791404719936,0.3081920843679823,0.2913422041759601,1,0,1,0,0,1,1,0,Hemorrhagic
SYN-01377,0.623376623,1,0.327586207,0,0,0,0,0,0,0,1,0,0.258823529,0.427272727,0.185714286,0,0,0,0,0,0,1,0,No Stroke
SYN-00408,0.519480519,0,0.213793103,0,0,0,0,0,0,0,1,0,0.329411765,0.381818182,0.235714286,0,0,0,0,0,0,0,0,No Stroke
SYN-03308,0.8193578635698491,0,0.3095271980283154,1,0,0,0,1,0,1,1,0,0.4253511179457123,0.3647304504189951,0.2252273627767668,0,1,1,0,1,1,0,1,Hemorrhagic
SYN-02120,0.662337662,1,0.331034483,0,0,0,0,0,0,1,1,0,0.323529412,0.281818182,0.264285714,0,0,0,1,0,1,0,0,Ischemic
SYN-00845,0.441558442,0,0.472413793,0,0,0,0,0,0,1,1,0,0.288235294,0.363636364,0.3,0,0,0,0,0,1,0,0,No Stroke
SYN-01555,0.194805195,1,0.375862069,0,0,0,0,0,0,0,1,0,0.170588235,0.209090909,0.214285714,0,0,0,0,0,0,0,0,No Stroke
SYN-03463,0.675324675,1,0.555172414,0,0,1,0,1,0,0,1,1,0.376470588,0.372727273,0.221428571,1,1,0,1,0,1,0,1,Hemorrhagic
SYN-01745,0.467532468,1,0.520689655,0,0,0,0,0,0,0,1,0,0.3,0.254545455,0.342857143,1,1,1,0,0,1,0,0,Ischemic
SYN-01958,0.896103896,1,0.275862069,1,1,1,0,0,0,0,1,1,0.588235294,0.363636364,0.278571429,1,1,0,1,0,0,1,1,Ischemic
SYN-01663,0.909090909,1,0.203448276,1,0,0,0,0,0,0,1,0,0.452941176,0.263636364,0.271428571,1,0,0,0,1,1,0,0,Ischemic
SYN-01367,0.779220779,0,0.379310345,0,0,0,0,0,0,1,1,0,0.405882353,0.345454545,0.2,0,0,0,0,0,0,0,0,No Stroke
SYN-01408,0.272727273,1,0.334482759,0,0,0,0,0,0,1,1,0,0.258823529,0.227272727,0.3,0,0,0,0,0,0,0,1,No Stroke
SYN-02005,0.428571429,0,0.3,0,0,0,0,0,0,0,1,1,0.241176471,0.427272727,0.235714286,1,1,1,0,0,1,1,1,Ischemic
SYN-02501,0.818181818,1,0.462068966,0,0,1,0,0,0,1,1,0,0.394117647,0.372727273,0.257142857,0,1,0,1,0,1,0,1,Ischemic
SYN-01948,0.61038961,1,0.396551724,1,0,0,0,0,1,0,1,0,0.405882353,0.418181818,0.2,0,0,1,0,0,0,1,0,Ischemic
SYN-00945,0.402597403,1,0.051724138,0,1,0,0,0,0,0,1,0,0.217647059,0.245454545,0.285714286,0,0,0,0,0,1,0,1,No Stroke
SYN-00200,0.519480519,1,0.303448276,0,0,0,0,0,0,0,1,1,0.188235294,0.327272727,0.3,0,0,0,0,0,0,0,0,No Stroke
SYN-01393,0.636363636,0,0.131034483,0,0,1,0,0,0,1,1,0,0.429411765,0.481818182,0.107142857,1,0,0,0,0,0,0,0,No Stroke
SYN-02324,0.727272727,1,0.303448276,0,1,1,0,0,0,0,1,0,0.305882353,0.272727273,0.2,0,0,1,0,0,0,0,0,Ischemic
SYN-00802,0.584415584,0,0.331034483,1,0,0,0,0,0,0,1,0,0.352941176,0.345454545,0.257142857,0,0,0,0,0,0,0,0,No Stroke
SYN-02358,0.636363636,1,0.210344828,1,0,0,0,0,0,1,1,0,0.523529412,0.345454545,0.264285714,1,1,1,0,0,1,0,0,Ischemic
SYN-03257,0.7474605830577802,0,0.149202155756927,1,0,0,0,0,0,1,1,0,0.5430527014527298,0.3605493777400593,0.3553690029045664,1,0,0,0,1,0,0,0,Hemorrhagic
SYN-01437,0.467532468,1,0.213793103,0,0,0,0,0,0,0,1,1,0.188235294,0.4,0.25,0,0,0,0,1,0,0,0,No Stroke
SYN-00232,0.506493506,0,0.375862069,0,0,0,0,0,0,0,1,0,0.211764706,0.345454545,0.242857143,0,0,0,0,0,0,0,0,No Stroke
SYN-02021,0.727272727,1,0.403448276,1,0,0,0,1,0,0,1,0,0.458823529,0.4,0.235714286,1,1,1,1,0,1,1,0,Ischemic
SYN-01883,0.792207792,1,0.386206897,0,0,0,1,1,0,0,1,1,0.211764706,0.4,0.25,1,0,0,0,0,1,0,0,Ischemic
SYN-01953,0.61038961,1,0.4,1,1,1,0,0,0,0,1,0,0.452941176,0.345454545,0.264285714,1,1,1,0,0,0,0,1,Ischemic
SYN-02397,0.506493506,0,0.513793103,0,0,1,0,0,0,0,1,0,0.364705882,0.327272727,0.221428571,0,0,1,0,0,0,0,1,Ischemic
SYN-01553,0.402597403,0,0.417241379,0,0,0,0,0,0,0,1,0,0.1,0.336363636,0.514285714,0,0,0,0,0,1,0,1,No Stroke
SYN-01323,0.220779221,1,0.189655172,0,0,0,0,0,0,0,1,0,0.117647059,0.272727273,0.135714286,0,1,0,0,0,0,0,1,No Stroke
SYN-03423,0.8433659145504893,1,0.2215076775437513,1,0,1,0,0,0,1,1,0,0.5808450846721562,0.4970429647143104,0.1161166184141407,0,1,1,1,1,1,1,0,Hemorrhagic
SYN-02011,0.675324675,0,0.244827586,1,0,1,0,0,0,0,1,0,0.458823529,0.4,0.135714286,1,0,0,1,0,1,0,0,Ischemic
SYN-01978,0.636363636,0,0.344827586,1,1,0,0,0,0,0,1,0,0.288235294,0.381818182,0.314285714,1,0,1,0,0,0,1,0,Ischemic
SYN-00105,0.532467532,1,0.368965517,0,0,0,0,0,0,0,1,1,0.194117647,0.263636364,0.114285714,1,0,0,0,0,0,0,0,No Stroke
SYN-02664,0.8138955722128052,1,0.2666286963680969,0,0,1,0,0,0,0,1,0,0.3984550593546321,0.250492092333902,0.2625050819972268,1,1,1,1,1,0,0,1,Hemorrhagic
SYN-01503,0.428571429,0,0.182758621,0,0,0,0,0,0,0,1,0,0.188235294,0.172727273,0.185714286,0,0,0,0,0,0,0,0,No Stroke
SYN-01117,0.415584416,1,0.348275862,0,0,0,0,0,0,0,1,1,0.211764706,0.390909091,0.157142857,0,0,0,0,0,0,0,0,No Stroke
SYN-01827,0.636363636,1,0.275862069,1,0,0,0,0,0,0,1,1,0.441176471,0.4,0.264285714,0,1,0,0,0,1,1,0,Ischemic
SYN-01841,0.454545455,1,0.472413793,1,0,0,0,0,0,0,1,0,0.476470588,0.336363636,0.307142857,1,0,0,0,0,0,1,0,Ischemic
SYN-02234,0.675324675,1,0.444827586,1,0,0,0,0,0,0,1,1,0.4,0.490909091,0.185714286,1,1,0,0,0,0,1,0,Ischemic
SYN-01235,0.415584416,1,0.293103448,0,0,0,0,0,0,1,1,0,0.288235294,0.336363636,0.171428571,0,0,0,0,0,0,0,0,No Stroke
SYN-02742,0.4832854027302743,0,0.598901970412474,0,0,0,0,0,0,0,1,0,0.3006569696951079,0.2743483278911378,0.0766575154332336,0,0,1,0,1,0,0,0,Hemorrhagic
SYN-02164,0.480519481,0,0.503448276,0,0,1,0,0,0,1,1,1,0.258823529,0.254545455,0.214285714,1,0,1,0,0,0,0,0,Ischemic
SYN-01443,0.493506494,0,0.320689655,0,0,0,0,1,0,1,1,0,0.105882353,0.290909091,0.178571429,0,0,0,0,0,0,0,0,No Stroke
SYN-01469,0.077922078,1,0.168965517,0,0,0,0,0,0,1,1,0,0.305882353,0.272727273,0.228571429,0,0,0,0,0,0,0,0,No Stroke
SYN-02175,0.805194805,1,0.344827586,0,0,1,0,0,0,0,1,0,0.423529412,0.418181818,0.3,0,1,1,0,0,0,0,1,Ischemic
SYN-02585,0.818181818,0,0.162068966,1,0,1,0,0,0,0,1,0,0.429411765,0.3,0.264285714,0,0,0,0,0,0,1,1,Ischemic
SYN-03499,0.7548703301887686,0,0.3360863669326071,1,0,0,0,0,0,0,1,1,0.4931277700628286,0.3189711710570346,0.0191973624057048,1,0,1,1,1,0,0,1,Hemorrhagic
SYN-02260,0.597402597,1,0.134482759,1,0,0,0,0,0,0,1,0,0.311764706,0.481818182,0.235714286,1,0,1,1,0,0,0,0,Ischemic
SYN-03166,0.8523626930520257,1,0.4207766493340006,1,0,0,0,0,0,0,0,0,0.612091054141886,0.3587934964508266,0.2708853733165479,1,0,0,1,1,1,0,0,Hemorrhagic
SYN-03016,0.5531970187323072,1,0.2548713089829936,0,0,1,0,0,0,1,1,1,0.2079306141374899,0.3297617367502035,0.2989264729260814,1,0,1,0,1,1,0,1,Hemorrhagic
SYN-00995,0.090909091,0,0.275862069,0,0,0,0,0,0,0,1,0,0.188235294,0.290909091,0.242857143,0,0,0,0,0,0,0,0,No Stroke
SYN-00465,0.532467532,0,0.148275862,0,0,1,0,0,0,0,1,0,0.358823529,0.354545455,0.228571429,0,0,0,0,0,0,0,0,No Stroke
SYN-03212,0.4139965819083983,1,0.6843043024131131,0,0,0,0,0,0,0,1,0,0.3494243842028295,0.4566400627800594,0.2841433542231575,1,1,0,0,0,1,0,0,Hemorrhagic
SYN-02729,0.9876467656561796,1,0.2957783123568719,0,0,0,0,1,0,1,1,1,0.3550599126347094,0.4361907830389779,0.2762623891988808,0,1,0,0,1,0,0,1,Hemorrhagic
SYN-02885,0.9008397292083596,1,0.3251591067917713,1,1,0,0,0,0,1,1,0,0.4772172127816582,0.3615494117692165,0.2477275964979465,1,0,1,0,1,0,0,1,Hemorrhagic
SYN-01838,0.194805195,0,0.531034483,0,0,0,0,0,0,0,1,0,0.194117647,0.218181818,0.257142857,1,1,1,0,0,0,0,0,Ischemic
SYN-02169,0.324675325,0,0.724137931,0,0,1,0,0,0,0,1,0,0.270588235,0.490909091,0.278571429,1,1,0,0,1,0,1,1,Ischemic
SYN-03245,0.7195000676926071,0,0.4525225156603606,1,0,0,0,0,0,0,1,1,0.4628124790371833,0.3080994351769843,0.0,1,0,1,0,1,0,0,1,Hemorrhagic
SYN-00213,0.428571429,1,0.037931034,0,0,0,0,0,0,0,1,0,0.4,0.327272727,0.235714286,0,0,0,0,0,0,0,0,No Stroke
SYN-01037,0.636363636,1,0.406896552,0,0,0,0,0,0,0,1,1,0.176470588,0.354545455,0.207142857,0,0,0,0,0,0,0,0,No Stroke
SYN-03471,0.7635733889981665,1,0.6208594315401891,0,0,0,0,1,0,0,1,1,0.5093321424807121,0.2487471733452464,0.277132562438352,0,1,1,1,1,1,1,0,Hemorrhagic
SYN-00901,0.454545455,1,0.151724138,0,0,0,0,0,0,0,1,0,0.394117647,0.281818182,0.257142857,0,0,0,0,0,0,0,0,No Stroke
SYN-02717,0.4735687719900607,0,0.5711242632086336,0,0,0,0,0,0,0,1,0,0.3014102285432645,0.3141602169349368,0.2707828453471506,0,0,0,0,0,0,0,1,Hemorrhagic
SYN-01559,0.337662338,0,0.444827586,0,0,0,0,0,0,0,1,0,0.205882353,0.418181818,0.25,0,0,0,0,0,0,0,0,No Stroke
SYN-00742,0.558441558,0,0.255172414,1,0,0,0,0,0,0,1,0,0.435294118,0.454545455,0.264285714,0,0,0,1,0,0,0,0,No Stroke
SYN-03152,0.8108413009079137,0,0.4345718059760183,0,0,1,0,0,0,1,1,0,0.2606818682684119,0.2147210687179964,0.224040933342363,0,1,0,0,0,0,1,0,Hemorrhagic
SYN-02782,0.5936475742981949,1,0.1931081449313895,1,0,0,0,0,0,1,1,0,0.5642313170079785,0.3569811404589734,0.2809159002705679,1,1,0,0,0,0,1,0,Hemorrhagic
SYN-02744,0.467532468,0,0.534482759,0,0,0,0,0,0,0,1,0,0.341176471,0.3,0.292857143,0,0,0,0,0,0,0,1,Hemorrhagic
SYN-00510,0.61038961,1,0.179310345,0,0,0,0,0,0,0,1,0,0.358823529,0.254545455,0.314285714,0,0,0,0,0,0,0,0,No Stroke
SYN-00598,0.402597403,0,0.303448276,0,0,0,0,0,0,0,1,0,0.282352941,0.118181818,0.321428571,0,0,0,0,0,0,1,0,No Stroke
SYN-01495,0.480519481,0,0.396551724,0,0,0,0,0,0,0,1,0,0.182352941,0.3,0.235714286,0,0,0,0,0,0,0,0,No Stroke
SYN-00982,0.532467532,0,0.503448276,0,0,0,0,0,0,0,1,0,0.147058824,0.427272727,0.264285714,0,0,0,0,0,0,1,0,No Stroke
SYN-02072,0.428571429,0,0.472413793,1,0,0,0,0,0,0,1,0,0.341176471,0.409090909,0.035714286,1,1,1,0,0,1,0,0,Ischemic
SYN-03156,0.4314804994566483,1,0.4826060001589783,1,0,0,0,0,0,1,1,0,0.5087892695740615,0.3664581898256361,0.2444138907935024,1,1,0,1,1,1,0,0,Hemorrhagic
SYN-00519,0.571428571,1,0.389655172,0,0,0,0,0,0,0,1,0,0.335294118,0.427272727,0.242857143,0,0,0,0,0,0,0,0,No Stroke
SYN-02929,0.5157401503443088,0,0.3470320102511093,1,0,1,0,1,0,0,1,0,0.1889499044483242,0.2785726777081861,0.3029149363357832,1,0,1,0,1,1,0,1,Hemorrhagic
SYN-00768,0.584415584,1,0.151724138,1,0,0,0,0,0,0,1,0,0.347058824,0.563636364,0.271428571,0,0,0,0,0,1,0,0,No Stroke
SYN-02379,0.5458411336844534,0,0.6748874966509129,0,0,0,0,0,0,0,1,0,0.2900361333308144,0.3519245132263438,0.243933185100499,1,0,0,0,0,0,0,0,Ischemic
SYN-02045,1.0,1,0.279310345,0,0,1,0,0,0,0,1,0,0.394117647,0.318181818,0.278571429,0,0,1,0,0,0,0,0,Ischemic
SYN-00124,0.701298701,0,0.334482759,0,0,0,0,0,0,1,1,0,0.305882353,0.2,0.292857143,0,0,0,0,0,1,0,0,No Stroke
SYN-03438,0.703984918567433,0,0.3790973005830644,0,0,0,0,0,0,0,1,0,0.338546171624204,0.3761262412703543,0.1427600266104653,0,0,0,1,1,1,0,1,Hemorrhagic
SYN-01162,0.324675325,0,0.331034483,0,0,0,0,0,0,0,1,0,0.205882353,0.263636364,0.3,0,0,0,0,0,0,0,0,No Stroke
SYN-00820,0.597402597,1,0.475862069,0,0,0,0,0,0,0,1,0,0.376470588,0.318181818,0.178571429,0,0,0,0,0,0,0,0,No Stroke
SYN-00101,0.675324675,0,0.427586207,0,0,0,0,0,0,0,1,0,0.276470588,0.3,0.3,0,0,0,0,0,0,0,0,No Stroke
SYN-03347,0.675324675,0,0.444827586,1,0,0,0,0,0,0,1,0,0.376470588,0.263636364,0.242857143,0,1,1,0,1,0,1,0,Hemorrhagic
SYN-03415,0.6202681804757931,1,0.2124935996151246,1,0,0,0,0,0,0,1,0,0.5320563226803099,0.3314339480987057,0.2071269289502038,1,1,0,0,0,0,1,0,Hemorrhagic
SYN-03219,0.7975434929359383,0,0.3634403808793102,1,0,0,0,0,0,0,1,0,0.530655281636115,0.4054630992926551,0.3194165587995045,1,1,1,0,1,1,0,1,Hemorrhagic
SYN-03133,0.8631215891158366,1,0.2611579464727581,1,0,0,0,0,0,0,1,0,0.4263289341615342,0.4603264173445026,0.2271048703520319,0,1,1,1,0,1,0,1,Hemorrhagic
SYN-01104,0.701298701,0,0.155172414,0,0,0,0,0,0,0,1,0,0.282352941,0.345454545,0.264285714,0,0,0,0,0,0,0,1,No Stroke
SYN-01345,0.376623377,0,0.172413793,0,0,0,0,0,0,0,1,0,0.241176471,0.209090909,0.2,0,0,0,0,0,0,0,0,No Stroke
SYN-02649,0.5166778918394136,1,0.349536783585789,1,0,0,0,0,0,1,1,0,0.3293753424945667,0.4763831994241377,0.195639283961789,1,1,0,0,1,0,0,1,Hemorrhagic
SYN-03237,0.720268304442559,0,0.4066814741792558,1,0,0,1,0,0,0,1,0,0.5251149223617856,0.4831268895183975,0.1556166573572273,0,0,1,1,1,1,0,0,Hemorrhagic
SYN-01271,0.74025974,0,0.217241379,0,0,0,0,0,0,0,1,0,0.235294118,0.3,0.271428571,0,0,0,0,0,0,0,0,No Stroke
SYN-01938,0.935064935,1,0.279310345,0,0,0,0,0,0,0,1,1,0.335294118,0.336363636,0.25,0,1,1,0,0,1,1,0,Ischemic
SYN-02772,0.7985260659338126,1,0.4655302912438597,0,1,0,0,0,0,0,1,1,0.3234858140437953,0.3864137418174144,0.2145259167030965,1,1,0,0,0,1,1,0,Hemorrhagic
SYN-00983,0.298701299,1,0.35862069,0,0,0,0,0,0,0,1,0,0.311764706,0.345454545,0.214285714,0,0,0,0,0,0,0,0,No Stroke
SYN-00457,0.324675325,0,0.572413793,0,0,0,0,0,0,0,1,0,0.217647059,0.345454545,0.142857143,0,0,0,0,0,0,0,0,No Stroke
SYN-02672,1.0,0,0.2720521651285,1,0,1,0,0,0,0,1,0,0.5537616734439872,0.4209633436972449,0.3058535208525286,0,1,0,1,0,0,1,1,Hemorrhagic
SYN-02819,0.7871881518832912,0,0.0716902496921308,1,0,1,0,0,0,0,1,0,0.4680887317206071,0.4243998745079754,0.3062388962452513,0,1,0,0,1,0,1,0,Hemorrhagic
SYN-00382,0.311688312,1,0.286206897,1,0,0,0,0,0,0,1,1,0.352941176,0.263636364,0.335714286,0,0,0,0,0,0,0,0,No Stroke
SYN-03489,0.3715521808839364,1,0.4361226733994025,1,0,0,0,0,0,1,1,0,0.4389600779444872,0.3441305784084243,0.3534174800831803,0,1,1,0,1,1,1,0,Hemorrhagic
SYN-02642,0.8968540594632735,1,0.4025865874797401,0,0,1,0,0,0,1,1,0,0.2542513542061832,0.372511057349694,0.2268143809496412,1,0,1,0,0,0,1,1,Hemorrhagic
SYN-02321,0.597402597,0,0.606896552,0,0,0,0,0,0,0,1,0,0.347058824,0.290909091,0.128571429,1,1,1,1,0,0,1,1,Ischemic
SYN-01011,0.337662338,1,0.179310345,0,0,0,0,0,0,0,1,1,0.223529412,0.363636364,0.342857143,0,0,0,0,1,0,0,1,No Stroke
SYN-01965,0.493506494,1,0.172413793,1,0,0,0,0,0,1,1,0,0.305882353,0.336363636,0.25,1,0,1,0,0,0,0,1,Ischemic
SYN-02000,0.922077922,1,0.348275862,1,0,1,0,0,0,1,1,0,0.429411765,0.418181818,0.314285714,0,0,1,0,0,0,0,0,Ischemic
SYN-00663,0.0,1,0.510344828,0,0,0,0,0,0,0,1,0,0.1,0.109090909,0.2,0,0,0,0,0,1,1,0,No Stroke
SYN-01415,0.298701299,0,0.393103448,0,0,0,0,0,0,0,1,0,0.317647059,0.309090909,0.335714286,0,1,0,0,0,1,0,0,No Stroke
SYN-02290,0.844155844,1,0.368965517,0,0,1,0,0,1,1,1,0,0.4,0.354545455,0.171428571,1,0,1,0,0,1,1,0,Ischemic
SYN-03248,0.8007048784029112,0,0.4116243812390771,1,0,0,1,0,0,0,1,0,0.5669427093448269,0.5140815982901473,0.1542814817420423,0,0,1,1,1,1,0,0,Hemorrhagic
SYN-01458,0.428571429,1,0.193103448,0,0,0,0,0,0,0,1,1,0.252941176,0.245454545,0.235714286,0,0,0,0,0,0,0,0,No Stroke
SYN-02032,0.675324675,1,0.327586207,1,0,0,0,0,0,0,1,1,0.382352941,0.427272727,0.3,0,1,0,0,0,0,0,0,Ischemic
SYN-03027,0.74025974,1,0.213793103,1,0,1,0,0,0,0,1,0,0.517647059,0.418181818,0.185714286,1,1,1,1,0,0,0,0,Hemorrhagic
SYN-02731,0.7384227734602401,1,0.2239333562101363,1,0,0,0,0,0,1,1,0,0.3565425722020455,0.2739736664818882,0.2360408290425987,1,1,0,0,1,0,1,0,Hemorrhagic
SYN-02103,0.61038961,1,0.265517241,1,0,0,0,0,0,0,1,0,0.405882353,0.336363636,0.242857143,1,0,1,0,1,1,0,0,Ischemic
SYN-00846,0.311688312,0,0.203448276,0,0,0,0,0,0,0,1,0,0.076470588,0.290909091,0.157142857,0,0,0,0,0,0,0,0,No Stroke
SYN-00543,0.584415584,0,0.303448276,0,0,0,0,0,0,0,1,0,0.235294118,0.318181818,0.3,0,0,0,0,0,0,0,0,No Stroke
SYN-02568,0.779220779,0,0.386206897,0,0,1,0,0,1,0,1,0,0.388235294,0.345454545,0.221428571,0,1,0,0,0,0,1,1,Ischemic
SYN-02294,0.935064935,1,0.303448276,1,0,1,0,0,0,1,1,0,0.658823529,0.463636364,0.185714286,1,0,1,0,0,0,0,0,Ischemic
SYN-01284,0.597402597,1,0.368965517,0,0,0,1,0,0,0,1,0,0.276470588,0.381818182,0.157142857,0,0,0,0,0,0,0,0,No Stroke
SYN-01197,0.519480519,1,0.393103448,0,0,0,0,0,0,0,1,0,0.188235294,0.354545455,0.342857143,0,1,0,0,0,0,0,1,No Stroke
SYN-01103,0.467532468,1,0.310344828,0,0,0,0,0,0,0,1,0,0.264705882,0.2,0.121428571,0,0,0,1,0,0,0,0,No Stroke
SYN-02412,0.6950044745585958,1,0.4835232258514473,1,0,0,0,0,0,0,1,0,0.4370363886914744,0.462959924318359,0.2504919858978702,0,0,1,0,1,0,0,1,Ischemic
SYN-01432,0.649350649,0,0.413793103,0,0,0,0,0,0,0,1,1,0.311764706,0.245454545,0.235714286,0,0,0,0,0,0,0,0,No Stroke
SYN-01789,0.805194805,1,0.3,0,1,0,0,0,1,0,1,0,0.458823529,0.345454545,0.292857143,1,1,0,0,0,0,0,1,Ischemic
SYN-01489,0.701298701,0,0.272413793,0,0,0,0,0,0,0,1,0,0.276470588,0.136363636,0.278571429,0,0,0,0,1,0,0,0,No Stroke
SYN-03477,0.7064543875829681,1,0.3916438576442781,1,0,1,0,0,1,0,1,1,0.4436692304081023,0.3809517732146755,0.1347348150925092,1,0,1,1,1,0,0,0,Hemorrhagic
SYN-03251,0.7429181024687068,0,0.5918379805192204,1,0,0,0,0,0,0,1,0,0.3926810406376405,0.397803343467957,0.2219521347273816,0,1,0,1,1,0,0,0,Hemorrhagic
SYN-01049,0.532467532,0,0.034482759,0,0,0,0,0,0,1,1,0,0.317647059,0.254545455,0.228571429,0,0,0,0,0,1,0,0,No Stroke
SYN-02551,0.792207792,1,0.234482759,1,0,0,0,0,0,0,1,0,0.511764706,0.536363636,0.2,1,0,0,0,0,1,0,0,Ischemic
SYN-01554,0.376623377,0,0.062068966,1,0,0,0,0,0,0,1,0,0.305882353,0.463636364,0.207142857,0,0,0,0,0,0,0,0,No Stroke
SYN-01868,0.844155844,1,0.475862069,0,1,0,0,0,0,0,1,0,0.429411765,0.463636364,0.371428571,1,1,0,0,0,0,0,1,Ischemic
SYN-02313,0.545454545,1,0.396551724,0,1,0,0,0,0,0,1,1,0.282352941,0.381818182,0.271428571,0,1,0,1,0,0,0,1,Ischemic
SYN-00238,0.818181818,0,0.317241379,0,0,0,0,0,0,0,1,0,0.429411765,0.390909091,0.228571429,0,0,0,0,0,0,0,0,No Stroke
SYN-02536,0.480519481,0,0.248275862,0,0,0,0,0,0,1,1,0,0.252941176,0.3,0.228571429,1,0,0,1,0,0,1,0,Ischemic
SYN-01445,0.532467532,1,0.203448276,0,0,1,0,0,0,0,1,0,0.211764706,0.354545455,0.25,0,0,0,0,0,0,0,0,No Stroke
SYN-01134,0.532467532,0,0.24137931,0,0,0,0,0,0,0,1,0,0.3,0.327272727,0.192857143,0,0,0,0,0,0,0,0,No Stroke
SYN-02343,0.753246753,1,0.620689655,1,0,0,0,0,0,0,1,1,0.317647059,0.5,0.242857143,0,1,0,1,0,1,1,1,Ischemic
SYN-03143,0.701298701,0,0.34137931,0,0,0,0,0,0,0,1,0,0.347058824,0.381818182,0.135714286,0,0,0,1,1,1,0,0,Hemorrhagic
SYN-00164,0.272727273,0,0.482758621,0,0,1,0,0,0,0,1,0,0.223529412,0.427272727,0.235714286,0,0,0,0,0,0,0,0,No Stroke
SYN-03358,0.9469336246453032,1,0.3772596589871338,1,1,0,1,0,0,0,1,0,0.463688440765768,0.3934938735037826,0.0613075881570917,0,1,1,0,0,0,1,0,Hemorrhagic
SYN-00253,0.519480519,1,0.337931034,0,0,0,0,0,0,0,1,0,0.305882353,0.263636364,0.157142857,0,0,0,0,0,0,0,0,No Stroke
SYN-03432,1.0,0,0.3568009915230809,1,0,0,0,0,0,0,0,0,0.6484354031470279,0.3553143345600433,0.3249094770649512,0,0,1,0,1,0,1,0,Hemorrhagic
SYN-02145,0.558441558,1,0.568965517,0,0,0,0,1,0,0,1,0,0.311764706,0.4,0.221428571,0,1,1,0,0,1,1,0,Ischemic
SYN-00931,0.467532468,1,0.237931034,0,0,0,0,0,0,0,1,1,0.376470588,0.290909091,0.185714286,0,0,0,0,0,0,0,0,No Stroke
SYN-02426,0.805194805,1,0.372413793,0,0,0,0,0,0,0,1,1,0.282352941,0.309090909,0.228571429,0,1,1,0,1,1,0,1,Ischemic
SYN-03296,0.3860695575061627,1,0.4438252131973891,1,0,0,0,0,0,1,1,1,0.5143836832951892,0.3323355480635908,0.2048879611884045,1,1,0,1,1,1,0,0,Hemorrhagic
SYN-02967,0.7848435731334598,1,0.1964490097941765,1,0,1,0,0,1,0,1,0,0.4187719981972678,0.4140502065348523,0.1758393542175456,1,1,0,0,1,0,0,0,Hemorrhagic
SYN-03570,0.6797827229888015,1,0.15345976799928462,1,0,1,0,0,0,0,1,0,0.5003068216793487,0.45852319682034104,0.19215453348757644,1,1,1,1,0,0,0,0,Hemorrhagic
SYN-02122,0.519480519,1,0.544827586,0,0,0,0,0,1,0,1,0,0.229411765,0.2,0.264285714,1,0,1,0,0,0,0,1,Ischemic
SYN-01957,0.558441558,1,0.465517241,0,0,0,0,0,0,0,1,1,0.305882353,0.136363636,0.207142857,1,1,1,0,0,1,0,0,Ischemic
SYN-01954,0.571428571,1,0.565517241,0,1,0,0,0,0,0,1,0,0.482352941,0.354545455,0.235714286,0,1,0,0,1,1,0,0,Ischemic
SYN-01091,0.441558442,1,0.255172414,0,0,0,0,0,0,0,1,0,0.205882353,0.336363636,0.235714286,0,0,0,0,0,0,0,0,No Stroke
SYN-02862,0.8538564371806617,1,0.28367988348187,1,0,0,1,0,0,1,1,1,0.4501635920002746,0.4298985806251863,0.1887794283223065,1,0,1,0,0,1,1,0,Hemorrhagic
SYN-01182,0.428571429,1,0.503448276,0,0,0,0,0,0,0,1,0,0.152941176,0.372727273,0.228571429,0,0,0,0,0,0,0,0,No Stroke
SYN-00594,0.454545455,1,0.296551724,0,0,1,0,0,0,0,1,0,0.341176471,0.363636364,0.271428571,0,0,1,0,0,0,0,1,No Stroke
SYN-00678,0.727272727,0,0.213793103,0,1,0,0,0,0,0,1,0,0.305882353,0.236363636,0.257142857,0,0,0,0,1,0,0,0,No Stroke
SYN-00042,0.714285714,0,0.120689655,0,1,0,0,0,0,0,1,0,0.382352941,0.409090909,0.278571429,0,0,0,0,0,0,0,0,No Stroke
SYN-02253,0.571428571,1,0.582758621,1,0,0,0,0,0,1,1,0,0.388235294,0.372727273,0.221428571,1,0,0,0,0,0,1,1,Ischemic
SYN-02578,0.688311688,1,0.24137931,1,0,0,0,1,0,0,1,0,0.458823529,0.445454545,0.264285714,0,1,0,0,0,0,1,1,Ischemic
SYN-01581,0.597402597,0,0.217241379,0,1,0,0,0,0,0,1,1,0.323529412,0.427272727,0.242857143,0,0,0,0,0,0,0,0,No Stroke
SYN-00244,0.441558442,1,0.255172414,0,0,1,0,0,0,0,1,0,0.323529412,0.245454545,0.271428571,0,0,0,0,1,0,0,0,No Stroke
SYN-01125,0.506493506,0,0.4,0,0,0,0,0,0,0,1,0,0.147058824,0.309090909,0.271428571,0,0,0,0,0,0,0,0,No Stroke
SYN-03521,0.5355849639412836,0,0.4426214497426725,0,1,0,0,0,0,0,1,0,0.3773882626720797,0.3742255387288015,0.2640352916220925,0,0,1,1,1,0,1,1,Hemorrhagic
SYN-02690,0.8978278904866172,0,0.3535344746107433,1,1,0,1,0,0,0,1,0,0.6081588862507054,0.5150698761144309,0.3398012638952676,1,0,0,0,1,1,1,1,Hemorrhagic
SYN-01269,0.480519481,1,0.344827586,0,0,1,0,0,0,0,1,0,0.358823529,0.218181818,0.15,0,0,0,0,0,1,0,0,No Stroke
SYN-00262,0.168831169,1,0.431034483,1,0,0,0,0,0,0,1,0,0.152941176,0.318181818,0.178571429,0,0,0,0,0,0,0,0,No Stroke
SYN-01678,0.675324675,0,0.393103448,0,1,0,0,0,0,0,1,0,0.352941176,0.318181818,0.235714286,1,0,0,1,0,0,1,0,Ischemic
SYN-02749,0.7015484966590361,0,0.42995940240565,1,0,0,0,0,0,0,1,0,0.3773307753996381,0.2533086151800821,0.2741597786127148,0,1,1,0,1,0,1,0,Hemorrhagic
SYN-03094,0.5466710165556116,1,0.5137074077425343,0,0,1,0,0,0,1,1,1,0.2968908110333173,0.3520586293329378,0.1897681192211606,1,0,0,0,0,0,0,0,Hemorrhagic
SYN-00835,0.402597403,1,0.175862069,0,0,0,0,0,0,0,1,0,0.182352941,0.354545455,0.2,0,0,0,0,0,0,0,0,No Stroke
SYN-02763,0.4307277749056251,0,0.3296481486298021,1,0,1,0,0,0,0,1,0,0.3004860425786657,0.4048620162987413,0.1355050953070277,0,0,0,0,1,0,1,1,Hemorrhagic
SYN-01353,0.181818182,0,0.410344828,0,0,0,0,0,0,0,1,0,0.147058824,0.345454545,0.228571429,0,0,0,0,0,0,0,0,No Stroke
SYN-02038,0.4604888450583069,1,0.2492419199613428,1,0,0,0,0,0,0,1,0,0.42759824183899,0.3005212552283905,0.2137514905416355,1,1,0,0,0,0,0,1,Ischemic
SYN-02288,0.7233068560740328,0,0.2416161747497761,1,0,1,0,0,0,1,1,0,0.4273022025641631,0.3327012453832449,0.2536875558288541,1,1,0,1,0,0,0,0,Ischemic
SYN-00341,0.376623377,1,0.310344828,0,0,0,0,0,0,0,1,0,0.311764706,0.318181818,0.107142857,0,0,0,0,0,0,0,0,No Stroke
SYN-03503,0.61038961,1,0.337931034,1,1,0,0,0,0,0,1,0,0.411764706,0.327272727,0.107142857,0,0,0,0,1,1,1,1,Hemorrhagic
SYN-00749,0.831168831,1,0.234482759,0,0,0,0,0,0,0,1,0,0.305882353,0.363636364,0.221428571,0,0,0,0,0,0,0,0,No Stroke
SYN-01538,0.415584416,1,0.479310345,0,1,0,0,0,0,0,1,0,0.305882353,0.354545455,0.1,0,0,0,0,0,0,0,0,No Stroke
SYN-00481,0.532467532,0,0.017241379,0,0,0,0,0,0,0,1,0,0.205882353,0.354545455,0.207142857,0,0,0,0,0,0,0,0,No Stroke
SYN-01455,0.402597403,1,0.151724138,0,0,1,0,0,0,1,1,1,0.229411765,0.345454545,0.264285714,1,0,0,0,0,0,0,0,No Stroke
SYN-01941,0.662337662,1,0.551724138,0,0,0,0,0,0,0,1,1,0.258823529,0.236363636,0.235714286,1,0,1,0,0,1,0,1,Ischemic
SYN-03281,0.5749857621302733,1,0.2118064171252547,1,0,0,0,0,0,1,1,0,0.4257879831965979,0.3456383416234888,0.2027989810361094,1,1,1,1,0,0,0,1,Hemorrhagic
SYN-00784,0.545454545,0,0.289655172,0,0,1,0,0,0,0,1,0,0.223529412,0.254545455,0.357142857,0,0,0,0,0,0,1,0,No Stroke
SYN-03072,0.681805972235922,1,0.344545838262187,1,0,1,0,0,1,0,1,1,0.4388053558267875,0.3794307301672589,0.166022353963553,1,0,1,1,1,0,0,0,Hemorrhagic
SYN-01518,0.350649351,0,0.196551724,1,0,0,0,0,0,0,1,0,0.382352941,0.354545455,0.207142857,0,0,0,0,0,1,0,0,No Stroke
SYN-02352,0.7870586251862548,0,0.4528193902080328,1,1,1,0,0,1,0,1,0,0.6137104863815155,0.3941295400914593,0.2326090938550031,0,1,0,0,0,1,0,0,Ischemic
SYN-02878,0.6456012025101162,1,0.462503939161544,0,0,1,0,0,0,1,1,0,0.3690448844287995,0.3098850196246259,0.1341722108717601,0,1,1,0,0,0,1,1,Hemorrhagic
SYN-01748,0.519480519,0,0.617241379,0,0,0,0,0,0,0,1,0,0.152941176,0.345454545,0.157142857,1,1,1,0,0,0,0,1,Ischemic
SYN-02471,0.844155844,1,0.206896552,1,1,1,0,0,0,1,1,0,0.547058824,0.518181818,0.264285714,1,1,0,0,0,0,1,1,Ischemic
SYN-01403,0.194805195,0,0.337931034,0,0,0,0,0,0,1,1,0,0.305882353,0.327272727,0.264285714,0,0,0,0,0,0,0,1,No Stroke
SYN-01314,0.844155844,1,0.182758621,0,0,0,0,0,0,0,1,0,0.382352941,0.490909091,0.192857143,0,0,0,0,0,0,0,0,No Stroke
SYN-02365,0.454545455,1,0.244827586,1,0,0,0,0,0,0,1,0,0.452941176,0.309090909,0.221428571,1,1,0,0,0,0,0,1,Ischemic
SYN-02918,0.467532468,1,0.289655172,1,1,0,0,0,0,1,1,0,0.388235294,0.381818182,0.271428571,0,0,1,0,1,0,0,0,Hemorrhagic
SYN-01453,0.532467532,0,0.306896552,1,0,0,0,0,0,0,1,0,0.376470588,0.5,0.221428571,0,0,0,0,0,0,0,1,No Stroke
SYN-01272,0.415584416,1,0.248275862,0,0,1,0,0,0,0,1,0,0.270588235,0.390909091,0.142857143,0,0,0,0,0,0,0,0,No Stroke
SYN-02100,0.9060841336812564,1,0.3212467733158481,1,1,0,0,1,1,1,1,0,0.4621500913175164,0.3700748708512648,0.2065508953018595,0,0,1,1,0,0,0,1,Ischemic
SYN-01128,0.415584416,0,0.327586207,0,0,0,0,0,0,0,1,0,0.141176471,0.3,0.235714286,0,0,0,0,0,0,0,0,No Stroke
SYN-00627,0.376623377,0,0.25862069,0,0,0,0,0,0,0,1,0,0.194117647,0.227272727,0.278571429,0,0,1,0,0,0,0,0,No Stroke
SYN-00348,0.493506494,1,0.331034483,0,0,0,0,0,0,0,1,0,0.3,0.281818182,0.278571429,0,0,0,0,0,0,0,0,No Stroke
SYN-02291,0.588926770102486,0,0.5064821860187525,0,0,1,0,0,0,0,1,1,0.2811606509408431,0.2861779824765899,0.2353419070687815,0,0,1,0,0,1,0,0,Ischemic
SYN-01755,0.805194805,0,0.175862069,1,0,1,0,0,0,0,1,0,0.464705882,0.636363636,0.235714286,1,0,1,0,0,1,1,1,Ischemic
SYN-00980,0.636363636,0,0.344827586,0,0,1,0,0,0,0,1,0,0.276470588,0.336363636,0.25,0,0,0,0,0,1,0,0,No Stroke
SYN-03085,0.817851582792414,1,0.3317146849529668,0,0,0,0,1,0,0,1,0,0.2404604304184543,0.3508291626479566,0.2422024841107114,0,1,0,0,1,0,0,0,Hemorrhagic
SYN-02743,0.9639927919561424,1,0.3094001248115019,0,1,0,0,0,0,1,1,0,0.3429254357352843,0.3524448646303313,0.2938002154170559,1,0,0,1,1,1,1,1,Hemorrhagic
SYN-00912,0.532467532,0,0.231034483,0,0,1,0,0,0,0,1,0,0.294117647,0.381818182,0.242857143,0,0,0,0,0,0,0,0,No Stroke
SYN-02246,0.818181818,1,0.372413793,0,0,1,0,0,0,0,1,0,0.6,0.409090909,0.257142857,1,1,1,0,1,0,0,1,Ischemic
SYN-00633,0.779220779,1,0.34137931,0,0,0,0,1,0,0,1,1,0.252941176,0.354545455,0.335714286,0,0,0,0,0,0,0,0,No Stroke
SYN-01423,0.467532468,1,0.2,0,0,0,0,0,0,0,1,0,0.276470588,0.318181818,0.2,0,0,0,0,0,0,0,0,No Stroke
SYN-00446,0.207792208,1,0.210344828,0,0,0,0,0,0,1,1,0,0.158823529,0.381818182,0.242857143,0,1,0,0,0,0,0,0,No Stroke
SYN-00618,0.441558442,1,0.296551724,0,0,1,0,0,0,0,1,0,0.341176471,0.490909091,0.1,0,0,0,0,0,0,0,0,No Stroke
SYN-02612,0.5107284372490289,1,0.5086190502748577,1,0,0,0,0,0,1,1,0,0.2785028559674518,0.40165285548282853,0.19932640071872237,0,0,0,0,0,0,1,1,Ischemic
SYN-02917,0.6616586166349936,0,0.0,1,0,0,0,0,0,1,1,0,0.4396894871273273,0.446158292755605,0.2779141720367116,0,1,1,0,1,1,1,1,Hemorrhagic
SYN-01993,0.74025974,0,0.344827586,1,0,0,0,0,0,0,1,0,0.552941176,0.454545455,0.4,0,0,0,0,0,1,1,0,Ischemic
SYN-03429,0.6471172594723882,1,0.3562747223697806,1,0,1,0,0,1,0,1,1,0.4234815244207821,0.3498334298019626,0.1584740474810278,1,0,1,1,1,0,0,0,Hemorrhagic
SYN-03044,0.7409255227723112,0,0.3694785415029188,1,0,1,1,0,1,0,1,0,0.4406031893543991,0.4371622567804246,0.218776558077984,1,1,0,1,1,0,1,0,Hemorrhagic
SYN-02726,0.5039867381869777,0,0.5833500718852811,0,0,0,0,0,0,0,1,0,0.355813626806152,0.3611950688398226,0.2865891701819431,0,0,0,0,0,0,1,1,Hemorrhagic
SYN-02665,0.8523285158454259,1,0.339633558085943,1,1,0,0,0,0,1,1,0,0.4969742896055006,0.3222809820206785,0.2852690713578051,1,0,1,0,1,0,0,1,Hemorrhagic
SYN-02209,0.662337662,0,0.265517241,0,1,0,0,0,0,0,1,0,0.452941176,0.418181818,0.192857143,1,0,0,0,0,1,1,1,Ischemic
SYN-00354,0.272727273,0,0.496551724,0,0,0,0,0,0,0,1,0,0.029411765,0.2,0.257142857,0,0,0,1,0,0,0,0,No Stroke
SYN-01233,0.376623377,0,0.210344828,0,0,0,0,0,0,0,1,0,0.264705882,0.472727273,0.25,0,0,0,0,0,0,0,0,No Stroke
SYN-00614,0.402597403,0,0.368965517,0,0,0,0,0,0,0,1,0,0.335294118,0.336363636,0.228571429,0,0,0,0,0,0,0,0,No Stroke
SYN-01346,0.272727273,0,0.389655172,0,0,0,0,0,0,0,1,0,0.305882353,0.227272727,0.414285714,0,0,0,0,0,0,0,0,No Stroke
SYN-02463,0.6998931627755764,0,0.4633978496894467,0,0,1,0,1,0,0,1,0,0.2003222202260793,0.2544049021111477,0.1641329568161087,0,0,0,0,1,0,1,1,Ischemic
SYN-02861,0.7598701705165406,1,0.215726732890542,1,0,0,0,1,0,0,1,1,0.4017621412665195,0.4542176692250832,0.3651545823876773,0,0,0,0,0,1,0,0,Hemorrhagic
SYN-01927,0.532467532,1,0.368965517,0,1,1,0,0,0,0,1,1,0.311764706,0.436363636,0.321428571,0,0,1,1,1,0,0,0,Ischemic
SYN-02273,0.792207792,1,0.406896552,1,1,1,0,0,0,1,1,1,0.423529412,0.354545455,0.371428571,0,0,0,0,0,1,1,1,Ischemic
SYN-03370,0.8927349658646309,0,0.1268430320069817,1,0,1,0,0,1,0,1,1,0.5822443661894265,0.5024395488318829,0.2572813780697949,1,0,0,0,1,1,0,0,Hemorrhagic
SYN-00058,0.636363636,1,0.279310345,0,0,0,0,0,0,0,1,0,0.317647059,0.336363636,0.207142857,0,0,0,0,0,0,0,0,No Stroke
SYN-01652,0.779220779,0,0.451724138,1,0,0,0,0,0,1,1,0,0.570588235,0.481818182,0.214285714,0,1,0,0,1,1,1,1,Ischemic
SYN-01747,0.7460766452838676,1,0.0572659432820417,1,0,1,0,0,0,1,1,0,0.5818239769026674,0.4914026098295617,0.2696615614586982,0,0,1,1,1,1,1,0,Ischemic
SYN-02625,0.7889052616796719,0,0.2918415961804644,1,1,1,0,0,0,1,1,0,0.5432776292348899,0.422627960505615,0.2030259484915893,0,0,1,0,0,0,0,0,Hemorrhagic
SYN-01254,0.506493506,1,0.331034483,0,0,0,0,0,0,0,1,0,0.182352941,0.390909091,0.214285714,0,0,0,0,0,0,0,0,No Stroke
SYN-02990,0.5721979015758424,1,0.5699212870794955,0,0,1,0,0,0,1,1,1,0.3054465055762748,0.3241644064787775,0.1641383636254781,1,0,0,0,0,0,0,0,Hemorrhagic
SYN-03510,0.5785943160971104,1,0.7221087314908241,0,0,0,0,0,0,0,1,0,0.3959963150635174,0.2503314018905985,0.2859269170432321,1,1,0,0,1,1,0,1,Hemorrhagic
SYN-02097,0.506493506,0,0.486206897,1,0,0,0,0,0,0,1,0,0.176470588,0.4,0.142857143,1,1,1,0,0,0,0,0,Ischemic
SYN-02241,0.428571429,1,0.575862069,1,1,0,0,0,0,0,1,0,0.423529412,0.436363636,0.2,1,1,1,0,0,0,1,1,Ischemic
SYN-01744,0.454545455,1,0.434482759,1,0,0,0,0,0,1,1,1,0.5,0.4,0.285714286,1,1,0,0,1,0,0,1,Ischemic
SYN-03459,0.8130206740397365,1,0.2518756967098892,0,0,1,0,0,0,0,1,0,0.3726167357260945,0.2666993377519095,0.2278184317920044,1,1,1,0,1,0,0,1,Hemorrhagic
SYN-01488,0.636363636,1,0.210344828,0,0,0,0,0,0,0,1,1,0.323529412,0.218181818,0.185714286,0,0,0,0,0,0,0,0,No Stroke
SYN-00561,0.415584416,0,0.337931034,0,0,0,0,0,0,0,1,0,0.270588235,0.345454545,0.25,0,0,0,0,0,0,0,0,No Stroke
SYN-00708,0.454545455,0,0.224137931,1,0,0,0,0,0,0,1,0,0.264705882,0.381818182,0.321428571,0,0,1,0,0,0,0,0,No Stroke
SYN-01340,0.545454545,0,0.317241379,0,0,0,0,0,0,0,1,0,0.235294118,0.309090909,0.314285714,0,0,0,0,0,0,0,0,No Stroke
SYN-00425,0.467532468,1,0.237931034,0,0,0,0,0,0,0,1,1,0.335294118,0.327272727,0.192857143,0,0,0,0,0,0,0,0,No Stroke
SYN-01094,0.662337662,0,0.110344828,0,0,0,0,0,0,0,1,0,0.323529412,0.363636364,0.257142857,1,0,0,0,1,0,0,0,No Stroke
SYN-00648,0.376623377,0,0.055172414,0,0,0,0,0,0,0,1,0,0.370588235,0.281818182,0.314285714,0,0,0,0,0,0,0,0,No Stroke
SYN-00073,0.376623377,1,0.544827586,0,0,1,0,0,0,0,1,0,0.141176471,0.272727273,0.228571429,0,1,0,0,1,0,0,0,No Stroke
SYN-01713,0.662337662,1,0.524137931,1,0,0,0,0,0,0,1,0,0.417647059,0.354545455,0.228571429,1,0,0,0,0,0,1,0,Ischemic
SYN-03300,0.8585893988132947,1,0.2583647635305587,0,1,1,0,0,0,1,1,0,0.3269780944831052,0.290956052559294,0.255790954702606,1,1,1,0,1,1,0,1,Hemorrhagic
SYN-01404,0.584415584,1,0.320689655,0,0,0,0,0,0,1,1,0,0.217647059,0.390909091,0.235714286,0,0,0,0,0,0,0,0,No Stroke
SYN-01006,0.506493506,0,0.55862069,0,0,0,0,0,0,0,1,0,0.217647059,0.2,0.364285714,0,0,0,0,0,0,0,0,No Stroke
SYN-00621,0.623376623,1,0.472413793,0,0,0,0,0,0,0,1,0,0.270588235,0.209090909,0.235714286,0,0,0,0,0,0,0,0,No Stroke
SYN-01802,0.632441670860274,1,0.0707352725261043,1,0,1,0,0,0,0,1,0,0.3445797716911031,0.4513739713066922,0.1421700065830673,0,0,1,1,0,0,1,0,Ischemic
SYN-01730,0.480519481,0,0.437931034,1,0,0,0,0,0,1,1,0,0.364705882,0.445454545,0.264285714,1,0,0,0,0,0,0,1,Ischemic
SYN-00554,0.818181818,1,0.210344828,0,0,0,0,0,0,0,1,0,0.288235294,0.281818182,0.242857143,0,1,0,0,0,0,0,0,No Stroke
SYN-01507,0.454545455,1,0.375862069,0,0,0,0,0,0,0,1,0,0.305882353,0.309090909,0.342857143,0,0,0,0,0,0,0,0,No Stroke
SYN-02908,0.8694082445533745,0,0.310930733960626,0,0,1,0,0,0,1,1,0,0.3596910922631655,0.3522488685254573,0.216636048362343,1,0,1,1,0,0,0,0,Hemorrhagic
SYN-03182,0.7903135050885044,1,0.2100844060631681,1,0,1,0,0,1,0,1,0,0.3970702336251615,0.3527444445828079,0.1633574858961611,1,0,0,0,1,0,0,0,Hemorrhagic
SYN-02339,0.805194805,0,0.513793103,0,1,0,0,0,0,1,1,0,0.223529412,0.272727273,0.207142857,0,1,0,0,0,1,1,0,Ischemic
SYN-02677,0.948051948,1,0.448275862,1,0,0,0,0,0,0,1,0,0.441176471,0.354545455,0.242857143,1,1,0,0,0,0,0,0,Hemorrhagic
SYN-00999,0.571428571,1,0.3,0,0,0,0,0,0,0,1,0,0.405882353,0.281818182,0.242857143,0,0,0,0,0,0,0,0,No Stroke
SYN-02502,0.844155844,0,0.172413793,1,1,1,0,0,0,1,1,0,0.588235294,0.509090909,0.221428571,1,1,0,0,0,1,0,0,Ischemic
SYN-01374,0.519480519,1,0.448275862,0,0,0,0,0,0,1,1,0,0.235294118,0.354545455,0.25,0,0,0,0,0,0,1,0,No Stroke
SYN-03406,0.6892945146506074,1,0.5328356200314868,1,0,1,0,0,0,1,1,0,0.494040730473854,0.3758436334389854,0.2709968941270543,0,1,0,0,0,1,0,1,Hemorrhagic
SYN-03280,0.5501112431341295,0,0.5731673256584451,1,1,0,0,0,0,0,1,0,0.3113213680409132,0.3651883198646227,0.2141830747933392,0,1,0,1,1,1,1,0,Hemorrhagic
SYN-02806,0.5764721923199947,1,0.5396874690293575,0,0,1,0,0,0,1,1,1,0.3090282543805208,0.347204541029232,0.1045043750447753,1,0,0,0,0,0,0,0,Hemorrhagic
SYN-03568,0.7584897443165375,1,0.5219148895237727,1,0,0,0,0,0,0,1,1,0.5319015821147789,0.4347578983202392,0.1921369714341239,0,0,1,0,0,1,0,1,Hemorrhagic
SYN-02085,0.636363636,0,0.386206897,1,0,0,0,0,0,0,1,0,0.382352941,0.490909091,0.264285714,1,1,1,0,0,1,1,1,Ischemic
SYN-02472,0.74025974,1,0.489655172,0,0,0,0,0,0,0,1,0,0.358823529,0.436363636,0.221428571,1,0,1,1,0,0,1,0,Ischemic
SYN-00441,0.623376623,0,0.410344828,0,0,0,0,0,0,0,1,0,0.317647059,0.254545455,0.307142857,0,0,0,0,0,0,0,0,No Stroke
SYN-00509,0.38961039,1,0.296551724,0,0,0,0,0,0,1,1,1,0.205882353,0.218181818,0.164285714,0,0,0,0,0,0,0,0,No Stroke
SYN-01101,0.558441558,0,0.379310345,0,0,1,0,0,0,0,1,0,0.235294118,0.345454545,0.2,0,0,0,0,0,0,0,0,No Stroke
SYN-00590,0.207792208,1,0.331034483,0,0,0,0,0,0,0,1,0,0.182352941,0.236363636,0.25,0,0,0,0,0,0,0,0,No Stroke
SYN-01599,0.415584416,0,0.251724138,0,0,0,0,0,0,0,1,0,0.276470588,0.118181818,0.178571429,0,0,0,0,0,1,1,0,No Stroke
SYN-00650,0.545454545,1,0.196551724,0,0,0,0,0,0,0,1,0,0.223529412,0.336363636,0.242857143,0,0,0,0,0,0,0,0,No Stroke
SYN-03267,0.805194805,0,0.275862069,1,0,0,0,0,0,1,1,0,0.547058824,0.354545455,0.235714286,1,0,1,1,1,0,0,1,Hemorrhagic
SYN-02087,0.675324675,1,0.103448276,1,0,1,0,0,0,1,1,1,0.588235294,0.390909091,0.142857143,1,0,0,1,0,0,0,0,Ischemic
SYN-03458,0.6886395341505935,1,0.4186145827980778,1,0,0,1,0,0,0,1,0,0.3978002880370909,0.4517394159677193,0.266687142477936,0,0,1,0,0,0,0,1,Hemorrhagic
SYN-02673,0.7531734552142244,1,0.2647258576875677,1,0,0,0,1,0,1,1,0,0.5040705078807921,0.3983133306157185,0.3611494652859507,0,0,0,0,0,0,0,0,Hemorrhagic
SYN-01726,0.935064935,1,0.286206897,0,0,0,0,0,0,0,1,0,0.352941176,0.290909091,0.228571429,1,1,1,0,0,0,1,0,Ischemic
SYN-00661,0.636363636,0,0.3,0,0,0,0,0,1,0,1,0,0.441176471,0.290909091,0.192857143,0,0,0,0,0,0,0,0,No Stroke
SYN-00631,0.675324675,0,0.327586207,0,0,0,0,0,0,0,1,0,0.394117647,0.327272727,0.235714286,0,0,0,0,0,0,0,0,No Stroke
SYN-01809,0.85004939269114,0,0.5212538114894093,0,1,0,0,0,0,1,1,0,0.4600337163648713,0.409820686706498,0.2292668672191474,0,0,0,0,0,0,0,0,Ischemic
SYN-01250,0.428571429,0,0.25862069,0,0,0,0,0,0,0,1,0,0.188235294,0.336363636,0.278571429,0,0,0,1,0,0,0,0,No Stroke
SYN-02571,0.3605256587096049,1,0.707703529037052,0,0,0,0,0,0,0,1,0,0.2761271380389545,0.3296664622929153,0.0258867790539587,0,1,0,0,0,0,0,0,Ischemic
SYN-00483,0.623376623,1,0.448275862,0,0,0,0,0,0,0,1,1,0.252941176,0.318181818,0.292857143,0,0,0,0,0,0,0,0,No Stroke
SYN-01611,0.8014497546419288,1,0.0872327427035109,0,0,0,0,0,0,0,1,0,0.3898399022013377,0.3896658872864388,0.2197290646003898,0,1,0,1,0,0,1,0,Ischemic
SYN-03058,0.584415584,1,0.14137931,0,0,0,0,0,0,0,1,0,0.423529412,0.454545455,0.207142857,0,1,0,0,1,1,0,1,Hemorrhagic
SYN-01578,0.233766234,1,0.35862069,0,0,0,0,0,0,1,1,1,0.347058824,0.318181818,0.35,0,0,0,0,0,0,0,0,No Stroke
SYN-02497,0.662337662,1,0.465517241,1,0,0,0,0,0,0,1,0,0.347058824,0.445454545,0.2,1,1,1,0,0,1,1,1,Ischemic
SYN-02319,0.909090909,0,0.131034483,1,0,0,0,0,0,0,1,0,0.488235294,0.436363636,0.307142857,0,1,1,1,0,0,0,0,Ischemic
SYN-02508,0.857142857,0,0.531034483,0,0,1,0,0,0,0,1,0,0.335294118,0.272727273,0.2,1,1,1,0,0,1,0,0,Ischemic
SYN-00857,0.480519481,0,0.313793103,0,1,0,0,0,0,0,1,0,0.364705882,0.263636364,0.314285714,0,0,0,0,0,0,0,0,No Stroke
SYN-01226,0.363636364,1,0.14137931,0,0,0,0,0,0,0,1,0,0.111764706,0.281818182,0.285714286,0,0,0,0,0,0,0,0,No Stroke
SYN-01191,0.415584416,0,0.582758621,0,0,0,0,0,0,0,1,0,0.147058824,0.427272727,0.264285714,0,0,0,0,0,0,1,0,No Stroke
SYN-01887,0.701298701,1,0.572413793,1,0,1,0,0,0,0,1,0,0.288235294,0.309090909,0.278571429,1,0,1,1,0,1,0,0,Ischemic
SYN-00531,0.766233766,0,0.110344828,0,0,0,0,0,0,0,1,0,0.258823529,0.354545455,0.235714286,0,0,0,0,1,0,0,0,No Stroke
SYN-02399,0.61038961,1,0.55862069,0,0,0,0,0,0,1,1,0,0.388235294,0.336363636,0.257142857,1,1,0,0,1,1,1,1,Ischemic
SYN-00050,0.467532468,1,0.017241379,1,0,0,0,0,0,0,1,1,0.294117647,0.345454545,0.321428571,0,0,0,0,1,0,0,0,No Stroke
SYN-01462,0.636363636,1,0.393103448,0,0,0,0,1,0,0,1,1,0.211764706,0.354545455,0.242857143,0,0,0,0,0,0,0,1,No Stroke
SYN-00859,0.545454545,1,0.248275862,0,0,0,0,0,0,1,1,1,0.205882353,0.327272727,0.271428571,0,0,0,0,0,0,0,1,No Stroke
SYN-02182,0.7045555640368222,0,0.4708628762099801,1,0,1,0,0,0,0,1,1,0.5401063590379285,0.4530032669078357,0.3343138310725203,0,0,1,1,1,1,0,0,Ischemic
SYN-01073,0.61038961,0,0.334482759,0,0,0,0,0,0,0,1,0,0.364705882,0.254545455,0.321428571,0,0,0,0,0,0,0,0,No Stroke
SYN-00720,0.298701299,1,0.406896552,1,0,0,0,0,0,0,1,0,0.235294118,0.409090909,0.228571429,0,0,0,0,0,1,0,0,No Stroke
SYN-01698,0.5488981106500417,0,0.3481859269489128,0,0,0,0,0,0,0,1,0,0.4795598902324012,0.4454122554177698,0.2604300024201363,1,1,1,0,0,1,0,0,Ischemic
SYN-01847,0.584415584,0,0.368965517,1,0,0,0,0,0,0,1,0,0.352941176,0.418181818,0.264285714,0,0,0,0,0,0,1,0,Ischemic
SYN-02688,0.5669326021678337,1,0.5864898823573467,0,0,1,0,0,0,1,1,1,0.2699763675421786,0.3632496040871555,0.1792266479439698,1,0,0,0,0,0,0,0,Hemorrhagic
SYN-02119,0.636363636,1,0.331034483,0,0,0,0,0,0,1,1,0,0.370588235,0.345454545,0.2,1,0,1,0,0,1,1,0,Ischemic
SYN-02637,0.9987108040130946,0,0.3541598304209639,1,0,0,0,0,0,0,1,0,0.6433672293886884,0.4069779439404937,0.3823850004629705,0,0,1,0,1,0,0,0,Hemorrhagic
SYN-02548,0.441558442,1,0.244827586,1,0,0,0,0,0,0,1,0,0.323529412,0.209090909,0.192857143,0,1,1,0,0,1,0,0,Ischemic
SYN-03159,0.9223167291564212,0,0.2782499193240634,0,0,1,1,0,0,0,1,0,0.3094212652163431,0.3876673185282037,0.1652222326841955,0,1,1,0,0,1,0,1,Hemorrhagic
SYN-02667,0.9930767130172184,1,0.3756954860802069,0,1,0,1,0,0,0,1,1,0.4244434036100218,0.4481610797169301,0.0663239709807872,0,1,1,0,0,0,1,0,Hemorrhagic
SYN-02441,0.766233766,1,0.265517241,1,0,1,0,0,0,1,1,0,0.535294118,0.345454545,0.2,1,1,1,0,0,0,0,1,Ischemic
SYN-02857,0.6069632314795467,1,0.4280532004958727,1,0,1,0,0,0,0,1,0,0.4425833881849584,0.403807509313683,0.0773785035457392,1,1,1,0,0,1,0,1,Hemorrhagic
SYN-03229,0.873270674191528,0,0.3422422256439095,1,1,0,0,0,0,0,1,0,0.58003355341436,0.5411216730940642,0.3662267284131792,1,0,0,0,1,1,1,1,Hemorrhagic
SYN-02466,0.649350649,0,0.465517241,0,0,1,0,0,0,0,1,0,0.294117647,0.418181818,0.321428571,1,1,1,0,1,0,0,1,Ischemic
SYN-01787,0.701298701,1,0.355172414,0,0,0,0,0,0,0,1,1,0.311764706,0.390909091,0.364285714,1,1,1,0,0,1,0,1,Ischemic
SYN-01992,0.61038961,0,0.355172414,1,1,0,0,0,0,0,1,0,0.511764706,0.427272727,0.357142857,1,1,0,0,0,0,0,1,Ischemic
SYN-01564,0.701298701,0,0.293103448,0,0,0,0,0,0,1,1,0,0.417647059,0.318181818,0.171428571,0,0,0,0,0,0,0,0,No Stroke
SYN-02562,0.5173540970886464,0,0.4922693167817805,1,0,0,0,0,0,0,1,0,0.1589973272855313,0.4330165413882042,0.1406797887236872,1,1,0,0,0,0,0,0,Ischemic
SYN-01386,0.441558442,1,0.206896552,0,0,0,0,0,0,0,1,0,0.194117647,0.2,0.192857143,0,0,0,0,0,0,0,0,No Stroke
SYN-01400,0.25974026,1,0.213793103,0,0,0,0,0,0,0,1,0,0.252941176,0.390909091,0.25,0,0,1,0,0,0,0,0,No Stroke
SYN-01196,0.480519481,0,0.231034483,0,0,1,0,0,0,0,1,0,0.111764706,0.290909091,0.085714286,0,0,0,0,0,0,0,0,No Stroke
SYN-01651,0.571428571,0,0.486206897,1,0,0,0,0,0,0,1,0,0.482352941,0.336363636,0.242857143,0,1,1,1,0,0,1,1,Ischemic
SYN-03138,1.0,0,0.5136887296434297,1,0,1,0,0,0,0,1,0,0.5844325396699145,0.3971661423406658,0.2448445445772862,1,0,0,0,0,0,1,1,Hemorrhagic
SYN-02088,0.597402597,1,0.706896552,1,0,0,0,0,0,0,1,1,0.376470588,0.418181818,0.335714286,1,0,0,0,0,0,1,1,Ischemic
SYN-00298,0.428571429,0,0.020689655,0,0,0,0,0,0,1,1,1,0.247058824,0.236363636,0.242857143,0,0,1,0,0,0,0,0,No Stroke
SYN-03108,0.688311688,0,0.486206897,0,0,0,0,0,1,0,1,0,0.258823529,0.272727273,0.285714286,1,0,0,0,1,0,0,0,Hemorrhagic
SYN-01265,0.467532468,1,0.231034483,0,0,0,0,0,0,1,1,0,0.264705882,0.418181818,0.278571429,0,0,0,0,0,0,0,0,No Stroke
SYN-03400,0.826193055846151,1,0.3782772386490333,1,0,0,0,0,0,0,1,1,0.4097521591130959,0.3371065592666145,0.2930432008881914,0,0,0,0,0,1,1,0,Hemorrhagic
SYN-00959,0.493506494,1,0.186206897,0,0,0,0,0,0,1,1,0,0.176470588,0.354545455,0.242857143,0,0,0,0,0,0,0,0,No Stroke
SYN-02461,0.636363636,1,0.251724138,1,0,1,0,0,0,0,1,0,0.394117647,0.445454545,0.257142857,1,0,1,0,0,0,1,1,Ischemic
SYN-01743,0.415584416,1,0.486206897,0,0,1,0,0,0,0,1,1,0.123529412,0.245454545,0.357142857,0,0,1,0,1,0,0,0,Ischemic
SYN-02879,0.5593103019612752,1,0.3381205188936159,0,1,0,0,1,0,0,1,1,0.4482420666206966,0.4545516826407678,0.1721402586737321,1,0,1,0,1,1,1,1,Hemorrhagic
SYN-02167,1.0,0,0.64137931,0,1,1,0,0,0,0,1,0,0.352941176,0.381818182,0.221428571,0,1,0,0,0,0,0,1,Ischemic
SYN-01375,0.38961039,1,0.175862069,0,0,1,0,0,0,0,1,0,0.176470588,0.263636364,0.142857143,0,0,0,0,0,0,0,0,No Stroke
SYN-01287,0.415584416,1,0.344827586,0,0,0,0,0,0,1,1,1,0.305882353,0.209090909,0.157142857,0,0,0,0,0,0,0,0,No Stroke
SYN-00350,0.545454545,0,0.093103448,1,0,0,0,0,0,0,1,0,0.347058824,0.290909091,0.25,0,0,0,0,0,0,0,0,No Stroke
SYN-01369,0.402597403,0,0.382758621,0,0,0,0,0,0,0,1,0,0.152941176,0.345454545,0.142857143,0,0,0,0,0,0,0,0,No Stroke
SYN-02375,0.701298701,0,0.510344828,0,1,0,0,0,0,0,1,0,0.347058824,0.245454545,0.128571429,1,0,0,1,0,0,0,0,Ischemic
SYN-00644,0.467532468,1,0.313793103,0,0,0,0,0,0,0,1,0,0.311764706,0.209090909,0.285714286,0,0,0,0,0,0,1,0,No Stroke
SYN-02703,0.805194805,0,0.4,0,0,1,0,0,0,1,1,0,0.288235294,0.254545455,0.228571429,0,1,0,0,0,0,1,0,Hemorrhagic
SYN-01660,0.766233766,0,0.434482759,1,1,0,0,0,0,1,1,1,0.452941176,0.427272727,0.164285714,1,1,1,1,0,0,1,0,Ischemic
SYN-00670,0.38961039,1,0.403448276,0,0,0,0,0,0,0,1,0,0.323529412,0.345454545,0.292857143,0,0,0,0,0,0,0,0,No Stroke
SYN-03279,0.5371015266654923,0,0.3462025724301574,1,0,1,0,0,0,0,1,0,0.4369429083244658,0.3408248627649951,0.2653396379002844,0,0,1,1,0,1,1,0,Hemorrhagic
SYN-02934,0.8130023207662951,0,0.2014491902638385,1,0,0,0,0,0,1,1,0,0.5635686964473857,0.3953117004620201,0.2907908618376024,1,0,0,0,1,0,0,0,Hemorrhagic
SYN-01922,0.584415584,1,0.479310345,0,1,1,0,0,0,0,1,0,0.358823529,0.354545455,0.2,0,0,0,0,0,0,0,0,Ischemic
SYN-01180,0.246753247,1,0.334482759,0,0,0,0,0,0,0,1,1,0.370588235,0.3,0.15,0,0,0,0,0,0,0,0,No Stroke
SYN-02974,0.8401024931867392,1,0.2986427691297662,1,0,1,0,1,0,0,1,0,0.5391443997776102,0.448578361923413,0.2587704845292984,1,0,0,0,1,0,1,1,Hemorrhagic
SYN-02546,0.467532468,1,0.275862069,1,0,0,0,1,0,1,1,0,0.417647059,0.345454545,0.178571429,0,1,0,0,0,0,1,0,Ischemic
SYN-02836,0.9818158064835216,0,0.553637358171257,1,0,1,0,0,0,0,1,0,0.6077716770924665,0.4272550328658971,0.2320207597555533,1,0,0,0,0,0,1,1,Hemorrhagic
SYN-03394,0.6875430921934867,0,0.493259094270872,0,0,0,0,0,1,0,1,0,0.2603008623256254,0.2939489364008767,0.2913116036767014,1,0,0,0,1,0,0,1,Hemorrhagic
SYN-02130,0.480519481,1,0.475862069,1,0,0,0,0,0,1,1,0,0.270588235,0.4,0.214285714,0,0,0,0,0,0,1,1,Ischemic
SYN-01358,0.337662338,1,0.386206897,0,0,0,0,0,0,0,1,0,0.082352941,0.336363636,0.328571429,0,0,0,0,0,0,0,1,No Stroke
SYN-00787,0.74025974,1,0.331034483,0,0,0,0,0,0,0,1,1,0.423529412,0.390909091,0.171428571,0,0,0,0,0,0,0,1,No Stroke
SYN-03216,0.8608662861321502,1,0.434093511047093,1,0,0,0,0,0,0,1,0,0.63378779257998,0.2922864961441518,0.3298015937639935,1,0,0,1,1,1,0,0,Hemorrhagic
SYN-00141,0.467532468,0,0.493103448,0,0,0,0,0,0,1,1,0,0.317647059,0.345454545,0.264285714,0,0,0,0,0,1,0,0,No Stroke
SYN-00789,0.363636364,1,0.303448276,0,0,0,0,0,0,0,1,0,0.258823529,0.281818182,0.171428571,0,0,0,0,0,0,0,0,No Stroke
SYN-00324,0.506493506,1,0.348275862,0,0,0,0,0,0,1,1,0,0.135294118,0.236363636,0.278571429,0,0,0,0,0,0,0,0,No Stroke
SYN-02430,0.857142857,1,0.24137931,1,1,1,0,0,0,0,1,0,0.464705882,0.390909091,0.207142857,0,1,0,0,0,1,0,0,Ischemic
SYN-00715,0.428571429,1,0.234482759,0,0,0,0,0,0,0,1,0,0.347058824,0.236363636,0.292857143,0,0,0,0,0,0,0,0,No Stroke
SYN-03162,0.7468219057962909,1,0.3295267145270873,1,0,0,0,1,0,1,1,0,0.5022340163018439,0.3899059895549168,0.2728759674135855,0,0,0,0,0,0,0,0,Hemorrhagic
SYN-02131,0.623376623,1,0.410344828,0,0,0,0,0,0,0,1,1,0.376470588,0.172727273,0.157142857,1,1,1,0,0,0,0,1,Ischemic
SYN-03311,0.571428571,0,0.579310345,1,1,0,0,0,0,0,1,0,0.347058824,0.354545455,0.242857143,0,1,0,1,1,1,1,0,Hemorrhagic
SYN-02014,0.506493506,0,0.286206897,1,0,0,0,0,1,0,1,0,0.476470588,0.481818182,0.185714286,0,1,1,1,0,0,0,0,Ischemic
SYN-03019,0.922077922,1,0.224137931,1,0,0,0,0,0,0,1,0,0.447058824,0.445454545,0.228571429,1,1,1,0,1,0,0,0,Hemorrhagic
SYN-01552,0.428571429,1,0.137931034,0,0,0,0,0,0,0,1,0,0.205882353,0.236363636,0.271428571,0,0,0,0,1,0,0,0,No Stroke
SYN-00619,0.324675325,0,0.382758621,0,0,0,0,0,0,1,1,0,0.029411765,0.236363636,0.2,1,0,0,0,0,0,0,1,No Stroke
SYN-00407,0.935064935,1,0.189655172,0,0,0,0,0,0,0,1,0,0.370588235,0.418181818,0.25,0,0,0,0,0,0,0,0,No Stroke
SYN-01673,0.766233766,1,0.4,1,1,0,0,0,0,0,1,0,0.429411765,0.463636364,0.207142857,0,0,1,0,1,0,1,0,Ischemic
SYN-01656,0.935064935,1,0.34137931,1,0,1,1,0,1,0,1,0,0.570588235,0.472727273,0.271428571,1,1,1,0,1,0,0,0,Ischemic
SYN-01540,0.298701299,1,0.372413793,0,0,0,0,0,0,0,1,0,0.1,0.272727273,0.178571429,0,0,0,0,0,0,0,0,No Stroke
SYN-01643,0.61038961,0,0.348275862,1,0,0,0,0,0,1,1,0,0.588235294,0.445454545,0.235714286,0,1,1,1,0,1,1,1,Ischemic
SYN-02710,0.9795375599397405,1,0.3069160219247164,1,0,1,0,0,0,0,1,1,0.4542116906660548,0.3447513885095948,0.193162795156857,0,0,0,0,1,0,0,1,Hemorrhagic
SYN-00498,0.688311688,1,0.193103448,0,0,0,0,0,0,0,1,0,0.247058824,0.372727273,0.314285714,0,0,0,0,0,0,0,0,No Stroke
SYN-02779,0.7574510521127253,0,0.0398682241944725,1,0,1,0,0,0,0,1,0,0.4666544421843679,0.4582920679008838,0.3014207430178963,0,1,0,0,1,0,1,0,Hemorrhagic
SYN-00343,0.467532468,0,0.334482759,0,0,0,0,0,0,0,1,0,0.182352941,0.336363636,0.192857143,0,0,0,0,0,0,0,0,No Stroke
SYN-02326,0.7879858204201913,0,0.3702655985779875,0,1,1,0,0,0,0,1,0,0.3512324632724424,0.3635935013482211,0.1937339755682766,0,0,0,1,0,0,0,1,Ischemic
SYN-02709,0.6873169382649383,0,0.5336144168040285,0,1,1,0,0,0,1,1,0,0.4718903997410887,0.3976387357206914,0.2145428821834368,0,0,0,0,1,0,1,0,Hemorrhagic
SYN-00783,0.480519481,0,0.379310345,1,0,0,0,0,0,0,1,0,0.358823529,0.309090909,0.114285714,0,0,0,0,0,1,0,0,No Stroke
SYN-01324,0.454545455,0,0.306896552,0,0,0,0,0,0,0,1,1,0.264705882,0.263636364,0.257142857,0,0,0,0,0,0,0,0,No Stroke
SYN-02272,0.766233766,0,0.24137931,0,0,1,0,0,0,0,1,0,0.317647059,0.336363636,0.228571429,1,0,0,0,0,1,1,1,Ischemic
SYN-02713,0.9084028039788752,1,0.3572373514091692,1,0,0,0,0,0,0,1,1,0.5225079200004122,0.508557248523236,0.2873113916375833,1,0,1,0,1,0,1,0,Hemorrhagic
SYN-00304,0.61038961,0,0.355172414,0,0,0,0,0,0,0,1,0,0.194117647,0.3,0.314285714,0,0,0,0,0,0,0,0,No Stroke
SYN-02926,0.7083449473582403,1,0.0231174799192448,1,0,0,0,0,0,0,1,1,0.3024352982764441,0.2617250477353217,0.2353151235967288,0,1,1,0,0,0,0,0,Hemorrhagic
SYN-02213,0.714285714,1,0.34137931,0,1,1,1,0,0,0,1,0,0.335294118,0.336363636,0.235714286,0,0,1,0,0,0,0,0,Ischemic
SYN-00665,0.636363636,1,0.410344828,0,0,0,0,0,0,0,1,0,0.358823529,0.263636364,0.057142857,0,0,0,0,0,1,1,0,No Stroke
SYN-01178,0.324675325,1,0.410344828,0,0,0,0,0,0,0,1,0,0.229411765,0.372727273,0.092857143,0,0,0,0,0,0,0,0,No Stroke
SYN-01245,0.532467532,1,0.337931034,0,1,1,0,0,0,0,1,0,0.194117647,0.336363636,0.45,0,0,0,0,0,0,0,0,No Stroke
SYN-02804,0.4945752339621632,0,0.4115364669985629,0,1,0,0,0,0,0,1,0,0.3273614563314437,0.3461609292877511,0.2953391794656895,0,0,1,1,1,0,1,1,Hemorrhagic
SYN-03533,0.9380622038387362,0,0.30196185337470854,0,0,1,1,0,0,0,1,0,0.37260158938294485,0.4561400654872746,0.16322652380586866,0,1,0,0,0,1,0,1,Hemorrhagic
SYN-03198,0.6607239416694498,0,0.3372096506871043,1,1,0,0,0,0,1,1,0,0.5427981311003109,0.3552581875296296,0.261764595005634,0,0,0,0,1,0,1,1,Hemorrhagic
SYN-02615,0.9244803080719408,1,0.6073148128542831,1,0,0,0,1,0,0,1,0,0.4769402456941082,0.369085472845876,0.24235140878723074,0,1,1,0,0,1,1,1,Ischemic
SYN-00085,0.493506494,0,0.193103448,0,0,1,0,0,0,0,1,0,0.335294118,0.245454545,0.15,0,0,0,0,0,0,0,0,No Stroke
SYN-02647,0.506493506,0,0.617241379,0,0,0,0,0,0,0,1,0,0.311764706,0.236363636,0.114285714,0,0,1,0,1,0,0,0,Hemorrhagic
SYN-00942,0.38961039,1,0.537931034,0,0,0,0,0,0,0,1,0,0.294117647,0.2,0.164285714,0,0,0,0,0,0,0,0,No Stroke
SYN-00962,0.38961039,1,0.406896552,0,0,0,0,0,0,0,1,1,0.258823529,0.354545455,0.221428571,0,0,0,0,0,1,0,0,No Stroke
SYN-00842,0.454545455,0,0.0,1,0,0,0,0,0,0,1,0,0.264705882,0.445454545,0.235714286,0,0,0,0,0,0,0,0,No Stroke
SYN-01925,0.87012987,0,0.0,0,0,1,0,0,1,0,1,0,0.358823529,0.4,0.271428571,0,1,0,0,1,1,0,0,Ischemic
SYN-02835,0.5910914897832957,0,0.5246501839995712,1,1,0,0,0,0,0,0,0,0.3513398446150143,0.341992326776488,0.2315131996309313,0,1,0,1,1,1,1,1,Hemorrhagic
SYN-01671,0.467532468,1,0.503448276,0,0,0,0,0,0,0,1,0,0.147058824,0.336363636,0.228571429,0,0,0,0,0,1,0,1,Ischemic
SYN-02226,0.805194805,1,0.448275862,1,0,0,0,0,0,1,1,0,0.352941176,0.436363636,0.3,0,0,0,0,0,1,0,0,Ischemic
SYN-02894,0.7878109539511339,1,0.5294723968996979,1,0,0,0,0,0,0,1,1,0.5304190085586395,0.4563160967503675,0.2229753263525131,0,0,1,0,0,1,0,1,Hemorrhagic
SYN-00291,0.415584416,1,0.427586207,0,0,0,0,0,0,0,1,0,0.311764706,0.309090909,0.357142857,0,0,0,0,0,0,0,0,No Stroke
SYN-02293,0.558441558,1,0.334482759,1,1,1,0,0,0,0,1,0,0.429411765,0.336363636,0.185714286,0,1,1,0,0,1,1,0,Ischemic
SYN-03123,0.9646839744349694,1,0.1705559543359022,1,0,0,0,0,0,0,1,0,0.4432944200764167,0.3757044877410032,0.2074210515775462,1,1,1,1,1,0,0,1,Hemorrhagic
SYN-03357,0.78591497367267,1,0.2423638698607639,1,0,0,0,0,0,1,1,0,0.3147295643867281,0.3026361355105679,0.2522067501175673,1,1,0,0,1,0,1,0,Hemorrhagic
SYN-00605,0.558441558,1,0.313793103,0,0,0,0,0,0,0,1,0,0.335294118,0.290909091,0.278571429,0,0,0,0,1,0,0,0,No Stroke
SYN-02438,0.1623508374446516,1,0.1524899253148604,0,0,0,0,0,0,0,1,0,0.1834776067182815,0.1504801517892121,0.1031632352154984,0,0,0,0,1,1,0,0,Ischemic
SYN-00917,0.207792208,0,0.286206897,1,0,0,0,0,0,1,1,0,0.358823529,0.409090909,0.357142857,0,0,0,0,0,0,0,0,No Stroke
SYN-01790,0.766233766,1,0.234482759,1,0,0,0,0,0,0,1,0,0.476470588,0.363636364,0.242857143,1,1,0,1,0,1,1,0,Ischemic
SYN-02197,0.61038961,1,0.206896552,0,1,0,0,0,0,1,1,0,0.329411765,0.363636364,0.214285714,1,1,0,0,0,0,1,1,Ischemic
SYN-01100,0.545454545,1,0.227586207,0,0,0,0,0,0,0,1,0,0.235294118,0.4,0.235714286,0,0,0,0,0,0,0,1,No Stroke
SYN-01089,0.532467532,0,0.375862069,0,0,0,0,0,0,0,1,0,0.305882353,0.281818182,0.321428571,0,0,0,0,0,0,0,0,No Stroke
SYN-02515,0.857142857,0,0.086206897,1,0,1,0,0,0,1,1,1,0.388235294,0.354545455,0.307142857,0,1,0,0,0,0,1,1,Ischemic
SYN-01861,0.675324675,0,0.531034483,0,0,1,0,0,0,0,1,0,0.382352941,0.336363636,0.214285714,0,1,0,1,0,0,1,0,Ischemic
SYN-00822,0.467532468,0,0.313793103,1,0,1,0,0,0,0,1,0,0.358823529,0.354545455,0.357142857,0,0,0,0,1,0,0,0,No Stroke
SYN-01848,0.961038961,1,0.503448276,0,1,0,0,0,0,0,1,0,0.4,0.281818182,0.307142857,1,1,0,0,0,1,1,1,Ischemic
SYN-03385,0.4535455513237841,1,0.47931611340764,0,1,0,0,0,0,0,1,0,0.4566723187490689,0.2400502394169508,0.1935326755189536,1,0,1,0,1,1,0,0,Hemorrhagic
SYN-02903,0.4126087033349969,1,0.4736141554761074,1,0,0,0,0,0,0,1,1,0.3677823452753508,0.3632812770462896,0.3088437619593123,1,1,0,1,1,1,0,0,Hemorrhagic
SYN-03419,0.493506494,1,0.34137931,1,0,0,0,0,0,1,1,0,0.382352941,0.472727273,0.235714286,1,1,0,0,1,0,0,1,Hemorrhagic
SYN-01303,0.480519481,0,0.479310345,0,0,0,0,0,0,0,1,0,0.305882353,0.254545455,0.328571429,0,0,0,0,0,0,0,0,No Stroke
SYN-01001,0.532467532,1,0.437931034,0,0,0,0,0,0,1,1,0,0.294117647,0.218181818,0.214285714,0,0,0,0,0,0,0,0,No Stroke
SYN-01937,0.675324675,1,0.737931034,1,0,0,0,0,0,0,1,0,0.447058824,0.472727273,0.264285714,0,0,0,1,0,1,1,1,Ischemic
SYN-01478,0.363636364,1,0.262068966,0,0,0,0,0,0,0,1,0,0.323529412,0.190909091,0.235714286,0,0,0,0,0,0,0,0,No Stroke
SYN-00019,0.558441558,1,0.255172414,0,0,1,0,0,0,0,1,1,0.258823529,0.4,0.214285714,0,0,0,0,0,0,0,0,No Stroke
SYN-00494,0.272727273,0,0.189655172,0,0,0,0,0,0,0,1,0,0.029411765,0.245454545,0.257142857,0,0,0,0,0,0,0,0,No Stroke
SYN-01126,0.311688312,1,0.479310345,0,0,0,0,0,0,0,1,0,0.323529412,0.190909091,0.307142857,0,0,0,0,0,0,0,0,No Stroke
SYN-01405,0.571428571,0,0.365517241,0,0,0,0,0,0,1,1,0,0.241176471,0.290909091,0.378571429,0,0,0,0,0,0,0,0,No Stroke
SYN-01980,0.714285714,1,0.403448276,1,1,0,0,0,0,0,1,0,0.429411765,0.427272727,0.207142857,0,0,1,0,0,1,1,0,Ischemic
SYN-01749,0.584415584,0,0.506896552,0,0,1,0,0,0,0,1,0,0.317647059,0.336363636,0.221428571,0,0,0,0,0,1,0,1,Ischemic
SYN-02756,0.5692093853200221,1,0.1566990578255282,1,0,0,0,0,0,0,1,1,0.5221711524004892,0.4801074839861574,0.2537558349952372,0,0,0,0,1,0,0,0,Hemorrhagic
SYN-02179,0.74025974,1,0.413793103,0,0,0,1,0,0,0,1,0,0.394117647,0.390909091,0.221428571,0,1,0,0,0,1,1,1,Ischemic
SYN-01801,0.376623377,1,0.427586207,1,0,0,0,0,0,0,1,0,0.317647059,0.472727273,0.235714286,0,0,0,0,0,0,1,1,Ischemic
SYN-00585,0.649350649,1,0.475862069,0,0,0,0,0,0,0,1,0,0.323529412,0.4,0.228571429,0,0,0,0,0,0,0,0,No Stroke
SYN-02096,0.766233766,0,0.289655172,0,0,1,0,1,0,0,1,0,0.405882353,0.4,0.257142857,1,0,0,0,0,0,0,1,Ischemic
SYN-00688,0.324675325,1,0.565517241,0,0,0,0,0,0,0,1,0,0.129411765,0.309090909,0.278571429,1,0,0,0,1,0,0,0,No Stroke
SYN-03553,0.7472100063478395,0,0.1781750075709891,1,0,0,0,0,0,1,1,0,0.3443022558133937,0.49865475017798744,0.2646336010651758,1,1,1,1,1,0,1,0,Hemorrhagic
SYN-03255,0.5547984679084419,0,0.4143606932348872,1,0,1,0,0,0,1,1,0,0.4004265168863206,0.3449059081489541,0.1195236791994012,1,1,1,1,0,1,0,0,Hemorrhagic
SYN-02414,0.207792208,1,0.331034483,0,0,0,0,0,0,1,1,0,0.147058824,0.3,0.135714286,0,0,0,0,1,0,1,1,Ischemic
SYN-01964,0.688311688,0,0.203448276,1,0,0,0,0,0,0,1,0,0.317647059,0.409090909,0.192857143,0,0,1,0,0,1,1,0,Ischemic
SYN-01010,0.402597403,1,0.179310345,1,0,0,0,0,0,1,1,0,0.317647059,0.509090909,0.25,0,0,0,0,0,0,0,0,No Stroke
SYN-02882,0.8914606865717268,1,0.3503372375935916,1,0,0,0,0,1,0,1,0,0.3656059175814106,0.3757557621980492,0.2537090323270119,1,0,0,0,1,0,1,1,Hemorrhagic
SYN-00361,0.727272727,1,0.248275862,0,0,0,0,0,0,0,1,1,0.294117647,0.345454545,0.278571429,0,0,0,0,0,0,0,0,No Stroke
SYN-03049,0.7955027526752705,1,0.1514131855484407,1,0,0,0,0,0,0,1,0,0.550066169837291,0.4769794914755006,0.1256797092140159,1,1,1,0,0,0,1,0,Hemorrhagic
SYN-03271,0.8193740726754923,0,0.4539020846747193,1,0,0,0,0,0,0,1,0,0.402481068138131,0.4176449892549384,0.2141951962936754,1,0,0,0,1,1,0,0,Hemorrhagic
SYN-03174,0.761067168932841,0,0.3707640040893701,1,0,0,0,0,0,0,1,0,0.5673998819827296,0.4382089378715383,0.3062149939596831,1,1,1,0,1,1,0,1,Hemorrhagic
SYN-01311,0.233766234,1,0.348275862,0,0,0,0,0,0,0,1,0,0.2,0.245454545,0.221428571,0,0,0,0,0,0,0,0,No Stroke
SYN-01738,0.623376623,1,0.217241379,1,0,0,0,0,0,1,1,0,0.470588235,0.372727273,0.185714286,0,1,1,1,1,1,0,1,Ischemic
SYN-01593,0.38961039,0,0.203448276,0,0,1,0,0,0,0,1,1,0.176470588,0.218181818,0.221428571,0,0,0,0,0,0,1,0,No Stroke
SYN-02792,1.0,1,0.1797191667722889,1,0,0,0,0,0,0,1,0,0.5120290861382268,0.4206094592529616,0.2037404885999013,1,1,1,0,1,0,0,1,Hemorrhagic
SYN-02623,0.7952643843707262,0,0.29761533509484767,1,0,1,0,1,0,0,1,0,0.5752089693960999,0.4224933612135275,0.4199256951353235,1,1,1,1,0,1,1,1,Ischemic
SYN-00345,0.480519481,1,0.35862069,1,0,0,0,0,0,0,1,0,0.294117647,0.327272727,0.15,0,0,0,0,0,0,0,0,No Stroke
SYN-00987,0.701298701,0,0.355172414,0,0,0,0,0,0,1,1,0,0.288235294,0.263636364,0.157142857,0,0,0,0,0,0,0,0,No Stroke
SYN-01819,0.571428571,0,0.551724138,0,1,0,0,0,0,0,1,1,0.082352941,0.445454545,0.271428571,1,1,0,0,1,0,0,0,Ischemic
SYN-00744,0.311688312,0,0.217241379,1,0,1,0,0,0,0,1,0,0.494117647,0.336363636,0.321428571,0,0,0,0,0,0,0,0,No Stroke
SYN-02127,0.9202541884007486,1,0.3843014327199733,0,1,0,0,0,0,1,1,0,0.4109771669732394,0.3669581731950316,0.2684512057660784,1,1,0,0,0,0,0,1,Ischemic
SYN-03388,0.9220476531464756,1,0.3434977961987946,1,0,0,0,0,1,0,1,0,0.3794078857145548,0.4017112090220137,0.248766881431617,1,0,0,0,1,0,1,1,Hemorrhagic
SYN-00114,0.506493506,1,0.362068966,0,0,1,0,0,0,0,1,0,0.211764706,0.309090909,0.278571429,0,0,0,0,0,0,0,0,No Stroke
SYN-01438,0.467532468,1,0.437931034,0,0,1,0,0,0,0,1,0,0.211764706,0.309090909,0.114285714,0,0,0,0,0,0,0,0,No Stroke
SYN-01567,0.701298701,0,0.275862069,0,0,0,0,0,0,0,1,0,0.305882353,0.190909091,0.15,0,0,0,0,0,0,0,0,No Stroke
SYN-01242,0.298701299,1,0.3,0,0,0,0,0,0,0,1,0,0.211764706,0.3,0.214285714,0,0,0,0,1,0,0,0,No Stroke
SYN-01143,0.441558442,1,0.296551724,0,0,0,0,0,0,1,1,0,0.282352941,0.381818182,0.235714286,0,0,0,0,0,0,0,0,No Stroke
SYN-02752,0.727272727,1,0.293103448,0,0,1,0,0,0,0,1,0,0.4,0.3,0.221428571,0,1,0,0,1,0,1,0,Hemorrhagic
SYN-01217,0.337662338,0,0.196551724,0,0,0,0,0,0,0,1,0,0.217647059,0.263636364,0.221428571,0,0,0,0,0,0,0,0,No Stroke
SYN-01199,0.285714286,1,0.075862069,0,0,0,0,0,0,0,1,0,0.141176471,0.163636364,0.271428571,0,0,0,0,1,0,0,0,No Stroke
SYN-00086,0.454545455,1,0.351724138,0,1,1,0,0,0,1,1,0,0.341176471,0.290909091,0.292857143,0,0,0,0,0,0,0,0,No Stroke
SYN-01836,0.987012987,0,0.182758621,1,0,0,0,0,0,0,1,0,0.447058824,0.390909091,0.242857143,1,0,0,0,0,1,0,1,Ischemic
SYN-02469,0.727272727,1,0.334482759,1,0,1,0,0,1,0,1,0,0.535294118,0.327272727,0.242857143,1,1,0,0,1,1,0,1,Ischemic
SYN-01382,0.688311688,0,0.268965517,0,0,0,0,0,0,0,1,0,0.182352941,0.363636364,0.071428571,0,0,0,0,0,0,0,0,No Stroke
SYN-03441,0.8514546216159196,0,0.0565013917537936,1,1,0,1,0,1,0,1,0,0.3859902671758827,0.4467031404114032,0.3238884425229109,1,1,1,0,1,0,0,0,Hemorrhagic
SYN-00669,0.506493506,0,0.237931034,0,0,0,0,0,0,0,1,0,0.282352941,0.318181818,0.114285714,0,0,0,0,0,0,0,1,No Stroke
SYN-01015,0.558441558,1,0.306896552,0,0,0,0,0,0,0,1,0,0.417647059,0.309090909,0.157142857,0,0,0,0,0,0,0,0,No Stroke
SYN-00129,0.402597403,0,0.389655172,1,0,0,0,0,0,0,1,0,0.317647059,0.345454545,0.171428571,0,0,0,0,0,0,0,0,No Stroke
SYN-01365,0.207792208,0,0.25862069,0,0,0,0,0,0,1,1,0,0.105882353,0.327272727,0.221428571,0,0,0,0,0,0,0,0,No Stroke
SYN-02831,0.984409937259266,0,0.5163363034828214,1,0,1,0,0,0,0,1,0,0.555586080778799,0.4637419027451216,0.2339959431005929,1,0,0,0,0,0,1,1,Hemorrhagic
SYN-02468,0.545454545,1,0.586206897,0,0,1,0,0,0,1,1,0,0.288235294,0.281818182,0.107142857,0,0,1,1,0,1,0,0,Ischemic
SYN-00892,0.545454545,1,0.262068966,0,0,1,0,0,0,1,1,1,0.305882353,0.236363636,0.25,0,0,0,0,0,0,0,0,No Stroke
SYN-03106,1.0,1,0.3286814563858045,1,0,1,0,0,0,0,1,1,0.3881502426629371,0.3867135774423301,0.229659034071386,1,0,0,0,1,0,0,1,Hemorrhagic
SYN-01360,0.532467532,1,0.493103448,0,0,1,0,0,0,1,1,0,0.105882353,0.445454545,0.164285714,0,0,0,0,0,0,0,0,No Stroke
SYN-00308,0.558441558,1,0.044827586,0,0,0,0,1,0,1,1,0,0.276470588,0.372727273,0.335714286,0,0,0,0,0,0,0,0,No Stroke
SYN-00384,0.519480519,1,0.396551724,0,0,0,0,0,0,0,1,0,0.252941176,0.327272727,0.285714286,1,0,0,0,0,1,0,0,No Stroke
SYN-00151,0.636363636,1,0.203448276,0,0,0,0,0,0,0,1,0,0.329411765,0.345454545,0.207142857,0,0,0,0,0,0,0,0,No Stroke
SYN-01318,0.103896104,1,0.275862069,0,0,0,0,0,0,0,1,0,0.088235294,0.2,0.178571429,0,0,0,0,0,1,0,0,No Stroke
SYN-01452,0.623376623,1,0.134482759,0,0,0,0,0,0,0,1,0,0.552941176,0.190909091,0.214285714,1,0,0,0,0,0,0,0,No Stroke
SYN-01633,0.649350649,0,0.35862069,1,1,0,0,0,0,0,1,0,0.229411765,0.245454545,0.314285714,0,0,0,0,0,1,1,1,Ischemic
SYN-02506,0.974025974,0,0.331034483,1,1,0,0,0,0,1,1,0,0.423529412,0.445454545,0.15,1,0,1,0,0,1,0,0,Ischemic
SYN-00427,0.038961039,1,0.434482759,0,0,0,0,0,0,0,1,0,0.217647059,0.163636364,0.171428571,0,0,0,0,0,0,0,0,No Stroke
SYN-00495,0.727272727,0,0.217241379,0,0,0,0,0,0,0,1,0,0.341176471,0.136363636,0.242857143,0,0,0,0,0,1,1,0,No Stroke
SYN-01208,0.545454545,1,0.203448276,0,1,0,0,0,0,1,1,0,0.241176471,0.381818182,0.321428571,0,0,0,0,0,0,0,0,No Stroke
SYN-02009,0.623376623,1,0.589655172,0,0,0,0,0,0,0,1,0,0.358823529,0.3,0.214285714,1,0,0,0,1,1,0,0,Ischemic
SYN-02224,0.883116883,0,0.551724138,0,1,0,0,0,0,1,1,0,0.435294118,0.4,0.271428571,0,0,0,0,0,0,0,0,Ischemic
SYN-01209,0.220779221,0,0.010344828,0,0,0,0,0,0,0,1,0,0.188235294,0.354545455,0.264285714,0,0,0,0,0,1,0,1,No Stroke
SYN-03542,0.8036058146768786,1,0.2916321686505416,1,0,0,0,0,0,1,1,1,0.3989345252522794,0.4602399583524533,0.1701183310051382,1,0,1,0,0,1,1,0,Hemorrhagic
SYN-02992,0.5714936247083766,1,0.1223392375479561,1,0,1,0,0,0,0,1,0,0.3482244950698504,0.3179157766618288,0.1820263242032609,1,0,0,1,1,0,1,0,Hemorrhagic
SYN-02630,0.5581612810079822,0,0.3703975293018777,1,0,1,0,0,0,0,1,0,0.4076647183374359,0.2911595681601565,0.1414625019088887,1,1,1,1,0,1,0,0,Hemorrhagic
SYN-01602,0.402597403,1,0.696551724,0,0,0,0,0,0,0,1,0,0.252941176,0.318181818,0.1,0,1,0,0,0,0,0,0,Ischemic
SYN-01240,0.636363636,1,0.251724138,0,0,1,0,0,0,0,1,1,0.194117647,0.272727273,0.142857143,0,0,0,0,0,0,0,0,No Stroke
SYN-01806,0.74025974,1,0.134482759,0,1,0,0,0,0,0,1,1,0.276470588,0.372727273,0.171428571,0,1,0,0,1,0,1,0,Ischemic
SYN-01872,0.675324675,0,0.462068966,0,0,1,0,1,0,0,1,0,0.211764706,0.227272727,0.178571429,0,0,0,0,1,0,1,1,Ischemic
SYN-00276,0.571428571,0,0.227586207,0,0,0,0,0,0,0,1,0,0.305882353,0.181818182,0.25,0,1,0,0,0,0,0,1,No Stroke
SYN-00490,0.623376623,1,0.337931034,0,0,0,0,0,0,0,1,0,0.158823529,0.309090909,0.171428571,0,0,0,0,0,0,0,0,No Stroke
SYN-01746,0.818181818,0,0.537931034,1,0,1,1,0,1,0,1,0,0.535294118,0.490909091,0.342857143,1,1,0,1,0,1,1,0,Ischemic
SYN-01230,0.350649351,1,0.503448276,0,0,0,0,0,0,1,1,1,0.135294118,0.245454545,0.214285714,0,1,0,0,1,0,0,0,No Stroke
SYN-00691,0.441558442,1,0.244827586,0,0,0,0,0,0,0,1,0,0.129411765,0.363636364,0.228571429,0,0,0,0,0,0,0,0,No Stroke
SYN-01897,0.909090909,1,0.448275862,1,0,1,0,0,0,1,1,0,0.517647059,0.390909091,0.15,0,1,0,1,0,0,0,0,Ischemic
SYN-02393,0.74025974,0,0.213793103,0,1,0,0,0,1,0,1,0,0.276470588,0.363636364,0.328571429,1,1,0,0,0,1,0,1,Ischemic
SYN-01657,0.922077922,0,0.055172414,1,1,0,0,0,1,0,1,0,0.4,0.427272727,0.307142857,1,0,0,0,0,0,0,1,Ischemic
SYN-01721,0.714285714,0,0.482758621,0,1,0,0,0,0,1,1,0,0.4,0.336363636,0.121428571,0,0,1,0,0,1,1,0,Ischemic
SYN-02638,1.0,0,0.3246774597281158,1,0,0,0,0,0,0,1,0,0.650608055657503,0.377444934949904,0.3667220825664048,0,0,1,1,1,0,1,0,Hemorrhagic
SYN-02489,0.805194805,0,0.272413793,1,0,0,0,1,0,0,1,0,0.476470588,0.327272727,0.235714286,1,1,1,1,0,0,1,0,Ischemic
SYN-01059,0.662337662,1,0.234482759,0,0,0,0,0,0,0,1,1,0.3,0.463636364,0.242857143,0,0,0,0,0,0,0,0,No Stroke
SYN-00119,0.415584416,0,0.503448276,0,0,0,0,0,0,0,1,0,0.235294118,0.254545455,0.171428571,0,0,0,0,0,1,0,0,No Stroke
SYN-01025,0.324675325,1,0.3,0,0,0,0,0,0,1,1,0,0.229411765,0.354545455,0.242857143,0,0,0,0,0,0,0,0,No Stroke
SYN-03011,0.6749695673437692,1,0.0006490528358376,1,0,0,0,0,0,0,1,1,0.3165435384049568,0.2928967687637025,0.2433698571004083,0,1,1,0,0,0,0,0,Hemorrhagic
SYN-00282,0.623376623,1,0.35862069,0,0,0,0,0,0,1,1,1,0.370588235,0.236363636,0.207142857,0,0,0,0,0,0,0,0,No Stroke
SYN-02104,0.8099884564948214,1,0.1698319389430529,0,1,0,0,0,0,1,1,0,0.336004695108913,0.3875484663528767,0.1574392638487627,1,0,0,0,0,1,1,0,Ischemic
SYN-01317,0.597402597,1,0.482758621,0,0,0,0,0,0,1,1,0,0.276470588,0.245454545,0.25,0,0,0,0,0,0,0,0,No Stroke
SYN-02837,1.0,0,0.2923555797349043,1,0,1,0,0,0,0,1,0,0.5599108473694263,0.4672369992222179,0.2459729218465282,0,1,0,1,0,0,1,1,Hemorrhagic
SYN-00969,0.467532468,0,0.482758621,0,0,0,0,0,0,1,1,0,0.264705882,0.327272727,0.278571429,0,0,0,0,0,0,0,0,No Stroke
SYN-01661,0.688311688,0,0.220689655,1,1,0,0,0,1,0,1,0,0.417647059,0.418181818,0.164285714,0,0,1,0,0,0,0,0,Ischemic
SYN-03333,0.7386495795226945,0,0.1755688442217036,1,0,0,0,0,0,1,1,0,0.3618689179699674,0.4443743471194745,0.2111799329217506,1,1,1,1,1,0,1,0,Hemorrhagic
SYN-02627,0.7739588249021425,1,0.2421381853356898,1,0,0,0,0,0,0,1,1,0.5033632286206599,0.3798505099491508,0.3655910524902913,0,1,0,0,1,1,1,0,Hemorrhagic
SYN-00620,0.350649351,1,0.475862069,0,0,0,0,0,0,0,1,0,0.141176471,0.227272727,0.25,0,0,0,0,0,0,0,0,No Stroke
SYN-02939,0.7550954608805123,0,0.3012666304222084,1,0,0,0,1,0,1,1,0,0.4375136636826839,0.3075821848197266,0.2434590781620978,0,1,1,0,1,1,0,1,Hemorrhagic
SYN-00156,0.909090909,1,0.3,0,0,0,0,0,0,0,1,0,0.464705882,0.2,0.221428571,0,0,0,0,0,0,1,0,No Stroke
SYN-03496,0.926504155687748,1,0.341740331820674,1,0,0,0,0,0,0,1,1,0.5097317930328149,0.4950316994269202,0.3172526628702762,1,0,1,0,1,0,1,0,Hemorrhagic
SYN-02214,0.766233766,1,0.410344828,0,1,1,0,0,0,0,1,0,0.388235294,0.3,0.292857143,1,1,0,0,0,0,1,0,Ischemic
SYN-00305,0.727272727,0,0.310344828,0,0,0,0,0,0,0,1,0,0.329411765,0.490909091,0.278571429,0,0,0,0,0,0,0,0,No Stroke
SYN-02330,0.831168831,1,0.482758621,1,0,0,1,0,1,1,1,0,0.5,0.463636364,0.228571429,0,0,0,0,1,0,0,0,Ischemic
SYN-03043,0.47616511694447,1,0.4631672716442804,0,1,0,0,0,0,0,1,0,0.4836578816735023,0.2551419411953615,0.209483479157106,1,0,1,0,1,1,0,0,Hemorrhagic
SYN-01963,0.636363636,0,0.313793103,1,0,0,0,0,1,0,1,0,0.482352941,0.372727273,0.25,1,0,0,0,0,0,0,1,Ischemic
SYN-03584,0.6970468769884834,0,0.40015541358402923,1,1,0,0,0,0,1,1,0,0.5947490396029343,0.2747389806470547,0.17478845616224006,1,0,1,0,0,0,0,1,Hemorrhagic
SYN-02675,0.6947275475270382,1,0.5322710419534852,1,0,1,0,0,0,1,1,0,0.498538743560809,0.4283654487298287,0.272756567647209,0,1,0,0,0,1,0,1,Hemorrhagic
SYN-01308,0.298701299,1,0.35862069,1,0,0,0,0,0,0,1,0,0.452941176,0.372727273,0.2,0,0,0,0,0,0,0,0,No Stroke
SYN-01972,0.805194805,1,0.324137931,0,1,0,0,0,0,0,1,0,0.364705882,0.372727273,0.157142857,0,0,1,0,0,1,1,1,Ischemic
SYN-00576,0.532467532,0,0.5,0,0,1,0,0,0,0,1,0,0.294117647,0.3,0.235714286,0,0,0,0,0,0,0,0,No Stroke
SYN-02342,0.441558442,1,0.613793103,0,0,0,0,0,0,0,1,0,0.347058824,0.318181818,0.292857143,1,1,1,1,0,1,1,0,Ischemic
SYN-03199,0.7319022346822891,0,0.5411780933370584,0,0,0,0,0,1,0,1,0,0.2771498688251095,0.2811646014704709,0.3104833293641963,1,0,0,0,1,0,0,0,Hemorrhagic
SYN-03131,0.5885558877558164,1,0.4571948699088669,0,0,0,1,0,0,0,1,0,0.1574495595165978,0.081181226378379,0.1064370363574148,1,1,1,1,1,0,0,0,Hemorrhagic
SYN-01300,0.714285714,0,0.355172414,0,0,1,0,0,0,0,1,0,0.229411765,0.3,0.264285714,0,0,1,0,0,0,0,0,No Stroke
SYN-02722,0.5994352821056809,1,0.3482160697885706,0,0,1,0,0,1,0,1,0,0.354638917341027,0.3960225768658159,0.1573158918596578,0,1,1,0,0,0,0,0,Hemorrhagic
SYN-02955,0.5488696020753175,0,0.331848015103887,1,0,1,0,0,0,0,1,0,0.458267189236993,0.4292247883098282,0.2809793015522007,0,0,1,1,0,1,1,0,Hemorrhagic
SYN-02875,0.6457450729541684,1,0.2778424451951035,1,0,0,0,0,0,1,1,1,0.4346941108790386,0.4359314770109019,0.1794364805052124,0,1,1,0,0,1,0,1,Hemorrhagic
SYN-01792,0.597402597,1,0.151724138,1,1,0,0,0,0,0,1,0,0.482352941,0.381818182,0.164285714,1,1,1,0,0,1,0,0,Ischemic
SYN-00844,0.142857143,0,0.231034483,0,0,0,0,0,0,0,1,0,0.141176471,0.318181818,0.214285714,0,0,0,0,0,0,0,0,No Stroke
SYN-01814,0.7871869301973595,0,0.4140059892310102,0,0,0,0,0,0,0,1,0,0.3610176649939912,0.3996018023112739,0.2782341654933666,1,0,0,1,0,0,0,1,Ischemic
SYN-00270,0.441558442,0,0.513793103,0,0,0,0,0,0,1,1,0,0.3,0.409090909,0.278571429,0,0,0,0,0,0,0,0,No Stroke
SYN-00630,0.519480519,1,0.368965517,0,0,0,0,0,0,0,1,0,0.3,0.409090909,0.25,0,0,0,0,0,0,0,0,No Stroke
SYN-01034,0.441558442,1,0.279310345,0,0,0,0,0,0,0,1,0,0.270588235,0.290909091,0.278571429,0,0,0,0,0,1,0,0,No Stroke
SYN-02078,0.7860674468799982,0,0.2153393504102609,1,0,1,0,0,0,0,1,0,0.489546963958906,0.5768879816400366,0.2901984342375076,1,0,1,0,0,0,0,0,Ischemic
SYN-00287,0.493506494,1,0.351724138,0,0,0,0,0,0,0,1,1,0.176470588,0.318181818,0.328571429,0,0,0,0,0,0,0,0,No Stroke
SYN-01327,0.246753247,1,0.382758621,0,0,0,0,0,0,0,1,0,0.152941176,0.309090909,0.242857143,0,0,0,0,0,0,0,0,No Stroke
SYN-02645,0.4842472287584723,1,0.3504193230460896,1,0,0,0,0,0,1,1,0,0.357623046709233,0.4525755861762108,0.2600884821108534,1,1,0,0,1,0,0,1,Hemorrhagic
SYN-00301,0.545454545,0,0.348275862,0,0,0,0,0,0,0,1,0,0.217647059,0.363636364,0.292857143,0,0,0,0,0,0,0,0,No Stroke
SYN-01955,0.61038961,0,0.468965517,0,0,1,0,0,0,1,1,0,0.370588235,0.363636364,0.214285714,1,0,1,0,0,0,0,0,Ischemic
SYN-01448,0.324675325,1,0.337931034,0,0,1,0,0,0,0,1,1,0.194117647,0.327272727,0.128571429,0,0,0,0,0,0,0,0,No Stroke
SYN-01473,0.441558442,1,0.303448276,0,0,0,0,0,0,0,1,0,0.188235294,0.281818182,0.1,0,0,0,0,0,0,0,0,No Stroke
SYN-02996,0.5790833318325914,1,0.5987880596163645,0,0,1,0,1,0,0,1,0,0.2311818341427229,0.4179202736524958,0.1913618685678924,1,0,0,0,1,0,1,0,Hemorrhagic
SYN-02222,0.428571429,1,0.406896552,0,0,1,0,0,0,0,1,0,0.2,0.209090909,0.178571429,0,0,1,0,1,0,0,0,Ischemic
SYN-01899,0.714285714,0,0.493103448,0,1,0,0,0,0,0,1,0,0.305882353,0.245454545,0.142857143,1,0,0,0,0,0,0,1,Ischemic
SYN-00066,0.766233766,1,0.227586207,0,0,1,0,0,0,0,1,0,0.223529412,0.290909091,0.192857143,0,0,0,0,1,0,0,0,No Stroke
SYN-02654,0.61038961,1,0.120689655,1,0,1,0,0,0,0,1,0,0.347058824,0.3,0.2,1,0,0,1,1,0,1,0,Hemorrhagic
SYN-00891,0.116883117,1,0.362068966,0,0,0,0,0,0,0,1,1,0.129411765,0.409090909,0.128571429,0,0,0,0,1,0,0,0,No Stroke
SYN-02771,0.6318657614544434,1,0.1420456515144208,1,0,1,0,0,0,0,1,0,0.3507770283980068,0.3078741821787947,0.2116112489373855,1,0,0,1,1,0,1,0,Hemorrhagic
SYN-03112,0.805194805,0,0.296551724,1,0,0,0,0,0,0,1,0,0.541176471,0.409090909,0.121428571,1,1,0,0,0,1,0,1,Hemorrhagic
SYN-02261,0.831168831,0,0.189655172,1,1,0,0,0,0,0,1,0,0.482352941,0.563636364,0.3,1,0,1,1,0,0,1,0,Ischemic
SYN-02239,0.480519481,0,0.251724138,1,0,1,0,0,0,0,1,0,0.464705882,0.372727273,0.3,0,0,0,0,0,1,1,0,Ischemic
SYN-00231,0.285714286,1,0.362068966,0,0,0,0,0,0,1,1,0,0.182352941,0.209090909,0.264285714,0,0,0,0,0,0,0,0,No Stroke
SYN-00504,0.584415584,1,0.25862069,1,0,0,0,0,0,0,1,0,0.4,0.336363636,0.214285714,0,0,0,0,0,0,0,0,No Stroke
SYN-01750,1.0,1,0.372413793,1,0,1,0,1,0,0,1,0,0.529411765,0.472727273,0.185714286,1,1,1,1,0,1,1,0,Ischemic
SYN-02484,0.623376623,1,0.410344828,0,1,0,0,1,0,0,1,0,0.382352941,0.4,0.4,0,1,1,1,0,0,1,0,Ischemic
SYN-03442,0.6535736041945468,1,0.4543205807055885,0,0,0,0,0,0,0,1,0,0.2470446798870958,0.3771580266317028,0.277026983080157,0,1,0,1,1,0,1,1,Hemorrhagic
SYN-01526,0.506493506,0,0.537931034,0,0,0,0,0,0,1,1,0,0.270588235,0.372727273,0.307142857,0,0,0,0,0,0,0,0,No Stroke
SYN-02543,0.896103896,0,0.355172414,0,1,1,0,0,0,0,1,0,0.235294118,0.445454545,0.328571429,1,1,0,1,1,1,1,1,Ischemic
SYN-01776,0.831168831,1,0.427586207,0,0,0,0,1,0,0,1,0,0.305882353,0.454545455,0.328571429,1,1,0,1,0,0,0,0,Ischemic
SYN-01005,0.519480519,0,0.234482759,0,0,0,0,0,0,0,1,0,0.205882353,0.263636364,0.271428571,0,0,0,0,0,0,0,0,No Stroke
SYN-00837,0.493506494,0,0.331034483,0,0,0,0,0,0,0,1,0,0.305882353,0.3,0.314285714,0,0,0,0,0,0,0,0,No Stroke
SYN-02347,0.545454545,0,0.593103448,1,0,1,0,0,0,1,1,0,0.376470588,0.336363636,0.285714286,1,1,0,1,0,0,1,0,Ischemic
SYN-00375,0.558441558,1,0.513793103,0,0,0,0,0,0,0,1,0,0.323529412,0.309090909,0.221428571,0,0,0,0,0,0,0,0,No Stroke
SYN-03345,1.0,0,0.2816040736970709,1,0,1,0,0,0,0,1,0,0.4638075955624645,0.4161093812718339,0.2286124758609794,0,1,0,1,0,0,1,1,Hemorrhagic
SYN-02528,0.857142857,0,0.213793103,0,0,1,0,0,0,0,1,0,0.335294118,0.454545455,0.242857143,0,1,0,1,0,0,1,1,Ischemic
SYN-02651,1.0,0,0.3694714807405818,1,0,0,0,0,0,0,1,0,0.622117422021173,0.364221198473755,0.3878062256401648,0,0,1,0,1,0,1,0,Hemorrhagic
SYN-00940,0.688311688,1,0.406896552,0,0,1,0,0,0,0,1,0,0.217647059,0.327272727,0.292857143,0,0,0,0,0,0,0,0,No Stroke
SYN-01322,0.415584416,0,0.275862069,0,0,1,0,0,0,0,1,1,0.235294118,0.336363636,0.292857143,0,0,0,0,0,0,0,0,No Stroke
SYN-02274,0.688311688,1,0.437931034,0,0,1,0,0,1,1,1,0,0.4,0.5,0.214285714,1,0,0,0,0,1,0,0,Ischemic
SYN-03039,0.8130634626397396,0,0.4925752936776245,1,0,0,0,0,0,0,1,0,0.4246930474533906,0.4463342100842908,0.194270557052963,1,0,0,0,1,1,0,0,Hemorrhagic
SYN-00752,0.311688312,0,0.417241379,0,0,0,0,0,0,0,1,0,0.288235294,0.281818182,0.235714286,0,0,0,0,0,0,0,0,No Stroke
SYN-00100,0.324675325,0,0.296551724,0,0,0,0,0,0,0,1,0,0.188235294,0.309090909,0.2,0,0,0,1,0,0,0,1,No Stroke
SYN-01544,0.038961039,0,0.275862069,0,0,0,0,0,0,0,1,0,0.047058824,0.3,0.378571429,0,0,0,0,0,0,0,0,No Stroke
SYN-03261,0.753246753,0,0.2,1,0,0,0,0,0,1,1,0,0.370588235,0.490909091,0.242857143,1,1,1,1,1,0,1,0,Hemorrhagic
SYN-00867,0.532467532,0,0.0,0,0,0,0,0,0,0,1,0,0.247058824,0.345454545,0.271428571,0,0,0,0,1,0,0,0,No Stroke
SYN-00911,0.675324675,1,0.368965517,0,0,0,0,0,1,0,1,0,0.311764706,0.427272727,0.2,0,0,0,0,0,0,0,0,No Stroke
SYN-01913,0.58730734467036,1,0.5288411098652253,0,1,0,0,0,0,0,1,0,0.509064729899726,0.3430785728765166,0.2691189385003042,0,1,0,0,1,1,0,0,Ischemic
SYN-01576,0.285714286,0,0.217241379,0,0,0,0,0,0,1,1,0,0.229411765,0.372727273,0.242857143,0,0,0,0,0,0,0,1,No Stroke
SYN-00530,0.532467532,1,0.165517241,0,1,0,0,0,0,1,1,0,0.270588235,0.318181818,0.25,0,0,0,0,0,0,0,0,No Stroke
SYN-01261,0.428571429,1,0.579310345,0,0,0,0,0,0,0,1,0,0.347058824,0.354545455,0.264285714,0,0,0,0,0,0,0,0,No Stroke
SYN-02700,0.8116509596749306,0,0.2652190924413709,1,0,0,1,0,0,0,1,0,0.525955198296366,0.4093999372976314,0.1497132400489577,1,1,0,0,0,1,0,1,Hemorrhagic
SYN-02203,0.896103896,1,0.365517241,1,0,0,0,0,0,1,1,0,0.382352941,0.481818182,0.335714286,1,1,1,0,0,0,1,0,Ischemic
SYN-00637,0.480519481,0,0.268965517,0,0,0,0,0,0,1,1,0,0.247058824,0.363636364,0.221428571,0,0,0,1,0,0,0,0,No Stroke
SYN-01270,0.428571429,1,0.424137931,0,0,0,0,0,0,1,1,0,0.294117647,0.336363636,0.257142857,0,0,0,0,0,0,1,0,No Stroke
SYN-00186,0.415584416,1,0.082758621,0,0,0,0,0,0,1,1,0,0.235294118,0.336363636,0.264285714,0,0,0,0,0,0,0,0,No Stroke
SYN-02257,0.766233766,1,0.675862069,1,0,1,1,0,1,0,1,1,0.511764706,0.418181818,0.271428571,1,1,1,1,0,0,1,1,Ischemic
SYN-01718,0.649350649,0,0.362068966,0,0,1,0,1,0,0,1,0,0.252941176,0.209090909,0.257142857,0,0,0,0,0,0,1,1,Ischemic
SYN-02019,0.792207792,1,0.213793103,1,1,1,0,0,1,0,1,0,0.488235294,0.418181818,0.285714286,0,1,1,0,0,1,0,1,Ischemic
SYN-00932,0.558441558,1,0.324137931,0,0,1,0,0,0,1,1,0,0.294117647,0.272727273,0.271428571,0,0,0,0,0,1,0,0,No Stroke
SYN-01442,0.402597403,1,0.413793103,0,0,0,0,0,0,0,1,0,0.270588235,0.263636364,0.128571429,0,0,0,0,0,0,0,0,No Stroke
SYN-02608,0.9388101494190482,1,0.47319500364400857,1,1,0,0,1,1,0,1,0,0.5711333744446986,0.3418103531145301,0.22993958585132354,0,1,1,0,0,0,0,0,Ischemic
SYN-02740,0.832293020659524,1,0.4524831527566125,1,0,0,0,0,0,0,1,0,0.6229129147084613,0.3770599852173516,0.2306430514372592,1,0,0,1,1,1,0,0,Hemorrhagic
SYN-01536,0.61038961,1,0.186206897,0,0,0,0,0,0,0,1,0,0.317647059,0.309090909,0.135714286,0,0,0,0,0,0,0,0,No Stroke
SYN-02340,0.649350649,1,0.527586207,0,0,0,0,0,1,0,1,0,0.358823529,0.209090909,0.171428571,0,1,1,0,0,1,0,1,Ischemic
SYN-02863,0.6270275618412622,0,0.3872676250663278,0,1,1,0,0,1,0,1,0,0.4104491354425214,0.2762478345313954,0.2893675770239237,1,1,0,0,0,1,0,0,Hemorrhagic
SYN-01274,0.519480519,0,0.489655172,0,0,0,0,0,0,0,1,0,0.241176471,0.290909091,0.171428571,1,0,0,0,1,0,0,0,No Stroke
SYN-02477,0.896103896,1,0.468965517,0,1,0,0,0,0,1,1,0,0.441176471,0.390909091,0.2,1,1,1,0,0,1,0,1,Ischemic
SYN-03452,0.6029063641246641,1,0.2533815855246379,1,0,0,0,0,0,1,1,0,0.5844295686643682,0.188228153007106,0.3097451680134631,1,0,1,0,1,1,0,0,Hemorrhagic
SYN-00608,0.506493506,0,0.137931034,0,0,0,0,0,0,0,1,0,0.241176471,0.336363636,0.221428571,0,0,0,0,0,0,0,0,No Stroke
SYN-02820,0.615268386536882,1,0.5757985484134218,0,0,0,0,0,0,0,1,0,0.3047372711050982,0.3625446061920379,0.3307645798303892,0,1,0,1,0,0,1,1,Hemorrhagic
SYN-01877,0.480519481,1,0.651724138,0,0,0,0,0,0,1,1,0,0.152941176,0.381818182,0.3,1,1,1,0,0,1,1,1,Ischemic
SYN-00152,0.350649351,1,0.579310345,0,0,0,0,0,0,0,1,1,0.329411765,0.363636364,0.3,0,0,0,0,0,0,0,0,No Stroke
SYN-03076,0.5687261529697243,0,0.3587603241660628,1,0,1,0,0,0,0,1,0,0.3717045058991441,0.3304936511471396,0.1219198233784142,1,1,1,1,0,1,0,0,Hemorrhagic
SYN-02565,0.766233766,1,0.479310345,0,0,0,0,0,0,0,1,0,0.441176471,0.327272727,0.25,0,0,1,0,0,0,1,0,Ischemic
SYN-02555,0.74025974,0,0.403448276,0,0,1,1,0,0,1,1,0,0.447058824,0.5,0.235714286,0,1,0,0,0,0,1,0,Ischemic
SYN-02298,0.584415584,1,0.682758621,0,0,0,0,0,0,0,1,0,0.305882353,0.409090909,0.271428571,0,0,0,0,0,0,0,0,Ischemic
SYN-00732,0.623376623,0,0.217241379,0,0,0,0,0,0,0,1,0,0.352941176,0.309090909,0.342857143,0,0,0,0,0,0,0,1,No Stroke
SYN-01939,0.779220779,1,0.286206897,1,0,0,0,0,1,0,1,0,0.547058824,0.427272727,0.114285714,0,1,0,0,0,0,0,0,Ischemic
SYN-02284,0.571428571,1,0.382758621,1,0,1,0,0,0,1,1,1,0.535294118,0.454545455,0.271428571,1,0,0,1,0,0,1,0,Ischemic
SYN-03259,0.4649829318105556,1,0.4494476517589819,0,1,0,0,0,0,0,1,0,0.518542580179272,0.2333320451805291,0.1902408918850084,1,0,1,0,1,1,0,0,Hemorrhagic
SYN-00024,0.584415584,0,0.386206897,0,0,0,0,0,0,1,1,0,0.305882353,0.318181818,0.185714286,0,0,0,0,0,0,0,0,No Stroke
SYN-03007,0.688311688,1,0.551724138,1,0,1,0,0,0,1,1,0,0.511764706,0.409090909,0.257142857,0,1,0,0,0,1,0,1,Hemorrhagic
SYN-00159,0.0,0,0.255172414,0,0,0,0,0,0,1,1,0,0.158823529,0.054545455,0.185714286,0,0,0,0,0,0,0,0,No Stroke
SYN-00862,0.298701299,1,0.355172414,0,0,0,0,0,0,0,1,1,0.317647059,0.272727273,0.178571429,0,0,0,0,0,0,0,1,No Stroke
SYN-02084,0.87012987,0,0.348275862,1,0,0,0,0,0,1,1,0,0.394117647,0.518181818,0.264285714,1,1,1,0,0,1,0,1,Ischemic
SYN-00903,0.532467532,0,0.186206897,0,0,1,0,0,0,0,1,0,0.382352941,0.309090909,0.142857143,0,0,0,0,0,0,0,0,No Stroke
SYN-00353,0.61038961,0,0.396551724,0,0,0,0,0,0,0,1,0,0.329411765,0.345454545,0.214285714,0,0,0,0,0,0,0,0,No Stroke
SYN-01231,0.415584416,0,0.268965517,0,0,1,0,0,0,0,1,0,0.217647059,0.445454545,0.278571429,0,0,0,0,0,0,0,0,No Stroke
SYN-03466,0.584415584,1,0.206896552,1,0,0,0,0,0,1,1,0,0.464705882,0.336363636,0.2,1,1,1,1,0,1,0,1,Hemorrhagic
SYN-00445,0.454545455,0,0.231034483,0,1,0,0,0,0,1,1,0,0.435294118,0.336363636,0.235714286,1,0,0,0,0,0,0,0,No Stroke
SYN-03511,0.7678721156301392,0,0.0516919139299932,1,0,1,0,0,0,0,0,0,0.4997341593085416,0.4062248895497951,0.3366311728389396,0,1,0,0,1,0,1,0,Hemorrhagic
SYN-00755,0.493506494,0,0.103448276,0,0,0,0,0,0,0,1,0,0.276470588,0.272727273,0.15,0,0,0,0,0,1,0,0,No Stroke
SYN-00924,0.441558442,0,0.310344828,0,0,0,0,0,0,0,1,0,0.305882353,0.281818182,0.15,0,0,0,0,0,1,0,0,No Stroke
SYN-01667,0.623376623,0,0.386206897,1,0,0,0,0,0,0,1,0,0.311764706,0.4,0.15,1,0,0,1,0,0,1,1,Ischemic
SYN-03551,0.6031569168311899,0,0.41389878006900416,1,0,0,0,0,0,0,1,0,0.3545941969042423,0.20485079358108177,0.26498913645791,0,1,1,0,1,0,1,0,Hemorrhagic
SYN-02520,0.402597403,0,0.65862069,0,0,0,0,0,0,0,1,1,0.217647059,0.4,0.264285714,0,1,0,0,0,0,0,1,Ischemic
SYN-00312,0.779220779,0,0.175862069,0,0,0,0,0,0,0,1,0,0.441176471,0.163636364,0.235714286,0,0,0,0,0,0,1,0,No Stroke
SYN-01376,0.623376623,1,0.093103448,0,0,0,0,0,0,1,1,0,0.470588235,0.3,0.142857143,0,0,0,0,0,0,0,0,No Stroke
SYN-00549,0.636363636,1,0.331034483,0,0,1,0,0,0,1,1,0,0.211764706,0.309090909,0.264285714,0,0,0,0,0,1,0,0,No Stroke
SYN-02388,0.675324675,1,0.320689655,0,0,1,0,0,0,1,1,0,0.364705882,0.390909091,0.235714286,0,1,0,0,0,1,0,1,Ischemic
SYN-02070,0.584415584,0,0.472413793,1,0,0,0,0,0,0,1,1,0.411764706,0.427272727,0.357142857,1,1,0,0,0,0,0,1,Ischemic
SYN-02979,0.918218642795486,0,0.3635857757026716,0,0,0,0,1,0,0,1,0,0.3988043388043132,0.5498398919677017,0.2731885362227655,1,1,0,0,1,0,0,1,Hemorrhagic
SYN-00307,0.493506494,1,0.037931034,0,1,0,0,0,0,0,1,0,0.247058824,0.254545455,0.364285714,0,0,0,0,0,0,0,0,No Stroke
SYN-00288,0.324675325,0,0.372413793,0,0,1,0,0,0,0,1,0,0.305882353,0.372727273,0.25,0,0,0,0,1,0,0,0,No Stroke
SYN-00695,0.441558442,1,0.327586207,0,0,1,0,0,0,0,1,0,0.182352941,0.272727273,0.107142857,0,0,0,0,0,0,0,0,No Stroke
SYN-00309,0.532467532,1,0.282758621,0,0,1,0,0,0,0,1,0,0.329411765,0.272727273,0.35,0,0,0,0,0,0,0,0,No Stroke
SYN-02639,0.74025974,0,0.420689655,1,0,0,1,0,0,0,1,0,0.547058824,0.463636364,0.157142857,0,0,1,1,1,1,0,0,Hemorrhagic
SYN-02766,0.675324675,0,0.331034483,1,1,0,0,0,1,1,1,0,0.558823529,0.372727273,0.221428571,0,0,0,0,1,0,1,1,Hemorrhagic
SYN-02280,0.584415584,1,0.337931034,0,0,0,0,0,0,0,1,0,0.217647059,0.254545455,0.178571429,1,0,1,0,0,0,0,0,Ischemic
SYN-00750,0.363636364,0,0.589655172,0,0,0,0,1,0,0,1,0,0.182352941,0.236363636,0.285714286,0,0,0,0,0,0,0,0,No Stroke
SYN-01591,0.675324675,1,0.196551724,0,0,0,0,0,0,0,1,0,0.182352941,0.354545455,0.235714286,0,0,0,0,0,0,0,0,No Stroke
SYN-01171,0.805194805,0,0.320689655,0,0,0,0,1,0,0,1,0,0.141176471,0.272727273,0.264285714,0,0,1,0,0,0,0,1,No Stroke
SYN-02338,1.0,1,0.3845039372793664,1,0,1,0,0,0,0,1,0,0.419716348688691,0.3352775890912419,0.1426555269961967,1,0,1,1,0,0,1,0,Ischemic
SYN-01267,0.506493506,1,0.234482759,0,0,0,0,0,0,0,1,0,0.158823529,0.372727273,0.114285714,0,0,0,0,0,0,0,1,No Stroke
SYN-01831,0.519480519,1,0.355172414,0,0,0,0,0,0,1,1,0,0.323529412,0.309090909,0.271428571,1,1,1,1,0,0,0,0,Ischemic
SYN-02079,0.74025974,0,0.572413793,0,0,1,0,0,0,1,1,0,0.405882353,0.236363636,0.278571429,1,0,1,0,0,0,0,1,Ischemic
SYN-00909,0.441558442,0,0.331034483,0,0,0,0,0,0,0,1,0,0.229411765,0.381818182,0.285714286,0,0,0,0,0,0,0,0,No Stroke
SYN-02776,0.6742575975943131,1,0.5632653863894765,0,0,1,0,1,0,0,1,1,0.3646740968069645,0.3799100380643998,0.2053877600215495,1,1,0,1,0,1,0,1,Hemorrhagic
SYN-00087,0.415584416,1,0.179310345,0,0,0,0,0,0,0,1,0,0.252941176,0.290909091,0.25,0,0,1,0,0,0,0,0,No Stroke
SYN-03075,0.5600449780594537,1,0.5528036396615035,0,0,1,0,1,0,0,1,0,0.2630308777570275,0.3625527471001806,0.2152930884406136,1,0,0,0,1,0,1,0,Hemorrhagic
SYN-01870,0.5240954062503556,1,0.3886254129914805,0,0,1,0,0,0,0,1,1,0.381948743455359,0.2630033856555318,0.1435554693016841,0,1,1,0,0,0,0,0,Ischemic
SYN-02970,0.5981524735602937,0,0.304535784948759,0,0,0,0,0,0,1,1,0,0.4235191114687687,0.3464946382826608,0.2437894198007241,0,1,0,0,1,0,1,1,Hemorrhagic
SYN-00971,0.480519481,0,0.282758621,0,0,0,0,0,0,0,1,1,0.282352941,0.190909091,0.221428571,0,0,0,0,0,0,1,0,No Stroke
SYN-00014,0.532467532,0,0.227586207,0,0,1,0,0,0,0,1,0,0.311764706,0.272727273,0.271428571,0,0,0,0,0,0,1,0,No Stroke
SYN-00874,0.220779221,1,0.331034483,0,0,0,0,0,0,0,1,0,0.141176471,0.245454545,0.192857143,0,0,0,0,0,0,1,0,No Stroke
SYN-01724,0.6905351626272355,1,0.4368832286860686,1,1,0,0,0,0,0,1,0,0.4001115851851296,0.4379699880173729,0.2167688054414025,0,0,1,0,0,1,1,0,Ischemic
SYN-00809,0.519480519,1,0.24137931,0,0,0,0,0,0,0,1,1,0.241176471,0.327272727,0.171428571,0,0,0,0,0,0,0,0,No Stroke
SYN-03505,0.8397257803550842,1,0.2611150357111548,1,0,0,0,0,0,1,1,1,0.4284470199472162,0.4530490950576037,0.1675391367985117,1,0,1,0,0,1,1,0,Hemorrhagic
SYN-00515,0.337662338,1,0.396551724,0,0,0,0,0,0,0,1,0,0.258823529,0.327272727,0.242857143,0,0,0,0,0,0,0,0,No Stroke
SYN-03141,0.7864587232697933,0,0.3627065360113286,1,0,0,0,0,0,0,1,1,0.447965969821283,0.3254745932273526,0.0856759328686482,1,0,1,1,1,0,0,1,Hemorrhagic
SYN-00410,0.350649351,0,0.337931034,0,0,0,0,0,0,0,1,0,0.182352941,0.3,0.178571429,0,0,0,0,0,0,0,0,No Stroke
SYN-02529,0.818181818,1,0.2,0,0,1,0,0,0,0,1,1,0.323529412,0.345454545,0.214285714,0,1,1,1,0,0,0,0,Ischemic
SYN-01338,0.727272727,1,0.351724138,0,0,0,0,1,0,0,1,0,0.235294118,0.390909091,0.285714286,0,0,0,0,0,0,0,0,No Stroke
SYN-01414,0.532467532,0,0.582758621,0,0,0,0,0,0,0,1,0,0.235294118,0.381818182,0.121428571,0,0,0,0,0,0,0,0,No Stroke
SYN-03132,0.8376525609280258,1,0.2493195365916436,0,0,1,0,0,0,0,1,0,0.3404698353346332,0.2588039242701697,0.2298410502937932,1,1,1,0,1,0,0,1,Hemorrhagic
SYN-02058,0.532467532,1,0.4,0,0,1,0,0,0,0,1,1,0.370588235,0.245454545,0.157142857,0,1,1,0,0,0,0,0,Ischemic
SYN-01770,0.5566744908647869,1,0.3525958246142652,0,1,1,0,0,0,0,1,1,0.2681500563256452,0.4245692351590416,0.2838659845989775,0,0,1,1,1,0,0,0,Ischemic
SYN-01946,0.883116883,1,0.382758621,0,0,0,0,0,1,0,1,0,0.370588235,0.409090909,0.128571429,1,1,1,1,0,1,0,1,Ischemic
SYN-02043,0.545454545,1,0.510344828,1,0,0,0,0,0,0,1,1,0.282352941,0.4,0.364285714,1,0,1,1,0,1,0,0,Ischemic
SYN-00383,0.506493506,0,0.54137931,0,0,0,0,0,0,0,1,0,0.147058824,0.354545455,0.135714286,0,0,0,0,0,0,0,0,No Stroke
SYN-02163,0.701298701,1,0.520689655,0,0,0,0,0,0,0,1,0,0.229411765,0.372727273,0.157142857,1,0,1,0,0,1,0,0,Ischemic
SYN-02619,0.8559130312248387,1,0.2884006529736513,1,1,1,0,0,0,1,1,1,0.45826095181993953,0.4323430039799382,0.30089528676906285,1,1,1,0,0,0,0,0,Ischemic
SYN-02442,0.8281838977939164,1,0.3922548423218561,0,0,1,0,0,1,1,1,0,0.3721897132004145,0.3614523094832138,0.1340520502443198,1,0,1,0,0,1,1,0,Ischemic
SYN-03411,0.5391364871856735,0,0.58025734486224,0,0,1,0,0,0,0,1,0,0.2575668633732365,0.2858023538048175,0.31938351059681,0,0,1,0,1,1,0,0,Hemorrhagic
SYN-02212,0.545454545,0,0.586206897,0,0,0,0,0,0,1,1,0,0.223529412,0.336363636,0.271428571,1,1,1,0,0,1,0,0,Ischemic
SYN-01714,0.545454545,0,0.531034483,0,0,1,0,0,0,0,1,0,0.282352941,0.409090909,0.25,1,0,1,0,0,1,1,0,Ischemic
SYN-02336,0.675324675,0,0.334482759,1,0,1,0,0,0,0,1,0,0.364705882,0.390909091,0.228571429,0,1,1,1,0,1,0,0,Ischemic
SYN-01961,0.480519481,0,0.303448276,1,0,0,0,0,0,0,1,0,0.305882353,0.363636364,0.185714286,1,0,1,1,0,0,0,0,Ischemic
SYN-01394,0.298701299,1,0.389655172,0,0,0,0,0,0,1,1,0,0.311764706,0.354545455,0.421428571,0,0,0,0,0,0,0,0,No Stroke
SYN-00553,0.402597403,0,0.468965517,0,0,0,0,0,0,0,1,0,0.117647059,0.318181818,0.321428571,0,0,0,0,0,0,0,1,No Stroke
SYN-03329,0.6814618938775749,1,0.3643051434882336,1,0,1,0,0,1,0,1,1,0.4249945228978171,0.3961770390819809,0.1471857523258002,1,0,1,1,1,0,0,0,Hemorrhagic
SYN-00223,0.675324675,1,0.379310345,0,0,0,0,0,0,0,1,0,0.3,0.290909091,0.221428571,0,0,0,0,0,0,0,0,No Stroke
SYN-01383,0.298701299,0,0.193103448,0,0,0,0,0,0,0,1,0,0.2,0.518181818,0.214285714,0,0,0,0,0,0,1,0,No Stroke
SYN-01097,0.415584416,1,0.35862069,0,0,0,0,0,0,0,1,1,0.1,0.245454545,0.328571429,0,0,0,0,0,0,0,0,No Stroke
SYN-03451,0.4921517637285395,0,0.598244680866377,0,0,0,0,0,0,0,0,0,0.3395003107298014,0.2456578270138215,0.1148823245297395,0,0,1,0,1,0,0,0,Hemorrhagic
SYN-00009,0.727272727,0,0.14137931,0,0,0,0,0,0,0,1,0,0.417647059,0.354545455,0.192857143,0,0,0,0,0,1,0,0,No Stroke
SYN-00635,0.675324675,0,0.124137931,0,0,0,0,0,0,0,1,0,0.329411765,0.390909091,0.257142857,0,0,0,0,0,1,0,0,No Stroke
SYN-00317,0.441558442,0,0.224137931,0,0,0,0,0,0,1,1,0,0.294117647,0.354545455,0.207142857,0,0,0,0,0,0,0,0,No Stroke
SYN-01329,0.688311688,0,0.320689655,0,0,0,0,0,0,0,1,0,0.335294118,0.381818182,0.192857143,0,0,0,0,0,0,0,0,No Stroke
SYN-00428,0.441558442,1,0.2,1,0,0,0,0,0,0,1,0,0.335294118,0.445454545,0.1,0,0,0,0,0,1,0,0,No Stroke
SYN-02465,0.584415584,0,0.5,0,1,0,0,0,0,0,1,0,0.323529412,0.272727273,0.285714286,0,0,1,0,0,0,0,0,Ischemic
SYN-00106,0.571428571,1,0.227586207,0,0,0,0,0,0,0,1,0,0.252941176,0.472727273,0.192857143,0,0,0,0,0,0,0,0,No Stroke
SYN-01994,0.792207792,1,0.482758621,1,0,0,0,0,1,0,1,0,0.547058824,0.327272727,0.107142857,1,1,0,0,0,0,0,1,Ischemic
SYN-00143,0.428571429,1,0.182758621,0,0,0,0,0,0,0,1,0,0.117647059,0.409090909,0.3,0,0,0,0,0,0,0,0,No Stroke
SYN-00122,0.675324675,0,0.168965517,0,1,0,0,0,1,0,1,0,0.347058824,0.372727273,0.214285714,0,0,0,0,0,0,0,0,No Stroke
SYN-01878,0.662337662,1,0.227586207,1,0,1,0,0,0,0,1,0,0.341176471,0.409090909,0.15,0,0,0,0,0,0,0,0,Ischemic
SYN-02827,0.869552739528836,1,0.4423324631578818,0,0,1,0,0,0,1,1,0,0.2506702757124674,0.3527736303803391,0.2139418270868333,1,0,1,0,0,0,1,1,Hemorrhagic
SYN-03425,0.636363636,1,0.568965517,0,0,0,0,0,0,0,1,0,0.329411765,0.372727273,0.321428571,0,1,0,1,0,0,1,1,Hemorrhagic
SYN-01190,0.376623377,0,0.120689655,0,0,0,0,0,0,0,1,1,0.441176471,0.263636364,0.221428571,0,0,0,0,0,0,0,0,No Stroke
SYN-02417,0.584415584,1,0.617241379,0,0,0,0,0,0,0,1,0,0.329411765,0.318181818,0.221428571,0,1,1,0,0,0,1,0,Ischemic
SYN-03102,0.4220729601392884,0,0.4734150792601292,1,0,0,0,0,0,0,1,0,0.2799178210720034,0.4555136787104955,0.2535772234458477,0,0,0,1,0,1,1,1,Hemorrhagic
SYN-03080,0.8147981577377905,0,0.3104460321910434,1,0,0,0,1,0,1,1,0,0.4079263856234265,0.358655011992363,0.2385525139676219,0,1,1,0,1,1,0,1,Hemorrhagic
SYN-01690,0.922077922,0,0.35862069,0,0,1,0,0,0,0,1,1,0.488235294,0.372727273,0.235714286,0,0,0,0,1,0,1,0,Ischemic
SYN-00116,0.38961039,0,0.3,0,0,0,0,0,0,0,1,0,0.235294118,0.336363636,0.228571429,0,0,0,0,0,0,0,0,No Stroke
SYN-02580,0.844155844,1,0.355172414,1,1,1,1,0,0,0,1,0,0.5,0.454545455,0.257142857,1,0,1,0,0,0,0,1,Ischemic
SYN-03186,0.8732682742328766,0,0.334824229120488,1,1,0,0,0,0,0,1,0,0.5547300843742238,0.5233336060380674,0.3822814135232844,1,0,0,0,1,1,1,1,Hemorrhagic
SYN-02128,0.87012987,1,0.403448276,1,0,1,0,0,0,0,1,0,0.529411765,0.418181818,0.135714286,1,1,1,0,1,0,0,1,Ischemic
SYN-03188,0.7145298361765958,0,0.3123818710626084,1,1,1,0,0,0,0,1,0,0.5101326959475013,0.5190324118926161,0.1403621052752724,0,1,1,0,0,1,1,1,Hemorrhagic
SYN-03344,0.5821723147522095,1,0.1636615714609516,1,0,0,0,0,0,0,1,1,0.4639713594559916,0.4444855766101707,0.1610687226472519,0,0,0,0,1,0,0,0,Hemorrhagic
SYN-03525,0.8807913325637815,0,0.25001798222249805,1,0,1,0,0,0,0,1,0,0.43944202127237925,0.5632388908473627,0.08807130869672761,1,1,0,0,1,1,0,1,Hemorrhagic
SYN-02421,0.974025974,1,0.489655172,1,1,1,0,0,1,1,1,0,0.529411765,0.390909091,0.157142857,0,1,1,0,0,0,1,1,Ischemic
SYN-03288,0.6362348460349745,1,0.2118544821588092,1,0,0,0,0,0,0,1,0,0.5573238701819988,0.3177062204783949,0.2432115700452445,1,1,0,0,0,0,1,0,Hemorrhagic
SYN-00673,0.402597403,1,0.465517241,0,0,0,0,0,1,0,1,0,0.241176471,0.254545455,0.278571429,0,0,0,0,0,1,0,0,No Stroke
SYN-03380,0.6607997700098841,1,0.2704413117922892,1,0,0,0,0,0,0,1,0,0.4675553010860173,0.357176777775833,0.165486480039868,0,1,0,0,0,0,1,0,Hemorrhagic
SYN-00092,0.090909091,1,0.1,0,0,1,0,0,0,1,1,1,0.305882353,0.363636364,0.292857143,0,0,0,0,0,0,0,0,No Stroke
SYN-01110,0.753246753,1,0.275862069,0,0,1,0,0,0,0,1,0,0.235294118,0.263636364,0.228571429,0,0,0,0,0,0,1,0,No Stroke
SYN-02115,0.571428571,0,0.479310345,1,0,0,0,0,0,0,1,1,0.382352941,0.363636364,0.221428571,1,0,0,0,0,0,1,0,Ischemic
SYN-00592,0.480519481,1,0.389655172,0,0,0,0,0,0,0,1,1,0.358823529,0.154545455,0.25,0,0,0,0,0,0,0,0,No Stroke
SYN-02081,0.6071672881510493,1,0.471195832951747,1,0,0,0,0,0,0,1,0,0.4369577633964801,0.4975647007791496,0.2901434923774881,1,0,1,1,0,1,0,0,Ischemic
SYN-03331,0.4851361715409946,1,0.2742038118303698,1,1,0,0,0,0,1,1,0,0.3944128581207605,0.3985835397626605,0.2671527679595567,0,0,1,0,1,0,0,0,Hemorrhagic
SYN-02015,0.4196532426276251,1,0.2107391659058188,1,0,0,0,0,0,0,1,0,0.307533350889638,0.358001490801467,0.124796089306185,0,0,1,0,1,0,1,1,Ischemic
SYN-00889,0.558441558,0,0.0,0,0,0,0,0,0,0,1,0,0.335294118,0.272727273,0.264285714,0,0,0,0,0,1,0,0,No Stroke
SYN-02275,0.779220779,1,0.310344828,1,0,0,0,0,1,1,1,1,0.517647059,0.381818182,0.207142857,1,1,0,0,0,0,1,1,Ischemic
SYN-01974,0.808755448401764,0,0.1935663137998998,0,0,0,0,0,0,0,1,0,0.4309292617421775,0.5843743400506017,0.2367310992102637,1,1,0,1,0,0,0,1,Ischemic
SYN-01577,0.506493506,1,0.479310345,0,0,0,0,0,0,1,1,0,0.329411765,0.372727273,0.178571429,0,0,0,0,0,0,0,0,No Stroke
SYN-02334,0.766233766,0,0.279310345,1,0,1,0,0,0,0,1,0,0.358823529,0.463636364,0.314285714,1,1,1,0,0,1,1,0,Ischemic
SYN-01715,0.688311688,1,0.296551724,0,1,1,0,0,0,0,1,0,0.370588235,0.336363636,0.221428571,1,0,1,0,0,0,0,1,Ischemic
SYN-00214,0.61038961,1,0.427586207,0,0,0,0,0,0,0,1,1,0.147058824,0.372727273,0.235714286,0,0,0,0,0,0,0,0,No Stroke
SYN-00779,0.662337662,0,0.403448276,0,0,0,0,0,1,0,1,0,0.382352941,0.281818182,0.192857143,0,0,0,0,0,0,0,0,No Stroke
SYN-02575,0.909090909,1,0.268965517,1,0,1,0,0,0,1,1,0,0.582352941,0.490909091,0.214285714,0,1,0,0,0,0,0,1,Ischemic
SYN-01449,0.350649351,0,0.434482759,0,0,0,0,0,0,0,1,0,0.217647059,0.3,0.228571429,0,0,0,0,0,0,0,0,No Stroke
SYN-02913,1.0,0,0.524137931,1,0,1,0,0,0,1,1,0,0.358823529,0.354545455,0.178571429,1,0,1,0,0,0,1,0,Hemorrhagic
SYN-00801,0.506493506,1,0.317241379,0,0,0,0,1,0,1,1,0,0.341176471,0.245454545,0.235714286,0,0,0,0,0,0,0,0,No Stroke
SYN-02954,0.642271743050705,0,0.5862607010069707,1,0,0,1,0,0,0,1,0,0.0975682734630409,0.4128745823414185,0.3160429071628635,1,0,1,0,0,0,1,0,Hemorrhagic
SYN-03526,0.5700882914044562,1,0.2974204481186313,0,0,1,0,0,0,1,1,1,0.21989749562387195,0.3090307019737068,0.31218558788717277,1,0,1,0,1,1,0,1,Hemorrhagic
SYN-02233,0.857142857,0,0.431034483,1,0,1,0,0,0,0,1,0,0.376470588,0.4,0.235714286,0,0,0,0,0,0,0,0,Ischemic
SYN-01568,0.12987013,1,0.431034483,0,0,0,0,0,0,0,1,0,0.141176471,0.372727273,0.178571429,0,0,0,0,0,0,0,0,No Stroke
SYN-02727,0.415584416,1,0.417241379,1,0,0,0,0,0,0,1,0,0.476470588,0.345454545,0.35,0,1,1,0,1,1,1,0,Hemorrhagic
SYN-03180,0.4833024721036504,1,0.2801443529754497,1,1,0,0,0,0,1,1,0,0.316494793378626,0.4236675443817762,0.244082392467564,0,0,1,0,1,0,0,0,Hemorrhagic
SYN-01519,0.662337662,0,0.393103448,0,0,0,0,0,0,0,1,0,0.223529412,0.336363636,0.157142857,0,0,0,0,0,0,1,0,No Stroke
SYN-02113,0.38961039,1,0.151724138,0,0,0,0,0,0,0,1,0,0.311764706,0.227272727,0.171428571,0,1,1,1,0,0,0,1,Ischemic
SYN-03238,0.8768308328351004,1,0.4553608340270117,1,0,0,0,0,0,0,1,0,0.5585872674096034,0.3246134180246163,0.3014180179439453,1,1,0,1,1,1,0,0,Hemorrhagic
SYN-01344,0.506493506,1,0.355172414,0,0,0,0,0,0,0,1,0,0.229411765,0.309090909,0.192857143,0,0,0,0,0,0,0,1,No Stroke
SYN-00274,0.194805195,1,0.579310345,0,0,0,0,0,0,0,1,0,0.147058824,0.345454545,0.292857143,0,0,0,1,0,0,0,0,No Stroke
SYN-01813,0.896103896,0,0.586206897,1,0,1,0,0,1,0,1,0,0.670588235,0.409090909,0.3,0,0,0,1,0,0,0,0,Ischemic
SYN-00072,0.545454545,1,0.182758621,1,0,0,0,0,0,1,1,0,0.452941176,0.463636364,0.371428571,0,0,0,0,0,0,0,0,No Stroke
SYN-00721,0.428571429,0,0.310344828,1,0,0,0,0,0,0,1,0,0.511764706,0.4,0.342857143,0,0,0,0,1,0,0,0,No Stroke
SYN-01741,0.714285714,1,0.475862069,1,0,0,0,0,0,0,1,1,0.605882353,0.490909091,0.214285714,1,1,1,0,0,0,1,0,Ischemic
SYN-01088,0.623376623,1,0.389655172,0,0,1,0,0,0,0,1,0,0.423529412,0.390909091,0.235714286,0,0,0,0,0,0,1,1,No Stroke
SYN-00395,0.558441558,0,0.462068966,0,1,0,0,0,0,0,1,0,0.205882353,0.245454545,0.178571429,0,0,0,0,0,0,0,0,No Stroke
SYN-00584,0.519480519,0,0.44137931,0,0,0,0,0,0,0,1,0,0.452941176,0.218181818,0.2,0,0,0,0,0,0,0,0,No Stroke
SYN-03469,0.7499138586538552,1,0.2523785088734925,1,0,0,0,0,0,0,1,1,0.434425444084308,0.3649213103579273,0.3399231534748463,0,1,0,0,1,1,1,0,Hemorrhagic
SYN-02409,0.584415584,1,0.117241379,0,1,0,0,0,0,0,1,0,0.294117647,0.418181818,0.335714286,1,0,0,0,1,0,0,0,Ischemic
SYN-02416,0.87012987,1,0.351724138,1,0,1,0,0,0,1,1,0,0.464705882,0.418181818,0.242857143,0,1,0,0,0,1,0,1,Ischemic
SYN-00501,0.675324675,1,0.334482759,0,0,0,0,0,0,0,1,0,0.276470588,0.363636364,0.257142857,1,0,0,0,0,0,0,0,No Stroke
SYN-02431,0.597402597,1,0.548275862,0,1,0,0,0,0,1,1,0,0.358823529,0.363636364,0.235714286,0,0,1,0,0,1,1,0,Ischemic
SYN-02657,0.8706434442509514,0,0.1120052441802238,1,0,1,0,0,1,0,1,1,0.6094325450861885,0.5088725294952557,0.2612196121983175,1,0,0,0,1,1,0,0,Hemorrhagic
SYN-03561,0.43238435711533707,1,0.4484519960769781,1,0,0,0,0,0,0,1,0,0.423308069811095,0.3782450387492297,0.42276915492191736,0,1,1,0,1,1,0,0,Hemorrhagic
SYN-03275,0.2206558616757239,1,0.5033332296359835,1,1,0,0,0,0,0,1,0,0.3729806194399064,0.3579931020679151,0.2562025793157975,0,0,0,0,1,0,0,0,Hemorrhagic
SYN-02357,0.987012987,0,0.506896552,1,0,1,0,0,0,1,1,0,0.535294118,0.318181818,0.142857143,1,0,0,1,0,0,1,0,Ischemic
SYN-03211,0.7184416347043098,0,0.3732224911061919,1,0,0,1,0,0,0,1,0,0.4724614119641557,0.5221108509461382,0.2198192220863092,1,1,0,0,1,0,1,0,Hemorrhagic
SYN-01764,0.649350649,0,0.189655172,1,0,1,0,0,0,0,1,0,0.429411765,0.318181818,0.192857143,0,1,1,0,0,0,0,1,Ischemic
SYN-01260,0.636363636,1,0.35862069,0,0,0,0,0,0,0,1,1,0.258823529,0.372727273,0.178571429,0,0,0,0,0,1,0,0,No Stroke
SYN-02180,0.74025974,1,0.265517241,1,1,0,0,0,0,1,1,1,0.588235294,0.372727273,0.207142857,0,0,1,0,0,0,0,0,Ischemic
SYN-03241,0.727272727,0,0.24137931,1,1,0,0,0,1,0,1,0,0.488235294,0.4,0.192857143,0,0,1,1,1,0,1,0,Hemorrhagic
SYN-00206,0.636363636,0,0.348275862,0,0,0,0,0,0,0,1,0,0.329411765,0.327272727,0.264285714,0,0,0,0,0,0,0,0,No Stroke
SYN-00734,0.441558442,0,0.268965517,0,0,1,0,0,0,0,1,1,0.258823529,0.281818182,0.271428571,0,0,0,0,0,0,0,0,No Stroke
SYN-01177,0.337662338,1,0.331034483,0,0,0,0,0,0,0,1,0,0.229411765,0.445454545,0.235714286,0,0,0,0,1,0,0,0,No Stroke
SYN-00527,0.116883117,0,0.582758621,0,0,0,0,0,0,0,1,0,0.082352941,0.163636364,0.207142857,0,0,0,0,0,0,0,0,No Stroke
SYN-02811,0.7211223574739438,1,0.2093139531696646,1,0,1,0,0,0,0,1,0,0.5155746334129612,0.4471373847198989,0.1811837000302023,1,1,1,1,0,0,0,0,Hemorrhagic
SYN-01984,0.519480519,1,0.462068966,1,0,0,0,0,0,0,1,0,0.370588235,0.509090909,0.192857143,0,1,1,0,0,0,1,0,Ischemic
SYN-00899,0.61038961,0,0.337931034,0,0,0,0,0,0,0,1,0,0.288235294,0.390909091,0.207142857,0,0,0,0,0,0,0,0,No Stroke
SYN-00378,0.493506494,0,0.54137931,0,0,0,0,0,0,0,1,0,0.164705882,0.3,0.292857143,0,0,1,0,0,0,0,0,No Stroke
SYN-02517,0.805194805,0,0.25862069,1,0,1,0,0,0,0,1,0,0.458823529,0.563636364,0.121428571,1,0,1,0,0,0,1,1,Ischemic
SYN-01560,0.688311688,1,0.331034483,0,0,0,0,0,0,0,1,0,0.294117647,0.418181818,0.178571429,0,0,0,0,0,0,1,0,No Stroke
SYN-02258,0.467532468,1,0.544827586,0,0,0,0,0,0,0,1,1,0.258823529,0.336363636,0.328571429,0,0,1,0,0,0,0,1,Ischemic
SYN-03202,0.8023114301298165,0,0.4084155926656836,0,0,1,0,0,0,1,1,0,0.3016428298052068,0.2321432348056054,0.2716108519324228,0,1,0,0,0,0,1,0,Hemorrhagic
SYN-00349,0.545454545,0,0.165517241,0,0,0,0,1,0,1,1,0,0.388235294,0.3,0.25,0,0,0,0,0,0,0,0,No Stroke
SYN-00387,0.532467532,1,0.320689655,0,0,1,0,0,0,0,1,0,0.258823529,0.363636364,0.285714286,0,0,0,0,0,0,0,0,No Stroke
SYN-00199,0.376623377,1,0.079310345,0,0,0,0,0,0,0,1,0,0.252941176,0.354545455,0.257142857,0,0,0,0,0,0,0,0,No Stroke
SYN-03507,0.6462813410266414,0,0.3384353099260654,1,1,1,0,0,1,1,1,0,0.5883367105602992,0.3726065636930847,0.2145881946323843,0,0,0,0,1,0,1,1,Hemorrhagic
SYN-01710,0.532467532,0,0.606896552,0,1,0,0,0,0,0,1,0,0.347058824,0.354545455,0.271428571,0,1,1,0,0,1,0,1,Ischemic
SYN-01051,0.194805195,0,0.15862069,0,0,0,0,0,0,0,1,0,0.305882353,0.172727273,0.242857143,0,0,0,0,0,0,0,0,No Stroke
SYN-00591,0.493506494,0,0.279310345,0,0,0,0,0,0,0,1,0,0.252941176,0.245454545,0.235714286,0,0,0,0,0,0,0,0,No Stroke
SYN-00520,0.727272727,0,0.068965517,0,0,0,0,0,0,1,1,0,0.382352941,0.290909091,0.25,0,0,0,0,0,0,0,0,No Stroke
SYN-02422,0.9559634446501832,0,0.5425179140802993,0,1,0,0,0,0,1,1,0,0.4448789646088373,0.3928909040489976,0.2446252454643285,0,0,0,0,0,0,0,0,Ischemic
SYN-01629,0.662337662,1,0.410344828,0,1,0,0,0,0,0,1,0,0.470588235,0.427272727,0.25,1,1,0,0,0,0,1,0,Ischemic
SYN-02899,0.7602264426956183,1,0.1354249747404437,1,0,0,0,0,0,0,1,0,0.5699206086762161,0.4695163093164017,0.1120436943269942,1,1,1,0,0,0,1,0,Hemorrhagic
SYN-02440,1.0,1,0.186206897,1,0,0,1,0,1,1,1,0,0.5,0.490909091,0.207142857,1,0,1,0,0,1,0,1,Ischemic
SYN-00430,0.376623377,1,0.337931034,0,0,0,0,0,0,0,1,0,0.329411765,0.245454545,0.235714286,1,0,0,0,1,0,0,0,No Stroke
SYN-01084,0.428571429,1,0.031034483,0,0,0,0,0,0,1,1,1,0.264705882,0.245454545,0.2,0,0,0,0,0,0,0,0,No Stroke
SYN-02116,0.636363636,1,0.396551724,1,0,0,0,0,0,0,1,1,0.270588235,0.490909091,0.307142857,0,1,0,0,0,0,0,1,Ischemic
SYN-02314,0.558441558,1,0.517241379,0,0,1,0,0,0,0,1,1,0.252941176,0.427272727,0.214285714,1,0,1,1,0,0,0,1,Ischemic
SYN-00208,0.090909091,0,0.189655172,1,0,0,0,0,0,0,1,0,0.247058824,0.263636364,0.185714286,0,0,0,0,0,0,0,0,No Stroke
SYN-00492,0.519480519,0,0.479310345,0,0,0,0,0,0,1,1,0,0.370588235,0.409090909,0.157142857,0,0,0,0,0,0,0,0,No Stroke
SYN-02092,0.818181818,1,0.434482759,0,1,0,0,0,1,0,1,1,0.382352941,0.272727273,0.242857143,1,1,1,0,0,0,1,1,Ischemic
SYN-01810,0.675324675,1,0.534482759,1,0,1,0,0,0,0,1,0,0.505882353,0.490909091,0.342857143,0,0,1,1,0,0,0,0,Ischemic
SYN-02020,0.636363636,1,0.303448276,0,1,0,0,0,0,0,1,0,0.305882353,0.336363636,0.292857143,1,1,0,1,0,1,0,1,Ischemic
SYN-03480,0.38961039,1,0.327586207,1,0,0,0,0,0,0,1,0,0.264705882,0.372727273,0.214285714,0,1,1,0,1,0,0,1,Hemorrhagic
SYN-00793,0.480519481,0,0.072413793,0,1,0,0,0,1,0,1,1,0.423529412,0.254545455,0.278571429,0,0,0,0,0,0,0,0,No Stroke
SYN-02969,0.6398428723249119,1,0.5005263889220333,0,0,0,0,0,0,0,0,0,0.1646029090236117,0.3624960153347454,0.2533463813253968,0,1,1,1,1,0,1,1,Hemorrhagic
SYN-03040,0.5949772696059307,0,0.1873667763463248,1,0,0,0,0,0,1,1,0,0.4700087245282806,0.318513758569133,0.2044073155274114,1,1,1,1,0,1,0,1,Hemorrhagic
SYN-01187,0.337662338,1,0.424137931,0,0,0,0,0,0,0,1,0,0.382352941,0.381818182,0.278571429,0,0,0,0,0,0,0,0,No Stroke
SYN-01186,0.350649351,0,0.424137931,0,0,0,0,0,0,0,1,0,0.223529412,0.245454545,0.157142857,0,0,0,0,0,0,1,0,No Stroke
SYN-01551,0.038961039,1,0.268965517,0,0,0,0,0,0,1,1,0,0.217647059,0.163636364,0.357142857,0,0,0,0,0,1,0,0,No Stroke
SYN-02305,0.25974026,1,0.131034483,1,0,0,0,0,0,0,1,0,0.282352941,0.281818182,0.171428571,1,0,0,0,0,1,0,1,Ischemic
SYN-02805,0.5332973774248795,0,0.3386609341238676,1,0,1,0,0,0,0,1,0,0.4131356861772188,0.3172239381677919,0.0878099523420896,1,1,1,1,0,1,0,0,Hemorrhagic
SYN-02666,0.8819538351194627,1,0.6043771041013504,0,1,0,0,1,0,0,1,1,0.5230395268471488,0.2688445676662481,0.2846468680337048,0,1,1,1,1,1,1,0,Hemorrhagic
SYN-01531,0.428571429,0,0.286206897,0,0,0,0,0,0,0,1,0,0.4,0.290909091,0.214285714,0,0,0,0,0,0,0,0,No Stroke
SYN-01411,0.363636364,1,0.4,0,0,0,0,0,0,0,1,1,0.247058824,0.290909091,0.221428571,0,0,0,0,0,0,0,0,No Stroke
SYN-01477,0.61038961,1,0.251724138,0,1,1,0,0,0,0,1,0,0.117647059,0.490909091,0.235714286,0,0,0,0,0,0,0,0,No Stroke
SYN-02848,0.7986251544760772,1,0.2061194070949664,1,0,1,0,0,1,0,1,0,0.3985373379440788,0.3835552801288608,0.1696536190072891,1,0,0,0,1,0,1,0,Hemorrhagic
SYN-01798,0.9103546003108792,1,0.3695705867232648,1,0,0,0,0,0,0,1,0,0.4187915805720286,0.4779341331366287,0.2762160190584234,1,0,1,0,0,1,1,0,Ischemic
SYN-00084,0.480519481,0,0.493103448,0,0,1,0,0,0,0,1,0,0.241176471,0.318181818,0.164285714,0,0,0,0,0,0,0,0,No Stroke
SYN-02823,0.8394533405964798,1,0.2648002454287497,1,0,0,0,0,0,1,1,1,0.3781532422405744,0.4352784735081958,0.1803639213988486,1,0,1,0,0,1,1,0,Hemorrhagic
SYN-02660,0.7878638480239353,1,0.2749330493766529,1,0,0,0,0,0,1,1,1,0.379117515132222,0.4493761509112026,0.179763117623891,1,0,1,0,0,1,1,0,Hemorrhagic
SYN-00021,0.727272727,1,0.206896552,0,0,1,0,0,0,0,1,1,0.305882353,0.263636364,0.228571429,0,0,0,0,0,0,0,0,No Stroke
SYN-03301,0.7745600100132722,0,0.2532012925180709,1,0,0,0,0,0,1,1,0,0.5919146184832147,0.3777267176836472,0.2551284247927894,1,0,1,1,1,0,0,1,Hemorrhagic
SYN-01628,0.623376623,1,0.303448276,1,0,0,0,0,0,0,1,0,0.4,0.381818182,0.257142857,0,0,0,1,0,0,1,0,Ischemic
SYN-02410,0.74025974,0,0.331034483,1,0,0,0,0,0,0,1,0,0.464705882,0.445454545,0.221428571,0,1,1,1,0,1,0,1,Ischemic
SYN-02150,0.805194805,1,0.327586207,1,0,0,0,0,0,0,1,0,0.382352941,0.5,0.235714286,1,1,0,0,1,0,1,1,Ischemic
SYN-01406,0.376623377,0,0.468965517,0,0,0,0,0,0,0,1,0,0.229411765,0.336363636,0.257142857,0,0,0,0,0,0,0,0,No Stroke
SYN-02384,0.74025974,1,0.079310345,1,0,0,0,0,1,0,1,0,0.558823529,0.372727273,0.214285714,0,0,0,0,0,0,0,0,Ischemic
SYN-01731,0.545454545,1,0.575862069,1,0,0,0,0,0,0,1,0,0.547058824,0.481818182,0.285714286,1,0,0,0,0,1,0,0,Ischemic
SYN-01563,0.454545455,1,0.355172414,0,0,0,0,0,0,0,1,0,0.282352941,0.290909091,0.214285714,0,0,0,0,0,0,0,0,No Stroke
SYN-03576,0.589396031464517,1,0.5374788279753611,0,0,1,0,1,0,0,1,0,0.20390711851432125,0.39997876010394123,0.1763016151180085,1,0,0,0,1,0,1,0,Hemorrhagic
SYN-03215,0.3591040690605597,0,0.5140216142675051,1,0,0,0,0,0,0,1,0,0.2053188581871247,0.4934086548657192,0.2947184278702364,0,0,0,1,0,1,1,1,Hemorrhagic
SYN-02383,0.831168831,1,0.255172414,0,0,1,0,0,0,1,1,0,0.311764706,0.381818182,0.235714286,0,0,0,1,0,0,1,1,Ischemic
SYN-00974,0.675324675,0,0.25862069,0,0,0,1,0,0,0,1,0,0.341176471,0.363636364,0.25,0,0,0,0,0,0,0,0,No Stroke
SYN-01711,0.909090909,0,0.334482759,1,0,0,0,0,0,0,1,0,0.470588235,0.463636364,0.271428571,0,1,1,0,0,1,0,1,Ischemic
SYN-03335,1.0,1,0.3244818774313842,1,0,1,0,0,0,0,1,1,0.422471793858185,0.3921976169988427,0.1656211851049479,1,0,0,0,1,0,0,1,Hemorrhagic
SYN-02345,0.454545455,1,0.620689655,0,0,1,0,0,0,0,1,0,0.270588235,0.309090909,0.371428571,1,0,1,0,0,0,1,0,Ischemic
SYN-00884,0.532467532,0,0.375862069,0,1,0,0,0,0,1,1,0,0.452941176,0.281818182,0.235714286,0,0,0,0,0,0,0,0,No Stroke
SYN-01099,0.532467532,1,0.489655172,0,0,0,0,0,0,0,1,0,0.305882353,0.236363636,0.257142857,0,0,0,0,0,0,0,0,No Stroke
SYN-00157,0.337662338,1,0.248275862,0,0,0,0,0,0,0,1,0,0.223529412,0.272727273,0.307142857,0,0,0,0,0,0,0,0,No Stroke
SYN-02859,0.6056584675857902,1,0.2864865838436674,1,0,0,1,0,0,1,1,1,0.4224357180005356,0.4183236627214464,0.2760704383593724,0,0,1,0,0,0,0,0,Hemorrhagic
SYN-00887,0.428571429,0,0.372413793,0,0,0,0,0,0,0,1,0,0.394117647,0.263636364,0.292857143,0,0,0,0,0,0,0,0,No Stroke
SYN-03585,0.9211368279612135,1,0.22637765335311413,1,0,0,0,0,0,0,1,0,0.41259939092759257,0.47514074010837815,0.21100364848243064,1,1,1,0,1,0,0,0,Hemorrhagic
SYN-02173,0.5654446803131744,0,0.3392760189540749,1,1,0,0,0,0,1,1,0,0.2370209332257564,0.1760480410031575,0.1094330470642571,1,1,1,0,1,1,1,0,Ischemic
SYN-01513,0.168831169,1,0.351724138,0,0,0,0,0,0,0,1,1,0.264705882,0.245454545,0.185714286,0,0,0,0,0,0,0,0,No Stroke
SYN-02952,0.6860895136023996,0,0.3873016892457253,0,0,0,0,0,0,0,1,0,0.3226628655691247,0.3815359108259792,0.1105136620549277,0,0,0,1,1,1,0,0,Hemorrhagic
SYN-02972,0.7596590524610884,0,0.1984061433752338,1,0,0,1,0,0,1,1,0,0.3586602124495479,0.5184707538592015,0.24832762727617,1,0,1,1,1,0,1,0,Hemorrhagic
SYN-03021,0.558441558,0,0.434482759,1,0,0,0,0,0,0,1,0,0.482352941,0.245454545,0.235714286,1,0,0,1,1,1,0,1,Hemorrhagic
SYN-02317,0.909090909,0,0.35862069,1,1,1,0,0,1,0,1,0,0.529411765,0.4,0.264285714,1,0,0,0,0,0,1,0,Ischemic
SYN-00738,0.558441558,1,0.165517241,0,0,0,0,0,0,1,1,0,0.311764706,0.345454545,0.25,0,0,0,0,0,1,0,0,No Stroke
SYN-01454,0.220779221,1,0.120689655,0,0,0,0,0,0,1,1,0,0.205882353,0.3,0.271428571,0,0,0,0,0,0,0,0,No Stroke
SYN-01506,0.324675325,0,0.331034483,0,0,0,0,0,0,1,1,0,0.294117647,0.281818182,0.214285714,0,0,0,1,0,0,1,0,No Stroke
SYN-03405,1.0,0,0.489375120159235,1,0,1,0,0,0,1,1,0,0.4337295063849535,0.3698219850018486,0.1513905459602911,1,0,1,0,0,0,1,0,Hemorrhagic
SYN-03164,0.857142857,0,0.2,1,0,0,0,0,0,0,1,0,0.435294118,0.436363636,0.257142857,0,1,1,1,0,1,0,1,Hemorrhagic
SYN-00459,0.701298701,1,0.348275862,0,0,0,0,0,0,0,1,0,0.264705882,0.518181818,0.271428571,0,0,0,0,0,0,0,1,No Stroke
SYN-02356,0.8783342748779597,0,0.0464431465426706,1,0,0,0,0,0,0,1,0,0.4920493568025617,0.3205132118854354,0.1335617697044737,1,0,0,0,0,0,1,0,Ischemic
SYN-00079,0.298701299,1,0.262068966,0,0,0,0,0,0,0,1,1,0.105882353,0.309090909,0.221428571,0,0,0,0,0,0,0,0,No Stroke
SYN-03482,0.7198043343220101,1,0.4240273200418399,0,0,0,0,0,0,0,1,0,0.1886710500598946,0.4065020464694617,0.3053569182213296,0,1,1,1,1,0,1,1,Hemorrhagic
SYN-02488,0.753246753,1,0.417241379,0,0,0,0,0,1,0,1,0,0.294117647,0.309090909,0.264285714,0,0,1,1,1,0,1,0,Ischemic
SYN-01057,0.623376623,1,0.289655172,0,0,0,0,0,0,0,1,1,0.294117647,0.3,0.257142857,0,0,0,0,0,0,0,0,No Stroke
SYN-00907,0.142857143,1,0.362068966,0,0,0,0,0,0,0,1,0,0.382352941,0.409090909,0.235714286,0,0,0,0,0,0,0,0,No Stroke
SYN-02156,0.6909147694955079,0,0.4729381178616655,1,0,1,0,0,0,0,1,1,0.479443749567742,0.4365221125590567,0.3617064747124905,0,0,1,1,1,1,0,0,Ischemic
SYN-02648,0.8216374036368576,1,0.2204800661099132,1,0,0,0,0,0,1,1,1,0.3778571356831701,0.466804669985047,0.1159437630033135,1,0,1,0,0,1,1,0,Hemorrhagic
SYN-03218,0.751315291550915,0,0.4306672351324563,1,0,0,1,0,0,0,0,0,0.5328477719070563,0.4443064860789281,0.1228484680552257,0,0,1,1,1,1,0,0,Hemorrhagic
SYN-00381,0.545454545,0,0.24137931,0,0,0,0,0,0,0,1,0,0.311764706,0.372727273,0.214285714,0,0,0,0,0,0,0,0,No Stroke
SYN-00948,0.545454545,0,0.14137931,0,0,0,0,0,0,0,1,0,0.111764706,0.236363636,0.307142857,0,0,0,0,0,0,0,1,No Stroke
SYN-02249,0.649350649,0,0.282758621,1,0,0,0,0,0,0,1,0,0.447058824,0.490909091,0.242857143,0,1,0,0,0,0,1,0,Ischemic
SYN-02402,0.844155844,1,0.224137931,1,0,0,0,0,0,1,1,0,0.423529412,0.481818182,0.242857143,0,1,1,0,0,1,1,0,Ischemic
SYN-03028,0.766233766,1,0.293103448,1,0,0,0,0,0,0,1,1,0.476470588,0.363636364,0.35,0,1,0,0,1,1,1,0,Hemorrhagic
SYN-00716,0.285714286,0,0.162068966,0,0,0,0,0,0,0,1,0,0.176470588,0.236363636,0.257142857,0,0,0,0,0,0,0,0,No Stroke
SYN-02391,0.662337662,1,0.496551724,1,0,1,0,0,0,0,1,0,0.417647059,0.481818182,0.207142857,0,1,0,1,0,0,1,1,Ischemic
SYN-00687,0.402597403,1,0.496551724,0,0,0,0,0,0,0,1,0,0.270588235,0.3,0.235714286,0,0,0,0,0,0,0,0,No Stroke
SYN-03060,0.7072321535948461,0,0.5744007704600046,1,0,0,0,0,0,0,0,0,0.3995043075415893,0.3649516658977845,0.1609129907644979,0,1,0,1,1,0,0,0,Hemorrhagic
SYN-01294,0.519480519,1,0.548275862,0,0,0,0,0,0,0,1,0,0.370588235,0.345454545,0.214285714,0,1,0,0,0,0,0,0,No Stroke
SYN-00306,0.285714286,0,0.262068966,0,0,0,0,0,0,0,1,0,0.205882353,0.327272727,0.157142857,0,0,0,0,0,0,0,0,No Stroke
SYN-00210,0.61038961,1,0.351724138,0,0,0,0,0,0,0,1,0,0.282352941,0.245454545,0.292857143,0,0,0,0,0,0,0,0,No Stroke
SYN-01144,0.701298701,1,0.303448276,0,0,0,0,0,0,0,1,0,0.376470588,0.336363636,0.292857143,0,0,0,0,0,1,0,0,No Stroke
SYN-02655,0.9712218764972356,1,0.2250664999029453,1,0,1,0,0,0,1,1,0,0.5852748727945599,0.3960429830562864,0.2968481115907522,1,1,0,0,0,0,0,0,Hemorrhagic
SYN-03556,0.6459417604272824,1,0.5040368228148335,0,0,1,1,1,0,0,1,1,0.3874717459649545,0.3459703908521758,0.1806570483761548,1,1,0,1,0,1,0,1,Hemorrhagic
SYN-02133,0.571428571,1,0.368965517,0,1,0,0,0,0,0,1,0,0.317647059,0.227272727,0.242857143,0,0,0,1,0,0,0,0,Ischemic
SYN-00886,0.766233766,1,0.403448276,0,0,0,0,0,0,0,1,0,0.241176471,0.481818182,0.307142857,0,0,0,0,0,0,0,0,No Stroke
SYN-01930,0.805194805,1,0.317241379,1,1,0,1,0,0,0,1,0,0.517647059,0.236363636,0.335714286,0,1,1,0,0,1,0,1,Ischemic
SYN-02196,0.805194805,1,0.35862069,0,1,0,0,0,0,1,1,1,0.4,0.3,0.25,1,1,0,0,0,0,1,0,Ischemic
SYN-00918,0.649350649,0,0.451724138,0,0,0,0,0,0,0,1,0,0.370588235,0.309090909,0.257142857,0,0,0,0,0,0,0,0,No Stroke
SYN-02684,0.675324675,0,0.520689655,0,1,1,0,0,0,1,1,0,0.464705882,0.390909091,0.214285714,0,0,0,0,1,0,1,0,Hemorrhagic
SYN-02216,0.766233766,1,0.389655172,0,1,0,0,0,1,0,1,0,0.341176471,0.427272727,0.171428571,0,1,0,0,0,0,0,0,Ischemic
SYN-00192,0.337662338,1,0.203448276,0,0,0,0,0,0,0,1,0,0.111764706,0.145454545,0.214285714,0,0,0,0,0,0,0,0,No Stroke
SYN-02270,0.909090909,1,0.331034483,1,0,0,0,0,0,0,1,0,0.476470588,0.436363636,0.235714286,1,1,0,0,1,0,0,0,Ischemic
SYN-03529,0.6582918863845238,1,0.3369940320630214,1,1,1,0,0,0,0,1,0,0.4919052897789845,0.4930180990108146,0.12206469501981469,1,1,1,0,0,1,1,1,Hemorrhagic
SYN-01266,0.584415584,0,0.3,0,1,1,0,0,0,0,1,0,0.317647059,0.390909091,0.314285714,0,0,0,0,1,0,0,0,No Stroke
SYN-00484,0.493506494,0,0.517241379,0,0,0,0,0,0,0,1,0,0.282352941,0.236363636,0.171428571,0,0,0,0,0,0,0,0,No Stroke
SYN-02698,0.4260468928637596,1,0.4739849786289624,1,0,0,1,0,0,0,1,1,0.4218412463039492,0.3690284389027415,0.280805111006714,1,1,0,1,1,1,0,0,Hemorrhagic
SYN-00916,0.545454545,1,0.368965517,0,0,0,0,0,0,0,1,0,0.2,0.354545455,0.35,0,0,0,0,0,0,0,0,No Stroke
SYN-03101,0.9929209167778372,0,0.2951247129758988,1,0,1,0,0,0,0,1,0,0.5019386508602364,0.3957961746188845,0.2221577140429394,0,1,0,1,0,0,1,1,Hemorrhagic
SYN-00278,0.753246753,1,0.331034483,0,0,1,0,0,0,0,1,0,0.323529412,0.290909091,0.371428571,0,0,0,0,0,1,0,0,No Stroke
SYN-00989,0.792207792,1,0.317241379,0,1,0,0,0,0,1,1,0,0.370588235,0.409090909,0.292857143,0,0,0,0,0,0,0,0,No Stroke
SYN-02068,0.467532468,1,0.410344828,0,0,0,0,0,0,0,1,1,0.405882353,0.354545455,0.221428571,0,1,0,1,0,0,1,0,Ischemic
SYN-01246,0.311688312,1,0.296551724,0,0,0,0,1,0,0,1,1,0.211764706,0.427272727,0.278571429,0,0,0,0,0,0,0,0,No Stroke
SYN-03278,0.6871163065426155,0,0.1760744150420166,1,1,0,0,0,1,0,1,0,0.4610477410059637,0.3953150194774004,0.1682226928982529,0,0,1,1,1,0,1,0,Hemorrhagic
SYN-00572,0.675324675,1,0.175862069,0,0,0,0,1,0,0,1,0,0.282352941,0.336363636,0.2,0,0,0,0,0,1,0,0,No Stroke
SYN-01436,0.337662338,0,0.220689655,0,0,0,0,0,0,0,1,0,0.276470588,0.254545455,0.207142857,0,0,0,0,0,0,0,1,No Stroke
SYN-02424,0.597402597,1,0.55862069,0,0,0,0,0,0,0,1,0,0.376470588,0.318181818,0.235714286,0,1,1,0,1,0,1,0,Ischemic
SYN-00994,0.298701299,0,0.348275862,0,0,0,0,0,0,0,1,0,0.223529412,0.363636364,0.3,0,1,0,0,0,0,0,0,No Stroke
SYN-02017,0.545454545,0,0.344827586,1,1,0,0,1,0,0,1,0,0.364705882,0.545454545,0.235714286,1,0,1,0,0,0,1,0,Ischemic
SYN-02012,0.480519481,0,0.651724138,0,1,0,0,0,0,0,1,0,0.276470588,0.354545455,0.271428571,1,0,0,0,1,1,0,1,Ischemic
SYN-00586,0.272727273,1,0.462068966,0,0,0,0,0,0,0,1,0,0.364705882,0.3,0.242857143,0,0,0,0,0,0,0,0,No Stroke
SYN-03515,0.636363636,1,0.275862069,1,0,0,0,0,0,1,1,1,0.476470588,0.4,0.142857143,0,1,1,0,0,1,0,1,Hemorrhagic
SYN-00414,0.623376623,0,0.337931034,0,0,1,0,0,0,0,1,0,0.317647059,0.309090909,0.221428571,0,0,0,0,0,0,0,0,No Stroke
SYN-03579,0.5354355408586579,0,0.35491153762883954,1,0,1,0,0,0,1,1,0,0.40018843749206595,0.38364726483612105,0.18741096396690213,0,0,1,1,0,1,1,0,Hemorrhagic
SYN-01350,0.545454545,1,0.355172414,0,0,1,0,0,0,0,1,1,0.252941176,0.272727273,0.214285714,0,0,0,0,0,0,0,0,No Stroke
SYN-01008,0.675324675,1,0.348275862,0,0,0,0,0,0,1,1,1,0.241176471,0.454545455,0.15,0,0,0,0,1,0,1,0,No Stroke
SYN-00675,0.428571429,0,0.320689655,0,0,0,0,0,0,0,1,0,0.276470588,0.190909091,0.214285714,0,0,0,0,0,0,0,0,No Stroke
SYN-03379,0.532467532,0,0.444827586,0,1,0,0,0,0,0,1,0,0.370588235,0.345454545,0.264285714,0,0,1,1,1,0,1,1,Hemorrhagic
SYN-00856,0.207792208,0,0.503448276,0,0,0,0,0,0,0,1,0,0.247058824,0.190909091,0.185714286,0,0,0,1,0,0,0,0,No Stroke
SYN-00448,0.402597403,0,0.317241379,0,1,0,0,0,0,0,1,0,0.358823529,0.336363636,0.357142857,0,0,0,0,0,1,0,0,No Stroke
SYN-02044,0.623376623,1,0.35862069,1,0,0,0,0,0,0,1,0,0.305882353,0.263636364,0.164285714,0,1,1,0,0,0,1,0,Ischemic
SYN-00866,0.194805195,1,0.382758621,0,0,0,0,0,0,0,1,0,0.105882353,0.281818182,0.242857143,0,0,0,0,0,0,0,0,No Stroke
SYN-02595,0.74025974,0,0.427586207,0,0,1,0,0,0,0,1,0,0.270588235,0.272727273,0.185714286,0,1,0,0,1,1,1,0,Ischemic
SYN-02701,0.8022997172507058,1,0.2369975546898163,1,1,1,0,0,1,0,1,0,0.604672313535936,0.2097849182461144,0.2011730527325065,1,1,1,0,1,1,1,0,Hemorrhagic
SYN-03193,0.7501122583340668,1,0.2770425984484475,1,0,0,0,1,0,1,1,0,0.4919043803615625,0.3637457153441427,0.342859508008915,0,0,0,0,0,0,0,0,Hemorrhagic
SYN-02845,0.428571429,0,0.331034483,1,0,1,0,0,0,0,1,0,0.282352941,0.390909091,0.135714286,0,0,0,0,1,0,1,1,Hemorrhagic
SYN-02251,0.792207792,1,0.455172414,0,1,0,0,0,0,0,1,0,0.452941176,0.454545455,0.185714286,1,1,0,0,0,0,1,0,Ischemic
SYN-02046,0.636363636,0,0.310344828,1,0,0,0,0,0,0,1,0,0.458823529,0.481818182,0.307142857,1,0,0,0,0,1,1,0,Ischemic
SYN-03189,0.9982000351890052,0,0.3026157333976918,1,1,0,0,0,0,1,1,0,0.5595320876773274,0.4558563828942102,0.3696184220179436,0,0,1,1,1,0,1,0,Hemorrhagic
SYN-02964,0.7047859462579583,0,0.3742919009214011,1,1,1,0,0,0,0,1,0,0.5371960932280415,0.5040730222623394,0.1374607101475411,1,1,1,0,0,1,1,1,Hemorrhagic
SYN-01248,0.623376623,0,0.165517241,0,0,0,0,0,1,0,1,0,0.270588235,0.336363636,0.242857143,0,0,0,0,0,0,0,0,No Stroke
SYN-01986,0.532467532,1,0.403448276,1,0,0,0,0,0,0,1,0,0.482352941,0.4,0.342857143,0,0,1,0,1,0,1,0,Ischemic
SYN-00295,0.441558442,0,0.086206897,0,0,0,0,0,0,1,1,0,0.429411765,0.227272727,0.114285714,0,0,0,0,0,0,0,0,No Stroke
SYN-01548,0.103896104,0,0.331034483,0,0,0,0,0,0,0,1,0,0.252941176,0.181818182,0.192857143,0,0,0,0,0,0,0,0,No Stroke
SYN-02013,0.61038961,0,0.420689655,0,1,1,0,0,0,0,1,0,0.335294118,0.281818182,0.214285714,0,1,1,1,0,0,0,1,Ischemic
SYN-00589,0.415584416,0,0.282758621,0,0,0,0,0,0,0,1,0,0.258823529,0.363636364,0.314285714,0,0,0,0,0,0,0,0,No Stroke
SYN-01742,0.818181818,0,0.013793103,1,1,1,0,0,0,0,1,0,0.352941176,0.445454545,0.285714286,1,0,1,0,1,1,0,1,Ischemic
SYN-01282,0.376623377,1,0.110344828,0,1,0,0,0,0,0,1,0,0.223529412,0.263636364,0.242857143,0,1,0,0,1,0,0,1,No Stroke
SYN-03549,0.7743246516522481,0,0.41336844126389266,0,0,1,0,0,0,1,1,0,0.2714254452674217,0.27503608976789484,0.21912379648424987,0,0,0,0,0,0,1,0,Hemorrhagic
SYN-02316,0.571428571,1,0.475862069,0,0,0,0,0,1,0,1,0,0.270588235,0.209090909,0.357142857,0,0,0,1,0,0,0,1,Ischemic
SYN-01951,0.649350649,0,0.382758621,0,0,1,0,0,1,0,1,0,0.352941176,0.327272727,0.3,0,1,1,0,0,1,1,1,Ischemic
SYN-03332,0.5119896446418726,0,0.3391811247645026,1,0,1,0,1,0,0,1,0,0.2141400358044386,0.2611440359113264,0.2605448761300302,1,0,1,0,1,1,0,1,Hemorrhagic
SYN-03087,0.701298701,0,0.003448276,1,0,0,0,0,0,1,1,0,0.476470588,0.445454545,0.235714286,0,1,1,0,1,1,1,1,Hemorrhagic
SYN-02606,0.5736148902030845,0,0.38509158877363325,1,0,0,0,0,0,0,1,0,0.3544610243626379,0.4295272035772459,0.2744122481102774,0,1,0,0,0,0,1,0,Ischemic
SYN-02141,0.584415584,1,0.137931034,1,0,0,0,0,0,0,1,1,0.370588235,0.545454545,0.257142857,1,1,1,1,0,0,1,0,Ischemic
SYN-02695,0.72764487388019,1,0.3240034100690848,0,0,1,0,0,0,0,1,0,0.3892010156086521,0.3147813235512068,0.2147227410116683,0,1,0,0,1,0,1,0,Hemorrhagic
SYN-01418,0.220779221,1,0.403448276,0,0,0,0,0,0,0,1,0,0.164705882,0.218181818,0.307142857,0,0,0,0,0,1,0,0,No Stroke
SYN-00426,0.402597403,1,0.424137931,0,0,0,0,0,0,0,1,0,0.3,0.263636364,0.178571429,0,0,0,0,0,0,0,0,No Stroke
SYN-00535,0.337662338,0,0.344827586,0,0,0,0,0,0,0,1,0,0.394117647,0.363636364,0.207142857,0,0,0,0,0,0,0,0,No Stroke
SYN-01055,0.753246753,0,0.344827586,0,0,0,0,1,0,1,1,0,0.394117647,0.263636364,0.207142857,0,0,0,0,0,0,1,0,No Stroke
SYN-02035,0.415584416,1,0.382758621,1,0,0,0,0,0,0,1,0,0.211764706,0.363636364,0.285714286,1,1,0,1,0,0,0,1,Ischemic
SYN-02922,0.519480519,1,0.372413793,1,0,0,0,0,0,0,1,0,0.423529412,0.427272727,0.25,1,1,1,0,0,0,1,1,Hemorrhagic
SYN-03582,0.7557575909197125,1,0.5853707649680465,1,0,1,0,0,0,1,1,0,0.5839606162141573,0.389748189490954,0.2872853719805419,0,1,0,0,0,1,0,1,Hemorrhagic
SYN-00557,0.233766234,0,0.220689655,0,0,0,0,0,0,0,1,0,0.329411765,0.372727273,0.414285714,0,0,0,0,1,0,0,0,No Stroke
SYN-01771,0.376623377,0,0.365517241,0,1,0,0,1,0,1,1,0,0.317647059,0.290909091,0.178571429,1,0,0,1,0,0,1,0,Ischemic
SYN-00133,0.597402597,0,0.355172414,0,0,1,0,0,0,1,1,0,0.405882353,0.427272727,0.25,0,1,0,0,0,0,1,0,No Stroke
SYN-00007,0.337662338,0,0.372413793,0,0,0,0,0,0,0,1,0,0.2,0.409090909,0.192857143,0,0,0,0,0,1,0,0,No Stroke
SYN-03178,0.4449441068355931,1,0.3078732501009428,0,0,1,0,1,0,0,1,0,0.3184125611778554,0.3355490310599301,0.1942440644654654,1,1,1,0,0,1,1,1,Hemorrhagic
SYN-00422,0.714285714,1,0.455172414,0,0,0,0,0,0,0,1,0,0.276470588,0.281818182,0.264285714,0,0,0,0,0,1,0,0,No Stroke
SYN-01691,0.688311688,1,0.434482759,0,0,0,0,1,0,0,1,0,0.305882353,0.354545455,0.3,1,1,0,0,0,1,0,1,Ischemic
SYN-03588,0.6467127898595642,1,0.4318377661157604,1,0,0,1,0,0,0,1,0,0.4053792585399637,0.327945287305277,0.24324979940126143,0,0,1,0,1,0,0,1,Hemorrhagic
SYN-02437,0.337662338,0,0.465517241,1,0,1,0,0,0,0,1,0,0.423529412,0.3,0.271428571,1,1,0,0,0,0,0,0,Ischemic
SYN-01194,0.558441558,0,0.206896552,0,0,0,0,0,0,1,1,1,0.264705882,0.3,0.314285714,0,0,0,0,0,0,0,0,No Stroke
SYN-01717,0.688311688,1,0.465517241,0,0,1,0,0,0,0,1,0,0.305882353,0.418181818,0.171428571,1,0,0,0,1,1,0,1,Ischemic
SYN-02443,0.5803503474787377,0,0.2601108772565336,1,0,0,1,0,0,0,1,0,0.2500667760698338,0.4628722143154564,0.2904136256871526,0,1,0,1,0,0,0,0,Ischemic
SYN-03234,0.8190647180431327,0,0.2813964503494057,1,0,0,0,0,0,1,1,0,0.5539456392741946,0.3168584250055306,0.2414438568696043,1,0,1,1,1,0,0,1,Hemorrhagic
SYN-02211,0.675324675,1,0.334482759,0,0,1,0,0,0,0,1,0,0.294117647,0.3,0.078571429,1,0,1,1,0,0,1,0,Ischemic
SYN-01286,0.623376623,1,0.410344828,0,0,0,0,0,0,1,1,0,0.158823529,0.318181818,0.235714286,0,0,0,0,0,0,0,0,No Stroke
SYN-02242,0.792207792,1,0.286206897,0,0,0,0,0,0,0,1,1,0.352941176,0.463636364,0.214285714,0,1,0,1,0,1,0,1,Ischemic
SYN-02267,0.766233766,0,0.624137931,0,0,0,0,0,0,0,1,0,0.388235294,0.3,0.2,1,1,0,0,0,0,0,1,Ischemic
SYN-02872,0.6293293862023575,1,0.5705057756547369,0,0,0,0,0,0,0,1,0,0.3451770740620833,0.3821889464823246,0.3004129783208963,0,1,0,1,0,0,1,1,Hemorrhagic
SYN-01890,0.688311688,0,0.417241379,1,0,1,0,0,0,1,1,0,0.547058824,0.418181818,0.228571429,1,0,1,0,0,1,1,1,Ischemic
SYN-01592,0.636363636,0,0.072413793,0,0,0,0,0,0,0,1,0,0.258823529,0.354545455,0.25,0,0,0,0,0,1,0,0,No Stroke
SYN-03163,0.8019965628574596,1,0.2441971622567289,1,0,0,0,0,0,1,1,1,0.3722269286875815,0.4596295681173927,0.1702939774619839,1,0,1,0,0,1,1,0,Hemorrhagic
SYN-02491,0.428571429,1,0.313793103,1,0,1,0,0,0,0,1,1,0.323529412,0.418181818,0.235714286,0,0,1,0,0,0,0,0,Ischemic
SYN-02896,0.6873694378236725,0,0.0,1,0,0,0,0,1,1,1,0,0.5050022372377592,0.4634200856347763,0.191668861976595,0,1,1,0,1,1,1,1,Hemorrhagic
SYN-01138,0.454545455,0,0.117241379,1,0,0,0,0,0,0,1,0,0.305882353,0.463636364,0.357142857,0,0,0,0,1,0,0,0,No Stroke
SYN-02296,1.0,1,0.4,0,1,0,0,0,0,0,1,1,0.441176471,0.418181818,0.271428571,1,1,1,1,0,0,1,0,Ischemic
SYN-03372,0.8505559257455242,0,0.0394032143288897,1,1,0,1,0,1,0,1,1,0.3626778914131864,0.4116069380121867,0.328284741211333,1,0,1,0,1,0,0,0,Hemorrhagic
SYN-03390,0.87012987,1,0.337931034,1,1,0,0,0,0,1,1,0,0.5,0.327272727,0.25,1,0,1,0,1,0,0,1,Hemorrhagic
SYN-01712,0.727272727,1,0.086206897,1,0,0,0,0,0,0,1,0,0.464705882,0.436363636,0.328571429,1,0,0,0,0,0,0,1,Ischemic
SYN-02965,0.798092326311851,0,0.404578819432722,1,0,0,0,0,0,0,1,0,0.5139872774061306,0.442311477058598,0.3358069197699368,1,1,1,0,1,1,0,1,Hemorrhagic
SYN-00454,0.363636364,1,0.413793103,0,0,0,0,0,0,1,1,0,0.217647059,0.363636364,0.15,0,0,0,0,1,0,0,0,No Stroke
SYN-00914,0.532467532,0,0.220689655,0,0,1,0,0,0,0,1,0,0.164705882,0.354545455,0.257142857,0,0,0,0,0,0,0,0,No Stroke
SYN-02644,0.999026769987879,0,0.323506850804961,0,0,0,1,0,0,0,1,0,0.6302009066822478,0.3529535416393419,0.3942966231465123,0,0,1,0,1,0,1,0,Hemorrhagic
SYN-01200,0.38961039,1,0.165517241,0,0,0,0,0,0,1,1,0,0.223529412,0.336363636,0.142857143,0,1,0,1,0,0,0,0,No Stroke
SYN-01275,0.363636364,0,0.368965517,0,0,1,0,0,0,0,1,0,0.270588235,0.3,0.264285714,0,0,0,0,0,0,0,0,No Stroke
SYN-00038,0.441558442,1,0.331034483,0,0,1,0,0,0,0,1,0,0.305882353,0.3,0.185714286,0,0,0,0,0,0,0,0,No Stroke
SYN-00975,0.376623377,0,0.127586207,0,0,0,0,0,0,1,1,0,0.305882353,0.181818182,0.092857143,0,0,0,0,0,0,0,0,No Stroke
SYN-00984,0.428571429,1,0.331034483,0,0,1,0,0,0,0,1,0,0.105882353,0.209090909,0.214285714,0,0,0,0,0,0,0,0,No Stroke
SYN-02404,0.727272727,1,0.227586207,0,1,0,0,0,0,0,1,0,0.335294118,0.309090909,0.2,0,0,0,1,0,1,1,1,Ischemic
SYN-01419,0.350649351,1,0.289655172,0,0,0,0,0,0,0,1,1,0.182352941,0.327272727,0.235714286,0,0,0,0,0,0,0,0,No Stroke
SYN-01561,0.584415584,0,0.117241379,0,0,0,0,0,1,0,1,0,0.341176471,0.318181818,0.207142857,0,0,0,0,0,0,0,0,No Stroke
SYN-00040,0.506493506,0,0.320689655,0,0,0,0,0,0,0,1,0,0.335294118,0.372727273,0.164285714,0,0,0,0,0,0,0,0,No Stroke
SYN-01487,0.597402597,1,0.14137931,0,0,1,0,0,0,0,1,1,0.352941176,0.227272727,0.157142857,0,0,0,0,0,0,0,0,No Stroke
SYN-02413,0.74025974,1,0.393103448,1,0,0,0,0,0,0,1,0,0.482352941,0.327272727,0.228571429,0,0,0,0,0,0,1,0,Ischemic
SYN-00170,0.090909091,0,0.365517241,0,0,0,0,0,0,0,1,0,0.288235294,0.272727273,0.278571429,0,0,0,0,0,0,0,0,No Stroke
SYN-01356,0.376623377,1,0.251724138,0,0,0,0,0,0,0,1,0,0.282352941,0.272727273,0.085714286,0,0,0,0,0,0,0,0,No Stroke
SYN-02335,0.493506494,1,0.286206897,1,0,0,0,0,0,0,1,0,0.223529412,0.381818182,0.335714286,0,1,0,0,0,1,1,0,Ischemic
SYN-03223,0.7113541723369449,1,0.4715601501159328,0,0,1,0,0,0,0,1,0,0.3929138436692554,0.296697761631958,0.2442298367122802,1,1,0,0,1,0,1,0,Hemorrhagic
SYN-02360,0.662337662,0,0.065517241,1,0,0,0,0,0,0,1,0,0.382352941,0.418181818,0.257142857,1,1,0,0,0,1,1,1,Ischemic
SYN-02371,0.5477602418415866,1,0.6383537912069874,0,0,1,1,0,1,0,1,1,0.3560819554380354,0.367588191798131,0.2400319760087146,0,0,0,1,0,1,0,0,Ischemic
SYN-01641,0.675324675,0,0.35862069,1,0,0,0,0,0,0,1,0,0.423529412,0.536363636,0.142857143,0,1,0,1,1,1,0,0,Ischemic
SYN-01291,0.337662338,1,0.413793103,0,0,0,0,0,0,0,1,0,0.305882353,0.345454545,0.135714286,0,0,0,0,0,0,0,0,No Stroke
SYN-01381,0.350649351,1,0.506896552,0,0,1,0,0,0,0,1,0,0.111764706,0.281818182,0.15,0,0,0,0,0,0,0,0,No Stroke
SYN-01934,0.714285714,1,0.234482759,1,0,0,0,0,0,0,1,0,0.5,0.381818182,0.257142857,0,1,1,0,0,0,0,1,Ischemic
SYN-00580,0.675324675,1,0.137931034,0,0,0,0,0,0,1,1,0,0.317647059,0.336363636,0.278571429,0,0,0,0,0,0,0,0,No Stroke
SYN-02031,0.6637658801833859,1,0.3797926628472529,0,0,1,0,0,1,0,1,0,0.350353969298351,0.2682369876542135,0.1997097729325591,0,1,0,0,0,1,1,1,Ischemic
SYN-00893,0.246753247,1,0.596551724,0,0,0,0,0,0,0,1,1,0.194117647,0.3,0.221428571,0,0,0,0,0,0,0,0,No Stroke
SYN-00781,0.480519481,1,0.282758621,0,0,0,0,0,0,0,1,0,0.229411765,0.281818182,0.15,0,0,0,0,0,0,0,0,No Stroke
SYN-00160,0.181818182,1,0.251724138,0,0,0,0,1,0,1,1,0,0.217647059,0.3,0.321428571,0,0,0,0,0,1,0,0,No Stroke
SYN-00003,0.584415584,0,0.196551724,0,0,1,0,0,0,0,1,0,0.3,0.336363636,0.221428571,0,0,0,0,0,1,0,0,No Stroke
SYN-00850,0.441558442,0,0.106896552,0,0,1,0,0,0,1,1,1,0.288235294,0.309090909,0.185714286,0,0,0,0,0,0,0,0,No Stroke
SYN-02158,0.480519481,1,0.6,0,0,1,0,0,0,1,1,0,0.294117647,0.190909091,0.171428571,0,1,1,1,0,0,1,0,Ischemic
SYN-01597,0.493506494,1,0.489655172,0,0,0,0,0,0,0,1,0,0.217647059,0.4,0.171428571,0,0,0,0,0,0,0,0,No Stroke
SYN-01777,0.61038961,1,0.496551724,1,1,1,0,0,0,1,1,1,0.417647059,0.436363636,0.2,1,1,1,1,0,1,1,1,Ischemic
SYN-01914,0.597402597,1,0.417241379,0,0,0,0,0,0,0,1,0,0.241176471,0.409090909,0.2,1,1,1,0,0,1,0,1,Ischemic
SYN-01044,0.532467532,1,0.496551724,0,0,0,0,0,0,0,1,0,0.294117647,0.336363636,0.271428571,0,0,0,0,1,0,0,0,No Stroke
SYN-01545,0.675324675,1,0.337931034,0,0,0,0,0,0,1,1,0,0.205882353,0.190909091,0.228571429,0,0,0,0,0,0,0,0,No Stroke
SYN-02187,0.675324675,0,0.462068966,0,0,0,0,0,0,0,1,0,0.488235294,0.3,0.371428571,0,1,0,0,0,1,0,0,Ischemic
SYN-00054,0.207792208,1,0.389655172,0,0,0,0,0,0,0,1,0,0.064705882,0.427272727,0.164285714,0,0,0,0,0,0,0,0,No Stroke
SYN-03455,0.8663855051409783,0,0.3496794455061042,0,0,1,0,0,0,0,1,0,0.3199555540177712,0.3748466800807754,0.1020338710865929,0,0,1,1,0,0,0,1,Hemorrhagic
SYN-01912,0.5808544484733337,1,0.3731789379716003,1,0,0,0,0,0,0,1,0,0.3976692224219276,0.3837869893404356,0.2532223212026954,1,0,1,1,0,0,0,1,Ischemic
SYN-02415,0.974025974,1,0.224137931,1,0,1,0,0,0,0,1,0,0.429411765,0.427272727,0.257142857,1,1,0,1,1,1,0,0,Ischemic
SYN-00825,0.337662338,1,0.513793103,0,0,0,0,0,0,0,1,0,0.129411765,0.290909091,0.192857143,0,0,0,0,0,0,0,0,No Stroke
SYN-03206,0.99925346909335,1,0.1789794114827362,1,0,1,0,0,0,0,1,0,0.6270366895756966,0.375088004628697,0.2638263619643599,1,1,0,0,0,0,0,0,Hemorrhagic
SYN-01390,0.519480519,1,0.255172414,0,0,1,0,0,0,0,1,0,0.382352941,0.336363636,0.207142857,0,0,0,0,0,0,0,0,No Stroke
SYN-02937,0.558441558,1,0.0,1,0,1,0,1,0,0,1,0,0.382352941,0.472727273,0.221428571,0,1,0,1,0,0,0,1,Hemorrhagic
SYN-02248,0.896103896,1,0.2,1,1,0,0,0,0,1,1,1,0.611764706,0.363636364,0.2,0,0,0,0,0,0,0,0,Ischemic
SYN-01608,0.857142857,1,0.272413793,0,0,0,0,0,0,0,1,0,0.388235294,0.236363636,0.242857143,0,1,0,1,0,1,1,1,Ischemic
SYN-01595,0.545454545,1,0.375862069,0,0,0,0,0,0,1,1,0,0.247058824,0.318181818,0.235714286,0,0,0,0,0,0,0,0,No Stroke
SYN-00772,0.532467532,0,0.465517241,0,0,0,0,0,0,0,1,0,0.105882353,0.327272727,0.207142857,0,0,0,0,0,0,0,0,No Stroke
SYN-01869,0.688311688,1,0.372413793,0,0,1,1,0,0,0,1,0,0.329411765,0.327272727,0.135714286,1,0,1,0,0,0,1,0,Ischemic
SYN-01086,0.61038961,0,0.265517241,0,1,1,0,0,0,0,1,0,0.323529412,0.327272727,0.085714286,0,0,0,0,1,0,0,1,No Stroke
SYN-02507,0.883116883,1,0.24137931,1,0,0,0,0,0,0,1,0,0.370588235,0.309090909,0.257142857,1,0,0,0,0,0,0,1,Ischemic
SYN-01326,0.558441558,1,0.25862069,0,0,1,0,0,0,0,1,0,0.317647059,0.281818182,0.278571429,0,0,0,0,0,0,0,0,No Stroke
SYN-01464,0.168831169,1,0.393103448,0,0,0,0,0,0,0,1,1,0.111764706,0.254545455,0.107142857,1,0,0,0,0,0,0,0,No Stroke
SYN-00807,0.688311688,1,0.296551724,0,0,0,0,0,0,0,1,0,0.264705882,0.327272727,0.185714286,1,0,0,0,0,0,0,0,No Stroke
SYN-03191,0.690833984848284,0,0.3285541896193487,1,1,0,0,0,1,1,1,0,0.5437076855864388,0.3396274706317472,0.2458526747607178,0,0,0,0,1,0,1,1,Hemorrhagic
SYN-02228,0.662337662,1,0.589655172,0,1,1,0,0,0,1,1,0,0.347058824,0.4,0.207142857,0,0,1,1,0,1,0,1,Ischemic
SYN-02109,0.74025974,0,0.379310345,1,0,0,0,0,0,0,1,0,0.4,0.345454545,0.221428571,1,1,1,1,0,0,0,1,Ischemic
SYN-02556,0.6391732286402887,0,0.5195036235406969,1,0,1,0,0,0,0,1,0,0.3166448202654718,0.4357714694142995,0.267050576235554,0,1,0,0,0,1,0,0,Ischemic
SYN-03524,0.950082787913474,1,0.4946536099751521,1,1,0,0,0,1,0,1,0,0.4875045553132487,0.5078899151915234,0.2792000846331647,1,0,0,0,0,0,1,1,Hemorrhagic
SYN-00964,0.584415584,0,0.389655172,0,0,0,0,0,0,0,1,0,0.370588235,0.381818182,0.171428571,0,0,1,0,0,0,0,0,No Stroke
SYN-00399,0.623376623,0,0.186206897,0,0,0,0,0,0,0,1,0,0.288235294,0.318181818,0.214285714,0,0,0,0,0,0,0,0,No Stroke
SYN-03360,0.7757866384517447,1,0.1965594716945664,1,0,1,0,0,0,0,1,0,0.532311617433337,0.4294881710675548,0.1583468763242282,1,1,1,1,0,0,0,0,Hemorrhagic
SYN-00705,0.701298701,0,0.351724138,0,0,0,0,0,0,0,1,0,0.364705882,0.318181818,0.285714286,0,0,0,0,0,0,0,0,No Stroke
SYN-00432,0.623376623,1,0.472413793,0,0,0,0,0,0,0,1,0,0.141176471,0.245454545,0.3,0,0,0,0,0,0,0,0,No Stroke
SYN-00293,0.38961039,0,0.237931034,0,0,0,0,0,0,0,1,0,0.376470588,0.227272727,0.221428571,0,0,0,0,0,1,0,0,No Stroke
SYN-03557,0.6854066214949983,1,0.009850983729087624,1,0,0,0,0,0,0,1,1,0.3189888571439129,0.278913781478276,0.23171691725902738,0,1,1,0,0,0,0,0,Hemorrhagic
SYN-00146,0.623376623,0,0.34137931,0,0,0,0,0,0,0,1,0,0.317647059,0.290909091,0.235714286,0,0,0,0,0,0,0,0,No Stroke
SYN-02034,0.714285714,0,0.331034483,0,1,1,0,0,0,0,1,0,0.164705882,0.336363636,0.321428571,0,1,1,1,0,1,0,0,Ischemic
SYN-02526,0.74025974,1,0.131034483,0,0,0,0,0,0,0,1,1,0.276470588,0.281818182,0.314285714,1,1,1,0,0,0,0,0,Ischemic
SYN-01166,0.571428571,0,0.324137931,1,0,0,0,0,0,1,1,0,0.247058824,0.436363636,0.2,0,0,0,0,0,0,0,0,No Stroke
SYN-02051,0.714285714,1,0.513793103,0,0,0,0,0,0,1,1,0,0.170588235,0.3,0.228571429,1,1,0,0,0,0,1,0,Ischemic
SYN-02826,1.0,0,0.2825300595122849,1,0,1,0,0,0,0,1,0,0.5900784589682843,0.4798149896001433,0.238383474291838,0,1,0,1,0,0,1,1,Hemorrhagic
SYN-00340,0.337662338,1,0.268965517,0,0,0,0,0,0,0,1,0,0.194117647,0.290909091,0.221428571,0,0,0,0,0,0,0,0,No Stroke
SYN-02171,0.584415584,1,0.606896552,1,0,0,0,0,0,1,1,0,0.282352941,0.536363636,0.185714286,0,1,0,0,0,0,1,0,Ischemic
SYN-00266,0.246753247,1,0.251724138,0,0,0,0,0,1,0,1,0,0.264705882,0.245454545,0.307142857,0,0,0,0,0,1,0,0,No Stroke
SYN-02794,0.7785349451454069,0,0.3387097585636155,1,0,0,0,1,0,1,1,0,0.4457000702199801,0.3376608472773862,0.2570649257241469,0,1,1,0,1,1,0,1,Hemorrhagic
SYN-01772,0.74025974,1,0.531034483,1,0,1,0,0,0,0,1,0,0.364705882,0.4,0.214285714,1,1,1,1,1,1,0,0,Ischemic
SYN-00272,0.61038961,0,0.379310345,0,1,0,0,0,0,1,1,0,0.347058824,0.327272727,0.278571429,0,0,0,0,0,0,0,0,No Stroke
SYN-00697,0.415584416,0,0.465517241,0,0,0,0,0,0,0,1,0,0.252941176,0.381818182,0.321428571,0,0,0,0,1,0,0,0,No Stroke
SYN-03554,0.9172955411437216,1,0.5534023726561337,1,1,0,0,0,1,0,1,0,0.4596016300420116,0.46675163595610464,0.20478443044701516,1,0,0,0,0,0,1,1,Hemorrhagic
SYN-00245,0.311688312,1,0.172413793,0,0,0,0,0,0,0,1,0,0.247058824,0.363636364,0.328571429,0,0,0,0,0,1,0,0,No Stroke
SYN-03365,0.7519539108245853,1,0.2821168601663277,0,0,1,0,0,0,0,1,0,0.3940954924441838,0.2751298190713812,0.2012474758635145,0,1,0,0,1,0,1,0,Hemorrhagic
SYN-00477,0.116883117,0,0.54137931,0,0,0,0,0,0,1,1,1,0.170588235,0.3,0.242857143,0,0,0,0,0,0,0,0,No Stroke
SYN-02033,0.753246753,1,0.262068966,1,0,1,0,0,0,0,1,0,0.417647059,0.3,0.135714286,0,0,0,1,1,1,0,1,Ischemic
SYN-03045,0.4544765060114373,0,0.5347411480795589,0,0,0,0,0,0,0,1,0,0.32452607565099,0.3445474056466231,0.256564507655865,0,0,0,0,0,0,0,1,Hemorrhagic
SYN-02255,0.649350649,0,0.420689655,1,0,0,0,0,0,0,1,0,0.335294118,0.436363636,0.171428571,1,1,0,0,0,1,1,0,Ischemic
SYN-00814,0.415584416,1,0.375862069,0,0,0,0,0,1,0,1,0,0.341176471,0.254545455,0.278571429,0,0,0,1,0,0,0,0,No Stroke
SYN-01915,0.688311688,1,0.489655172,1,0,0,0,0,0,0,1,0,0.4,0.436363636,0.271428571,0,0,1,0,1,0,0,1,Ischemic
SYN-03025,0.6416731418038754,0,0.4510850278166209,1,0,0,0,0,0,0,1,0,0.3743872723250846,0.2420019224898373,0.240419562277081,0,0,1,0,1,0,1,0,Hemorrhagic
SYN-03530,0.7275948095095798,0,0.15812599347512604,1,0,0,0,0,0,1,1,0,0.5513823552409954,0.3519360810344881,0.3334514937864941,1,0,0,0,1,0,0,0,Hemorrhagic
SYN-01805,0.4168121126426801,1,0.5532888895478244,1,1,0,0,0,0,0,1,0,0.4044529817576308,0.4494683320703193,0.1502297001219,1,1,1,0,0,0,1,1,Ischemic
SYN-02597,0.493506494,0,0.037931034,1,1,0,0,0,1,1,1,0,0.329411765,0.427272727,0.214285714,1,1,1,0,0,1,0,1,Ischemic
SYN-00251,0.337662338,1,0.268965517,0,0,0,0,0,0,1,1,0,0.282352941,0.327272727,0.185714286,0,0,0,0,1,0,0,0,No Stroke
SYN-00546,0.558441558,1,0.327586207,0,0,0,0,0,0,0,1,0,0.158823529,0.336363636,0.192857143,0,0,0,0,0,0,0,0,No Stroke
SYN-00739,0.376623377,1,0.420689655,0,0,0,0,0,0,0,1,0,0.182352941,0.363636364,0.221428571,0,0,0,0,0,0,0,0,No Stroke
SYN-00311,0.428571429,0,0.237931034,0,0,0,0,0,0,0,1,0,0.147058824,0.2,0.242857143,1,0,0,0,1,0,0,0,No Stroke
SYN-01132,0.25974026,1,0.248275862,0,0,0,0,0,0,0,1,0,0.305882353,0.227272727,0.207142857,0,0,0,0,0,0,1,0,No Stroke
SYN-01450,0.324675325,0,0.168965517,0,0,0,0,0,0,0,1,0,0.494117647,0.363636364,0.207142857,0,0,0,0,0,0,0,0,No Stroke
SYN-03475,0.9326733905036396,0,0.1139787219537661,1,0,1,0,0,1,0,1,1,0.621593440309195,0.5314411062408341,0.259091891936501,1,0,0,0,1,1,0,0,Hemorrhagic
SYN-00016,0.181818182,0,0.086206897,0,1,0,0,0,0,0,1,0,0.264705882,0.081818182,0.228571429,0,0,1,0,0,0,1,1,No Stroke
SYN-03144,0.948051948,1,0.155172414,1,0,0,0,0,0,0,1,0,0.423529412,0.409090909,0.314285714,0,0,0,1,0,1,0,1,Hemorrhagic
SYN-03285,0.4982610276409469,1,0.4788485415303441,0,1,0,0,0,0,0,1,0,0.4717360433980726,0.2372509741963334,0.1773886693425989,1,0,1,0,1,1,0,0,Hemorrhagic
SYN-02886,0.8130981651971562,1,0.2205628342347985,1,0,0,0,1,0,0,1,1,0.4138864711298156,0.4885679946869263,0.376010369750917,0,0,0,0,0,1,0,0,Hemorrhagic
SYN-00364,0.545454545,0,0.434482759,0,0,0,0,0,0,0,1,0,0.376470588,0.390909091,0.242857143,1,1,1,0,0,0,0,0,No Stroke
SYN-00183,0.623376623,0,0.072413793,0,1,0,0,0,0,1,1,0,0.376470588,0.290909091,0.2,0,0,0,0,0,0,0,0,No Stroke
SYN-01195,0.467532468,1,0.231034483,0,0,0,0,0,0,0,1,0,0.223529412,0.354545455,0.178571429,0,0,0,0,0,0,0,0,No Stroke
SYN-02223,0.597402597,1,0.2,1,0,1,0,0,0,0,1,0,0.417647059,0.381818182,0.235714286,1,0,0,0,0,0,1,1,Ischemic
SYN-01122,0.246753247,1,0.379310345,1,0,0,0,0,0,0,1,0,0.311764706,0.336363636,0.264285714,0,0,0,0,0,0,0,0,No Stroke
SYN-01183,0.675324675,0,0.234482759,0,0,0,0,0,0,0,1,0,0.352941176,0.3,0.128571429,0,0,0,0,0,0,0,0,No Stroke
SYN-02633,0.8776970680865416,1,0.4346075657181381,0,0,1,0,0,0,1,1,0,0.2539913458357807,0.333065856886195,0.2165354284277372,1,0,1,0,0,0,1,1,Hemorrhagic
SYN-00615,0.506493506,1,0.310344828,0,0,0,0,1,0,0,1,0,0.211764706,0.336363636,0.25,0,0,0,0,0,1,0,0,No Stroke
SYN-01467,0.558441558,0,0.262068966,1,0,0,0,0,0,0,1,0,0.352941176,0.463636364,0.2,0,0,0,0,0,0,0,0,No Stroke
SYN-00402,0.246753247,0,0.127586207,0,0,0,0,0,0,0,1,0,0.117647059,0.318181818,0.257142857,0,0,0,0,0,0,0,0,No Stroke
SYN-00935,0.311688312,0,0.386206897,0,0,0,0,0,0,0,1,0,0.164705882,0.254545455,0.242857143,0,0,0,0,0,0,0,0,No Stroke
SYN-02373,0.831168831,0,0.175862069,1,0,0,0,0,0,0,1,0,0.411764706,0.518181818,0.335714286,0,0,1,0,0,0,0,1,Ischemic
SYN-02531,0.935064935,1,0.272413793,1,0,1,1,0,1,1,1,1,0.517647059,0.472727273,0.25,0,0,0,0,0,1,0,1,Ischemic
SYN-00727,0.12987013,1,0.127586207,0,0,0,0,0,0,0,1,0,0.229411765,0.154545455,0.292857143,1,0,0,0,0,1,0,0,No Stroke
SYN-00827,0.649350649,1,0.206896552,0,0,0,0,0,0,0,1,0,0.158823529,0.336363636,0.157142857,0,0,0,0,0,0,0,0,No Stroke
SYN-01522,0.38961039,1,0.337931034,0,0,0,0,0,0,0,1,1,0.205882353,0.318181818,0.178571429,1,0,0,0,0,0,0,0,No Stroke
SYN-00137,0.376623377,0,0.262068966,0,0,0,0,0,0,0,1,0,0.270588235,0.5,0.221428571,0,0,0,0,0,0,0,0,No Stroke
SYN-00629,0.584415584,1,0.237931034,0,0,0,0,0,0,0,1,0,0.347058824,0.272727273,0.278571429,0,0,0,0,0,0,1,1,No Stroke
SYN-00335,0.337662338,0,0.331034483,0,0,0,0,0,0,1,1,0,0.3,0.372727273,0.2,0,0,0,0,0,0,0,0,No Stroke
SYN-00391,0.623376623,1,0.375862069,0,0,0,0,0,0,0,1,0,0.370588235,0.218181818,0.228571429,0,0,0,0,0,0,0,0,No Stroke
SYN-02755,0.5946155700716967,1,0.2139573291460656,1,0,0,0,0,0,0,1,0,0.5471018835606372,0.3347335079043766,0.2819004419500831,1,1,0,0,0,0,1,0,Hemorrhagic
SYN-01818,0.857142857,1,0.413793103,0,0,1,0,0,0,0,1,0,0.494117647,0.327272727,0.15,1,1,1,0,1,0,1,0,Ischemic
SYN-03222,0.964266747987166,1,0.2350449173308216,1,0,0,0,0,0,0,1,0,0.4411919036019435,0.4684877999469421,0.2713569989733122,1,1,1,0,1,0,0,0,Hemorrhagic
SYN-00711,0.298701299,1,0.468965517,0,0,0,0,0,0,0,1,1,0.194117647,0.245454545,0.328571429,0,0,0,0,0,0,0,0,No Stroke
SYN-01040,0.675324675,0,0.331034483,0,0,1,0,0,0,0,1,0,0.317647059,0.345454545,0.242857143,0,0,0,0,0,0,0,0,No Stroke
SYN-02351,0.922077922,1,0.379310345,0,1,0,1,0,0,0,1,0,0.488235294,0.390909091,0.235714286,1,1,1,0,1,1,0,0,Ischemic
SYN-03096,0.639612719637157,1,0.3289764085282545,0,0,1,0,0,1,0,1,0,0.3238099871655285,0.4151852055618723,0.1775355280568977,0,1,1,0,0,0,0,0,Hemorrhagic
SYN-01562,0.519480519,0,0.317241379,0,1,0,0,0,0,0,1,0,0.217647059,0.172727273,0.257142857,0,0,0,0,0,0,0,1,No Stroke
SYN-03294,0.503248471055347,1,0.480564632215161,0,1,0,1,0,0,0,1,0,0.48636581700894,0.2326182453237722,0.1919494342840466,1,0,1,0,1,1,0,0,Hemorrhagic
SYN-03516,0.9465103150198364,1,0.442029055522861,1,0,0,0,0,0,0,1,0,0.4348575287366394,0.3813706871490414,0.2414061798023551,1,1,0,0,0,0,0,0,Hemorrhagic
SYN-01113,0.545454545,0,0.393103448,0,0,0,0,0,0,0,1,0,0.270588235,0.363636364,0.192857143,0,0,0,0,1,0,0,0,No Stroke
SYN-01224,0.467532468,0,0.04137931,0,0,1,0,0,0,1,1,0,0.164705882,0.381818182,0.185714286,0,0,0,0,0,0,0,0,No Stroke
SYN-02406,0.480519481,1,0.54137931,0,0,0,0,0,0,1,1,1,0.182352941,0.318181818,0.2,0,1,0,0,0,0,1,0,Ischemic
SYN-01509,0.727272727,0,0.0,0,1,0,0,0,0,0,1,0,0.423529412,0.318181818,0.285714286,0,0,0,0,1,1,0,0,No Stroke
SYN-01751,0.636363636,0,0.320689655,1,1,0,0,0,0,0,1,0,0.329411765,0.354545455,0.157142857,1,0,1,0,0,0,1,0,Ischemic
SYN-03208,0.766233766,1,0.5,0,0,1,0,0,0,0,1,0,0.388235294,0.290909091,0.235714286,1,1,0,0,1,0,1,0,Hemorrhagic
SYN-00339,0.61038961,1,0.475862069,0,0,0,0,0,0,0,1,1,0.288235294,0.281818182,0.192857143,0,0,0,0,0,0,0,0,No Stroke
SYN-00216,0.532467532,1,0.286206897,0,0,0,0,0,0,0,1,0,0.382352941,0.427272727,0.192857143,0,0,0,0,0,0,0,0,No Stroke
SYN-01342,0.584415584,0,0.210344828,0,0,0,0,0,0,1,1,1,0.505882353,0.318181818,0.235714286,0,0,0,0,0,0,0,0,No Stroke
SYN-02998,0.5547281744318757,1,0.3957915120255696,1,0,0,0,0,0,0,1,0,0.4424835174307043,0.4116207154106902,0.1969031270027911,1,1,1,0,0,0,1,1,Hemorrhagic
SYN-03354,0.6000085820897849,1,0.0075762070733179,1,0,0,0,0,0,0,1,1,0.2986597059786835,0.2561983547846589,0.2515241617185927,0,1,1,0,0,0,0,0,Hemorrhagic
SYN-02323,0.779220779,0,0.406896552,1,1,1,0,0,1,0,1,0,0.635294118,0.418181818,0.292857143,0,1,0,0,0,1,0,0,Ischemic
SYN-02718,0.7279617837739967,1,0.3813123584802982,1,0,1,0,0,1,0,1,1,0.4286710995310934,0.3504266768426107,0.1676144104264388,1,0,1,1,1,0,0,0,Hemorrhagic
SYN-02427,1.0,0,0.286206897,0,1,1,0,0,0,0,1,0,0.388235294,0.427272727,0.142857143,0,1,0,0,0,0,0,0,Ischemic
SYN-00102,0.649350649,0,0.306896552,0,0,0,0,0,0,0,1,0,0.2,0.336363636,0.242857143,0,0,0,0,0,0,0,0,No Stroke
SYN-02574,0.727272727,0,0.413793103,1,1,1,0,0,0,0,1,0,0.305882353,0.427272727,0.064285714,1,1,1,0,0,1,0,0,Ischemic
SYN-00172,0.246753247,0,0.4,0,0,0,0,0,0,0,1,0,0.235294118,0.263636364,0.285714286,0,0,0,0,0,0,0,0,No Stroke
SYN-00108,0.168831169,0,0.310344828,0,0,0,0,0,0,1,1,0,0.076470588,0.309090909,0.085714286,0,1,0,0,0,0,0,0,No Stroke
SYN-03129,0.8325557065989131,0,0.0812899936410284,1,0,1,0,0,1,0,1,1,0.5906530467740605,0.5485144833112124,0.2622843300221501,1,0,0,0,1,1,0,0,Hemorrhagic
SYN-03571,0.6183540023213029,1,0.017454935892113103,1,0,0,0,0,0,0,1,1,0.2690497443668804,0.32315369222528073,0.23138345662366408,0,1,1,0,0,0,0,0,Hemorrhagic
SYN-02635,0.7983035874025679,1,0.2497494468759633,1,0,0,0,1,0,1,1,0,0.4456113049482423,0.4307825115835174,0.2522046210062124,0,0,0,0,1,0,0,0,Hemorrhagic
SYN-02600,0.857142857,0,0.451724138,0,1,1,0,0,0,0,1,0,0.311764706,0.336363636,0.142857143,0,1,1,0,0,1,1,1,Ischemic
SYN-02685,0.922077922,1,0.306896552,0,1,0,0,0,0,1,1,0,0.341176471,0.372727273,0.292857143,1,0,0,1,1,1,1,1,Hemorrhagic
SYN-02487,0.87012987,1,0.306896552,1,1,1,0,0,0,1,1,1,0.458823529,0.445454545,0.285714286,1,1,1,0,0,0,0,0,Ischemic
SYN-02405,0.909090909,0,0.35862069,1,0,1,0,1,0,0,1,0,0.458823529,0.390909091,0.164285714,1,1,1,0,1,0,0,1,Ischemic
SYN-02693,1.0,0,0.3725389117050137,1,0,0,0,0,0,0,1,0,0.6343072246970365,0.3983500597220761,0.3560643483982639,0,0,1,0,1,0,1,0,Hemorrhagic
SYN-02789,0.7719503290200976,1,0.1896058510656191,1,0,1,0,0,0,0,1,0,0.5302941856133839,0.4212128316169261,0.210675983615575,1,1,1,1,0,0,0,0,Hemorrhagic
SYN-03071,0.6399969624764847,1,0.4281644326070306,0,0,0,0,0,0,0,1,0,0.2116066013916097,0.3356381058487099,0.2526420137898659,0,1,1,1,1,0,1,1,Hemorrhagic
SYN-01041,0.571428571,1,0.448275862,0,0,0,0,0,0,0,1,0,0.241176471,0.390909091,0.292857143,0,0,0,0,0,0,0,0,No Stroke
SYN-02121,0.896103896,0,0.344827586,0,0,0,0,0,0,0,1,0,0.494117647,0.318181818,0.235714286,1,1,1,0,0,1,0,1,Ischemic
SYN-01525,0.155844156,1,0.348275862,0,0,0,0,0,0,0,1,1,0.117647059,0.218181818,0.235714286,0,1,0,0,0,0,0,0,No Stroke
SYN-03054,0.558441558,1,0.562068966,0,0,1,0,1,0,0,1,0,0.252941176,0.354545455,0.235714286,1,0,0,0,1,0,1,0,Hemorrhagic
SYN-00482,0.155844156,1,0.1,0,0,0,0,0,0,0,1,1,0.188235294,0.154545455,0.192857143,1,0,0,0,0,0,0,0,No Stroke
SYN-02553,0.6009355461490152,1,0.3668401820565109,1,1,1,0,0,0,0,1,0,0.482222353336683,0.2996818993538117,0.2579512747762996,1,1,1,0,0,0,0,1,Ischemic
SYN-02652,0.6887638676037897,0,0.5793966537137096,1,0,0,0,0,0,0,1,0,0.5413147494657318,0.4386346567723332,0.279256277068222,0,1,0,1,0,0,1,1,Hemorrhagic
SYN-01763,0.805194805,1,0.179310345,1,0,1,0,0,0,0,1,1,0.535294118,0.445454545,0.264285714,1,1,0,1,0,1,1,0,Ischemic
SYN-02921,0.6899558632839714,0,0.4467740041066826,1,0,0,0,0,0,0,1,0,0.406481097997755,0.2751650237839959,0.2524324717612921,0,1,1,0,1,1,1,0,Hemorrhagic
SYN-03031,0.8553593976156676,0,0.2509086089489205,1,0,1,0,0,0,0,1,0,0.4148805273450819,0.5755930591120072,0.106333075080464,1,1,0,0,1,0,0,1,Hemorrhagic
SYN-02482,0.766233766,0,0.517241379,0,0,0,0,0,0,0,1,0,0.370588235,0.372727273,0.164285714,1,1,1,0,1,0,1,1,Ischemic
SYN-02452,0.805194805,0,0.293103448,1,0,1,0,0,0,0,1,0,0.582352941,0.436363636,0.214285714,1,1,1,1,0,0,0,0,Ischemic
SYN-00406,0.532467532,1,0.303448276,1,0,0,0,0,0,0,1,0,0.358823529,0.4,0.314285714,0,0,0,0,0,1,0,0,No Stroke
SYN-00758,0.415584416,0,0.089655172,0,0,0,0,0,0,0,1,0,0.276470588,0.463636364,0.25,0,1,0,0,0,0,0,0,No Stroke
SYN-02346,0.987012987,0,0.296551724,1,1,0,1,0,0,0,1,0,0.505882353,0.518181818,0.278571429,1,0,0,0,0,0,1,1,Ischemic
SYN-00098,0.376623377,0,0.451724138,0,0,1,0,0,0,0,1,0,0.264705882,0.272727273,0.271428571,0,0,0,0,0,0,0,0,No Stroke
SYN-01334,0.779220779,1,0.175862069,0,0,0,0,0,0,0,1,0,0.223529412,0.418181818,0.257142857,0,0,0,0,0,0,0,0,No Stroke
SYN-03231,0.467532468,0,0.268965517,1,0,0,0,0,0,0,1,0,0.364705882,0.445454545,0.164285714,1,1,0,0,1,0,0,1,Hemorrhagic
SYN-03310,0.8576176366660028,0,0.3105777320270385,1,1,0,0,0,0,0,1,0,0.5498331700238819,0.5163118677914844,0.4031861221737494,1,0,0,0,1,1,1,1,Hemorrhagic
SYN-02359,0.1824027309698114,0,0.348442429538634,0,0,0,0,0,0,0,1,0,0.2067585809820431,0.3185589252476825,0.2019435014459768,1,0,0,1,0,0,0,1,Ischemic
SYN-02059,0.61038961,0,0.362068966,1,0,0,0,0,0,0,1,1,0.4,0.454545455,0.242857143,1,0,1,0,0,0,0,0,Ischemic
SYN-02523,0.636363636,1,0.272413793,1,0,1,0,0,0,1,1,1,0.270588235,0.436363636,0.4,0,1,0,1,0,1,0,0,Ischemic
SYN-00149,0.337662338,1,0.1,0,0,0,0,0,0,0,1,1,0.247058824,0.363636364,0.285714286,0,0,0,0,0,0,0,0,No Stroke
SYN-00029,0.714285714,1,0.427586207,0,0,0,0,0,0,0,1,0,0.305882353,0.336363636,0.25,0,0,0,0,0,0,0,0,No Stroke
SYN-02454,0.688311688,1,0.55862069,0,0,0,0,0,0,1,1,0,0.382352941,0.336363636,0.285714286,0,0,1,1,0,0,0,1,Ischemic
SYN-03117,0.6543223331723541,0,0.5830199964363797,1,0,0,0,0,0,0,1,0,0.0824890230203912,0.3728819630507405,0.2966398131856326,1,0,1,0,1,0,1,0,Hemorrhagic
SYN-00693,0.246753247,0,0.134482759,0,0,1,0,0,0,0,1,0,0.082352941,0.3,0.357142857,0,0,0,0,0,1,0,0,No Stroke
SYN-01387,0.116883117,1,0.351724138,0,0,0,0,0,0,0,1,0,0.047058824,0.254545455,0.164285714,0,0,0,1,0,0,0,0,No Stroke
SYN-01846,0.844155844,1,0.25862069,1,0,0,0,0,0,1,1,0,0.464705882,0.5,0.214285714,1,1,1,0,0,0,0,1,Ischemic
SYN-02457,0.519480519,1,0.386206897,1,0,0,0,0,0,0,1,0,0.494117647,0.627272727,0.214285714,0,1,1,1,0,1,0,1,Ischemic
SYN-01600,0.103896104,1,0.472413793,0,0,0,0,0,0,0,1,1,0.135294118,0.318181818,0.178571429,0,0,0,0,0,0,0,0,No Stroke
SYN-00702,0.402597403,0,0.251724138,0,0,0,0,0,0,0,1,0,0.176470588,0.290909091,0.285714286,0,0,0,0,0,0,0,0,No Stroke
SYN-01709,0.818181818,0,0.162068966,0,0,1,0,1,0,0,1,0,0.311764706,0.154545455,0.128571429,1,1,0,1,0,0,1,1,Ischemic
SYN-00455,0.376623377,0,0.355172414,0,0,0,0,0,0,0,1,0,0.282352941,0.336363636,0.235714286,0,0,1,0,0,0,0,0,No Stroke
SYN-02041,0.805194805,0,0.503448276,1,0,0,0,0,1,0,1,0,0.352941176,0.345454545,0.314285714,0,0,0,0,0,0,1,1,Ischemic
SYN-02510,0.896103896,0,0.4,0,0,0,1,0,0,1,1,0,0.294117647,0.218181818,0.257142857,0,1,1,0,0,1,0,0,Ischemic
SYN-00610,0.337662338,1,0.582758621,0,0,0,0,0,0,0,1,0,0.164705882,0.245454545,0.257142857,0,0,0,0,0,0,0,0,No Stroke
SYN-00168,0.506493506,1,0.489655172,0,0,0,0,1,0,0,1,0,0.194117647,0.318181818,0.164285714,0,0,0,0,1,0,0,0,No Stroke
SYN-00731,0.376623377,1,0.513793103,0,0,0,0,0,0,0,1,0,0.135294118,0.236363636,0.328571429,0,0,0,0,0,0,0,0,No Stroke
SYN-02584,0.662337662,0,0.331034483,1,0,1,0,0,0,0,1,0,0.435294118,0.363636364,0.235714286,0,1,0,0,0,0,0,0,Ischemic
SYN-03207,0.8273842697957908,0,0.3511875723762855,0,0,1,0,0,0,0,1,0,0.3181558276786737,0.2959879033277661,0.1500987880362845,0,0,1,1,0,0,0,1,Hemorrhagic
SYN-02380,0.922077922,1,0.513793103,1,0,1,0,0,0,0,1,0,0.423529412,0.409090909,0.2,0,0,0,0,1,1,0,0,Ischemic
SYN-01623,0.818181818,1,0.527586207,0,1,0,0,0,0,1,1,0,0.347058824,0.390909091,0.207142857,1,0,0,0,1,0,1,1,Ischemic
SYN-00588,0.636363636,0,0.137931034,0,0,0,0,1,0,0,1,0,0.247058824,0.263636364,0.271428571,0,0,0,0,0,1,0,0,No Stroke
SYN-01402,0.545454545,1,0.54137931,0,0,0,0,0,0,0,1,0,0.194117647,0.309090909,0.278571429,1,0,0,0,0,0,0,0,No Stroke
SYN-01701,0.675324675,1,0.382758621,0,0,1,0,0,0,0,1,0,0.352941176,0.272727273,0.207142857,0,1,0,0,0,1,1,1,Ischemic
SYN-02933,0.7377807977444032,1,0.3629462550695232,1,0,0,1,0,0,0,1,1,0.4774152651254487,0.4481807133059653,0.2392968152161924,1,0,0,1,0,1,0,0,Hemorrhagic
SYN-02822,0.8987471812644866,0,0.3397787784428764,0,0,1,0,0,0,1,1,0,0.3780564710253251,0.3646031573556865,0.1985218405151843,1,0,1,1,0,0,1,0,Hemorrhagic
SYN-01380,0.584415584,1,0.310344828,0,0,0,0,0,0,0,1,0,0.323529412,0.354545455,0.1,0,0,0,0,0,0,0,0,No Stroke
SYN-02090,0.61038961,1,0.337931034,1,0,1,0,0,0,0,1,1,0.258823529,0.581818182,0.235714286,0,0,0,0,0,1,0,0,Ischemic
SYN-02176,0.5928779680314289,1,0.5899042744900636,1,0,0,0,0,0,1,1,0,0.3819358595448279,0.3776466754164239,0.2239155078253934,1,0,0,0,0,0,1,1,Ischemic
SYN-02587,0.519480519,1,0.5,0,0,0,0,0,0,0,1,1,0.482352941,0.281818182,0.242857143,1,0,1,0,0,0,1,0,Ischemic
SYN-03017,0.5677890409909595,0,0.4305565693277076,1,0,1,0,0,0,0,1,0,0.4198172669298405,0.3330178895561241,0.1577307743009828,1,1,1,1,0,1,0,0,Hemorrhagic
SYN-02907,0.6484916999717395,0,0.3856404577573837,0,1,1,0,0,1,0,1,0,0.3630286741777814,0.3160186300874651,0.2837341849752997,1,0,0,0,0,1,0,0,Hemorrhagic
SYN-00442,0.701298701,1,0.313793103,0,0,1,0,0,0,0,1,1,0.288235294,0.309090909,0.235714286,0,0,0,0,0,0,0,0,No Stroke
SYN-02052,0.649350649,1,0.586206897,1,0,1,0,0,0,1,1,0,0.382352941,0.445454545,0.178571429,1,1,1,0,0,0,1,1,Ischemic
SYN-01302,0.376623377,1,0.34137931,0,1,1,0,0,0,0,1,0,0.194117647,0.372727273,0.214285714,0,0,1,0,0,0,0,0,No Stroke
SYN-03029,0.6714503956191876,1,0.5597756303459953,0,0,0,0,0,0,0,1,0,0.3104890181808734,0.3265523685702343,0.3048201165106751,0,1,0,1,0,0,1,1,Hemorrhagic
SYN-01305,0.363636364,1,0.331034483,0,1,0,0,0,0,0,1,1,0.176470588,0.318181818,0.264285714,0,0,0,0,0,0,0,0,No Stroke
SYN-00237,0.506493506,1,0.317241379,0,1,0,0,0,0,1,1,1,0.482352941,0.381818182,0.235714286,0,0,0,1,0,0,0,0,No Stroke
SYN-00521,0.415584416,0,0.151724138,0,0,0,0,0,1,0,1,0,0.258823529,0.218181818,0.242857143,0,0,0,0,0,0,0,0,No Stroke
SYN-00736,0.545454545,1,0.051724138,0,0,0,0,0,0,0,1,0,0.182352941,0.436363636,0.164285714,0,0,0,0,0,0,0,0,No Stroke
SYN-03169,0.8212914370418162,0,0.2289927812861366,1,0,1,0,0,0,0,1,0,0.455625559967991,0.565048539184945,0.100452180377598,1,1,0,0,1,0,0,1,Hemorrhagic
SYN-02107,0.571428571,1,0.331034483,1,1,0,0,0,0,0,1,0,0.423529412,0.336363636,0.2,1,0,1,0,0,0,1,1,Ischemic
SYN-00593,0.415584416,1,0.506896552,0,0,0,0,0,0,0,1,0,0.111764706,0.336363636,0.257142857,0,0,0,0,0,0,0,0,No Stroke
SYN-01304,0.233766234,1,0.331034483,0,0,0,0,0,0,0,1,1,0.252941176,0.245454545,0.214285714,0,0,0,0,0,0,0,0,No Stroke
SYN-01388,0.480519481,1,0.172413793,1,0,0,0,0,0,0,1,0,0.311764706,0.4,0.321428571,0,0,0,0,0,0,0,0,No Stroke
SYN-02331,0.9534913070193904,1,0.3703683555618811,1,1,0,0,0,0,1,1,0,0.4036760047493644,0.3996693928946219,0.1612024840984051,1,0,1,0,0,1,0,0,Ischemic
SYN-02663,0.7973000678461248,1,0.2368722156773571,0,1,1,0,0,1,0,1,0,0.6351716892982602,0.2160064471731679,0.1510400084797191,1,1,1,0,1,1,1,0,Hemorrhagic
SYN-03334,0.8253473104200033,0,0.3050265867618706,1,0,0,0,0,0,0,1,0,0.5361801194474719,0.4096529164038434,0.1050717288503917,1,1,0,0,0,1,0,1,Hemorrhagic
SYN-00905,0.298701299,0,0.368965517,0,0,0,0,0,0,0,1,0,0.135294118,0.390909091,0.15,0,0,0,0,0,0,0,0,No Stroke
SYN-03034,0.6419316622673858,0,0.4813431817366028,0,1,1,0,0,0,1,1,0,0.4384734611021548,0.418854951013743,0.2101415910836531,0,0,0,0,1,0,1,0,Hemorrhagic
SYN-01280,0.246753247,1,0.25862069,0,1,0,0,0,0,1,1,0,0.135294118,0.254545455,0.221428571,0,0,0,0,0,0,0,1,No Stroke
SYN-03262,0.8407307043295319,0,0.3395666279191482,0,0,1,0,0,0,0,1,0,0.3244913239886746,0.3953232054602278,0.1321855875003709,0,0,1,1,0,0,0,1,Hemorrhagic
SYN-03440,0.4796485557827925,0,0.2526636527649301,1,0,0,0,0,0,0,1,0,0.3792214474861746,0.4735744441292809,0.2002691082802844,1,1,0,0,1,0,0,1,Hemorrhagic
SYN-02847,0.467532468,1,0.310344828,0,0,1,0,1,0,0,1,0,0.305882353,0.318181818,0.142857143,1,1,1,0,0,1,1,1,Hemorrhagic
SYN-02936,0.9144659768063368,0,0.1970702604428296,1,0,0,0,0,0,0,1,0,0.442805844221746,0.4325095449325507,0.2206162671966853,1,1,1,0,1,0,0,0,Hemorrhagic
SYN-03020,0.5636218661348337,1,0.3215773525658948,0,1,0,0,1,0,0,1,1,0.4547591858525689,0.5099834407157298,0.1992393208774339,1,0,1,0,1,1,1,1,Hemorrhagic
SYN-00707,0.662337662,0,0.289655172,0,0,1,0,0,0,1,1,0,0.364705882,0.281818182,0.235714286,0,1,0,1,0,0,0,0,No Stroke
SYN-03154,0.8126302654469206,0,0.3045070788992952,1,0,0,0,1,0,1,1,0,0.390929005569302,0.3394617005367299,0.3039596505581592,0,1,1,0,1,1,0,1,Hemorrhagic
SYN-00746,0.597402597,1,0.527586207,0,0,0,0,0,0,1,1,0,0.170588235,0.363636364,0.278571429,0,1,1,0,0,0,0,0,No Stroke
SYN-01940,0.571428571,1,0.35862069,1,0,0,0,0,0,0,1,0,0.388235294,0.454545455,0.3,1,1,1,1,0,1,1,0,Ischemic
SYN-02354,0.38961039,0,0.465517241,1,0,0,0,0,0,0,1,0,0.447058824,0.472727273,0.264285714,1,1,0,0,0,1,1,0,Ischemic
SYN-00514,0.337662338,1,0.186206897,0,1,0,0,0,0,1,1,0,0.252941176,0.245454545,0.307142857,0,0,0,0,0,0,0,0,No Stroke
SYN-00082,0.584415584,1,0.475862069,0,0,0,0,0,0,0,1,0,0.323529412,0.490909091,0.121428571,0,0,0,0,0,0,0,1,No Stroke
SYN-01309,0.428571429,1,0.117241379,0,0,0,0,0,0,0,1,0,0.129411765,0.236363636,0.257142857,0,0,0,0,0,0,0,0,No Stroke
SYN-02971,0.545454545,0,0.35862069,1,0,1,0,0,0,0,1,0,0.441176471,0.390909091,0.25,0,0,1,1,0,1,1,0,Hemorrhagic
SYN-00915,0.25974026,0,0.455172414,0,0,0,0,0,0,0,1,0,0.147058824,0.309090909,0.228571429,0,0,0,0,0,0,0,0,No Stroke
SYN-03299,0.8399905349990442,1,0.4253998583117604,1,0,0,0,0,0,1,1,1,0.4103616473650218,0.3655108944497459,0.2848490074149467,0,0,0,0,0,1,1,0,Hemorrhagic
SYN-03283,0.4291999432454326,1,0.3101454242212547,1,1,1,0,0,1,0,1,1,0.3830998481246279,0.222618450433397,0.2122663400913393,0,1,0,0,0,0,0,0,Hemorrhagic
SYN-00775,0.298701299,1,0.475862069,0,0,0,0,0,0,0,1,1,0.211764706,0.336363636,0.178571429,0,0,0,0,1,0,0,0,No Stroke
SYN-00330,0.207792208,0,0.251724138,0,0,0,0,0,0,0,1,0,0.211764706,0.290909091,0.185714286,0,1,0,0,0,1,0,0,No Stroke
SYN-02055,0.545454545,1,0.679310345,1,0,0,0,0,0,0,1,0,0.323529412,0.445454545,0.171428571,0,1,1,1,0,1,1,0,Ischemic
SYN-02002,0.961038961,0,0.375862069,1,0,1,0,0,0,0,1,0,0.305882353,0.327272727,0.264285714,1,0,1,0,0,0,0,1,Ischemic
SYN-00944,0.376623377,0,0.275862069,0,0,0,0,0,0,0,1,0,0.2,0.172727273,0.285714286,0,0,0,0,0,0,1,0,No Stroke
SYN-00823,0.324675325,1,0.165517241,0,0,0,0,0,0,0,1,1,0.388235294,0.290909091,0.114285714,0,0,0,0,0,0,0,0,No Stroke
SYN-00910,0.532467532,1,0.220689655,1,0,0,0,0,0,1,1,0,0.305882353,0.490909091,0.228571429,1,0,0,0,0,0,0,0,No Stroke
SYN-00182,0.519480519,0,0.410344828,0,0,0,0,0,0,0,1,0,0.211764706,0.336363636,0.178571429,0,0,0,0,0,0,0,0,No Stroke
SYN-00165,0.25974026,0,0.410344828,0,0,0,0,0,0,0,1,0,0.323529412,0.290909091,0.178571429,0,0,0,0,0,0,0,0,No Stroke
SYN-01524,0.467532468,1,0.379310345,0,0,0,0,0,0,0,1,0,0.411764706,0.363636364,0.328571429,0,0,0,0,0,1,0,0,No Stroke
SYN-00452,0.337662338,1,0.282758621,0,0,0,0,0,0,0,1,0,0.152941176,0.227272727,0.257142857,0,0,0,0,0,0,0,0,No Stroke
SYN-01312,0.324675325,0,0.313793103,0,0,0,0,0,0,0,1,0,0.323529412,0.245454545,0.314285714,0,1,0,0,0,1,0,0,No Stroke
SYN-01112,0.181818182,1,0.317241379,0,0,1,0,0,0,0,1,1,0.252941176,0.063636364,0.185714286,0,0,0,0,0,0,0,0,No Stroke
SYN-02975,0.7850921104649653,1,0.2504753425550616,0,0,1,0,0,0,0,1,0,0.3307200160458909,0.264346214951438,0.2085750301271124,1,1,1,0,0,0,0,1,Hemorrhagic
SYN-01288,0.74025974,0,0.379310345,0,0,0,0,0,0,1,1,0,0.411764706,0.454545455,0.364285714,0,0,0,1,0,0,0,0,No Stroke
SYN-00328,0.714285714,0,0.14137931,0,0,1,0,0,0,0,1,0,0.182352941,0.281818182,0.135714286,0,0,0,0,0,0,0,0,No Stroke
SYN-01791,0.909090909,1,0.313793103,1,0,0,0,0,0,0,1,0,0.470588235,0.363636364,0.278571429,1,0,1,1,1,0,0,0,Ischemic
SYN-03179,0.8093099651991343,0,0.2464972139798701,1,0,1,0,0,0,0,1,0,0.4092103634095671,0.5304746016241769,0.1424220363537319,1,1,0,0,1,0,0,1,Hemorrhagic
SYN-02008,0.6127941651988961,1,0.4264432978319214,0,0,1,0,0,0,0,1,0,0.4324644104199264,0.4092314007981392,0.1793878600595564,1,0,1,1,0,0,1,0,Ischemic
SYN-01859,0.558441558,1,0.672413793,0,0,0,0,0,0,0,1,0,0.288235294,0.409090909,0.185714286,0,0,0,0,1,0,0,0,Ischemic
SYN-00313,0.467532468,0,0.382758621,0,0,0,0,0,0,1,1,0,0.441176471,0.263636364,0.278571429,0,0,0,0,0,0,0,0,No Stroke
SYN-00833,0.571428571,1,0.182758621,0,0,0,0,0,0,0,1,1,0.235294118,0.336363636,0.135714286,0,0,0,0,0,0,0,0,No Stroke
SYN-01202,0.142857143,0,0.303448276,0,0,0,0,0,0,0,1,0,0.205882353,0.418181818,0.064285714,0,0,0,0,0,1,0,0,No Stroke
SYN-02760,0.7883023559811883,1,0.4452447211143705,0,1,0,0,0,0,0,1,1,0.3765804009117794,0.3854411600134607,0.1655440711796752,1,1,0,0,0,1,1,0,Hemorrhagic
SYN-03115,0.727272727,0,0.362068966,1,0,0,1,0,0,0,1,0,0.470588235,0.472727273,0.235714286,1,1,0,0,1,0,1,0,Hemorrhagic
SYN-02135,0.636363636,1,0.451724138,1,0,0,0,0,0,0,1,1,0.335294118,0.418181818,0.257142857,0,1,1,0,0,1,0,0,Ischemic
SYN-02210,0.792207792,0,0.379310345,1,0,0,0,0,0,0,1,0,0.311764706,0.354545455,0.3,1,1,1,0,0,0,0,0,Ischemic
SYN-02769,0.7678332087842215,1,0.204150942733812,1,1,0,0,1,0,0,1,0,0.5810187287565224,0.4398613633528003,0.2239610914624436,1,1,0,1,1,0,0,1,Hemorrhagic
SYN-01482,0.597402597,1,0.162068966,0,0,0,0,0,0,0,1,0,0.423529412,0.345454545,0.242857143,0,0,0,0,1,0,0,0,No Stroke
SYN-00778,0.818181818,0,0.351724138,0,0,0,0,0,0,0,1,0,0.394117647,0.3,0.335714286,0,0,0,0,0,0,0,1,No Stroke
SYN-00800,0.480519481,1,0.155172414,0,0,1,0,0,0,0,1,0,0.252941176,0.436363636,0.185714286,0,0,0,0,0,0,0,0,No Stroke
SYN-00055,0.38961039,1,0.565517241,0,0,0,0,0,0,0,1,0,0.3,0.3,0.157142857,0,1,0,0,0,0,0,0,No Stroke
SYN-01921,0.753246753,0,0.193103448,1,0,1,0,1,0,1,1,0,0.441176471,0.336363636,0.192857143,1,0,0,0,0,0,0,0,Ischemic
SYN-03083,0.7945059429667619,0,0.3091199405222321,1,0,0,0,1,0,0,1,1,0.5287922045136251,0.4029935919761145,0.146492905306485,1,0,0,0,1,0,0,0,Hemorrhagic
SYN-02579,0.623376623,0,0.320689655,1,1,0,0,0,0,0,1,0,0.388235294,0.281818182,0.271428571,1,1,1,0,0,0,0,0,Ischemic
SYN-01702,0.818181818,1,0.548275862,1,0,1,0,0,0,1,1,0,0.558823529,0.409090909,0.185714286,0,1,0,0,0,0,0,1,Ischemic
SYN-02162,0.584415584,1,0.35862069,1,0,0,0,0,0,0,1,1,0.452941176,0.436363636,0.3,0,1,1,0,1,1,1,0,Ischemic
SYN-03356,0.7154434631198534,0,0.3808359250715773,1,0,1,0,0,0,0,1,0,0.4619376259508698,0.44609640634145,0.2419137240216198,0,1,1,1,1,0,0,0,Hemorrhagic
SYN-00988,0.571428571,0,0.220689655,0,0,0,0,0,0,1,1,0,0.252941176,0.318181818,0.264285714,0,0,0,0,1,0,0,0,No Stroke
SYN-02577,0.688311688,1,0.193103448,1,0,0,0,0,0,0,1,0,0.364705882,0.309090909,0.207142857,1,0,1,0,0,1,1,0,Ischemic
SYN-01395,0.220779221,0,0.0,0,0,0,0,0,0,0,1,0,0.029411765,0.354545455,0.192857143,0,0,0,0,0,0,0,0,No Stroke
SYN-00769,0.675324675,0,0.331034483,0,0,0,0,0,0,0,1,0,0.405882353,0.336363636,0.178571429,0,0,0,0,0,0,0,0,No Stroke
SYN-03168,0.7966475699230898,0,0.3393637560593756,1,1,1,0,0,0,0,1,0,0.5532412859486504,0.426594362446667,0.2530092562260631,0,0,1,0,0,0,0,0,Hemorrhagic
SYN-00286,0.636363636,0,0.506896552,0,0,0,0,0,0,0,1,0,0.188235294,0.272727273,0.114285714,0,0,0,0,0,0,1,0,No Stroke
SYN-03150,0.6095226287495353,1,0.1605420590628862,1,0,0,0,0,0,0,1,0,0.536226980111643,0.3189446078529089,0.223849707767388,1,1,0,0,0,0,1,0,Hemorrhagic
SYN-00429,0.493506494,1,0.279310345,0,0,0,0,0,0,1,1,0,0.211764706,0.227272727,0.25,0,0,0,0,0,0,0,0,No Stroke
SYN-02333,0.636363636,1,0.382758621,0,0,0,1,0,0,0,1,0,0.211764706,0.436363636,0.314285714,1,1,0,0,0,0,1,0,Ischemic
SYN-02080,0.922077922,0,0.189655172,1,0,0,0,0,0,1,1,0,0.558823529,0.418181818,0.228571429,1,1,1,0,0,0,0,0,Ischemic
SYN-00723,0.649350649,0,0.372413793,0,0,0,0,0,0,1,1,0,0.382352941,0.227272727,0.171428571,0,0,0,0,0,0,0,0,No Stroke
SYN-00952,0.571428571,0,0.172413793,0,0,0,0,0,0,1,1,0,0.288235294,0.290909091,0.192857143,0,0,0,0,0,0,0,0,No Stroke
SYN-02263,0.792207792,1,0.303448276,1,0,0,0,0,0,0,1,0,0.305882353,0.381818182,0.271428571,0,1,0,0,1,0,0,1,Ischemic
SYN-00990,0.402597403,0,0.265517241,0,0,0,0,0,0,0,1,0,0.223529412,0.2,0.078571429,0,0,0,0,0,0,0,0,No Stroke
SYN-03339,0.4700627712409048,1,0.4154468975368542,0,1,0,0,0,0,0,1,0,0.4506834047289043,0.2823747607799551,0.2189682005163583,1,0,1,0,1,1,0,0,Hemorrhagic
SYN-03009,0.4175368711908512,0,0.345336876089962,1,0,1,0,0,0,0,1,0,0.2840324687413496,0.4244369812920321,0.1382815302738616,0,0,0,0,1,0,1,1,Hemorrhagic
SYN-00327,0.74025974,0,0.186206897,0,0,0,0,0,0,0,1,0,0.305882353,0.327272727,0.171428571,0,0,0,0,0,0,0,0,No Stroke
SYN-01384,0.298701299,0,0.620689655,0,0,0,0,0,0,0,1,0,0.188235294,0.309090909,0.221428571,0,0,0,0,0,0,1,0,No Stroke
SYN-01725,0.779220779,1,0.379310345,0,0,0,0,0,0,0,1,0,0.388235294,0.390909091,0.214285714,0,0,0,0,0,0,0,1,Ischemic
SYN-01087,0.350649351,0,0.117241379,0,0,0,0,0,0,0,1,0,0.194117647,0.254545455,0.292857143,0,0,0,0,0,0,0,0,No Stroke
SYN-00342,0.337662338,0,0.137931034,0,0,0,0,0,0,0,1,0,0.282352941,0.372727273,0.221428571,0,0,0,0,0,0,0,0,No Stroke
SYN-00148,0.311688312,0,0.393103448,0,0,1,0,0,0,0,1,0,0.288235294,0.354545455,0.114285714,0,1,0,0,0,0,0,0,No Stroke
SYN-02788,0.623376623,1,0.55862069,0,0,0,0,0,0,0,1,0,0.317647059,0.445454545,0.342857143,0,0,1,0,1,0,0,0,Hemorrhagic
SYN-01108,0.272727273,0,0.25862069,0,0,0,0,0,0,0,1,1,0.282352941,0.163636364,0.235714286,0,0,0,0,0,0,0,0,No Stroke
SYN-00849,0.493506494,0,0.344827586,0,0,0,0,0,0,1,1,0,0.182352941,0.218181818,0.235714286,0,1,0,0,1,0,1,0,No Stroke
SYN-00967,0.597402597,0,0.496551724,0,0,0,0,0,0,0,1,0,0.152941176,0.372727273,0.192857143,0,0,0,0,0,0,0,0,No Stroke
SYN-02935,0.5860538985207513,1,0.2600039218692638,0,0,1,0,0,0,1,1,1,0.255131554760118,0.3144858949451326,0.3354865868203738,1,0,1,0,1,1,0,1,Hemorrhagic
SYN-02204,0.805194805,1,0.337931034,1,0,0,0,0,0,0,1,0,0.582352941,0.309090909,0.314285714,0,0,0,1,0,0,0,1,Ischemic
SYN-00662,0.558441558,1,0.513793103,0,0,0,0,0,0,0,1,0,0.164705882,0.4,0.278571429,1,0,0,0,0,0,0,0,No Stroke
SYN-01003,0.311688312,1,0.303448276,0,0,0,0,0,0,1,1,0,0.305882353,0.3,0.157142857,0,0,0,0,0,0,1,1,No Stroke
SYN-02790,1.0,0,0.3632240478953738,1,0,0,0,0,0,0,1,0,0.6358541580319138,0.3682787854551431,0.3616668559355283,0,0,1,0,1,0,1,0,Hemorrhagic
SYN-03348,0.7528960643914168,0,0.6170111620883887,1,0,0,0,0,0,0,1,1,0.3728650741950683,0.3646958947174031,0.2093431735564036,0,1,0,1,1,0,0,0,Hemorrhagic
SYN-02793,0.6093810503366497,1,0.1007072091546544,1,0,0,0,0,0,0,1,0,0.4559925746861802,0.3822996503790423,0.2598902038507131,1,0,1,0,1,0,1,0,Hemorrhagic
SYN-03170,0.8080730891876952,0,0.2777034838748048,1,0,0,0,0,0,1,1,0,0.5844514920295008,0.3297033320039333,0.2509313463228447,1,0,1,1,1,0,0,1,Hemorrhagic
SYN-01880,0.597402597,1,0.331034483,0,0,0,0,0,0,0,1,1,0.317647059,0.354545455,0.314285714,1,1,1,0,1,0,0,1,Ischemic
SYN-03369,0.6798730970213483,1,0.263291399830438,0,0,0,0,0,0,0,1,0,0.382189878166196,0.2535378015564755,0.2109339615620795,0,1,0,0,1,0,1,0,Hemorrhagic
SYN-01204,0.493506494,0,0.406896552,0,0,0,0,0,0,0,1,0,0.247058824,0.363636364,0.25,0,0,0,0,0,0,1,0,No Stroke
SYN-01991,0.909090909,1,0.2,1,0,1,0,0,0,0,1,0,0.535294118,0.436363636,0.271428571,1,0,0,1,0,1,0,1,Ischemic
SYN-00025,0.74025974,1,0.179310345,0,0,0,0,0,0,0,1,1,0.305882353,0.236363636,0.228571429,0,0,0,0,1,0,0,0,No Stroke
SYN-03361,0.7648351301988683,1,0.3212770265803074,1,0,0,0,0,0,0,1,1,0.4426756898484172,0.3804869440579049,0.362797397801231,0,1,0,0,1,1,1,0,Hemorrhagic
SYN-02425,0.818181818,1,0.368965517,1,0,0,0,0,0,1,1,0,0.364705882,0.409090909,0.242857143,1,1,1,0,0,1,0,1,Ischemic
SYN-03209,0.7406042861388956,1,0.3499940442328814,0,0,1,0,0,0,0,1,0,0.275295881823698,0.2594088811741181,0.2456553932835497,0,0,0,1,1,0,0,0,Hemorrhagic
SYN-03110,0.5630928790913047,1,0.5876075626495372,0,0,1,0,1,0,0,1,0,0.3037005007689776,0.3728632285692339,0.2280723394674623,1,0,0,0,1,0,1,0,Hemorrhagic
SYN-00876,0.467532468,0,0.44137931,0,0,0,0,0,0,0,1,0,0.294117647,0.2,0.264285714,0,0,0,0,0,0,0,0,No Stroke
SYN-03217,0.637221055794729,1,0.301844864076579,1,1,0,0,0,0,0,1,0,0.4011125667442233,0.3313764110019106,0.1376796620051892,0,0,0,0,1,1,1,1,Hemorrhagic
SYN-00939,0.493506494,0,0.334482759,0,0,0,0,0,0,0,1,0,0.258823529,0.281818182,0.207142857,0,0,0,0,0,1,0,0,No Stroke
SYN-02395,0.779220779,0,0.420689655,1,0,0,0,0,0,0,1,0,0.388235294,0.418181818,0.328571429,1,0,1,1,0,1,0,1,Ischemic
SYN-02987,0.8901962543519619,0,0.1003531479233289,1,1,1,1,0,1,0,1,0,0.4242137330598824,0.4310098295184877,0.3346266505571914,1,1,1,0,0,0,0,0,Hemorrhagic
SYN-03552,0.5831061449934486,1,0.30626257444752425,1,1,0,0,0,0,0,1,0,0.4447721824544972,0.33611334449091174,0.06162530836070054,0,0,0,0,1,1,1,1,Hemorrhagic
SYN-00386,0.337662338,0,0.251724138,0,0,0,0,0,0,0,1,0,0.229411765,0.218181818,0.278571429,0,1,0,0,0,0,0,0,No Stroke
SYN-03541,0.7774854631196749,0,0.34301563229711773,1,1,1,0,0,0,0,1,0,0.5645135660541191,0.49822523215425646,0.20488052838213422,0,0,1,0,0,0,0,0,Hemorrhagic
SYN-02988,0.9299710558514792,1,0.1727480504761352,1,0,0,0,0,0,0,1,0,0.4237291447226985,0.4233417639021006,0.3446137952616366,0,0,1,1,0,1,0,1,Hemorrhagic
SYN-02629,0.8621641144318983,0,0.1920223564861756,1,0,0,0,0,0,0,1,0,0.4442869054726027,0.4486618910339077,0.2283174724516842,0,1,1,1,0,1,0,1,Hemorrhagic
SYN-02292,0.649350649,1,0.386206897,0,0,0,0,0,0,0,1,0,0.282352941,0.227272727,0.285714286,0,1,0,0,0,1,1,1,Ischemic
SYN-02499,0.987012987,1,0.344827586,1,0,1,0,0,0,1,1,0,0.547058824,0.3,0.264285714,1,1,0,1,0,0,0,1,Ischemic
SYN-00937,0.415584416,1,0.406896552,1,0,0,0,0,0,1,1,0,0.370588235,0.427272727,0.264285714,1,0,0,0,0,0,0,0,No Stroke
SYN-03077,0.5017694822146899,1,0.3333548139904069,1,0,0,0,0,0,1,1,0,0.3764273441740058,0.4547501360277884,0.2665343782317215,1,1,0,0,1,0,0,1,Hemorrhagic
SYN-02361,0.812263685916552,1,0.3606569765340964,1,1,1,1,0,0,0,1,0,0.5367872993248289,0.4447019256943856,0.276913010042252,1,0,1,0,0,0,0,1,Ischemic
SYN-03494,0.3885726956478914,1,0.6794792632705692,0,0,0,0,0,0,0,1,0,0.2870843809506315,0.4965751262119161,0.2947472256546993,1,1,0,0,0,1,0,0,Hemorrhagic
SYN-01333,0.584415584,0,0.248275862,0,0,0,0,0,0,0,1,0,0.352941176,0.354545455,0.392857143,0,0,0,0,0,0,0,0,No Stroke
SYN-01935,0.597402597,1,0.496551724,0,0,0,0,0,0,0,1,0,0.247058824,0.345454545,0.157142857,1,1,1,0,0,1,1,1,Ischemic
SYN-00936,0.116883117,0,0.324137931,0,0,0,0,0,0,0,1,0,0.282352941,0.263636364,0.235714286,0,0,0,0,0,0,0,0,No Stroke
SYN-02419,0.857142857,1,0.317241379,1,0,0,0,0,0,0,1,0,0.458823529,0.454545455,0.257142857,1,0,1,0,0,1,1,0,Ischemic
SYN-00567,0.324675325,0,0.555172414,0,0,1,0,0,0,0,1,0,0.211764706,0.272727273,0.285714286,0,0,0,0,0,0,0,0,No Stroke
SYN-01855,0.74025974,1,0.372413793,1,0,0,1,0,0,1,1,0,0.5,0.381818182,0.25,1,1,0,1,0,0,1,1,Ischemic
SYN-02891,0.9271580953348476,0,0.3016730930124441,1,0,1,1,1,0,0,1,0,0.3273889948505826,0.4204013743992379,0.1443860780579269,0,1,1,0,0,1,0,1,Hemorrhagic
SYN-01646,0.519480519,0,0.424137931,0,1,0,0,1,0,0,1,0,0.423529412,0.236363636,0.178571429,1,1,0,0,0,1,0,0,Ischemic
SYN-03155,0.6777995682350012,1,0.0307331232828853,1,0,0,0,0,0,0,1,1,0.2668731661514226,0.227258328771902,0.3128592913978582,0,1,1,0,0,0,0,0,Hemorrhagic
SYN-01793,0.701298701,1,0.25862069,1,0,0,0,0,0,0,1,1,0.541176471,0.218181818,0.285714286,0,1,0,1,1,0,1,0,Ischemic
SYN-01431,0.155844156,0,0.413793103,0,0,0,0,0,0,0,1,0,0.135294118,0.263636364,0.321428571,0,0,0,0,1,0,0,0,No Stroke
SYN-02767,0.6418860826676777,0,0.4234529664772904,1,0,0,0,0,0,0,1,0,0.3884656460012894,0.2997889667485784,0.2484296220750959,0,1,1,0,1,0,1,0,Hemorrhagic
SYN-01014,0.519480519,1,0.217241379,0,0,0,0,0,0,0,1,1,0.429411765,0.2,0.328571429,0,0,0,1,0,0,0,0,No Stroke
SYN-01929,0.6260102069997531,0,0.4078275666326151,0,0,1,0,0,1,0,1,0,0.313640169608669,0.3005289167177577,0.3176712410224762,0,1,1,0,0,1,1,1,Ischemic
SYN-02689,0.74025974,0,0.072413793,1,0,1,0,0,0,0,1,0,0.458823529,0.418181818,0.314285714,0,1,0,0,1,0,1,0,Hemorrhagic
SYN-00127,0.38961039,1,0.024137931,0,0,1,0,0,0,0,1,0,0.205882353,0.245454545,0.335714286,0,0,0,0,0,0,0,0,No Stroke
SYN-02770,0.6424456909582353,1,0.3522674318910061,0,0,1,0,0,1,0,1,0,0.3938324784425833,0.4549264678005043,0.2054370644761613,0,1,1,0,0,0,0,0,Hemorrhagic
SYN-01348,0.714285714,1,0.296551724,0,0,0,0,0,0,0,1,0,0.2,0.372727273,0.192857143,0,0,0,0,0,0,0,0,No Stroke
SYN-00356,0.454545455,0,0.368965517,0,0,0,0,0,0,0,1,0,0.217647059,0.290909091,0.2,0,0,0,0,1,0,0,0,No Stroke
SYN-00828,0.454545455,0,0.162068966,1,0,0,0,0,1,0,1,0,0.429411765,0.345454545,0.185714286,0,0,0,0,0,0,0,0,No Stroke
SYN-01640,0.792207792,1,0.331034483,0,0,0,0,1,0,0,1,0,0.329411765,0.3,0.257142857,1,1,1,0,0,0,0,0,Ischemic
SYN-00985,0.246753247,0,0.189655172,0,0,0,0,0,0,0,1,0,0.205882353,0.354545455,0.271428571,0,0,0,1,0,0,0,1,No Stroke
SYN-02189,0.441558442,0,0.472413793,1,0,1,0,0,0,0,1,0,0.235294118,0.272727273,0.278571429,1,1,0,0,0,1,1,1,Ischemic
SYN-03107,0.8137832129387775,1,0.2507648655997161,1,0,1,0,1,0,0,1,0,0.5126856368956544,0.4265063034680585,0.2049156054478949,1,0,0,0,1,0,1,0,Hemorrhagic
SYN-00363,0.532467532,0,0.255172414,0,0,0,0,0,0,0,1,0,0.270588235,0.345454545,0.185714286,0,0,0,0,0,0,0,0,No Stroke
SYN-02350,0.597402597,0,0.510344828,0,0,1,0,0,0,0,1,1,0.294117647,0.290909091,0.221428571,0,0,1,0,0,1,0,0,Ischemic
SYN-00346,0.363636364,0,0.365517241,1,0,0,0,0,0,0,1,0,0.435294118,0.336363636,0.192857143,0,0,0,0,0,0,1,0,No Stroke
SYN-02464,0.831168831,0,0.04137931,1,0,1,0,0,0,0,1,0,0.558823529,0.318181818,0.207142857,1,1,1,0,0,1,0,0,Ischemic
SYN-03032,0.6574727669706145,0,0.391248335565862,1,0,0,0,0,0,0,1,0,0.4791601029232526,0.655650202988901,0.1923516406406031,0,1,1,0,0,1,0,0,Hemorrhagic
SYN-00712,0.441558442,1,0.268965517,0,0,1,0,0,0,0,1,1,0.252941176,0.145454545,0.25,0,0,0,0,0,0,0,0,No Stroke
SYN-02467,0.506493506,1,0.0,1,0,0,0,0,0,0,1,1,0.452941176,0.472727273,0.214285714,0,1,1,0,0,0,0,0,Ischemic
SYN-00011,0.363636364,0,0.293103448,0,0,0,0,0,0,0,1,0,0.223529412,0.2,0.271428571,1,0,0,0,0,0,0,0,No Stroke
SYN-03537,0.5315546058067171,1,0.4000513187319258,1,0,0,0,0,0,0,1,0,0.45290414528486644,0.3974929191445753,0.24859113641662656,1,1,1,0,0,0,1,1,Hemorrhagic
SYN-02117,0.727272727,1,0.475862069,0,0,0,0,0,0,0,1,0,0.494117647,0.281818182,0.135714286,1,1,0,1,1,1,0,1,Ischemic
SYN-01835,0.597402597,1,0.468965517,0,0,1,0,0,0,0,1,0,0.2,0.245454545,0.114285714,0,1,1,1,0,0,0,0,Ischemic
SYN-00794,0.493506494,1,0.389655172,0,0,0,0,0,0,0,1,0,0.347058824,0.272727273,0.264285714,0,0,0,0,0,0,0,0,No Stroke
SYN-03304,0.6227254097045924,1,0.0874642724732849,1,0,0,0,0,0,0,1,0,0.4268572079218346,0.3315822436977746,0.2163593371084045,1,0,1,0,0,0,1,0,Hemorrhagic
SYN-00095,0.545454545,0,0.227586207,0,0,0,0,0,0,0,1,0,0.288235294,0.381818182,0.307142857,0,0,0,0,0,0,0,0,No Stroke
SYN-00130,0.38961039,1,0.389655172,0,0,0,0,0,0,0,1,0,0.352941176,0.254545455,0.221428571,0,0,0,0,0,0,0,0,No Stroke
SYN-02372,0.480519481,0,0.379310345,1,1,0,0,0,0,0,1,0,0.264705882,0.481818182,0.271428571,1,1,0,0,0,0,1,1,Ischemic
SYN-03373,0.838266481029387,1,0.2387568170584241,1,0,1,0,0,0,1,1,0,0.556903222905808,0.5007376135786856,0.1287947258277674,0,0,1,1,0,1,1,0,Hemorrhagic
SYN-03472,0.7895542023399651,0,0.4875699163141387,1,0,0,0,0,0,0,1,0,0.4187542252996549,0.4566784250072085,0.1921424413493432,1,0,0,0,1,1,0,0,Hemorrhagic
SYN-02264,0.727272727,1,0.334482759,0,1,1,0,0,0,0,1,0,0.358823529,0.381818182,0.1,0,1,1,0,0,0,0,1,Ischemic
SYN-01901,0.597402597,1,0.382758621,1,0,0,0,0,0,0,1,0,0.405882353,0.390909091,0.264285714,1,0,1,1,0,0,0,1,Ischemic
SYN-02620,0.46925208396644874,0,0.4273162450455115,1,0,0,0,0,0,0,1,0,0.2802541224006923,0.3039742483385346,0.2547071608619869,1,1,0,0,0,0,0,1,Ischemic
SYN-02856,0.948051948,1,0.365517241,1,1,0,1,0,0,0,1,0,0.423529412,0.418181818,0.064285714,0,1,1,0,0,0,1,0,Hemorrhagic
SYN-01933,0.961038961,0,0.317241379,1,0,1,0,0,0,0,1,0,0.464705882,0.445454545,0.085714286,1,0,1,1,0,0,0,0,Ischemic
SYN-03470,0.4196443213954201,1,0.3284118148046876,1,1,1,0,0,1,0,1,1,0.3755883677054564,0.2386527951159285,0.2227038831689866,0,1,0,0,0,0,0,0,Hemorrhagic
SYN-01866,0.5288179638395744,1,0.3957541521614288,1,0,0,0,0,0,0,1,0,0.3797975911215132,0.5110255996611076,0.155738882589077,0,0,1,0,0,0,1,0,Ischemic
SYN-01659,0.545454545,1,0.306896552,1,0,0,0,0,0,0,1,1,0.441176471,0.418181818,0.3,1,1,1,1,1,0,0,0,Ischemic
SYN-00517,0.584415584,0,0.2,0,0,0,0,0,0,0,1,0,0.305882353,0.409090909,0.228571429,0,0,1,0,0,0,0,0,No Stroke
SYN-01858,0.766233766,1,0.337931034,1,1,0,0,1,0,0,1,0,0.535294118,0.427272727,0.307142857,1,1,0,1,0,1,0,0,Ischemic
SYN-02244,0.675324675,0,0.303448276,1,0,0,0,0,0,0,1,0,0.376470588,0.381818182,0.257142857,0,1,1,0,0,1,0,0,Ischemic
SYN-01278,0.337662338,1,0.120689655,0,0,0,0,0,0,0,1,0,0.282352941,0.3,0.292857143,0,0,0,0,0,0,0,0,No Stroke
SYN-03457,0.9857216021410066,0,0.2495935877921603,1,0,1,0,0,0,0,1,0,0.5446315092882315,0.41331879671602,0.2299114039965424,0,1,0,1,1,0,1,1,Hemorrhagic
SYN-00951,0.441558442,1,0.493103448,0,0,0,0,0,0,0,1,0,0.270588235,0.409090909,0.278571429,0,0,0,0,0,0,0,0,No Stroke
SYN-01121,0.350649351,1,0.206896552,0,0,0,0,0,0,0,1,0,0.3,0.336363636,0.221428571,0,0,0,0,0,0,0,0,No Stroke
SYN-02205,0.818181818,0,0.034482759,1,0,0,0,0,0,1,1,0,0.682352941,0.472727273,0.192857143,1,0,0,0,0,0,0,1,Ischemic
SYN-00420,0.441558442,0,0.420689655,0,0,0,0,0,0,0,1,0,0.305882353,0.345454545,0.221428571,0,0,0,0,0,1,0,0,No Stroke
SYN-00923,0.415584416,1,0.065517241,0,0,0,0,0,0,0,1,0,0.247058824,0.236363636,0.192857143,0,0,0,0,0,0,0,0,No Stroke
SYN-02632,1.0,1,0.1374075656161839,1,0,0,0,0,0,0,1,1,0.5312817332481444,0.4378032914645088,0.231378184939072,1,1,1,0,1,0,0,1,Hemorrhagic
SYN-00478,0.415584416,1,0.289655172,0,0,0,0,0,0,0,1,1,0.276470588,0.254545455,0.171428571,0,0,0,0,0,0,0,0,No Stroke
SYN-02036,0.597402597,1,0.386206897,1,0,0,0,0,1,0,1,0,0.394117647,0.418181818,0.25,1,1,0,0,0,0,1,1,Ischemic
SYN-02607,0.8352010162720055,1,0.48160784629095754,0,0,0,0,0,0,1,1,1,0.297503612279523,0.3428973857961617,0.23744156839720595,1,1,1,1,0,1,0,1,Ischemic
SYN-01693,0.922077922,1,0.389655172,1,0,0,0,0,0,0,1,0,0.5,0.472727273,0.3,0,1,0,1,0,1,1,0,Ischemic
SYN-02646,0.961038961,1,0.348275862,0,0,0,0,1,0,1,1,1,0.364705882,0.390909091,0.235714286,0,1,0,0,1,0,0,1,Hemorrhagic
SYN-01472,0.38961039,1,0.355172414,0,0,0,0,0,0,0,1,0,0.258823529,0.2,0.3,0,0,0,0,0,0,0,0,No Stroke
SYN-01203,0.558441558,0,0.2,0,0,0,0,0,0,0,1,1,0.282352941,0.418181818,0.2,0,0,0,0,0,1,0,0,No Stroke
SYN-02439,0.74025974,1,0.465517241,1,0,0,0,0,0,1,1,0,0.423529412,0.436363636,0.207142857,1,0,0,0,1,1,1,1,Ischemic
SYN-01670,0.675324675,1,0.420689655,0,0,1,0,0,0,0,1,1,0.305882353,0.309090909,0.292857143,0,0,1,0,1,1,1,1,Ischemic
SYN-03318,0.7982457041591764,1,0.2231062685223359,1,0,1,0,0,0,1,1,0,0.5904742324627762,0.5110962718505737,0.1569671752212532,0,1,1,1,0,1,1,0,Hemorrhagic
SYN-01971,0.844155844,1,0.275862069,0,1,0,0,0,0,0,1,0,0.358823529,0.409090909,0.192857143,1,1,0,0,0,1,0,1,Ischemic
SYN-02152,0.805194805,0,0.265517241,1,0,0,0,0,0,0,1,0,0.529411765,0.336363636,0.192857143,0,1,1,0,1,1,0,1,Ischemic
SYN-00821,0.688311688,1,0.189655172,0,0,0,0,0,0,0,1,0,0.282352941,0.345454545,0.2,0,0,0,0,0,0,0,0,No Stroke
SYN-01998,0.87012987,1,0.45862069,1,0,1,0,0,0,0,1,0,0.488235294,0.272727273,0.171428571,1,0,0,0,1,1,1,1,Ischemic
SYN-03428,0.7524019639797629,1,0.1976531879385582,1,0,1,0,0,0,0,1,0,0.54107128388973,0.3488829272343517,0.1722958344914174,1,1,1,1,0,0,0,0,Hemorrhagic
SYN-01249,0.454545455,0,0.389655172,0,0,0,0,0,0,0,1,0,0.170588235,0.518181818,0.257142857,0,0,0,1,0,0,1,0,No Stroke
SYN-02628,0.5807367100015076,1,0.347597636244532,0,1,0,0,1,0,0,1,1,0.4311741707255291,0.5049988441422197,0.2520802739764758,1,0,1,0,1,1,1,1,Hemorrhagic
SYN-03177,0.7306920799329175,1,0.2960928859763705,1,0,0,0,0,0,0,1,1,0.5000210795159058,0.3795341952469718,0.2234593831630495,1,0,0,1,0,1,0,0,Hemorrhagic
SYN-02191,0.896103896,0,0.331034483,1,0,0,0,0,0,0,1,0,0.305882353,0.4,0.257142857,0,1,1,0,1,0,1,0,Ischemic
SYN-03444,0.5991823656588942,1,0.3138692189079728,1,1,0,0,0,0,0,1,0,0.4351888695478585,0.3446571556965161,0.0985496402115536,0,0,0,0,1,1,1,1,Hemorrhagic
SYN-01047,0.480519481,0,0.375862069,0,0,1,0,0,0,0,1,0,0.294117647,0.345454545,0.214285714,0,0,0,0,0,0,0,1,No Stroke
SYN-01889,0.831168831,0,0.462068966,1,0,1,0,0,0,0,1,0,0.352941176,0.427272727,0.242857143,0,0,1,0,0,1,1,1,Ischemic
SYN-02470,0.350649351,0,0.568965517,1,0,0,0,0,0,0,1,0,0.252941176,0.309090909,0.271428571,1,0,1,1,1,0,1,0,Ischemic
SYN-00616,0.714285714,0,0.35862069,0,0,0,0,0,0,0,1,0,0.3,0.409090909,0.235714286,0,0,0,0,0,0,0,0,No Stroke
SYN-01319,0.545454545,1,0.410344828,0,0,1,0,0,0,0,1,0,0.135294118,0.345454545,0.228571429,1,0,0,0,0,0,0,0,No Stroke
SYN-03448,0.9017535713839956,1,0.1968240742404147,1,0,0,0,0,0,0,1,0,0.4460108744456307,0.4375389748734535,0.191816038447563,1,1,1,0,1,0,0,0,Hemorrhagic
SYN-03485,0.7858589952279118,1,0.2743025416586926,0,0,0,0,1,0,0,1,0,0.2423875767690498,0.3786916757512618,0.211398216503457,0,1,0,0,1,0,0,0,Hemorrhagic
SYN-03498,0.7191166349594043,0,0.4365574210522501,1,1,0,0,0,0,1,1,0,0.5666526691833087,0.2515129314063308,0.1960646058400141,1,0,1,0,0,0,0,1,Hemorrhagic
SYN-02137,0.597402597,1,0.531034483,0,0,0,0,0,0,1,1,1,0.311764706,0.318181818,0.214285714,1,1,0,1,0,0,0,0,Ischemic
SYN-02930,0.8298400373042604,1,0.2675540327438476,0,0,1,0,0,0,0,1,0,0.3323821590969283,0.2899690653947661,0.2224476137565226,1,1,1,0,1,0,0,1,Hemorrhagic
SYN-01773,0.636363636,1,0.748275862,0,0,0,0,0,0,0,1,0,0.258823529,0.281818182,0.228571429,0,1,1,0,1,1,0,1,Ischemic
SYN-03528,0.7663597659479463,1,0.5303687887321695,0,0,1,0,0,0,0,1,0,0.4207139781037687,0.2796147167986719,0.19637210547129652,1,1,0,0,1,0,1,0,Hemorrhagic
SYN-00132,0.441558442,1,0.186206897,0,1,0,0,0,0,0,1,0,0.217647059,0.263636364,0.235714286,0,0,0,0,0,1,0,0,No Stroke
SYN-00078,0.545454545,1,0.462068966,0,0,1,0,0,0,0,1,0,0.176470588,0.336363636,0.35,0,0,0,0,0,0,0,0,No Stroke
SYN-02053,0.766233766,1,0.479310345,1,0,0,0,0,0,0,1,0,0.529411765,0.363636364,0.321428571,1,1,0,1,0,1,1,0,Ischemic
SYN-00725,0.285714286,1,0.327586207,0,0,1,0,0,0,0,1,1,0.223529412,0.254545455,0.185714286,0,0,0,0,0,0,0,0,No Stroke
SYN-01315,0.103896104,1,0.403448276,0,0,0,0,0,0,0,1,0,0.158823529,0.336363636,0.2,0,0,0,0,0,0,0,0,No Stroke
SYN-01852,0.558441558,1,0.479310345,1,0,1,0,0,0,0,1,1,0.347058824,0.454545455,0.25,1,0,0,0,0,1,0,1,Ischemic
SYN-03491,0.9234146449366872,0,0.3311641442164755,0,0,1,0,0,0,1,1,0,0.4002280862748393,0.3516168985949277,0.1475315062993018,1,0,1,1,0,0,1,0,Hemorrhagic
SYN-02741,1.0,1,0.3083133986996679,0,0,0,0,1,0,1,1,1,0.3895032404925148,0.3916779047133726,0.2237788204648073,0,1,0,0,1,0,0,1,Hemorrhagic
SYN-03042,0.662337662,1,0.627586207,0,1,0,0,0,0,1,1,0,0.494117647,0.163636364,0.214285714,1,1,0,0,0,0,0,1,Hemorrhagic
SYN-01373,0.415584416,1,0.275862069,0,0,0,0,0,0,0,1,1,0.3,0.181818182,0.25,0,0,0,0,0,0,0,0,No Stroke
SYN-01856,0.402597403,0,0.389655172,0,0,0,0,0,0,0,1,0,0.276470588,0.218181818,0.378571429,0,1,1,1,0,0,0,1,Ischemic
SYN-01320,0.38961039,0,0.282758621,0,0,0,0,0,0,0,1,0,0.141176471,0.363636364,0.3,1,0,0,0,0,0,0,0,No Stroke
SYN-03435,0.7672426314108031,0,0.0265010379406231,1,0,1,0,0,0,0,1,0,0.4663745578775081,0.4214948026457014,0.3331057595735442,0,1,0,0,1,1,1,0,Hemorrhagic
SYN-02598,0.87012987,1,0.403448276,0,1,1,0,0,0,0,1,0,0.470588235,0.372727273,0.228571429,0,1,1,1,1,1,1,0,Ischemic
SYN-00376,0.025974026,1,0.334482759,0,0,0,0,0,0,1,1,1,0.135294118,0.363636364,0.235714286,0,0,0,0,0,0,0,0,No Stroke
SYN-01909,0.662337662,1,0.551724138,0,0,0,0,0,0,0,1,0,0.347058824,0.263636364,0.235714286,0,0,1,0,0,1,1,1,Ischemic
SYN-00334,0.467532468,1,0.251724138,0,0,0,0,0,0,0,1,0,0.188235294,0.218181818,0.257142857,0,0,0,0,0,0,0,0,No Stroke
SYN-03391,0.7802291891388673,1,0.2871159821103313,0,0,0,0,1,0,0,1,0,0.2633878475998966,0.4070959900807663,0.2275818611256888,0,1,0,0,1,0,0,0,Hemorrhagic
SYN-02747,0.7507426914246498,1,0.5373354824451678,1,0,0,0,0,0,0,1,1,0.5079092757695991,0.4104065215454419,0.2070882798291172,0,0,1,0,0,1,0,1,Hemorrhagic
SYN-02366,0.415584416,1,0.24137931,1,0,0,0,0,0,0,1,0,0.335294118,0.354545455,0.064285714,0,0,1,0,1,0,1,1,Ischemic
SYN-01605,0.584415584,1,0.486206897,0,0,0,0,0,0,0,1,1,0.241176471,0.454545455,0.192857143,0,0,0,0,0,1,0,0,Ischemic
SYN-01119,0.428571429,0,0.137931034,0,0,0,0,0,0,0,1,0,0.294117647,0.272727273,0.285714286,0,0,0,0,0,0,0,0,No Stroke
SYN-03382,0.5257141816903003,1,0.4290615751170499,1,0,1,0,0,0,0,1,0,0.4685725276049437,0.4145881272958335,0.0898521636380458,1,1,1,0,0,1,0,0,Hemorrhagic
SYN-01944,0.7684246476374335,1,0.1574696074681492,0,1,0,0,0,1,0,1,0,0.3470364933174674,0.4029762340607379,0.3508299236424259,0,1,0,0,0,1,1,1,Ischemic
SYN-02841,0.6468665068259765,1,0.5475507174251648,0,0,1,0,1,0,0,1,1,0.3809428807926295,0.351715143941777,0.185197533983717,1,1,0,1,0,1,0,1,Hemorrhagic
SYN-02377,0.597402597,0,0.282758621,1,0,0,0,0,0,1,1,1,0.394117647,0.5,0.214285714,0,1,1,0,0,0,0,0,Ischemic
SYN-03005,0.779220779,1,0.293103448,0,0,0,0,1,0,0,1,0,0.264705882,0.372727273,0.228571429,0,1,0,0,1,0,0,0,Hemorrhagic
SYN-01343,0.714285714,0,0.324137931,0,0,0,0,0,0,0,1,0,0.282352941,0.272727273,0.25,0,0,0,0,0,0,1,0,No Stroke
SYN-00321,0.038961039,1,0.25862069,0,0,0,0,0,0,0,1,0,0.088235294,0.245454545,0.164285714,0,0,0,0,0,0,0,0,No Stroke
SYN-01620,0.5491021597243196,1,0.4041525635328429,0,1,1,0,0,0,0,1,1,0.3553630691541948,0.3993502231858746,0.2822845941954871,0,0,1,1,1,0,0,0,Ischemic
SYN-02914,0.7320352090654535,1,0.492391484877052,0,0,1,0,0,0,0,1,0,0.3858879983370408,0.2651690261278805,0.2201798707988122,1,1,0,0,1,0,1,0,Hemorrhagic
SYN-02061,0.701298701,1,0.424137931,0,0,1,0,0,0,1,1,0,0.347058824,0.345454545,0.185714286,1,0,1,1,0,0,0,1,Ischemic
SYN-02220,0.701298701,1,0.451724138,0,0,1,0,0,0,0,1,0,0.276470588,0.318181818,0.342857143,1,0,0,0,0,1,0,1,Ischemic
SYN-01674,0.662337662,1,0.093103448,1,0,0,0,0,0,0,1,0,0.352941176,0.418181818,0.135714286,0,0,1,1,0,0,1,0,Ischemic
SYN-01943,0.841163186668086,1,0.3675089829824797,1,0,1,0,0,0,0,1,0,0.5372058175604415,0.3573219722115801,0.2776202185277235,0,0,1,0,0,1,0,0,Ischemic
SYN-00261,0.454545455,0,0.562068966,0,0,0,0,0,1,0,1,0,0.258823529,0.272727273,0.235714286,0,0,0,0,0,0,1,0,No Stroke
SYN-02803,0.5818055679203418,0,0.4034432734003204,0,1,0,0,0,0,0,1,0,0.37054893488827,0.2759878039583487,0.2880277115704089,0,0,1,1,1,0,1,1,Hemorrhagic
SYN-02040,0.506493506,1,0.551724138,1,0,1,0,0,0,0,1,0,0.382352941,0.372727273,0.214285714,0,1,1,1,0,0,1,1,Ischemic
SYN-00690,0.506493506,1,0.382758621,0,0,0,0,0,0,0,1,0,0.229411765,0.281818182,0.307142857,0,0,0,0,1,0,0,1,No Stroke
SYN-00902,0.441558442,1,0.255172414,1,0,1,0,0,0,0,1,0,0.282352941,0.290909091,0.292857143,0,0,0,0,0,0,1,0,No Stroke
SYN-02307,0.506493506,0,0.534482759,0,0,0,0,0,0,0,1,0,0.323529412,0.263636364,0.135714286,0,1,0,1,0,1,0,1,Ischemic
SYN-02027,0.142857143,0,0.0,0,0,0,0,0,0,0,1,0,0.194117647,0.354545455,0.364285714,1,1,0,0,0,0,0,1,Ischemic
SYN-00139,0.25974026,0,0.503448276,0,0,0,0,0,0,0,1,0,0.2,0.309090909,0.235714286,0,0,0,0,1,0,0,0,No Stroke
SYN-01918,0.675324675,0,0.324137931,1,0,0,0,0,0,0,1,0,0.358823529,0.4,0.178571429,1,0,0,0,0,1,0,0,Ischemic
SYN-01829,0.597402597,1,0.393103448,1,0,0,0,0,0,0,1,0,0.405882353,0.4,0.135714286,0,0,1,1,0,0,1,0,Ischemic
SYN-01574,0.480519481,1,0.45862069,0,0,0,0,0,0,0,1,0,0.241176471,0.181818182,0.142857143,0,0,0,0,0,0,0,0,No Stroke
SYN-00320,0.675324675,0,0.282758621,0,0,0,0,0,0,0,1,0,0.276470588,0.363636364,0.235714286,0,0,0,0,0,0,0,0,No Stroke
SYN-00654,0.688311688,0,0.24137931,0,0,0,0,0,0,0,1,0,0.370588235,0.209090909,0.307142857,0,0,0,0,0,0,0,0,No Stroke
SYN-02138,0.779220779,1,0.375862069,0,0,0,0,0,0,0,1,0,0.429411765,0.3,0.185714286,1,0,1,0,0,1,0,1,Ischemic
SYN-03484,0.6806401215792773,0,0.0021329736736152,1,0,0,0,0,0,1,1,0,0.4752494983566497,0.5086634568802237,0.2461059352483279,0,1,1,0,1,1,1,1,Hemorrhagic
SYN-00559,0.61038961,0,0.44137931,0,0,1,0,0,0,0,1,0,0.241176471,0.354545455,0.178571429,0,0,0,0,0,0,0,0,No Stroke
SYN-02188,0.441558442,1,0.468965517,1,0,0,0,0,0,0,1,1,0.188235294,0.318181818,0.285714286,1,1,1,0,0,0,0,0,Ischemic
SYN-00113,0.545454545,0,0.086206897,0,0,1,0,0,0,0,1,0,0.158823529,0.390909091,0.235714286,0,0,0,0,0,0,0,0,No Stroke
SYN-00532,0.675324675,1,0.248275862,1,0,0,0,0,0,1,1,0,0.229411765,0.5,0.25,0,0,0,0,0,0,0,0,No Stroke
SYN-00225,0.597402597,1,0.272413793,0,1,0,0,0,0,0,1,0,0.4,0.363636364,0.228571429,0,0,0,0,0,0,0,0,No Stroke
SYN-00724,0.493506494,1,0.4,0,0,1,0,0,0,0,1,0,0.441176471,0.345454545,0.242857143,0,0,0,0,1,0,0,0,No Stroke
SYN-02893,0.7081148432596074,0,0.2232649642953023,1,0,0,0,0,1,0,1,0,0.4450944233713841,0.4428578669996079,0.186906849928003,0,0,1,1,1,0,1,0,Hemorrhagic
SYN-03065,0.7682621111420667,0,0.284912054510285,1,0,0,0,0,0,0,1,0,0.5535497536130825,0.405252150945749,0.098655890645001,1,1,0,0,0,1,0,1,Hemorrhagic
SYN-01434,0.506493506,0,0.24137931,0,0,1,0,0,0,0,1,0,0.229411765,0.318181818,0.121428571,0,0,0,0,0,0,0,0,No Stroke
SYN-02374,0.6511967559441907,0,0.5320502875418327,0,0,0,0,0,0,1,1,0,0.2658258644735268,0.2840764124827174,0.3912274749224441,0,1,0,0,0,1,0,1,Ischemic
SYN-02777,0.454545455,1,0.372413793,1,0,0,0,0,0,0,1,0,0.476470588,0.454545455,0.328571429,0,0,0,1,0,0,1,1,Hemorrhagic
SYN-02858,0.9261160383038464,1,0.3555711811856577,1,0,0,0,0,0,0,1,1,0.4590044296838433,0.5077322073716481,0.3174910827715035,1,0,1,0,1,0,1,0,Hemorrhagic
SYN-01459,0.376623377,1,0.044827586,0,0,1,0,0,0,0,1,0,0.276470588,0.263636364,0.235714286,0,0,0,0,0,0,0,0,No Stroke
SYN-03225,0.7050276272662898,0,0.4416696888788066,1,1,0,0,0,0,1,1,0,0.6033494904810573,0.2572568005333102,0.2589569599632809,1,0,1,0,0,0,0,1,Hemorrhagic
SYN-00847,0.532467532,1,0.196551724,0,0,0,0,0,0,0,1,0,0.082352941,0.263636364,0.171428571,0,0,0,0,0,0,0,0,No Stroke
SYN-00194,0.402597403,1,0.582758621,0,0,0,0,0,0,0,1,0,0.129411765,0.272727273,0.278571429,0,0,0,0,0,0,0,0,No Stroke
SYN-01465,0.519480519,1,0.210344828,0,0,1,0,0,0,0,1,0,0.241176471,0.227272727,0.278571429,0,0,0,0,0,0,0,0,No Stroke
SYN-00947,0.74025974,1,0.4,0,0,0,0,0,0,0,1,1,0.282352941,0.318181818,0.371428571,0,0,0,0,0,0,0,0,No Stroke
SYN-02022,0.636363636,1,0.151724138,0,1,0,0,0,0,0,1,1,0.323529412,0.263636364,0.092857143,1,0,1,0,1,0,0,0,Ischemic
SYN-02552,0.6261598501894228,1,0.4168502772426782,0,0,1,0,0,0,1,1,1,0.3531526394174931,0.292718189115574,0.2874787126223957,1,0,1,0,0,0,1,1,Ischemic
SYN-01630,0.584415584,1,0.55862069,1,0,0,0,0,0,0,1,0,0.488235294,0.309090909,0.228571429,1,1,0,0,0,0,0,1,Ischemic
SYN-00118,0.649350649,1,0.306896552,1,0,0,0,0,0,0,1,0,0.317647059,0.309090909,0.285714286,0,0,0,0,0,0,0,0,No Stroke
SYN-00646,0.493506494,1,0.331034483,0,0,0,0,0,0,0,1,0,0.447058824,0.318181818,0.207142857,0,0,0,0,0,0,0,0,No Stroke
SYN-01871,0.649350649,1,0.303448276,1,0,0,0,0,0,0,1,0,0.364705882,0.381818182,0.328571429,0,1,1,0,0,0,1,0,Ischemic
SYN-00004,0.181818182,0,0.337931034,1,0,0,0,0,0,0,1,0,0.335294118,0.281818182,0.192857143,0,0,0,0,0,0,0,0,No Stroke
SYN-00075,0.116883117,0,0.372413793,0,0,1,0,0,0,0,1,0,0.211764706,0.245454545,0.25,0,0,0,0,0,1,0,0,No Stroke
SYN-01756,0.831168831,0,0.068965517,0,0,1,0,0,0,0,1,0,0.305882353,0.336363636,0.25,0,1,1,1,0,0,1,0,Ischemic
SYN-00468,0.506493506,0,0.375862069,0,0,0,0,0,0,0,1,0,0.158823529,0.5,0.264285714,0,0,0,0,0,0,1,0,No Stroke
SYN-00006,0.675324675,0,0.275862069,0,0,0,0,0,0,1,1,0,0.382352941,0.163636364,0.328571429,0,0,0,0,0,0,0,0,No Stroke
SYN-01247,0.597402597,1,0.379310345,0,0,0,0,0,0,0,1,1,0.217647059,0.290909091,0.242857143,0,0,0,0,0,0,1,0,No Stroke
SYN-00920,0.61038961,1,0.427586207,0,0,0,0,0,0,0,1,0,0.223529412,0.336363636,0.242857143,0,0,0,0,0,0,0,0,No Stroke
SYN-00229,0.480519481,0,0.45862069,0,0,0,0,0,0,0,1,1,0.258823529,0.354545455,0.235714286,0,0,0,1,0,0,0,0,No Stroke
SYN-01064,0.454545455,0,0.227586207,0,0,0,0,0,0,1,1,0,0.258823529,0.345454545,0.228571429,0,0,0,0,1,0,0,0,No Stroke
SYN-02591,0.779220779,1,0.14137931,0,1,0,0,0,0,0,1,0,0.423529412,0.336363636,0.257142857,0,1,0,1,0,0,1,0,Ischemic
SYN-00243,0.532467532,1,0.417241379,0,0,0,0,0,0,0,1,0,0.194117647,0.336363636,0.228571429,0,0,0,0,0,0,0,0,No Stroke
SYN-02723,0.5378745045822376,0,0.6280638196043755,0,0,1,0,0,0,0,1,0,0.2828076243858527,0.3192724022174305,0.2578252513951541,0,0,1,0,1,1,0,0,Hemorrhagic
SYN-01161,0.675324675,1,0.017241379,0,0,0,0,0,0,0,1,0,0.247058824,0.336363636,0.128571429,0,0,0,0,0,0,0,0,No Stroke
SYN-02997,0.974025974,1,0.182758621,1,0,1,0,0,0,1,1,0,0.605882353,0.390909091,0.3,1,1,0,0,0,0,0,0,Hemorrhagic
SYN-02671,0.6098040360199797,1,0.1002315440335568,1,0,0,0,0,0,0,1,0,0.442998495218127,0.3590232948789074,0.2653813439053584,1,0,1,0,1,0,1,0,Hemorrhagic
SYN-02564,0.61038961,1,0.248275862,1,0,0,0,0,0,1,1,0,0.382352941,0.318181818,0.278571429,1,0,1,0,1,0,1,1,Ischemic
SYN-01527,0.623376623,1,0.255172414,0,0,1,0,0,0,0,1,1,0.282352941,0.318181818,0.278571429,0,0,0,0,0,0,0,0,No Stroke
SYN-01606,0.896103896,0,0.513793103,1,0,0,0,1,0,0,1,0,0.470588235,0.454545455,0.271428571,1,1,0,0,1,1,1,1,Ischemic
SYN-03330,0.4417851554404313,1,0.4518727997170888,1,1,0,0,0,0,1,1,1,0.5386474119944662,0.3722140931184881,0.2649864171549058,1,1,0,1,1,1,0,0,Hemorrhagic
SYN-03560,0.8206811047546037,1,0.2430340146958612,0,0,1,0,0,0,0,1,1,0.3426893621414161,0.24690379092369466,0.21292501528572833,1,1,1,0,1,0,0,1,Hemorrhagic
SYN-02993,0.9588199807665678,1,0.2165734687439136,1,0,1,0,0,0,1,1,0,0.638490606316512,0.3864503051372274,0.2348158617732879,1,1,0,0,0,0,0,0,Hemorrhagic
SYN-03035,0.6527724820172346,1,0.0181883423406449,1,0,0,0,0,0,0,1,1,0.3038861938973565,0.2918299785920943,0.2584490511619778,0,0,1,0,0,0,0,0,Hemorrhagic
SYN-01990,0.61038961,1,0.382758621,1,0,0,0,0,0,1,1,0,0.352941176,0.318181818,0.278571429,0,0,0,0,1,0,0,1,Ischemic
SYN-02801,0.9029295682918153,0,0.1165049009828352,1,0,1,0,0,1,0,1,1,0.610488903566046,0.5173469570105319,0.2654352714678648,1,0,0,0,1,1,0,0,Hemorrhagic
SYN-02363,0.909090909,0,0.224137931,0,0,1,0,0,0,0,1,0,0.347058824,0.345454545,0.257142857,0,1,1,0,0,0,0,0,Ischemic
SYN-01976,0.766233766,1,0.310344828,1,0,0,0,0,0,0,1,0,0.447058824,0.381818182,0.235714286,0,0,0,0,1,1,0,1,Ischemic
SYN-01762,0.506493506,1,0.175862069,1,0,1,0,0,0,0,1,1,0.405882353,0.436363636,0.185714286,1,0,1,1,0,1,0,0,Ischemic
SYN-01306,0.363636364,0,0.231034483,0,0,0,0,0,0,0,1,0,0.188235294,0.318181818,0.178571429,0,0,0,0,1,0,0,0,No Stroke
SYN-01542,0.701298701,1,0.272413793,0,0,0,0,0,0,1,1,0,0.123529412,0.327272727,0.257142857,0,0,1,0,0,0,0,0,No Stroke
SYN-02473,0.61038961,0,0.410344828,1,0,0,0,0,0,0,1,0,0.476470588,0.354545455,0.357142857,1,1,0,0,0,0,0,0,Ischemic
SYN-00623,0.441558442,0,0.320689655,0,0,0,0,0,0,0,1,0,0.205882353,0.390909091,0.178571429,0,0,0,0,0,0,0,0,No Stroke
SYN-02759,0.822319704550419,1,0.2521778771468499,0,0,1,0,0,0,0,1,0,0.3184614976477402,0.2561897468796915,0.2445798150193755,1,1,1,0,1,0,0,1,Hemorrhagic
SYN-01494,0.545454545,1,0.424137931,0,0,0,0,0,0,0,1,0,0.158823529,0.290909091,0.357142857,0,1,0,0,0,0,1,0,No Stroke
SYN-00111,0.467532468,0,0.34137931,0,0,0,0,0,0,0,1,0,0.170588235,0.336363636,0.285714286,0,0,0,1,0,0,1,0,No Stroke
SYN-02276,0.831168831,1,0.444827586,0,0,0,0,0,0,0,1,0,0.235294118,0.290909091,0.242857143,0,0,1,1,0,1,1,0,Ischemic
SYN-02707,0.6171665763216738,1,0.7194679043563161,0,0,0,0,0,0,0,1,0,0.397525198567992,0.2899352233307212,0.2741207289873742,1,1,0,0,1,1,0,1,Hemorrhagic
SYN-01170,0.298701299,0,0.272413793,0,0,0,0,0,0,0,1,0,0.152941176,0.345454545,0.2,0,0,0,0,0,0,1,0,No Stroke
SYN-02931,0.9722135168067504,0,0.4936090073738051,1,1,0,0,0,1,0,1,0,0.498966233803207,0.5045675497026272,0.2560284923000006,1,0,0,0,0,0,1,1,Hemorrhagic
SYN-00233,0.467532468,1,0.375862069,0,1,0,0,0,0,0,1,0,0.282352941,0.2,0.2,0,0,1,0,0,0,0,0,No Stroke
SYN-00067,0.493506494,0,0.282758621,0,0,0,0,0,0,1,1,0,0.294117647,0.372727273,0.121428571,0,0,0,0,0,1,0,0,No Stroke
SYN-03232,1.0,1,0.498938707273822,1,0,0,0,0,0,0,1,0,0.560935725661322,0.4575470798402128,0.2393843476823725,1,0,0,0,0,0,1,1,Hemorrhagic
SYN-02073,0.597402597,0,0.127586207,1,0,1,0,0,0,0,1,0,0.358823529,0.463636364,0.292857143,1,0,1,0,1,1,0,1,Ischemic
SYN-02193,0.467532468,1,0.337931034,1,0,0,0,0,1,0,1,0,0.447058824,0.381818182,0.185714286,1,1,1,0,1,0,1,0,Ischemic
SYN-00537,0.311688312,0,0.427586207,0,0,0,0,0,0,0,1,0,0.141176471,0.381818182,0.242857143,0,0,0,0,0,0,0,0,No Stroke
SYN-00126,0.155844156,1,0.234482759,0,0,0,0,0,0,1,1,1,0.247058824,0.263636364,0.15,0,0,0,0,0,0,0,0,No Stroke
SYN-02134,0.649350649,1,0.451724138,0,0,0,0,0,0,0,1,0,0.288235294,0.218181818,0.214285714,1,1,1,0,0,1,0,1,Ischemic
SYN-01255,0.61038961,1,0.234482759,0,0,0,0,0,1,0,1,0,0.429411765,0.272727273,0.228571429,0,0,0,1,0,1,0,0,No Stroke
SYN-02958,0.6941962258659804,0,0.3733175647935068,0,0,0,0,0,0,0,1,0,0.3753080838526889,0.4071385246298843,0.1288080763696501,0,0,0,1,1,1,0,0,Hemorrhagic
SYN-01977,0.558441558,0,0.620689655,0,0,0,0,0,0,1,1,1,0.435294118,0.381818182,0.278571429,1,1,0,0,0,1,0,0,Ischemic
SYN-03097,0.6422675151024955,0,0.5208580183525405,0,1,1,0,0,0,1,1,0,0.4588321144056358,0.3558418240649227,0.2205258547753735,0,0,0,0,1,1,1,0,Hemorrhagic
SYN-02773,0.6410095004379729,1,0.5612773228820745,0,0,0,0,0,0,0,1,0,0.4008485918866177,0.4083658073092755,0.3989757160936216,0,1,0,1,0,0,1,1,Hemorrhagic
SYN-02076,0.584415584,1,0.231034483,0,0,0,0,0,0,0,1,1,0.376470588,0.327272727,0.2,1,0,0,0,0,1,0,0,Ischemic
SYN-00485,0.545454545,0,0.362068966,0,0,0,0,0,0,0,1,0,0.270588235,0.272727273,0.314285714,0,0,0,0,0,0,0,0,No Stroke
SYN-01655,0.883116883,0,0.172413793,0,1,0,0,0,1,0,1,0,0.411764706,0.363636364,0.157142857,1,1,1,1,0,1,0,1,Ischemic
SYN-03195,0.9167892569229869,0,0.3148793536087864,0,0,1,1,0,0,0,1,0,0.3360164173096959,0.380013420807281,0.1227026067770518,0,1,1,0,0,1,0,1,Hemorrhagic
SYN-02708,0.6480944624503547,0,0.6152095348892542,1,0,0,0,0,0,0,1,0,0.3585227810025263,0.3974822526698277,0.2147273001540959,0,1,0,1,1,0,1,0,Hemorrhagic
SYN-02867,0.6347467453698651,1,0.2471157469809715,0,0,1,0,0,0,1,1,1,0.2494986555212953,0.3226132465406861,0.3236080588029566,1,0,1,0,1,1,0,1,Hemorrhagic
SYN-01775,0.376623377,1,0.227586207,0,0,0,0,0,0,1,1,0,0.229411765,0.427272727,0.3,0,1,0,0,0,0,0,1,Ischemic
SYN-02411,0.519480519,1,0.375862069,1,0,0,0,0,0,0,1,0,0.335294118,0.418181818,0.25,0,0,1,0,1,0,0,1,Ischemic
SYN-00919,0.467532468,0,0.162068966,1,0,0,0,0,0,0,1,0,0.5,0.427272727,0.157142857,0,0,1,0,0,0,0,1,No Stroke
SYN-01647,0.636363636,0,0.375862069,1,1,0,0,0,0,1,1,0,0.364705882,0.409090909,0.107142857,1,1,0,0,0,0,0,0,Ischemic
SYN-01027,0.545454545,0,0.286206897,0,0,0,0,0,0,0,1,0,0.217647059,0.318181818,0.107142857,0,0,0,0,0,0,0,0,No Stroke
SYN-01031,0.454545455,0,0.15862069,0,0,0,0,0,0,0,1,0,0.335294118,0.281818182,0.178571429,0,0,0,0,0,0,0,0,No Stroke
SYN-00883,0.324675325,1,0.286206897,0,0,0,0,0,0,0,1,0,0.223529412,0.3,0.271428571,0,0,0,0,0,0,0,0,No Stroke
SYN-01336,0.363636364,1,0.386206897,0,0,0,0,0,0,0,1,0,0.3,0.318181818,0.285714286,0,0,0,0,0,0,0,0,No Stroke
SYN-02656,0.7966236886772541,0,0.3300580840237957,1,0,0,0,0,0,0,1,0,0.5322262383527244,0.3994290871820772,0.1182726458181683,1,1,0,0,0,1,0,1,Hemorrhagic
SYN-00365,0.415584416,1,0.386206897,0,0,0,0,0,0,0,1,0,0.358823529,0.2,0.235714286,0,0,0,0,0,0,1,1,No Stroke
SYN-02126,0.623376623,0,0.289655172,1,0,0,0,1,0,0,1,0,0.405882353,0.390909091,0.171428571,0,0,1,0,0,0,0,0,Ischemic
SYN-00028,0.623376623,0,0.244827586,0,0,0,0,0,0,1,1,0,0.388235294,0.254545455,0.121428571,0,1,0,0,0,0,0,1,No Stroke
SYN-00474,0.441558442,0,0.303448276,0,1,0,0,0,0,0,1,1,0.288235294,0.272727273,0.242857143,0,0,0,0,0,0,0,0,No Stroke
SYN-00526,0.376623377,1,0.351724138,0,0,1,0,0,0,0,1,0,0.1,0.218181818,0.242857143,0,1,0,0,0,0,0,0,No Stroke
SYN-00726,0.688311688,1,0.282758621,0,0,0,0,0,0,1,1,0,0.182352941,0.409090909,0.271428571,0,0,0,0,0,0,0,0,No Stroke
SYN-00056,0.545454545,1,0.403448276,0,0,0,0,0,0,0,1,1,0.170588235,0.318181818,0.3,0,0,0,0,0,0,0,1,No Stroke
SYN-00639,0.246753247,1,0.286206897,0,0,0,0,0,0,0,1,0,0.2,0.218181818,0.235714286,0,0,0,0,0,0,0,0,No Stroke
SYN-00303,0.74025974,0,0.427586207,0,0,0,0,0,0,0,1,0,0.405882353,0.354545455,0.328571429,0,0,0,0,0,0,0,0,No Stroke
SYN-03114,0.6754279970663717,0,0.4756270710816255,1,0,0,0,0,0,0,1,0,0.3155121526555094,0.3058256170201605,0.2257144774731756,0,1,0,0,1,1,1,0,Hemorrhagic
SYN-01277,0.636363636,0,0.479310345,0,0,0,0,0,0,0,1,0,0.3,0.454545455,0.3,0,0,0,0,0,0,0,0,No Stroke
SYN-03146,0.9357227659962488,1,0.3224230835117572,1,0,0,0,0,0,0,1,1,0.4515964373100355,0.4905291699894105,0.2611247735768297,1,0,1,0,1,0,1,0,Hemorrhagic
SYN-00625,0.298701299,1,0.303448276,0,0,0,0,0,0,0,1,0,0.305882353,0.290909091,0.271428571,0,1,0,0,0,0,0,0,No Stroke
SYN-02056,0.194805195,1,0.110344828,0,0,0,0,0,0,0,1,1,0.241176471,0.245454545,0.121428571,0,1,1,0,0,0,0,0,Ischemic
SYN-01281,0.662337662,0,0.468965517,0,0,0,0,0,0,1,1,0,0.223529412,0.445454545,0.171428571,0,0,0,0,0,0,0,0,No Stroke
SYN-01050,0.61038961,1,0.334482759,0,0,0,0,0,0,0,1,0,0.217647059,0.427272727,0.121428571,0,0,0,0,0,0,1,0,No Stroke
SYN-00337,0.168831169,1,0.35862069,1,0,0,0,0,0,0,1,0,0.317647059,0.436363636,0.214285714,0,0,0,0,0,0,0,0,No Stroke
SYN-00048,0.714285714,1,0.324137931,0,0,0,0,0,0,0,1,1,0.364705882,0.390909091,0.321428571,0,0,0,0,0,1,0,0,No Stroke
SYN-00107,0.246753247,1,0.334482759,0,0,0,0,0,0,0,1,0,0.3,0.254545455,0.242857143,0,0,0,0,0,1,0,0,No Stroke
SYN-02398,0.688311688,1,0.462068966,0,0,0,0,0,0,0,1,1,0.317647059,0.418181818,0.207142857,1,0,1,0,1,0,1,1,Ischemic
SYN-01080,0.662337662,1,0.0,0,0,0,0,0,0,1,1,1,0.270588235,0.336363636,0.264285714,0,0,0,0,0,0,0,0,No Stroke
SYN-02287,0.662337662,1,0.4,1,0,0,0,0,0,0,1,0,0.335294118,0.363636364,0.357142857,1,1,0,1,0,1,1,1,Ischemic
SYN-02262,0.792207792,0,0.351724138,1,0,1,0,0,0,0,1,0,0.5,0.345454545,0.228571429,1,1,0,0,0,1,0,1,Ischemic
SYN-01145,0.532467532,1,0.268965517,0,0,1,0,0,0,0,1,0,0.147058824,0.381818182,0.335714286,0,0,0,0,0,0,0,0,No Stroke
SYN-02846,0.7174464035603493,1,0.3317806851532902,0,0,1,0,0,0,0,1,0,0.3470689171969868,0.3078491288124803,0.2342981769240602,0,1,0,0,1,0,1,0,Hemorrhagic
SYN-02297,0.337662338,1,0.427586207,1,0,0,0,1,0,1,1,0,0.223529412,0.381818182,0.135714286,1,0,1,1,0,0,1,0,Ischemic
SYN-01837,0.584415584,1,0.413793103,0,0,1,0,0,0,0,1,0,0.235294118,0.4,0.207142857,0,0,0,0,0,1,1,0,Ischemic
SYN-01754,0.857142857,1,0.586206897,0,0,1,0,0,1,0,1,0,0.405882353,0.427272727,0.164285714,0,1,0,0,0,0,0,1,Ischemic
SYN-01102,0.649350649,1,0.455172414,0,0,0,0,0,0,0,1,0,0.4,0.2,0.235714286,0,0,0,0,0,0,0,0,No Stroke
SYN-01969,0.61038961,1,0.189655172,1,0,0,0,0,0,0,1,0,0.447058824,0.445454545,0.235714286,1,1,0,1,0,1,0,1,Ischemic
SYN-02714,0.6383248892694477,0,0.3800363342876323,0,1,1,0,0,1,0,1,0,0.3715547286103271,0.3797732526563764,0.2820727591700641,1,0,0,0,0,1,0,0,Hemorrhagic
SYN-03277,0.9667743296515688,1,0.206728787400274,1,0,1,0,0,0,1,1,0,0.5834319091646449,0.3985026535612831,0.3453008472769696,1,1,0,0,0,0,0,0,Hemorrhagic
SYN-00524,0.38961039,0,0.275862069,0,0,1,0,0,0,0,1,0,0.247058824,0.209090909,0.328571429,0,0,0,0,1,0,1,0,No Stroke
SYN-02281,0.532467532,1,0.365517241,0,1,0,0,0,0,1,1,0,0.282352941,0.427272727,0.264285714,1,1,0,0,1,0,0,0,Ischemic
SYN-01429,0.350649351,1,0.506896552,0,0,1,0,0,0,0,1,0,0.129411765,0.272727273,0.257142857,0,0,0,0,0,0,0,0,No Stroke
SYN-02582,0.285714286,1,0.548275862,0,0,0,0,0,0,1,1,0,0.123529412,0.254545455,0.185714286,1,1,0,0,0,0,1,1,Ischemic
SYN-03474,0.441558442,1,0.324137931,1,1,1,0,0,1,0,1,1,0.370588235,0.227272727,0.207142857,0,1,0,0,0,0,0,0,Hemorrhagic
SYN-00604,0.350649351,1,0.289655172,0,0,0,0,0,0,0,1,1,0.317647059,0.345454545,0.264285714,0,0,1,0,0,0,0,0,No Stroke
SYN-01490,0.506493506,1,0.355172414,0,0,0,0,0,0,0,1,0,0.335294118,0.372727273,0.221428571,0,0,0,0,0,0,0,0,No Stroke
SYN-02813,0.6114197616695405,1,0.3130617060242839,1,1,0,0,0,0,0,1,0,0.4104935405722679,0.3494399788851524,0.1032293925571226,0,0,0,0,1,1,1,1,Hemorrhagic
SYN-02910,0.3694814047208118,1,0.5193807296712678,1,0,0,0,0,0,0,1,1,0.3587313033587901,0.2865907796427026,0.2876187844951586,1,1,0,1,1,1,0,0,Hemorrhagic
SYN-00061,0.077922078,0,0.296551724,0,0,0,0,0,0,1,1,0,0.070588235,0.2,0.207142857,0,0,0,0,0,0,0,0,No Stroke
SYN-03284,1.0,0,0.5494294413426661,1,0,1,0,0,0,1,1,0,0.3714552168983192,0.3588233024632817,0.1798602930831239,1,0,1,0,0,0,1,0,Hemorrhagic
SYN-00672,0.688311688,1,0.096551724,0,1,0,0,0,0,1,1,0,0.252941176,0.309090909,0.25,0,0,0,0,0,0,0,0,No Stroke
SYN-00093,0.376623377,1,0.286206897,0,0,1,0,0,0,0,1,0,0.288235294,0.409090909,0.214285714,0,0,0,0,0,0,0,0,No Stroke
SYN-00667,0.415584416,1,0.403448276,0,0,1,0,1,0,0,1,0,0.188235294,0.381818182,0.235714286,1,0,0,0,0,0,0,0,No Stroke
SYN-01888,0.727272727,1,0.368965517,1,1,1,0,0,1,0,1,0,0.388235294,0.436363636,0.192857143,0,0,0,0,0,0,0,0,Ischemic
SYN-00281,0.350649351,0,0.448275862,0,0,1,0,0,0,0,1,0,0.205882353,0.336363636,0.264285714,0,0,0,0,0,0,0,0,No Stroke
SYN-01720,0.662337662,1,0.437931034,0,0,1,0,0,0,1,1,1,0.370588235,0.327272727,0.307142857,1,0,1,0,0,0,1,1,Ischemic
SYN-00360,0.194805195,0,0.486206897,0,0,1,0,0,0,0,1,0,0.182352941,0.3,0.185714286,0,0,0,0,0,0,0,0,No Stroke
SYN-00900,0.324675325,1,0.496551724,0,0,0,0,0,0,0,1,0,0.282352941,0.218181818,0.207142857,0,0,0,1,0,0,0,0,No Stroke
SYN-01936,0.5700754659817172,1,0.333949263039294,1,0,0,0,0,0,0,1,0,0.3027571272420105,0.2551549019028996,0.1348703460142674,0,1,1,0,0,0,1,0,Ischemic
SYN-01995,0.493506494,1,0.555172414,0,0,1,0,0,0,0,1,0,0.282352941,0.263636364,0.221428571,1,0,0,0,0,1,0,0,Ischemic
SYN-02758,0.7893634499431601,0,0.3894271436044375,0,0,1,0,0,0,1,1,0,0.2964253086067782,0.2807680478792895,0.2031586634523326,0,0,0,0,0,0,1,0,Hemorrhagic
SYN-00761,0.454545455,1,0.131034483,0,0,1,0,0,0,0,1,1,0.270588235,0.3,0.242857143,0,0,0,0,0,1,0,0,No Stroke
SYN-02159,0.688311688,1,0.117241379,1,0,0,0,0,0,0,1,0,0.505882353,0.354545455,0.178571429,0,1,0,0,0,1,1,0,Ischemic
SYN-03130,0.7100992864583539,0,0.2890780223336721,1,1,0,0,0,1,0,1,0,0.490897448865067,0.4210836222981244,0.1597306521793661,0,0,1,1,1,0,1,0,Hemorrhagic
SYN-00043,0.597402597,1,0.389655172,0,0,0,0,0,0,1,1,0,0.388235294,0.263636364,0.2,0,0,0,0,0,0,0,0,No Stroke
SYN-02174,0.7386722337808599,1,0.4029806045585478,1,0,1,0,0,0,1,1,1,0.3889216716286784,0.2058837780841839,0.1580939105492921,1,0,1,1,0,0,0,0,Ischemic
SYN-00205,0.467532468,0,0.289655172,0,0,0,0,0,0,0,1,1,0.364705882,0.363636364,0.257142857,0,0,0,0,0,1,0,1,No Stroke
SYN-01474,0.532467532,0,0.293103448,0,0,1,0,0,0,0,1,0,0.211764706,0.318181818,0.257142857,0,0,0,0,0,0,0,0,No Stroke
SYN-02101,0.545454545,1,0.413793103,1,0,1,0,0,0,0,1,0,0.5,0.454545455,0.235714286,0,0,1,0,0,0,1,0,Ischemic
SYN-02594,0.766233766,0,0.3,1,0,1,0,0,0,0,1,1,0.335294118,0.472727273,0.2,1,1,1,1,0,1,1,1,Ischemic
SYN-00069,0.428571429,1,0.44137931,0,0,0,0,0,0,1,1,0,0.182352941,0.318181818,0.321428571,0,0,0,0,0,0,0,0,No Stroke
SYN-01876,0.701298701,0,0.555172414,0,0,0,0,0,0,0,1,0,0.258823529,0.445454545,0.192857143,1,1,0,0,0,0,0,1,Ischemic
SYN-03057,0.6614294784944657,1,0.4954329377246753,0,0,0,0,0,0,0,1,0,0.20118237546208,0.3604016666154395,0.2352785353510036,0,1,1,1,1,0,1,1,Hemorrhagic
SYN-02232,0.61038961,0,0.455172414,1,0,0,0,0,1,0,1,0,0.305882353,0.490909091,0.185714286,0,1,0,0,0,0,0,0,Ischemic
SYN-00138,0.545454545,1,0.331034483,0,0,0,0,1,0,0,1,0,0.358823529,0.418181818,0.25,0,1,0,0,0,1,0,0,No Stroke
SYN-00797,0.25974026,0,0.44137931,0,0,1,0,0,0,0,1,0,0.1,0.290909091,0.228571429,0,0,0,0,0,1,0,0,No Stroke
SYN-02181,0.441558442,0,0.448275862,1,1,0,0,0,0,0,1,0,0.347058824,0.4,0.335714286,1,0,0,1,0,0,0,1,Ischemic
SYN-02129,0.87012987,1,0.348275862,1,0,1,0,0,0,0,1,1,0.541176471,0.463636364,0.228571429,1,0,0,0,0,1,0,0,Ischemic
SYN-00759,0.220779221,1,0.35862069,0,0,0,0,0,0,0,1,1,0.217647059,0.209090909,0.185714286,0,0,0,0,0,1,0,0,No Stroke
SYN-00542,0.311688312,1,0.417241379,0,0,0,0,0,0,0,1,0,0.105882353,0.290909091,0.3,0,0,0,1,0,0,0,0,No Stroke
SYN-01020,0.649350649,0,0.355172414,0,0,0,0,0,0,1,1,0,0.358823529,0.190909091,0.271428571,0,0,0,0,0,0,0,0,No Stroke
SYN-02733,0.7388295975956802,0,0.6149457826576942,1,0,0,0,0,1,0,1,0,0.3213511470097464,0.4079063070431891,0.2270777745259889,0,1,0,1,1,0,0,0,Hemorrhagic
SYN-00166,0.38961039,1,0.113793103,0,0,0,0,0,0,0,1,0,0.223529412,0.227272727,0.214285714,0,0,0,0,0,0,0,0,No Stroke
SYN-00249,0.636363636,0,0.134482759,0,0,0,0,0,0,0,1,0,0.223529412,0.518181818,0.321428571,0,0,0,0,0,0,0,0,No Stroke
SYN-01332,0.246753247,0,0.368965517,0,0,0,0,0,0,1,1,0,0.141176471,0.290909091,0.257142857,0,0,0,0,0,0,0,0,No Stroke
SYN-02018,0.558441558,1,0.565517241,1,0,0,0,0,0,0,1,0,0.335294118,0.418181818,0.221428571,0,1,0,0,0,0,0,0,Ischemic
SYN-00447,0.636363636,0,0.15862069,0,0,0,0,1,0,0,1,0,0.335294118,0.218181818,0.228571429,0,0,0,0,0,0,0,0,No Stroke
SYN-02483,0.974025974,1,0.365517241,0,0,1,0,0,0,1,1,0,0.294117647,0.309090909,0.235714286,1,1,1,1,0,0,0,0,Ischemic
SYN-01359,0.220779221,1,0.255172414,0,0,0,0,0,0,0,1,0,0.182352941,0.236363636,0.3,0,0,0,0,0,0,0,0,No Stroke
SYN-02146,0.818181818,0,0.282758621,1,0,0,0,0,0,0,1,0,0.429411765,0.345454545,0.257142857,0,1,0,0,1,1,1,1,Ischemic
SYN-01330,0.636363636,0,0.3,0,0,1,0,0,0,0,1,0,0.3,0.127272727,0.178571429,0,0,0,1,0,0,0,0,No Stroke
SYN-03478,0.4023780887303378,1,0.3076027953918757,1,0,0,0,0,0,0,1,0,0.2546901590057497,0.405488010520788,0.1780312297447434,0,1,1,0,1,0,1,1,Hemorrhagic
SYN-02151,0.571428571,1,0.331034483,0,0,1,0,0,0,0,1,0,0.194117647,0.409090909,0.278571429,1,0,1,1,0,0,1,1,Ischemic
SYN-00435,0.675324675,1,0.372413793,0,0,0,0,0,0,0,1,0,0.305882353,0.409090909,0.228571429,0,0,0,0,0,0,0,0,No Stroke
SYN-02123,0.636363636,1,0.35862069,1,0,0,0,0,0,1,1,0,0.394117647,0.445454545,0.235714286,0,1,0,0,0,0,1,0,Ischemic
SYN-00578,0.545454545,1,0.355172414,0,0,0,0,0,0,0,1,1,0.152941176,0.327272727,0.207142857,0,0,0,0,0,0,0,0,No Stroke
SYN-02851,0.636363636,0,0.379310345,0,1,1,0,0,1,0,1,0,0.358823529,0.354545455,0.285714286,1,0,0,0,0,1,0,0,Hemorrhagic
SYN-03276,0.5893955655372461,1,0.5459262261803844,0,0,1,0,0,0,1,1,1,0.3045304735990523,0.3165404427363115,0.1681132700840424,1,1,0,0,0,0,0,0,Hemorrhagic
SYN-02449,0.688311688,1,0.310344828,1,0,0,0,0,0,0,1,0,0.441176471,0.445454545,0.264285714,0,1,1,1,0,0,0,1,Ischemic
SYN-01849,0.402597403,0,0.451724138,1,0,0,0,0,0,0,1,0,0.347058824,0.290909091,0.242857143,1,1,1,0,0,0,1,1,Ischemic
SYN-00763,0.766233766,1,0.065517241,0,0,0,0,0,0,0,1,1,0.182352941,0.418181818,0.235714286,0,0,0,0,0,0,0,0,No Stroke
SYN-00389,0.116883117,0,0.403448276,0,0,0,0,0,0,0,1,0,0.088235294,0.190909091,0.235714286,0,0,0,0,0,0,0,0,No Stroke
SYN-00236,0.285714286,0,0.25862069,0,0,0,0,0,0,0,1,0,0.170588235,0.127272727,0.257142857,0,0,1,0,0,0,0,0,No Stroke
SYN-03151,0.3944514043755608,1,0.4384320076439354,1,0,0,0,0,0,1,1,1,0.5200294593070433,0.3586729703627863,0.2084574381679705,1,1,0,1,1,1,0,0,Hemorrhagic
SYN-01985,0.766233766,0,0.206896552,1,0,0,0,0,0,0,1,0,0.464705882,0.336363636,0.285714286,0,1,1,0,0,1,0,0,Ischemic
SYN-00268,0.701298701,0,0.289655172,0,0,0,0,0,0,1,1,0,0.252941176,0.354545455,0.257142857,0,0,0,0,0,0,0,0,No Stroke
SYN-00771,0.818181818,0,0.206896552,0,0,0,0,0,0,0,1,0,0.347058824,0.418181818,0.171428571,0,0,0,0,0,0,0,0,No Stroke
SYN-02166,0.493506494,1,0.396551724,0,0,1,0,0,0,1,1,0,0.176470588,0.281818182,0.171428571,0,0,0,0,0,1,1,0,Ischemic
SYN-00438,0.584415584,0,0.34137931,0,0,0,0,0,0,0,1,0,0.252941176,0.336363636,0.292857143,0,0,0,0,1,0,0,0,No Stroke
SYN-00674,0.467532468,0,0.424137931,0,0,0,0,0,0,0,1,0,0.358823529,0.363636364,0.221428571,0,0,0,0,0,0,0,0,No Stroke
SYN-00250,0.896103896,0,0.210344828,0,0,0,0,0,0,0,1,0,0.188235294,0.372727273,0.192857143,0,0,0,0,0,0,0,0,No Stroke
SYN-02202,0.753246753,0,0.382758621,1,0,1,0,0,0,0,1,0,0.488235294,0.436363636,0.257142857,0,0,0,0,1,0,1,1,Ischemic
SYN-01575,0.649350649,0,0.210344828,0,0,0,0,0,0,0,1,0,0.2,0.372727273,0.15,0,0,0,0,0,0,0,0,No Stroke
SYN-02143,0.701298701,1,0.35862069,0,0,1,0,0,0,1,1,1,0.364705882,0.318181818,0.292857143,1,0,0,0,0,0,0,1,Ischemic
SYN-02082,0.688311688,0,0.124137931,1,0,0,0,0,0,0,1,0,0.4,0.309090909,0.178571429,1,0,1,1,0,0,1,0,Ischemic
SYN-03125,0.5070145917120328,0,0.4615325320889408,0,1,0,0,0,0,0,1,0,0.3627148189810713,0.3552560979145935,0.2292333140989308,0,0,1,1,1,0,1,1,Hemorrhagic
SYN-03266,0.7613341831000053,1,0.4128101360553647,1,0,0,0,0,0,0,1,1,0.4928750022065259,0.4279605209343414,0.2609773865081678,1,0,0,1,0,1,0,0,Hemorrhagic
SYN-03274,0.6536133536504912,0,0.3786991905440922,1,0,0,0,0,0,0,1,0,0.509064824992415,0.664519945868481,0.1892151622891886,0,1,1,0,0,1,0,0,Hemorrhagic
SYN-00449,0.779220779,1,0.217241379,0,0,1,0,0,0,0,1,1,0.288235294,0.3,0.278571429,0,0,0,0,1,0,0,0,No Stroke
SYN-01470,0.506493506,0,0.272413793,1,0,0,0,0,0,0,1,1,0.305882353,0.418181818,0.192857143,0,0,0,0,0,1,0,0,No Stroke
SYN-00717,0.714285714,1,0.444827586,0,0,0,0,0,0,0,1,1,0.352941176,0.190909091,0.285714286,0,0,0,0,0,0,0,0,No Stroke
SYN-02860,0.743237838234157,0,0.054019993243742,1,0,1,0,0,0,0,1,0,0.5011676850190623,0.4378970959816305,0.3193648759185259,0,1,0,0,1,0,1,0,Hemorrhagic
SYN-03194,0.6710473797577742,0,0.3369303711063578,0,0,1,0,0,0,0,1,0,0.3241317601947423,0.3572018673751906,0.1333184235089285,0,0,0,1,1,1,0,0,Hemorrhagic
SYN-02049,0.857142857,1,0.220689655,1,0,0,0,0,0,1,1,1,0.505882353,0.390909091,0.257142857,0,0,0,0,0,1,0,0,Ischemic
SYN-01902,0.532467532,1,0.531034483,1,0,0,0,0,0,0,1,0,0.276470588,0.381818182,0.2,0,1,1,0,0,0,1,0,Ischemic
SYN-03573,0.8765971518063609,1,0.46184344944564454,0,0,1,0,0,0,1,1,0,0.24831565054986202,0.3217570849250112,0.21375716263079755,1,0,1,0,0,0,1,1,Hemorrhagic
SYN-01169,0.519480519,0,0.220689655,0,0,0,0,0,0,0,1,0,0.217647059,0.372727273,0.214285714,0,0,0,0,0,1,0,0,No Stroke
SYN-00083,0.441558442,1,0.334482759,0,0,0,0,0,0,1,1,0,0.270588235,0.336363636,0.307142857,0,1,0,0,0,0,1,0,No Stroke
SYN-02888,0.4550011607560341,1,0.6757211967707857,0,0,0,0,0,0,0,1,0,0.3357869278481854,0.4549381537295153,0.3055957761218151,1,1,0,0,0,1,0,0,Hemorrhagic
SYN-02725,0.8530747512577089,1,0.4268394610021899,1,0,0,0,0,0,0,1,0,0.6087454915831498,0.3067669394340007,0.2798571434418159,1,0,0,1,1,1,0,0,Hemorrhagic
SYN-01461,0.506493506,1,0.520689655,0,0,0,0,0,0,0,1,1,0.305882353,0.318181818,0.207142857,0,0,0,0,0,0,0,1,No Stroke
SYN-01894,0.857142857,1,0.096551724,0,0,1,0,0,0,0,1,0,0.494117647,0.3,0.15,0,1,1,0,1,1,1,0,Ischemic
SYN-01669,0.688311688,0,0.251724138,1,0,1,0,1,0,0,1,0,0.505882353,0.445454545,0.235714286,1,0,0,1,0,1,1,1,Ischemic
SYN-02757,0.8689490573672463,0,0.2974370102077166,0,0,1,0,0,0,0,1,0,0.3870707150852804,0.3590701712316831,0.1903641664512595,1,0,1,1,0,0,1,0,Hemorrhagic
SYN-02001,0.649350649,0,0.510344828,0,0,0,0,0,0,1,1,0,0.270588235,0.4,0.235714286,1,1,1,0,0,1,0,0,Ischemic
SYN-00476,0.467532468,0,0.220689655,0,0,0,0,0,0,0,1,0,0.194117647,0.281818182,0.157142857,0,0,0,0,0,0,0,0,No Stroke
SYN-00518,0.493506494,1,0.279310345,0,0,1,0,0,0,0,1,0,0.205882353,0.372727273,0.192857143,0,0,0,0,0,0,0,0,No Stroke
SYN-00405,0.467532468,1,0.203448276,0,0,0,0,0,0,1,1,1,0.347058824,0.254545455,0.228571429,0,0,0,0,0,0,1,0,No Stroke
SYN-00385,0.324675325,0,0.1,0,0,0,0,0,0,0,1,0,0.205882353,0.354545455,0.214285714,0,0,0,0,0,0,0,0,No Stroke
SYN-02898,0.7562407645927559,1,0.5247312146594888,1,0,0,0,0,0,0,1,1,0.4575319163720166,0.4519558043506738,0.1587248679915687,0,0,1,0,0,1,1,1,Hemorrhagic
SYN-02153,0.779220779,1,0.634482759,0,0,0,0,0,0,0,1,0,0.235294118,0.209090909,0.242857143,0,1,1,0,0,0,0,0,Ischemic
SYN-01634,0.649350649,1,0.279310345,1,0,1,0,0,0,0,1,0,0.4,0.372727273,0.157142857,0,1,1,0,0,1,0,1,Ischemic
SYN-03522,0.7899498167436217,0,0.267751718177868,1,1,1,0,0,0,0,1,0,0.575360488866137,0.4769760821489189,0.1895403732596019,0,0,1,0,0,0,0,0,Hemorrhagic
SYN-00689,0.246753247,0,0.410344828,0,0,0,0,0,0,1,1,0,0.258823529,0.209090909,0.257142857,0,0,0,0,0,0,0,0,No Stroke
SYN-01241,0.467532468,1,0.282758621,0,0,0,0,0,0,0,1,0,0.229411765,0.2,0.15,0,0,0,0,0,0,0,0,No Stroke
SYN-00063,0.428571429,1,0.351724138,0,0,0,0,0,0,0,1,0,0.282352941,0.3,0.321428571,0,0,0,0,0,0,0,1,No Stroke
SYN-00853,0.415584416,0,0.237931034,0,0,0,0,0,0,0,1,0,0.147058824,0.436363636,0.292857143,0,0,0,0,0,0,0,0,No Stroke
SYN-03286,0.6255231267558423,1,0.7465190230842265,0,0,0,0,0,0,0,1,0,0.4106101130919273,0.2465693447496388,0.3357268246310418,1,1,0,0,1,1,0,1,Hemorrhagic
SYN-02950,0.584415584,1,0.703448276,0,0,0,0,0,0,0,1,0,0.370588235,0.281818182,0.271428571,1,1,0,0,1,1,0,1,Hemorrhagic
SYN-01263,0.337662338,1,0.15862069,0,0,0,0,0,0,0,1,0,0.194117647,0.336363636,0.264285714,0,0,0,0,0,0,0,0,No Stroke
SYN-00224,0.454545455,0,0.0,0,0,1,0,0,0,0,1,1,0.170588235,0.218181818,0.321428571,0,0,0,0,0,1,0,0,No Stroke
SYN-02194,0.558441558,1,0.468965517,1,0,1,0,1,0,0,1,0,0.276470588,0.554545455,0.3,0,1,1,0,0,0,1,0,Ischemic
SYN-00374,0.467532468,1,0.520689655,0,0,0,0,0,0,0,1,1,0.252941176,0.3,0.2,0,0,0,0,0,0,0,0,No Stroke
SYN-01825,0.636363636,0,0.337931034,0,0,0,0,1,0,1,1,0,0.217647059,0.436363636,0.257142857,1,1,1,1,0,0,1,0,Ischemic
SYN-03023,0.7562893181514948,1,0.2712303426625124,1,1,0,0,1,0,0,1,0,0.5312514025684182,0.4048060816422906,0.2054731400292797,1,1,0,1,1,0,0,1,Hemorrhagic
SYN-03430,0.7234218940856033,0,0.4626288912468853,1,0,0,0,0,0,1,1,0,0.5596029902166157,0.3291224027599901,0.2721088031054913,1,0,1,0,0,0,0,1,Hemorrhagic
SYN-03099,1.0,1,0.2322506554313018,1,0,1,0,0,0,0,1,0,0.500117806202918,0.4652146780554376,0.2946385269307203,0,1,0,1,0,0,1,1,Hemorrhagic
SYN-03205,0.233766234,1,0.489655172,1,1,0,0,0,0,0,1,0,0.370588235,0.327272727,0.278571429,1,0,0,0,1,0,0,0,Hemorrhagic
SYN-00010,0.194805195,1,0.010344828,0,0,0,0,0,0,1,1,0,0.123529412,0.209090909,0.307142857,0,0,0,0,0,0,0,0,No Stroke
SYN-02498,0.6018844878739079,1,0.5665108150897585,0,0,0,0,0,0,0,1,0,0.3868178451343173,0.3199163463783194,0.2541996028075237,0,1,1,0,1,0,1,0,Ischemic
SYN-01945,0.727272727,1,0.24137931,1,0,1,0,0,0,1,1,1,0.235294118,0.409090909,0.228571429,1,1,1,0,0,1,1,0,Ischemic
SYN-01839,0.4428103964949318,1,0.4246176309285102,1,0,0,0,0,0,1,1,1,0.5145663810496927,0.4338396472392349,0.2766700240638957,1,1,0,0,1,0,0,1,Ischemic
SYN-00709,0.402597403,1,0.0,0,0,0,0,0,0,0,1,0,0.223529412,0.227272727,0.192857143,0,0,0,0,0,0,0,0,No Stroke
SYN-00256,0.558441558,1,0.324137931,1,0,0,0,0,0,0,1,0,0.317647059,0.218181818,0.171428571,0,0,0,0,0,0,0,0,No Stroke
SYN-01618,0.948051948,1,0.524137931,0,0,0,0,0,0,0,1,0,0.305882353,0.309090909,0.278571429,1,0,0,1,0,0,0,0,Ischemic
SYN-00390,0.532467532,0,0.35862069,0,0,1,0,0,0,1,1,0,0.252941176,0.3,0.342857143,0,0,0,0,0,1,0,0,No Stroke
SYN-01582,0.467532468,0,0.4,0,0,1,0,0,0,1,1,0,0.388235294,0.427272727,0.071428571,0,0,0,0,0,0,0,0,No Stroke
SYN-00925,0.532467532,1,0.217241379,0,0,0,0,0,0,0,1,0,0.211764706,0.427272727,0.207142857,1,0,1,0,0,1,0,0,No Stroke
SYN-03399,0.8739456843545641,0,0.2095234624276867,1,0,1,0,0,0,0,1,0,0.441879749541304,0.56501749951681,0.120961069522494,1,1,0,0,1,0,0,1,Hemorrhagic
SYN-02824,0.85237919806601,0,0.1514272251895392,1,0,1,0,0,1,0,0,1,0.637647162080329,0.5081130099972211,0.24372112867823,1,0,0,0,1,1,0,0,Hemorrhagic
SYN-02509,0.844155844,1,0.14137931,1,0,0,0,0,0,0,1,1,0.523529412,0.472727273,0.192857143,0,1,1,1,0,0,0,0,Ischemic
SYN-02037,0.558441558,0,0.375862069,1,0,0,0,0,0,0,1,0,0.505882353,0.418181818,0.257142857,1,1,1,0,0,1,0,0,Ischemic
SYN-02865,0.4140752115916241,1,0.3805882262762697,1,0,0,0,0,0,0,1,0,0.242103652846273,0.3666930366324659,0.2205149765322044,0,1,1,0,1,0,0,1,Hemorrhagic
SYN-01225,0.376623377,1,0.275862069,0,0,1,0,0,0,0,1,0,0.252941176,0.327272727,0.242857143,0,0,0,0,1,0,0,0,No Stroke
SYN-02550,0.623376623,1,0.4,0,1,0,0,0,0,0,1,0,0.329411765,0.254545455,0.164285714,1,0,1,0,1,0,1,0,Ischemic
SYN-01947,0.8215188676159985,0,0.1953113565589003,1,1,1,0,0,0,1,1,0,0.583469017562371,0.5058137427328068,0.2169479053637561,1,1,0,0,0,1,0,0,Ischemic
SYN-00740,0.532467532,0,0.265517241,0,0,1,0,0,0,0,1,0,0.311764706,0.463636364,0.335714286,0,0,0,0,0,0,0,0,No Stroke
SYN-00041,0.441558442,1,0.275862069,0,0,0,0,0,0,0,1,0,0.170588235,0.281818182,0.257142857,0,0,0,0,0,0,0,0,No Stroke
SYN-00869,0.532467532,1,0.220689655,0,0,1,0,0,0,0,1,0,0.194117647,0.218181818,0.257142857,0,0,0,0,0,0,0,0,No Stroke
SYN-02780,0.3621469010979853,1,0.420802677451892,1,0,0,0,0,0,1,1,1,0.4876355779459598,0.3493816584675435,0.2527063080578045,1,1,0,1,1,1,0,0,Hemorrhagic
SYN-00540,0.532467532,1,0.462068966,0,0,0,0,0,0,0,1,0,0.288235294,0.281818182,0.285714286,0,0,0,0,0,0,0,0,No Stroke
SYN-02746,0.5635443051807125,0,0.1389334948721893,1,0,0,0,0,0,0,1,1,0.5072268309391665,0.4397291219080649,0.2396008921092285,0,0,0,0,1,0,0,0,Hemorrhagic
SYN-02991,0.7799016147808654,1,0.1780627102228321,1,0,1,0,0,1,0,1,0,0.5935308554493222,0.4105227443620272,0.132267594923008,0,1,0,0,0,1,1,1,Hemorrhagic
SYN-02724,0.5708789712059464,0,0.5402177170364213,0,0,1,0,0,0,0,1,0,0.2272557233836518,0.2913217204050077,0.2812246858310329,0,0,1,0,1,1,0,0,Hemorrhagic
SYN-01372,0.506493506,1,0.279310345,0,0,1,0,0,1,0,1,0,0.317647059,0.290909091,0.157142857,0,0,0,0,1,0,0,0,No Stroke
SYN-01146,0.714285714,1,0.168965517,0,0,1,0,0,0,0,1,0,0.282352941,0.390909091,0.257142857,0,0,0,0,0,0,0,0,No Stroke
SYN-01032,0.545454545,1,0.182758621,0,0,0,0,0,0,1,1,0,0.164705882,0.263636364,0.235714286,0,0,0,0,1,0,0,0,No Stroke
SYN-00373,0.363636364,1,0.279310345,0,0,0,0,0,0,0,1,0,0.211764706,0.290909091,0.371428571,0,0,1,0,0,0,0,0,No Stroke
SYN-00668,0.103896104,0,0.031034483,0,0,0,0,0,0,1,1,0,0.094117647,0.254545455,0.2,0,0,0,0,0,0,0,0,No Stroke
SYN-00358,0.337662338,1,0.437931034,0,0,0,0,0,0,0,1,0,0.358823529,0.263636364,0.235714286,0,0,0,0,0,0,0,0,No Stroke
SYN-00968,0.584415584,0,0.017241379,0,0,0,0,0,0,1,1,0,0.4,0.354545455,0.171428571,0,0,0,0,0,0,0,0,No Stroke
SYN-02832,0.792207792,1,0.110344828,1,0,0,0,0,0,0,1,0,0.535294118,0.454545455,0.121428571,1,1,1,0,0,0,1,0,Hemorrhagic
SYN-02784,0.5550695058066258,1,0.3067851258975799,1,0,0,0,0,0,0,1,0,0.4051775752964118,0.4605195582104608,0.2572512522915939,1,1,1,1,0,0,1,1,Hemorrhagic
SYN-01354,0.415584416,1,0.372413793,0,0,0,0,0,0,1,1,1,0.270588235,0.290909091,0.328571429,0,0,0,0,0,0,0,0,No Stroke
SYN-01036,0.714285714,0,0.355172414,0,0,1,0,0,0,0,1,0,0.2,0.336363636,0.264285714,0,0,0,0,0,0,0,0,No Stroke
SYN-00471,0.545454545,0,0.355172414,0,0,0,0,1,0,0,1,0,0.158823529,0.227272727,0.178571429,0,0,0,0,0,0,0,0,No Stroke
SYN-03092,0.584415584,0,0.362068966,1,0,1,0,0,0,0,1,0,0.405882353,0.336363636,0.121428571,1,1,1,1,0,1,0,0,Hemorrhagic
SYN-01397,0.714285714,0,0.265517241,0,0,0,0,0,0,1,1,0,0.370588235,0.254545455,0.357142857,0,0,0,0,0,0,0,0,No Stroke
SYN-03128,0.6359605628182903,1,0.4902503045611122,0,0,0,0,0,0,0,1,0,0.1519471202142956,0.1958073926110992,0.1998271189573189,1,1,1,1,1,0,0,0,Hemorrhagic
SYN-01550,0.675324675,1,0.075862069,0,0,0,0,0,0,1,1,0,0.347058824,0.318181818,0.235714286,0,0,0,0,0,0,0,0,No Stroke
SYN-01257,0.480519481,0,0.4,0,0,1,0,0,0,0,1,0,0.288235294,0.336363636,0.2,0,0,0,0,0,0,0,0,No Stroke
SYN-02095,0.7705620141076689,1,0.3058774888466141,1,0,0,0,0,0,1,1,0,0.4590624090847903,0.3195406576347596,0.1534415651678802,0,0,1,1,1,0,0,1,Ischemic
SYN-01556,0.61038961,0,0.272413793,0,0,0,0,0,0,0,1,1,0.376470588,0.336363636,0.2,0,0,0,0,1,0,0,0,No Stroke
SYN-03086,0.8150073530671673,1,0.2336553379208868,1,1,0,0,1,0,0,1,0,0.5341856992439468,0.4112990876909486,0.2247531487139024,1,1,0,1,1,0,0,1,Hemorrhagic
SYN-01251,0.441558442,1,0.337931034,0,0,0,0,0,0,1,1,0,0.329411765,0.336363636,0.235714286,0,0,0,0,0,0,0,0,No Stroke
SYN-01700,0.922077922,0,0.424137931,1,0,0,1,1,0,0,1,0,0.547058824,0.436363636,0.135714286,0,0,1,0,0,1,0,0,Ischemic
SYN-01253,0.350649351,1,0.351724138,0,0,0,0,0,0,1,1,0,0.194117647,0.2,0.178571429,1,0,0,0,1,0,0,0,No Stroke
SYN-03306,0.883116883,1,0.279310345,0,1,1,0,0,0,1,1,0,0.3,0.309090909,0.271428571,1,1,1,0,1,1,0,1,Hemorrhagic
SYN-03326,0.6376612831365778,1,0.3265449685086042,1,0,0,0,0,0,0,1,0,0.4831035300019495,0.4142169992071066,0.1698534456040805,0,1,0,0,0,0,1,0,Hemorrhagic
SYN-00080,0.415584416,0,0.379310345,0,0,0,0,0,0,0,1,0,0.105882353,0.327272727,0.242857143,0,0,0,0,0,0,0,0,No Stroke
SYN-01173,0.324675325,0,0.268965517,0,0,0,0,0,0,0,1,0,0.141176471,0.363636364,0.228571429,0,0,0,0,0,0,0,1,No Stroke
SYN-00815,0.25974026,1,0.334482759,0,0,0,0,0,0,0,1,0,0.270588235,0.336363636,0.314285714,0,0,0,0,0,0,0,0,No Stroke
SYN-01853,0.545454545,0,0.465517241,1,0,0,0,0,0,1,1,0,0.417647059,0.336363636,0.25,0,1,0,0,0,0,0,0,Ischemic
SYN-02221,0.61038961,0,0.431034483,1,0,0,0,1,0,0,1,1,0.429411765,0.327272727,0.242857143,0,1,0,0,0,0,1,1,Ischemic
SYN-02720,0.6202505126035028,1,0.4285611571302479,0,0,1,0,0,0,1,1,0,0.3449351574424642,0.294422615872951,0.1129521399438318,0,1,1,0,0,0,1,1,Hemorrhagic
SYN-03137,0.7192360115332386,1,0.2732081824451779,1,0,0,0,0,0,1,1,0,0.3676223402032226,0.2360372208540321,0.234359355114419,1,1,0,0,1,0,1,0,Hemorrhagic
SYN-02106,0.701298701,0,0.537931034,0,0,0,0,0,0,0,1,0,0.323529412,0.372727273,0.314285714,0,0,0,0,0,0,0,1,Ischemic
SYN-00134,0.545454545,0,0.296551724,0,0,0,0,0,0,1,1,0,0.188235294,0.390909091,0.257142857,0,0,0,0,0,1,0,0,No Stroke
SYN-01141,0.467532468,0,0.255172414,0,0,0,0,0,0,0,1,0,0.141176471,0.2,0.192857143,0,0,0,0,0,0,0,0,No Stroke
SYN-00934,0.584415584,1,0.248275862,0,0,0,0,0,0,0,1,0,0.241176471,0.327272727,0.228571429,0,0,0,0,0,0,0,0,No Stroke
SYN-00929,0.441558442,1,0.444827586,0,0,0,0,0,0,0,1,0,0.288235294,0.372727273,0.121428571,0,0,0,0,0,0,0,0,No Stroke
SYN-00824,0.714285714,0,0.286206897,0,0,0,0,0,0,0,1,0,0.341176471,0.281818182,0.235714286,0,0,0,0,0,0,0,0,No Stroke
SYN-01532,0.441558442,0,0.337931034,0,0,1,0,0,0,1,1,0,0.229411765,0.390909091,0.164285714,0,0,0,0,0,0,0,0,No Stroke
SYN-01215,0.402597403,1,0.548275862,0,0,0,0,0,0,0,1,0,0.152941176,0.272727273,0.121428571,0,0,0,0,0,0,0,0,No Stroke
SYN-00505,0.61038961,0,0.217241379,0,0,0,0,0,0,0,1,0,0.411764706,0.318181818,0.157142857,0,0,0,0,0,0,0,0,No Stroke
SYN-03544,0.7355142036666461,1,0.29452827330122333,1,0,0,0,0,0,0,1,1,0.4624533341937611,0.4587702856758301,0.21256133145204628,1,0,0,1,0,1,0,0,Hemorrhagic
SYN-02396,0.571428571,0,0.313793103,1,0,0,1,0,0,0,1,0,0.235294118,0.454545455,0.285714286,0,1,0,1,0,0,0,0,Ischemic
SYN-01997,0.662337662,1,0.35862069,1,0,0,0,0,0,0,1,0,0.376470588,0.509090909,0.235714286,1,1,1,0,0,0,0,0,Ischemic
SYN-02435,0.675324675,1,0.503448276,0,0,0,0,0,0,1,1,0,0.411764706,0.272727273,0.342857143,1,1,1,1,0,1,0,0,Ischemic
SYN-01959,0.376623377,1,0.431034483,0,1,0,0,0,0,0,1,0,0.341176471,0.409090909,0.085714286,1,0,0,0,0,1,0,0,Ischemic
SYN-01385,0.376623377,0,0.275862069,1,0,0,0,0,0,0,1,1,0.258823529,0.381818182,0.2,0,0,0,0,0,1,0,0,No Stroke
SYN-00895,0.25974026,0,0.393103448,0,0,0,0,0,0,0,1,0,0.211764706,0.281818182,0.1,0,0,0,0,0,0,0,0,No Stroke
SYN-00829,0.61038961,0,0.372413793,0,0,1,0,0,0,0,1,1,0.429411765,0.309090909,0.1,0,0,0,0,0,0,0,0,No Stroke
SYN-03488,0.7897192765449546,1,0.2698908045720287,1,1,0,0,1,0,0,1,0,0.5573116591755202,0.4397962792821469,0.2041028922413364,1,1,0,1,1,0,0,1,Hemorrhagic
SYN-02524,0.506493506,0,0.165517241,1,1,0,0,0,0,0,1,1,0.329411765,0.427272727,0.214285714,0,1,0,0,0,1,0,1,Ischemic
SYN-01684,0.6052933651478645,1,0.1008877179983051,0,1,0,0,0,0,0,1,0,0.2793400613702223,0.3970402921808163,0.3494249840207449,1,0,0,0,1,0,0,0,Ischemic
SYN-03070,1.0,1,0.1866652937746147,1,0,0,0,0,0,0,1,0,0.5695604841410707,0.3727252190740974,0.2057176309704466,1,1,1,0,1,0,0,1,Hemorrhagic
SYN-03050,0.6928113520374627,0,0.3908926222264531,1,0,0,1,0,0,0,1,0,0.5287101042096517,0.4756296768880628,0.1887911976639204,0,0,1,1,1,1,0,0,Hemorrhagic
SYN-02995,0.5971993299808386,1,0.394598507883798,0,0,1,0,0,0,1,1,0,0.3839560896548268,0.2970151345807643,0.1107236533903348,0,1,1,0,0,0,1,1,Hemorrhagic
SYN-00653,0.077922078,0,0.331034483,0,0,0,0,0,0,0,1,0,0.252941176,0.336363636,0.092857143,0,0,0,0,0,0,0,0,No Stroke
SYN-00173,0.272727273,0,0.237931034,0,1,0,0,0,0,0,1,0,0.282352941,0.290909091,0.192857143,0,0,0,1,0,0,0,0,No Stroke
SYN-00039,0.714285714,1,0.306896552,0,0,0,0,0,0,0,1,0,0.364705882,0.4,0.228571429,0,0,0,0,0,0,0,0,No Stroke
SYN-03420,0.9920033001522084,1,0.1403180632620469,1,0,1,0,0,0,1,1,0,0.5884165426334387,0.4335931413417888,0.2900551148543607,1,1,0,0,0,0,0,0,Hemorrhagic
SYN-00714,0.298701299,1,0.148275862,0,0,0,0,0,0,0,1,0,0.147058824,0.318181818,0.114285714,0,0,0,0,0,0,0,0,No Stroke
SYN-00091,0.168831169,1,0.075862069,0,0,0,0,0,0,0,1,0,0.164705882,0.481818182,0.342857143,0,0,0,0,0,0,0,0,No Stroke
SYN-03531,0.889344766381379,1,0.4010584408264968,0,0,1,0,0,0,1,1,0,0.20456066403818507,0.3351168384238137,0.21748283256838147,1,0,1,0,0,0,1,1,Hemorrhagic
SYN-01206,0.415584416,0,0.306896552,0,0,0,0,0,0,0,1,0,0.176470588,0.390909091,0.228571429,0,0,0,0,0,0,0,0,No Stroke
SYN-02947,0.8877302468580414,1,0.3222208395325784,1,1,0,0,0,0,1,1,0,0.4655474664616494,0.3252079404563709,0.254117190495493,1,0,1,0,1,0,0,0,Hemorrhagic
SYN-03082,1.0,0,0.522560658424168,1,0,1,0,0,0,0,1,0,0.5091205225576878,0.4701616550775664,0.2370101302270516,1,0,0,0,0,0,1,1,Hemorrhagic
SYN-01828,0.545454545,1,0.25862069,1,0,0,0,0,0,0,1,0,0.376470588,0.327272727,0.228571429,1,0,1,0,0,1,1,0,Ischemic
SYN-01156,0.545454545,0,0.24137931,0,0,0,0,0,0,0,1,0,0.264705882,0.281818182,0.035714286,0,0,0,0,0,0,1,0,No Stroke
SYN-01325,0.25974026,0,0.55862069,0,0,0,0,0,0,0,1,0,0.364705882,0.263636364,0.264285714,0,0,0,1,0,0,1,0,No Stroke
SYN-00217,0.415584416,0,0.503448276,0,0,0,0,0,0,0,1,0,0.217647059,0.172727273,0.271428571,0,0,0,0,0,0,0,0,No Stroke
SYN-00511,0.402597403,0,0.227586207,1,0,0,0,0,0,0,1,0,0.382352941,0.418181818,0.128571429,0,0,0,0,0,0,0,0,No Stroke
SYN-01681,0.506493506,1,0.331034483,1,0,0,0,0,0,0,1,0,0.323529412,0.290909091,0.328571429,1,1,1,0,0,0,1,0,Ischemic
SYN-00500,0.220779221,0,0.296551724,0,0,0,0,0,0,0,1,0,0.288235294,0.145454545,0.185714286,0,0,0,0,0,1,0,0,No Stroke
SYN-02953,0.5068158525131881,1,0.4769175455527282,0,1,0,0,0,1,0,1,0,0.4672636403452215,0.2551082175248048,0.17165770786133,1,0,1,0,1,1,0,0,Hemorrhagic
SYN-01857,0.727272727,0,0.248275862,1,0,1,0,0,0,1,1,0,0.405882353,0.318181818,0.285714286,1,0,0,1,0,0,0,0,Ischemic
SYN-01389,0.38961039,1,0.237931034,0,0,0,0,0,0,0,1,0,0.241176471,0.336363636,0.157142857,0,0,0,0,0,1,0,0,No Stroke
SYN-01520,0.38961039,0,0.206896552,1,0,0,0,0,0,0,1,0,0.370588235,0.418181818,0.078571429,0,0,0,0,0,0,0,0,No Stroke
SYN-02387,0.87012987,1,0.586206897,1,0,0,0,0,0,0,1,0,0.458823529,0.363636364,0.207142857,0,1,1,0,0,1,1,1,Ischemic
SYN-03250,0.5553017209013867,1,0.3803880832468614,1,0,1,0,1,0,0,1,0,0.2319946503512642,0.2915088262878686,0.2980053055684465,1,0,1,0,1,1,0,1,Hemorrhagic
SYN-02077,0.4230158615725307,1,0.3601277298007074,1,0,0,1,0,0,1,1,0,0.3822925385034292,0.3563065743337809,0.2526273206264858,1,1,0,1,0,0,1,1,Ischemic
SYN-01541,0.168831169,1,0.355172414,0,0,1,0,0,0,0,1,0,0.223529412,0.390909091,0.257142857,0,0,0,0,0,0,0,0,No Stroke
SYN-01218,0.402597403,0,0.306896552,0,0,0,0,0,0,0,1,0,0.488235294,0.263636364,0.228571429,0,0,0,0,0,0,0,0,No Stroke
SYN-02682,0.4378227466350432,1,0.3325537661208663,0,0,1,0,1,0,0,1,0,0.3084048913786767,0.3162768445320049,0.1373350628362285,1,1,1,0,0,1,1,1,Hemorrhagic
SYN-03424,1.0,0,0.3485169460701374,1,0,0,0,0,0,0,1,0,0.6224783097801583,0.3683503845862733,0.3479989390238117,0,0,1,0,1,0,1,0,Hemorrhagic
SYN-01417,0.506493506,0,0.351724138,0,0,0,0,0,0,1,1,0,0.111764706,0.272727273,0.121428571,0,1,0,0,0,0,0,0,No Stroke
SYN-02218,0.9560726384364348,0,0.5412221247082325,0,0,0,0,0,0,0,1,0,0.326016004831918,0.262762005057062,0.1502675930202164,1,1,1,0,1,0,1,0,Ischemic
SYN-03002,0.7340966208715848,0,0.3902982457882009,1,1,0,0,0,0,1,1,1,0.5656318640282082,0.2807660307090903,0.2925911319645403,1,0,1,0,0,1,1,1,Hemorrhagic
SYN-01677,0.805194805,0,0.413793103,0,0,0,0,0,0,1,1,0,0.441176471,0.409090909,0.242857143,1,0,1,1,0,0,0,0,Ischemic
SYN-01198,0.571428571,0,0.437931034,0,0,1,0,0,0,0,1,0,0.247058824,0.490909091,0.307142857,0,0,0,0,0,0,0,0,No Stroke
SYN-01543,0.337662338,1,0.317241379,0,0,0,0,0,0,0,1,0,0.147058824,0.2,0.228571429,0,0,0,0,0,0,0,0,No Stroke
SYN-02540,0.922077922,1,0.434482759,1,1,0,0,1,1,0,1,0,0.588235294,0.372727273,0.25,0,1,1,0,0,0,0,0,Ischemic
SYN-00954,0.519480519,0,0.286206897,0,0,0,0,0,0,0,1,0,0.364705882,0.409090909,0.178571429,0,0,0,0,1,0,0,0,No Stroke
SYN-02636,0.7585101197697312,0,0.1262555196761663,1,0,0,0,0,0,1,1,0,0.5295399458532023,0.3923570806682405,0.2875530637428294,1,0,0,0,1,0,0,0,Hemorrhagic
SYN-00751,0.363636364,0,0.327586207,0,1,0,0,0,0,0,1,0,0.2,0.236363636,0.171428571,0,0,0,0,0,0,0,0,No Stroke
SYN-02706,0.6791131948941317,0,0.3852553264403089,1,1,1,0,0,1,0,1,0,0.5197446739377929,0.4605868251364536,0.1517106511820311,0,1,1,0,0,0,1,1,Hemorrhagic
SYN-00235,0.701298701,1,0.324137931,0,0,0,0,0,0,1,1,0,0.270588235,0.372727273,0.185714286,0,0,0,0,0,0,0,0,No Stroke
SYN-00733,0.493506494,1,0.317241379,1,0,0,0,0,0,0,1,0,0.352941176,0.363636364,0.157142857,1,0,0,0,0,0,0,1,No Stroke
SYN-03578,0.888142739898409,0,0.33875110480872966,0,0,1,0,0,1,1,1,0,0.4033731757072123,0.3088744495876049,0.15701232588818378,1,0,1,1,0,0,1,0,Hemorrhagic
SYN-01157,0.454545455,0,0.003448276,0,0,0,0,0,1,0,1,0,0.241176471,0.181818182,0.15,0,0,0,0,0,0,0,0,No Stroke
SYN-03069,0.6547383482325438,0,0.3685475094471052,1,0,0,0,0,0,0,1,0,0.4739719216012802,0.6046477653470053,0.2085666082161074,0,1,1,0,0,1,0,0,Hemorrhagic
SYN-02446,0.688311688,0,0.175862069,1,0,0,0,0,0,0,1,0,0.476470588,0.418181818,0.271428571,1,1,1,1,0,1,0,1,Ischemic
SYN-01210,0.246753247,0,0.534482759,0,0,0,0,0,0,1,1,0,0.223529412,0.354545455,0.285714286,0,0,0,0,0,0,0,0,No Stroke
SYN-01066,0.727272727,1,0.165517241,0,0,0,0,0,0,0,1,1,0.294117647,0.309090909,0.207142857,0,0,0,0,0,0,0,0,No Stroke
SYN-02157,0.636363636,0,0.565517241,0,0,1,0,0,0,0,1,0,0.3,0.2,0.292857143,0,1,0,0,0,0,1,0,Ischemic
SYN-01063,0.38961039,1,0.45862069,0,0,0,0,0,0,0,1,0,0.264705882,0.318181818,0.3,0,0,0,0,0,0,0,0,No Stroke
SYN-02617,0.6603629242002551,1,0.456268029690875,1,1,0,0,0,0,0,1,0,0.4055732470623252,0.4247621311937578,0.25973642112546436,1,0,1,0,0,0,1,0,Ischemic
SYN-01168,0.480519481,0,0.220689655,0,0,1,0,0,0,1,1,0,0.258823529,0.318181818,0.278571429,0,0,0,0,0,0,0,0,No Stroke
SYN-01493,0.376623377,1,0.189655172,0,0,0,0,0,0,0,1,0,0.152941176,0.318181818,0.164285714,0,0,0,0,1,0,0,0,No Stroke
SYN-02948,0.5406153809577171,1,0.0263105753199792,1,0,1,0,1,0,0,1,0,0.4122733587274031,0.4588466243957448,0.2455455558540904,0,1,0,1,0,0,0,1,Hemorrhagic
SYN-00885,0.441558442,1,0.382758621,0,0,1,0,0,0,1,1,0,0.394117647,0.145454545,0.171428571,0,0,0,0,0,0,0,1,No Stroke
SYN-00144,0.545454545,1,0.206896552,0,0,0,0,0,0,0,1,1,0.264705882,0.281818182,0.1,0,0,0,0,0,0,0,0,No Stroke
SYN-03517,0.587033633396301,1,0.2074256820547251,1,0,0,0,0,0,0,1,0,0.5590191913098166,0.33360767493053,0.1637535161149432,1,1,0,0,0,0,1,0,Hemorrhagic
SYN-00851,0.74025974,0,0.293103448,0,0,0,0,0,0,0,1,0,0.411764706,0.345454545,0.185714286,0,0,0,0,0,0,0,0,No Stroke
SYN-02783,0.3970174446324712,0,0.4961454556975804,1,0,0,0,0,0,0,1,0,0.2108844878058435,0.4564161356194164,0.2314002012920679,0,0,0,1,0,1,1,1,Hemorrhagic
SYN-00718,0.415584416,0,0.35862069,0,1,0,0,0,0,0,1,0,0.323529412,0.227272727,0.257142857,0,1,0,0,0,0,0,0,No Stroke
SYN-03397,0.8244622745523691,0,0.4304901022405041,1,0,0,0,0,0,0,1,0,0.4411021356641922,0.4686480570269063,0.2003582641945597,1,0,0,0,1,1,0,0,Hemorrhagic
SYN-02503,0.597402597,0,0.603448276,0,0,0,0,0,0,0,1,0,0.247058824,0.390909091,0.25,0,0,1,0,1,1,0,1,Ischemic
SYN-00265,0.675324675,0,0.331034483,0,0,0,0,0,0,0,1,0,0.282352941,0.281818182,0.278571429,0,0,0,0,0,0,0,1,No Stroke
SYN-00076,0.584415584,0,0.413793103,0,0,0,0,0,0,0,1,0,0.276470588,0.345454545,0.2,0,0,0,0,1,0,0,0,No Stroke
SYN-02493,0.493506494,1,0.617241379,0,0,0,0,0,0,0,1,0,0.235294118,0.318181818,0.214285714,1,1,0,0,0,1,0,0,Ischemic
SYN-00396,0.688311688,0,0.206896552,0,0,0,0,0,0,0,1,1,0.305882353,0.290909091,0.135714286,0,0,0,0,0,0,0,0,No Stroke
SYN-03036,0.753246753,0,0.396551724,1,0,0,0,0,0,0,1,1,0.476470588,0.318181818,0.035714286,1,0,1,1,1,0,0,1,Hemorrhagic
SYN-02225,0.584415584,1,0.296551724,1,0,0,0,0,0,0,1,0,0.470588235,0.336363636,0.207142857,0,1,0,0,0,1,0,0,Ischemic
SYN-03346,0.5105660453972355,0,0.4172870402606434,0,1,0,1,0,0,0,1,0,0.347099166453681,0.3219909313172692,0.2599956990406232,0,0,1,1,1,0,1,1,Hemorrhagic
SYN-00397,0.636363636,0,0.451724138,0,0,0,0,0,0,0,1,0,0.205882353,0.318181818,0.171428571,0,0,0,0,0,0,1,0,No Stroke
SYN-01366,0.298701299,0,0.14137931,0,0,0,0,0,0,1,1,0,0.129411765,0.454545455,0.228571429,1,0,0,0,0,0,0,0,No Stroke
SYN-02980,0.6006059334304891,1,0.2429585219146673,0,0,1,0,0,0,1,1,1,0.2324134838291029,0.3620242780136805,0.2541075327393224,1,0,1,0,1,1,0,1,Hemorrhagic
SYN-01904,1.0,1,0.248275862,0,1,1,0,0,0,0,1,1,0.447058824,0.381818182,0.235714286,1,1,0,0,0,0,0,0,Ischemic
SYN-00596,0.38961039,0,0.534482759,0,0,0,0,0,0,0,1,0,0.135294118,0.445454545,0.185714286,0,0,0,0,0,0,0,0,No Stroke
SYN-02110,0.688311688,0,0.389655172,1,0,1,0,0,0,0,1,0,0.488235294,0.418181818,0.235714286,1,0,0,0,0,0,1,0,Ischemic
SYN-01297,0.467532468,0,0.086206897,0,0,0,0,0,0,0,1,0,0.382352941,0.309090909,0.235714286,0,0,0,0,0,0,0,0,No Stroke
SYN-01822,0.766233766,0,0.44137931,1,0,1,0,0,0,1,1,0,0.505882353,0.427272727,0.285714286,1,1,1,1,0,1,0,0,Ischemic
SYN-00873,0.519480519,1,0.465517241,0,0,0,0,0,0,0,1,1,0.311764706,0.254545455,0.271428571,0,0,0,0,0,0,0,0,No Stroke
SYN-03095,1.0,0,0.2960771787786523,1,0,1,0,0,0,0,1,0,0.5708841941902828,0.4622231640645605,0.2694192221202196,0,1,0,1,0,0,1,1,Hemorrhagic
SYN-03479,0.5899651534419068,1,0.2458544995459327,1,0,0,0,0,0,0,1,1,0.4451515224017036,0.4485426814456417,0.25479775718829,0,0,0,0,1,0,0,0,Hemorrhagic
SYN-02327,0.545454545,0,0.662068966,1,0,0,0,0,0,0,1,0,0.376470588,0.381818182,0.157142857,1,0,0,0,0,1,0,1,Ischemic
SYN-01549,0.493506494,1,0.234482759,0,0,0,0,0,0,0,1,0,0.282352941,0.3,0.2,0,0,0,0,0,0,0,0,No Stroke
SYN-00037,0.194805195,1,0.255172414,0,0,1,0,0,0,1,1,0,0.264705882,0.272727273,0.178571429,0,0,0,0,0,0,0,1,No Stroke
SYN-02711,0.766233766,1,0.520689655,1,0,0,0,0,0,0,1,1,0.535294118,0.427272727,0.185714286,0,0,1,0,0,1,0,1,Hemorrhagic
SYN-03012,0.8967638539434787,0,0.0901178321217332,1,0,1,0,0,1,0,1,1,0.604110633159842,0.5301917291968142,0.2859599289370392,1,0,0,0,1,1,0,0,Hemorrhagic
SYN-02144,0.402597403,1,0.437931034,1,0,0,0,0,0,1,1,0,0.488235294,0.327272727,0.128571429,1,1,1,0,0,0,0,0,Ischemic
SYN-03048,0.408824502104916,1,0.4156152371820298,1,0,0,0,0,0,0,1,0,0.45006446318337,0.3485372801110614,0.3859985784775165,0,1,1,0,1,1,0,0,Hemorrhagic
SYN-00978,0.337662338,1,0.503448276,0,0,0,0,0,0,0,1,0,0.194117647,0.245454545,0.271428571,0,0,0,0,0,0,0,0,No Stroke
SYN-01572,0.38961039,1,0.3,0,0,0,0,0,0,0,1,0,0.276470588,0.318181818,0.221428571,0,0,0,0,1,0,0,0,No Stroke
SYN-01123,0.467532468,0,0.310344828,0,0,0,0,0,0,0,1,0,0.241176471,0.354545455,0.228571429,0,0,0,0,0,0,0,0,No Stroke
SYN-02787,0.5825948000251026,1,0.0291572076633121,1,0,1,0,1,0,0,0,0,0.391553191912363,0.4887348321916434,0.262561887704949,0,1,0,1,0,0,0,1,Hemorrhagic
SYN-02240,0.649350649,1,0.120689655,0,0,0,0,0,0,1,1,0,0.305882353,0.2,0.3,0,1,1,0,0,0,0,1,Ischemic
SYN-02968,0.636363636,0,0.572413793,1,0,0,0,0,0,0,1,0,0.105882353,0.409090909,0.321428571,1,0,1,0,1,0,1,0,Hemorrhagic
SYN-02505,0.493506494,1,0.403448276,0,0,0,0,0,1,0,1,0,0.447058824,0.309090909,0.171428571,1,1,1,0,0,0,0,0,Ischemic
SYN-01893,0.584415584,1,0.334482759,0,1,0,0,0,0,1,1,0,0.523529412,0.136363636,0.321428571,0,1,0,1,0,1,1,1,Ischemic
SYN-00676,0.103896104,1,0.379310345,0,0,0,0,0,0,0,1,0,0.176470588,0.254545455,0.192857143,0,0,1,0,0,0,0,0,No Stroke
SYN-02809,0.9342777062701147,1,0.2772724217928946,0,1,0,0,0,0,1,1,0,0.3417902168100997,0.3411991797163216,0.339018139272786,1,0,0,1,1,1,1,1,Hemorrhagic
SYN-00729,0.454545455,1,0.479310345,0,0,0,0,0,0,0,1,1,0.241176471,0.272727273,0.171428571,0,0,0,0,1,1,1,0,No Stroke
SYN-00413,0.376623377,0,0.196551724,1,0,0,0,0,0,1,1,0,0.323529412,0.309090909,0.25,0,0,0,0,0,0,0,0,No Stroke
SYN-01517,0.688311688,0,0.313793103,0,1,0,0,0,0,0,1,0,0.476470588,0.263636364,0.335714286,0,0,0,0,0,0,0,0,No Stroke
SYN-01650,0.805194805,1,0.25862069,0,0,0,1,1,0,0,1,0,0.452941176,0.345454545,0.335714286,1,0,0,0,0,1,0,0,Ischemic
SYN-00826,0.233766234,1,0.127586207,0,0,0,0,0,0,0,1,0,0.194117647,0.236363636,0.314285714,0,0,0,0,0,0,0,0,No Stroke
SYN-00617,0.376623377,1,0.45862069,0,0,0,0,0,0,0,1,0,0.264705882,0.327272727,0.271428571,0,0,0,0,0,0,0,0,No Stroke
SYN-00115,0.558441558,1,0.324137931,0,0,0,0,0,0,0,1,0,0.376470588,0.372727273,0.242857143,0,0,0,0,0,0,0,0,No Stroke
SYN-00418,0.415584416,1,0.303448276,0,0,0,0,0,0,0,1,1,0.182352941,0.354545455,0.385714286,0,0,0,0,0,0,1,0,No Stroke
SYN-01626,0.87012987,0,0.286206897,1,0,0,0,0,0,1,1,0,0.547058824,0.545454545,0.285714286,1,1,0,0,1,0,0,1,Ischemic
SYN-02653,0.9439106861078996,1,0.165325845367636,1,0,0,0,0,0,0,1,0,0.3901314792652141,0.4396248122328335,0.3423334907268531,0,0,0,1,0,1,0,1,Hemorrhagic
SYN-03512,0.779220779,0,0.327586207,1,0,0,0,1,0,1,1,0,0.423529412,0.345454545,0.242857143,0,1,1,0,1,1,0,1,Hemorrhagic
SYN-00090,0.350649351,0,0.324137931,0,1,0,0,0,0,0,1,0,0.223529412,0.309090909,0.157142857,0,0,0,0,0,0,0,0,No Stroke
SYN-02897,0.535515334338481,1,0.0193938075112477,1,0,1,0,1,0,0,1,0,0.397235092508451,0.4701594243331275,0.2245855994309392,0,1,0,1,1,0,0,1,Hemorrhagic
SYN-03124,1.0,1,0.3735543019607079,1,0,1,0,0,0,0,1,1,0.4153638286608049,0.4198967997005548,0.2063147055159497,1,0,0,0,1,0,0,1,Hemorrhagic
SYN-02083,0.753246753,0,0.4,1,1,0,0,0,1,0,1,0,0.552941176,0.463636364,0.107142857,1,0,1,0,0,1,1,0,Ischemic
SYN-00754,0.74025974,0,0.289655172,0,0,1,0,0,0,0,1,1,0.370588235,0.463636364,0.2,0,0,1,0,0,0,0,0,No Stroke
SYN-02547,0.987012987,1,0.234482759,1,1,1,1,0,0,0,1,0,0.547058824,0.336363636,0.092857143,1,0,1,1,1,0,0,1,Ischemic
SYN-01631,0.597402597,0,0.468965517,0,0,1,0,0,0,0,1,1,0.352941176,0.172727273,0.221428571,1,0,1,0,0,0,1,1,Ischemic
SYN-00012,0.532467532,1,0.268965517,0,0,0,0,0,0,1,1,0,0.352941176,0.390909091,0.171428571,0,0,0,0,0,0,0,0,No Stroke
SYN-02445,0.818181818,1,0.379310345,1,0,1,0,0,0,0,1,0,0.452941176,0.363636364,0.25,1,1,1,1,0,0,1,1,Ischemic
SYN-00285,0.402597403,1,0.310344828,0,0,1,0,0,0,0,1,0,0.3,0.272727273,0.428571429,0,0,0,0,0,0,0,0,No Stroke
SYN-01067,0.376623377,0,0.24137931,0,0,1,0,0,0,0,1,0,0.217647059,0.190909091,0.314285714,0,0,0,0,0,0,0,0,No Stroke
SYN-01192,0.350649351,1,0.282758621,0,0,1,0,0,0,0,1,0,0.282352941,0.263636364,0.307142857,0,0,0,0,0,0,0,0,No Stroke
SYN-01441,0.753246753,1,0.275862069,0,0,0,0,0,0,0,1,0,0.188235294,0.263636364,0.135714286,0,0,0,0,0,0,0,0,No Stroke
SYN-03351,0.5730362216323237,1,0.552171016889735,0,0,1,0,1,0,1,1,0,0.2725676989562496,0.3479368625683582,0.2829825404025301,1,0,0,0,1,0,1,0,Hemorrhagic
SYN-03349,0.8110728035787916,1,0.3518135800757957,0,0,0,0,0,0,1,1,1,0.3252157761516965,0.3119122546455556,0.2541156893434593,1,1,0,1,0,0,1,0,Hemorrhagic
SYN-02739,0.883116883,0,0.106896552,1,0,1,0,0,1,0,1,1,0.623529412,0.527272727,0.257142857,1,0,0,0,1,1,0,0,Hemorrhagic
SYN-03236,0.5160142373209418,0,0.5818161561724253,0,0,0,0,0,0,0,1,0,0.3292565378838216,0.2528364006120218,0.1342961729478803,0,0,1,0,1,0,0,0,Hemorrhagic
SYN-01569,0.623376623,0,0.24137931,0,1,0,0,0,0,0,1,1,0.276470588,0.327272727,0.285714286,0,0,0,0,1,0,0,0,No Stroke
SYN-02428,0.909090909,0,0.531034483,0,1,0,0,0,1,0,1,0,0.5,0.336363636,0.357142857,1,1,0,0,0,0,1,0,Ischemic
SYN-02738,0.6310130572403526,1,0.1265583513234663,1,0,0,0,0,0,0,1,0,0.4080864231736327,0.3857992646729401,0.2585795433378787,1,0,1,0,1,0,1,0,Hemorrhagic
SYN-03073,0.5097512337267543,1,0.4597140987376161,0,1,0,0,0,0,0,1,0,0.4633715108892872,0.2753670069546572,0.198736074103634,1,0,1,0,1,1,0,0,Hemorrhagic
SYN-01688,0.714285714,1,0.510344828,0,0,0,0,0,0,0,1,0,0.341176471,0.363636364,0.042857143,0,0,0,0,0,0,0,1,Ischemic
SYN-00852,0.714285714,0,0.268965517,0,0,0,0,0,0,1,1,0,0.417647059,0.390909091,0.207142857,0,0,0,0,0,0,0,0,No Stroke
SYN-02208,0.311688312,0,0.396551724,1,0,0,0,0,0,0,1,0,0.394117647,0.454545455,0.221428571,0,0,0,0,1,0,1,0,Ischemic
SYN-00896,0.441558442,1,0.331034483,0,0,0,0,0,0,0,1,1,0.2,0.236363636,0.157142857,0,0,0,0,0,0,0,0,No Stroke
SYN-00497,0.350649351,1,0.227586207,1,0,0,0,0,0,0,1,0,0.247058824,0.481818182,0.242857143,0,0,1,0,0,0,0,0,No Stroke
SYN-02306,0.545454545,1,0.14137931,1,1,0,0,0,0,1,1,0,0.464705882,0.336363636,0.3,1,1,0,0,0,0,1,0,Ischemic
SYN-01783,0.701298701,0,0.420689655,1,1,0,0,0,0,1,1,0,0.494117647,0.327272727,0.15,1,1,1,1,0,0,0,1,Ischemic
SYN-00336,0.350649351,0,0.24137931,1,0,0,0,0,0,0,1,0,0.2,0.327272727,0.242857143,0,0,0,0,0,0,0,0,No Stroke
SYN-02840,0.5612636329912377,1,0.6861479022691946,0,0,0,0,0,0,0,1,0,0.3823099750635471,0.276400850648602,0.2595682061158539,1,1,0,0,1,1,0,1,Hemorrhagic
SYN-00516,0.311688312,1,0.565517241,0,0,0,0,0,0,1,1,0,0.241176471,0.481818182,0.242857143,0,0,1,0,0,0,0,0,No Stroke
SYN-01349,0.038961039,0,0.203448276,0,0,0,0,0,0,0,1,0,0.164705882,0.345454545,0.242857143,0,0,0,0,0,0,1,0,No Stroke
SYN-01016,0.324675325,0,0.524137931,0,0,0,0,0,0,0,1,0,0.111764706,0.263636364,0.342857143,0,0,0,0,0,0,0,0,No Stroke
SYN-02817,0.727380418058579,1,0.2714321390019161,0,0,1,0,0,0,0,1,0,0.3976989365344743,0.3223945127759314,0.211454451616827,0,1,0,0,1,0,1,0,Hemorrhagic
SYN-03359,0.6366921763617811,0,0.3409653343244748,1,1,0,0,0,1,1,1,0,0.5160350446204194,0.3281839605224725,0.224378814828228,0,0,0,0,1,0,0,0,Hemorrhagic
SYN-03353,0.7202126512088682,0,0.1603126794067174,1,0,0,0,0,0,0,1,0,0.3586250226310558,0.5336474563906567,0.2381453077406609,1,1,1,1,1,0,1,0,Hemorrhagic
SYN-02810,0.5529454225078916,1,0.7392257551397324,0,0,0,0,0,0,0,1,0,0.3918011376347126,0.252156982545186,0.2574301761409612,1,1,0,0,1,1,0,1,Hemorrhagic
SYN-03067,0.415584416,1,0.5,1,0,0,0,0,0,0,1,1,0.358823529,0.345454545,0.3,1,1,0,1,1,1,0,0,Hemorrhagic
SYN-01782,0.766233766,1,0.082758621,1,0,0,0,0,0,0,1,0,0.352941176,0.390909091,0.314285714,1,0,0,0,0,1,1,0,Ischemic
SYN-02570,0.558441558,0,0.406896552,1,1,0,0,0,0,0,1,0,0.388235294,0.390909091,0.228571429,0,0,0,0,0,1,0,0,Ischemic
SYN-01786,0.792207792,0,0.179310345,0,1,0,0,0,0,1,1,0,0.423529412,0.263636364,0.292857143,0,1,0,0,0,0,0,0,Ischemic
SYN-02071,0.649350649,1,0.25862069,1,0,0,0,0,1,0,1,0,0.482352941,0.4,0.257142857,0,1,0,0,0,0,1,0,Ischemic
SYN-00357,0.285714286,1,0.568965517,0,0,0,0,0,0,1,1,0,0.094117647,0.281818182,0.235714286,0,0,0,0,0,0,0,0,No Stroke
SYN-03410,0.5606792829940953,1,0.5400360650637362,1,0,0,0,0,0,0,1,0,0.3288453156689734,0.424258756306954,0.3174796893276376,1,1,0,1,1,1,0,0,Hemorrhagic
SYN-01313,0.415584416,1,0.268965517,0,0,0,0,0,0,0,1,1,0.158823529,0.3,0.157142857,0,0,0,0,0,0,0,0,No Stroke
SYN-01636,0.6146647308516942,1,0.5632015509305477,0,0,0,0,0,0,0,1,0,0.3671727234669677,0.2683553087236461,0.2764377096905998,0,1,1,0,1,0,1,0,Ischemic
SYN-00551,0.558441558,1,0.068965517,0,0,0,0,0,0,0,1,0,0.3,0.227272727,0.35,0,0,0,0,0,0,0,0,No Stroke
SYN-02389,0.649350649,0,0.368965517,1,0,1,0,0,0,0,1,0,0.505882353,0.345454545,0.185714286,1,1,0,0,0,1,0,0,Ischemic
SYN-02480,0.779220779,0,0.206896552,0,0,1,0,0,0,1,1,0,0.176470588,0.336363636,0.235714286,0,1,1,0,0,0,1,0,Ischemic
SYN-02522,0.532467532,0,0.468965517,1,0,1,0,0,0,0,1,0,0.352941176,0.418181818,0.214285714,1,0,1,0,0,0,1,0,Ischemic
SYN-02266,0.74025974,1,0.34137931,0,1,0,0,0,0,0,1,0,0.370588235,0.327272727,0.278571429,1,1,1,0,0,1,1,1,Ischemic
SYN-02960,0.818181818,1,0.389655172,1,0,0,0,0,0,0,1,1,0.405882353,0.363636364,0.271428571,0,0,0,0,0,1,1,0,Hemorrhagic
SYN-01228,0.480519481,1,0.3,0,0,0,0,0,0,0,1,1,0.388235294,0.309090909,0.235714286,0,0,0,0,0,0,0,0,No Stroke
SYN-03200,0.6854637781736729,0,0.4804304050025128,0,0,0,0,0,1,0,1,0,0.2352001831094975,0.2316460987536133,0.2395370463519924,1,0,0,0,1,0,0,0,Hemorrhagic
SYN-00958,0.415584416,0,0.289655172,1,0,0,0,0,0,0,1,0,0.347058824,0.372727273,0.214285714,0,0,0,0,0,0,1,0,No Stroke
SYN-01774,0.688311688,1,0.479310345,0,0,0,0,0,0,0,1,0,0.411764706,0.263636364,0.214285714,1,1,0,0,0,0,1,0,Ischemic
SYN-02142,0.727272727,1,0.403448276,1,0,1,0,0,0,0,1,0,0.452941176,0.454545455,0.3,0,0,0,0,0,0,0,0,Ischemic
SYN-01009,0.428571429,0,0.293103448,0,1,0,0,0,0,0,1,0,0.317647059,0.227272727,0.2,0,0,0,0,0,0,0,0,No Stroke
SYN-01093,0.584415584,0,0.244827586,0,0,1,0,0,0,0,1,0,0.288235294,0.390909091,0.178571429,0,0,0,0,0,0,0,0,No Stroke
SYN-03325,1.0,0,0.3451024265399538,1,0,1,0,0,0,0,1,0,0.5055724946326493,0.5095730334688648,0.2650323883549341,0,1,0,1,0,0,1,1,Hemorrhagic
SYN-02745,0.5933438009067831,0,0.3497472423043899,1,0,1,0,0,0,0,1,0,0.4064123190878091,0.316125699571735,0.0951303754505044,1,1,1,1,0,1,0,0,Hemorrhagic
SYN-00997,0.493506494,1,0.472413793,0,0,0,0,0,0,0,1,0,0.170588235,0.354545455,0.185714286,0,0,0,0,0,0,0,0,No Stroke
SYN-01680,0.584415584,1,0.268965517,1,0,1,0,0,0,0,1,0,0.523529412,0.3,0.271428571,0,0,1,0,0,0,0,0,Ischemic
SYN-00154,0.376623377,1,0.410344828,1,0,0,0,0,0,0,1,1,0.376470588,0.490909091,0.235714286,0,0,0,0,0,0,0,0,No Stroke
SYN-03328,1.0,0,0.5024954764779558,1,0,1,0,0,0,1,1,0,0.3587485379132364,0.3467727881981857,0.1783855203338602,1,0,1,0,0,0,1,0,Hemorrhagic
SYN-02909,0.6706557216298912,0,0.5036879261492897,0,1,1,0,0,0,1,1,0,0.4194999431248996,0.4011683085667884,0.2158974371525668,0,0,0,0,1,0,1,0,Hemorrhagic
SYN-02838,0.585706876861183,1,0.2076131423481731,1,0,0,0,0,0,0,1,1,0.4453476244718797,0.4398074783069282,0.1945584437757505,0,0,0,0,1,0,0,0,Hemorrhagic
SYN-00581,0.480519481,1,0.25862069,1,0,0,0,0,0,0,1,0,0.382352941,0.409090909,0.221428571,0,0,0,0,0,0,0,0,No Stroke
SYN-01471,0.519480519,0,0.25862069,0,0,0,0,0,0,0,1,0,0.258823529,0.263636364,0.228571429,0,0,0,0,0,0,0,0,No Stroke
SYN-00704,0.493506494,0,0.055172414,0,0,1,0,0,0,0,1,0,0.370588235,0.445454545,0.228571429,0,0,0,0,0,1,0,0,No Stroke
SYN-01213,0.519480519,0,0.120689655,0,0,0,0,0,0,0,1,0,0.264705882,0.218181818,0.25,0,0,0,0,0,0,0,0,No Stroke
SYN-00897,0.480519481,1,0.227586207,0,0,0,0,0,0,0,1,0,0.311764706,0.336363636,0.257142857,0,0,0,0,0,0,0,0,No Stroke
SYN-00488,0.61038961,0,0.131034483,0,0,0,0,0,0,0,1,0,0.335294118,0.381818182,0.264285714,0,0,0,0,0,0,0,0,No Stroke
SYN-00560,0.311688312,1,0.389655172,0,0,1,0,0,0,1,1,0,0.170588235,0.327272727,0.285714286,0,0,0,0,0,0,0,0,No Stroke
SYN-01142,0.324675325,1,0.403448276,1,0,0,0,0,0,0,1,0,0.335294118,0.363636364,0.285714286,0,0,0,0,0,0,0,0,No Stroke
SYN-01120,0.519480519,0,0.020689655,0,0,1,0,0,0,1,1,0,0.335294118,0.354545455,0.242857143,0,0,0,0,0,0,0,0,No Stroke
SYN-02850,0.766233766,1,0.268965517,1,0,0,0,1,0,1,1,0,0.482352941,0.390909091,0.3,0,0,0,0,0,0,0,0,Hemorrhagic
SYN-00513,0.441558442,1,0.127586207,0,0,0,0,0,0,1,1,0,0.252941176,0.527272727,0.214285714,0,1,0,0,0,0,0,0,No Stroke
SYN-00634,0.38961039,0,0.220689655,0,0,1,0,0,0,0,1,0,0.476470588,0.336363636,0.128571429,1,0,0,0,0,1,0,0,No Stroke
SYN-03081,0.7274725777387203,0,0.2516276996245142,1,1,0,0,0,1,0,1,0,0.5315210127758085,0.4150186290721189,0.1936883059086165,0,0,1,1,1,0,1,0,Hemorrhagic
SYN-01665,0.844155844,0,0.220689655,1,0,0,1,0,0,0,1,0,0.552941176,0.354545455,0.242857143,1,1,1,0,0,0,1,0,Ischemic
SYN-01013,0.558441558,1,0.293103448,0,0,0,0,0,0,0,1,1,0.158823529,0.290909091,0.228571429,0,0,0,1,0,0,0,0,No Stroke
SYN-01932,0.779220779,0,0.331034483,0,0,0,0,0,0,0,1,0,0.3,0.372727273,0.242857143,0,1,0,0,0,0,1,0,Ischemic
SYN-01151,0.532467532,0,0.296551724,0,1,0,0,0,0,1,1,0,0.358823529,0.218181818,0.307142857,0,0,0,0,0,0,0,0,No Stroke
SYN-02839,0.805194805,0,0.306896552,1,0,0,0,1,0,0,1,0,0.535294118,0.418181818,0.15,1,0,0,0,1,0,0,0,Hemorrhagic
SYN-03355,0.844155844,1,0.45862069,1,0,0,0,0,0,0,1,0,0.611764706,0.336363636,0.285714286,1,0,0,1,1,1,0,0,Hemorrhagic
SYN-00117,0.506493506,0,0.196551724,0,0,1,0,1,0,0,1,0,0.3,0.309090909,0.2,0,0,0,0,0,0,0,0,No Stroke
SYN-00741,0.350649351,1,0.424137931,0,0,0,0,0,0,0,1,1,0.182352941,0.372727273,0.228571429,0,0,0,0,0,0,0,0,No Stroke
SYN-03302,0.5429586804876138,0,0.3503859015646827,1,0,1,0,0,0,0,1,0,0.3948565256233763,0.4063982211531385,0.2475904546610378,0,0,1,1,0,1,1,0,Hemorrhagic
SYN-01975,0.779220779,1,0.44137931,0,0,0,0,0,0,0,1,0,0.464705882,0.336363636,0.164285714,1,0,0,0,0,0,0,0,Ischemic
SYN-01082,0.61038961,1,0.431034483,0,0,0,0,1,0,0,1,1,0.282352941,0.354545455,0.292857143,0,0,0,0,1,0,0,0,No Stroke
SYN-01811,0.6747666806013441,1,0.1038223589615403,1,0,0,0,0,0,0,1,0,0.3573539865343112,0.4152432638167967,0.118504978944231,0,0,1,1,0,0,1,0,Ischemic
SYN-00831,0.38961039,1,0.244827586,0,0,0,0,0,0,0,1,0,0.229411765,0.309090909,0.2,0,0,1,0,0,0,0,0,No Stroke
SYN-00120,0.272727273,1,0.224137931,0,0,0,0,0,0,0,1,0,0.147058824,0.336363636,0.207142857,0,0,0,0,0,0,0,0,No Stroke
SYN-00657,0.649350649,1,0.4,0,0,0,0,0,0,0,1,0,0.282352941,0.245454545,0.314285714,0,0,0,0,0,0,0,0,No Stroke
SYN-03263,0.6366945528200417,0,0.5261032201252761,1,0,0,0,0,0,0,1,0,0.1134002165454432,0.4697777101084402,0.3174710916637568,1,0,1,0,1,0,1,0,Hemorrhagic
SYN-03213,0.7654330518280007,1,0.2769427774544201,0,0,1,0,0,0,0,1,0,0.3733052742974702,0.2963024655196937,0.2177767754442943,1,1,1,0,1,0,0,1,Hemorrhagic
SYN-03501,0.7173990833576618,1,0.4900982402361351,0,0,0,0,0,0,0,1,0,0.1838107151363099,0.3958416569148796,0.2568380061428672,0,1,1,1,1,0,1,1,Hemorrhagic
SYN-00636,0.350649351,0,0.486206897,0,0,0,0,0,0,0,1,0,0.241176471,0.2,0.178571429,0,0,0,0,0,0,0,0,No Stroke
SYN-00370,0.441558442,1,0.427586207,0,0,0,0,0,0,0,1,0,0.205882353,0.263636364,0.264285714,0,0,0,0,0,0,0,0,No Stroke
SYN-00269,0.597402597,0,0.524137931,0,0,0,0,0,0,0,1,0,0.370588235,0.345454545,0.228571429,0,0,0,0,0,0,0,0,No Stroke
SYN-02704,0.792207792,0,0.293103448,1,1,1,0,0,0,0,1,0,0.558823529,0.436363636,0.2,0,0,1,0,0,0,0,0,Hemorrhagic
SYN-02984,0.805194805,1,0.34137931,0,0,0,0,0,0,1,1,1,0.323529412,0.318181818,0.235714286,1,1,0,1,0,0,1,0,Hemorrhagic
SYN-02871,0.5835284652719416,1,0.4120596559333113,1,1,0,0,0,0,0,1,0,0.4384413682801366,0.3913142207378451,0.1052034132924799,1,1,1,0,0,1,0,0,Hemorrhagic
SYN-02915,0.6738256858604575,0,0.4827762294540936,0,0,0,0,0,1,0,1,0,0.246062082324288,0.3010285571802669,0.2776730772839508,1,0,0,0,1,0,0,0,Hemorrhagic
SYN-00047,0.506493506,1,0.331034483,0,0,0,0,1,0,1,1,1,0.352941176,0.209090909,0.107142857,0,0,0,0,0,0,0,0,No Stroke
SYN-03319,0.7297263081338575,1,0.2411014445736769,1,0,0,0,0,0,1,1,0,0.3563987339144258,0.2168361203167038,0.2820644679233631,1,1,0,0,1,0,1,0,Hemorrhagic
SYN-00992,0.350649351,1,0.237931034,0,0,0,0,0,0,0,1,0,0.317647059,0.272727273,0.285714286,0,0,0,0,0,0,0,0,No Stroke
SYN-00877,0.493506494,0,0.331034483,0,0,0,0,0,0,0,1,0,0.270588235,0.318181818,0.257142857,0,0,0,0,0,0,0,0,No Stroke
SYN-00774,0.545454545,0,0.493103448,0,0,0,0,0,0,0,1,0,0.352941176,0.254545455,0.207142857,0,0,0,0,0,0,0,0,No Stroke
SYN-01220,0.493506494,0,0.151724138,0,0,1,0,0,0,0,1,0,0.223529412,0.190909091,0.3,0,0,0,0,0,0,0,0,No Stroke
SYN-01127,0.454545455,0,0.35862069,0,0,0,0,0,0,1,1,0,0.223529412,0.236363636,0.164285714,0,0,0,0,0,0,0,0,No Stroke
SYN-00005,0.675324675,0,0.255172414,0,1,0,0,0,0,0,1,0,0.388235294,0.336363636,0.085714286,0,0,0,0,0,0,0,0,No Stroke
SYN-03052,0.7160507864929904,0,0.5615558779392641,1,1,0,0,0,0,0,1,0,0.5385568046588047,0.3998997584955942,0.2912002849654982,0,1,0,1,0,0,1,1,Hemorrhagic
SYN-01596,0.376623377,1,0.355172414,0,0,1,0,0,0,0,1,0,0.341176471,0.409090909,0.235714286,0,0,0,0,0,0,0,0,No Stroke
SYN-02312,0.571428571,1,0.582758621,1,0,0,0,0,0,1,1,1,0.529411765,0.3,0.357142857,0,1,0,1,0,1,1,1,Ischemic
SYN-03041,0.8326279926800716,0,0.288928669726521,1,0,0,1,0,0,0,1,0,0.5149098735191713,0.4109450634151505,0.1073510690629924,1,1,0,0,0,1,0,1,Hemorrhagic
SYN-03433,0.9569802112311186,1,0.295025654587396,0,0,0,1,0,0,0,1,0,0.3470670261625538,0.4603911511406813,0.1812410444250403,0,1,1,0,0,1,0,1,Hemorrhagic
SYN-02492,0.688311688,0,0.465517241,0,1,0,0,1,0,0,1,0,0.4,0.354545455,0.242857143,0,1,0,0,1,0,1,0,Ischemic
SYN-03051,0.7393158641387868,1,0.2073601558683582,1,0,1,0,0,0,0,1,0,0.5333114687447751,0.4066172476485855,0.1606220509091723,1,1,1,1,0,0,0,0,Hemorrhagic
SYN-01078,0.402597403,1,0.382758621,0,0,0,0,0,0,1,1,1,0.317647059,0.472727273,0.228571429,0,0,0,0,1,0,1,0,No Stroke
SYN-00838,0.38961039,1,0.262068966,0,0,0,0,0,0,0,1,0,0.323529412,0.236363636,0.257142857,1,0,1,0,1,0,0,0,No Stroke
SYN-00682,0.818181818,1,0.068965517,0,0,0,0,0,0,0,1,0,0.358823529,0.309090909,0.235714286,0,0,0,0,0,0,0,0,No Stroke
SYN-01716,0.766233766,1,0.234482759,1,0,0,0,0,0,1,1,1,0.447058824,0.390909091,0.171428571,1,0,0,0,0,0,0,1,Ischemic
SYN-02353,0.6961550623866062,0,0.4803264560396628,0,1,0,0,0,0,1,1,0,0.3687088196473465,0.3286468096113397,0.1349568612701132,0,0,1,0,0,1,1,0,Ischemic
SYN-02618,0.6839078769561361,1,0.4417205286640555,0,0,1,0,0,0,0,1,0,0.3658096443900399,0.29006187563890756,0.1691475089667624,0,1,0,0,0,1,1,1,Ischemic
SYN-02362,0.74025974,0,0.496551724,0,0,0,0,0,0,1,1,0,0.441176471,0.190909091,0.25,1,1,0,1,0,0,0,1,Ischemic
SYN-02198,0.493506494,0,0.35862069,1,1,0,0,0,0,0,1,0,0.447058824,0.4,0.264285714,0,1,0,0,0,0,1,1,Ischemic
SYN-01149,0.61038961,0,0.362068966,0,0,0,0,0,0,0,1,0,0.311764706,0.354545455,0.25,0,0,0,0,0,0,0,0,No Stroke
SYN-00575,0.311688312,1,0.234482759,1,0,0,0,0,0,0,1,0,0.311764706,0.363636364,0.257142857,0,0,0,0,0,0,0,0,No Stroke
SYN-00051,0.532467532,1,0.375862069,0,0,0,0,0,0,0,1,0,0.188235294,0.381818182,0.221428571,0,0,0,0,0,0,0,0,No Stroke
SYN-00854,0.636363636,1,0.396551724,0,0,0,0,0,0,0,1,0,0.247058824,0.327272727,0.335714286,0,0,0,0,0,0,0,0,No Stroke
SYN-01983,0.688311688,1,0.231034483,1,1,0,0,0,0,0,1,0,0.447058824,0.372727273,0.292857143,1,0,0,1,0,1,0,0,Ischemic
SYN-02775,0.857142857,0,0.348275862,0,0,1,0,0,0,0,1,0,0.335294118,0.345454545,0.107142857,0,0,1,1,0,0,0,1,Hemorrhagic
SYN-01824,0.753246753,1,0.462068966,0,0,1,0,0,0,1,1,1,0.376470588,0.4,0.285714286,1,1,0,0,1,0,1,1,Ischemic
SYN-00834,0.61038961,0,0.317241379,0,0,0,0,0,0,0,1,0,0.223529412,0.381818182,0.25,0,0,0,0,0,0,0,0,No Stroke
SYN-01116,0.623376623,1,0.193103448,0,1,0,0,0,0,0,1,0,0.211764706,0.345454545,0.285714286,0,0,0,0,0,0,0,0,No Stroke
SYN-01167,0.337662338,0,0.148275862,0,0,1,0,0,0,0,1,0,0.323529412,0.309090909,0.25,0,0,0,0,0,0,1,0,No Stroke
SYN-02519,0.662337662,1,0.406896552,1,0,0,0,0,0,0,1,1,0.482352941,0.354545455,0.178571429,1,1,1,0,0,0,1,0,Ischemic
SYN-01907,0.948051948,0,0.251724138,0,0,1,1,1,0,1,1,0,0.464705882,0.336363636,0.442857143,1,1,0,0,0,1,0,1,Ischemic
SYN-00972,0.792207792,1,0.262068966,0,0,1,0,0,0,0,1,0,0.441176471,0.409090909,0.221428571,0,0,1,0,0,0,0,0,No Stroke
SYN-02702,0.5985385160318228,1,0.1783906358482671,0,0,0,0,0,0,0,1,0,0.432554439590786,0.4327867795585641,0.1877840594777954,0,1,0,0,1,1,0,1,Hemorrhagic
SYN-00400,0.454545455,1,0.217241379,0,0,0,0,0,0,1,1,0,0.247058824,0.209090909,0.271428571,1,0,0,0,0,0,0,0,No Stroke
SYN-02560,0.792207792,0,0.417241379,1,0,0,0,0,0,1,1,0,0.305882353,0.472727273,0.278571429,1,1,1,0,0,0,0,0,Ischemic
SYN-02369,0.207792208,0,0.375862069,0,0,0,0,0,0,0,1,0,0.2,0.290909091,0.192857143,1,0,0,1,0,0,0,1,Ischemic
SYN-00020,0.220779221,0,0.410344828,0,0,0,0,0,0,0,1,0,0.264705882,0.245454545,0.235714286,0,0,0,0,0,0,0,0,No Stroke
SYN-00685,0.350649351,1,0.134482759,0,0,1,0,0,0,0,1,0,0.247058824,0.236363636,0.192857143,0,0,0,0,1,0,0,0,No Stroke
SYN-00036,0.571428571,1,0.351724138,0,0,0,0,0,0,1,1,0,0.170588235,0.3,0.228571429,0,0,0,0,0,0,0,0,No Stroke
SYN-02951,0.8833330320236745,1,0.3815603028176788,0,0,1,0,0,0,1,1,0,0.2429412103854334,0.3644207190928232,0.2207021302520502,1,0,1,0,0,0,1,1,Hemorrhagic
SYN-03383,0.706724822331654,1,0.3059747577901539,1,0,0,0,0,0,1,1,1,0.4828901825378464,0.3932743542193337,0.1315183535673595,0,1,1,0,0,1,0,1,Hemorrhagic
SYN-02876,0.6565284810155807,1,0.3594458732782075,0,0,1,0,0,1,0,1,0,0.3250827853683437,0.481725961993579,0.2117010944103594,0,1,1,0,0,0,0,0,Hemorrhagic
SYN-00525,0.688311688,0,0.320689655,0,0,0,0,0,0,0,1,0,0.341176471,0.327272727,0.292857143,0,0,0,0,0,0,0,0,No Stroke
SYN-02456,0.7172734328499598,1,0.1069675627514972,1,0,0,0,0,1,0,1,0,0.5529022723872579,0.3660813032021155,0.2309938644526999,0,0,0,0,0,0,0,0,Ischemic
SYN-00921,0.480519481,0,0.5,0,0,0,0,0,0,0,1,0,0.317647059,0.327272727,0.235714286,0,1,0,0,1,0,0,0,No Stroke
SYN-01842,0.519480519,0,0.248275862,1,0,0,0,0,1,0,1,1,0.188235294,0.427272727,0.185714286,1,1,1,0,0,0,0,1,Ischemic
SYN-01891,0.779220779,1,0.486206897,0,0,0,0,0,0,1,1,0,0.329411765,0.4,0.271428571,0,1,0,0,0,0,1,1,Ischemic
SYN-00538,0.714285714,1,0.327586207,0,0,0,0,0,0,1,1,0,0.417647059,0.236363636,0.207142857,0,0,0,0,0,0,0,0,No Stroke
SYN-02807,0.759253243019708,1,0.5189067533218517,1,0,0,0,0,0,0,1,1,0.5647775632429802,0.3775758312599663,0.1617794678481402,0,1,1,0,0,1,0,1,Hemorrhagic
SYN-01706,0.61038961,1,0.451724138,0,0,0,0,1,0,0,1,0,0.194117647,0.372727273,0.271428571,1,0,1,0,0,0,0,0,Ischemic
SYN-03514,0.9026464131305936,0,0.3208301536002761,0,0,1,0,0,0,1,1,0,0.3685825180666551,0.355118664123658,0.1909720767011954,1,0,1,1,0,0,1,0,Hemorrhagic
SYN-03111,0.5052792350780079,1,0.3213429271671916,0,0,1,0,1,0,0,1,0,0.3039230272968559,0.2989681732552147,0.1660211447304264,1,1,1,0,0,1,1,1,Hemorrhagic
SYN-00246,0.233766234,0,0.293103448,0,0,0,0,0,0,0,1,0,0.170588235,0.254545455,0.207142857,1,0,0,0,0,0,0,0,No Stroke
SYN-00785,0.077922078,1,0.189655172,0,0,0,0,0,0,0,1,0,0.329411765,0.3,0.114285714,0,0,0,0,0,1,0,0,No Stroke
SYN-01410,0.818181818,0,0.375862069,0,0,0,0,0,0,0,1,0,0.229411765,0.245454545,0.257142857,0,0,0,0,0,0,0,0,No Stroke
SYN-02538,0.675324675,1,0.193103448,0,0,1,0,0,0,0,1,0,0.288235294,0.372727273,0.285714286,1,0,1,0,1,0,0,1,Ischemic
SYN-00155,0.454545455,0,0.489655172,0,0,0,0,0,0,0,1,0,0.247058824,0.254545455,0.242857143,0,0,0,0,0,0,0,0,No Stroke
SYN-03010,0.8633729809968805,1,0.2731381986043179,0,1,1,0,0,0,1,1,0,0.2749868578960652,0.3074073426797712,0.2702697284354808,1,1,1,0,1,1,0,1,Hemorrhagic
SYN-01687,0.779220779,0,0.131034483,1,0,1,0,0,0,0,1,0,0.458823529,0.445454545,0.285714286,0,1,0,0,1,0,0,0,Ischemic
SYN-02902,0.9972051347843898,1,0.3754430310573495,1,1,0,1,0,0,0,1,0,0.4258117563043863,0.4399942805535763,0.0665110203419755,0,1,1,0,0,0,1,0,Hemorrhagic
SYN-00626,0.155844156,0,0.25862069,0,0,0,0,0,0,0,1,0,0.194117647,0.272727273,0.314285714,0,0,0,0,0,0,0,0,No Stroke
SYN-02734,0.584415584,1,0.224137931,1,0,0,0,0,0,1,1,0,0.576470588,0.2,0.3,1,0,1,0,1,1,0,0,Hemorrhagic
SYN-03437,0.9036814431237582,1,0.4462573772658573,0,0,1,0,0,0,1,1,0,0.2276436121141087,0.3838807186809947,0.2382043277868372,1,0,1,0,0,0,1,1,Hemorrhagic
SYN-01347,0.467532468,0,0.365517241,0,0,0,0,0,0,0,1,0,0.311764706,0.527272727,0.178571429,0,0,0,0,0,0,0,0,No Stroke
SYN-00570,0.285714286,0,0.186206897,1,0,0,0,0,0,0,1,1,0.382352941,0.318181818,0.064285714,1,0,0,0,0,0,0,0,No Stroke
SYN-03502,0.727272727,0,0.589655172,1,0,0,0,0,0,0,1,0,0.541176471,0.381818182,0.285714286,0,1,0,1,0,0,1,1,Hemorrhagic
SYN-01759,0.363636364,0,0.672413793,0,0,0,0,0,0,0,1,0,0.158823529,0.263636364,0.164285714,0,1,1,0,1,1,1,0,Ischemic
SYN-01817,0.844155844,1,0.334482759,1,1,0,0,0,1,0,1,0,0.517647059,0.327272727,0.221428571,1,1,1,1,1,1,1,0,Ischemic
SYN-02066,0.9628421986928468,0,0.2057057082534726,0,0,1,1,0,0,1,1,1,0.3714567870650855,0.4008037046975686,0.2974596343099731,1,0,0,0,0,1,0,1,Ischemic
SYN-00128,0.350649351,0,0.131034483,0,0,0,0,0,0,0,1,0,0.170588235,0.227272727,0.25,0,0,0,0,0,0,0,0,No Stroke
SYN-03559,0.671655513091634,0,0.40430843315357223,0,0,0,0,0,0,0,1,0,0.2843582365326519,0.35663587529424284,0.08979664246479387,0,0,0,1,1,1,0,0,Hemorrhagic
SYN-02007,0.727272727,0,0.320689655,1,0,0,0,0,0,0,1,0,0.452941176,0.4,0.342857143,0,1,0,0,0,0,0,1,Ischemic
SYN-02976,0.6554664961375447,1,0.5894083071565728,0,0,0,0,0,0,0,1,0,0.2853617590749097,0.3844656821753957,0.3127676646953725,0,1,0,1,0,0,1,1,Hemorrhagic
SYN-00981,0.727272727,0,0.231034483,0,1,0,0,0,0,0,1,0,0.464705882,0.236363636,0.178571429,0,0,0,0,0,0,1,0,No Stroke
SYN-03555,0.7854678032375717,0,0.2721070621129178,1,1,1,0,0,0,0,1,0,0.5817438421486028,0.4557009327899729,0.17648785782415005,0,0,1,0,0,0,0,0,Hemorrhagic
SYN-00191,0.272727273,0,0.137931034,0,0,0,0,1,0,0,1,1,0.305882353,0.172727273,0.235714286,0,0,0,0,0,0,0,0,No Stroke
SYN-01140,0.519480519,0,0.324137931,1,0,0,0,0,0,1,1,0,0.505882353,0.418181818,0.257142857,0,0,0,0,0,0,0,0,No Stroke
SYN-00993,0.480519481,0,0.606896552,0,0,0,0,0,0,0,1,0,0.2,0.181818182,0.278571429,0,0,0,1,0,0,1,0,No Stroke
SYN-00700,0.623376623,0,0.006896552,1,0,0,0,0,0,0,1,0,0.305882353,0.5,0.257142857,0,0,0,0,0,0,0,0,No Stroke
SYN-03264,0.4810092754035454,1,0.4320103189495468,1,0,0,0,0,0,0,1,0,0.4677559138511253,0.451043568969376,0.3112360957208162,0,0,0,1,0,0,1,1,Hemorrhagic
SYN-00607,0.428571429,0,0.0,0,0,0,0,0,0,1,1,0,0.270588235,0.290909091,0.242857143,0,0,0,0,0,0,0,0,No Stroke
SYN-00181,0.441558442,0,0.255172414,0,0,0,0,0,0,0,1,0,0.247058824,0.290909091,0.192857143,0,0,0,0,0,0,0,0,No Stroke
SYN-00302,0.12987013,0,0.182758621,0,0,1,0,0,0,0,1,0,0.088235294,0.227272727,0.264285714,0,0,0,0,0,0,0,0,No Stroke
SYN-02545,0.688311688,0,0.479310345,1,0,1,0,0,0,0,1,0,0.4,0.4,0.235714286,1,0,1,1,0,0,1,0,Ischemic
SYN-03320,0.6500761079826572,1,0.3600569368984699,0,0,1,0,0,1,0,1,0,0.3199258668071926,0.4443682791372768,0.1732846618673005,0,1,1,0,0,0,0,0,Hemorrhagic
SYN-01061,0.493506494,0,0.282758621,1,0,0,0,0,0,0,1,0,0.388235294,0.372727273,0.178571429,0,0,0,0,0,0,0,0,No Stroke
SYN-03371,0.649350649,1,0.0,1,0,0,0,0,0,0,1,1,0.305882353,0.272727273,0.242857143,0,1,1,0,0,0,0,0,Hemorrhagic
SYN-03439,0.7907054858061218,1,0.3047236003348567,1,0,0,0,1,0,0,1,1,0.3822541418004155,0.498772538144253,0.3591040923373141,0,0,0,0,0,0,0,0,Hemorrhagic
SYN-02566,0.6754073571793547,0,0.4264939022406564,1,1,0,0,0,0,1,1,0,0.5151631486722515,0.3258531471401827,0.139409834838479,1,1,1,1,0,0,0,1,Ischemic
SYN-01070,0.298701299,0,0.331034483,0,0,1,0,0,0,0,1,0,0.282352941,0.209090909,0.214285714,0,0,0,0,0,0,0,0,No Stroke
SYN-02525,0.831168831,1,0.372413793,1,0,1,0,0,0,0,1,1,0.488235294,0.363636364,0.292857143,1,1,1,0,0,0,0,1,Ischemic
SYN-02206,0.61038961,1,0.596551724,1,0,1,0,0,0,0,1,0,0.370588235,0.481818182,0.228571429,0,0,1,1,0,1,0,0,Ischemic
SYN-01244,0.311688312,1,0.482758621,0,0,0,0,0,0,0,1,0,0.223529412,0.336363636,0.321428571,0,0,0,0,0,0,0,0,No Stroke
SYN-00017,0.480519481,0,0.293103448,0,0,1,0,0,0,0,1,0,0.305882353,0.390909091,0.235714286,0,0,0,0,0,0,0,0,No Stroke
SYN-03121,0.7249024773645067,0,0.1814496643777565,1,0,0,0,0,0,1,1,0,0.4030146649122789,0.4828110291517862,0.2319372539973042,1,1,1,1,1,0,1,0,Hemorrhagic
SYN-03562,1.0,0,0.4914639023332783,1,0,1,0,0,0,1,1,0,0.3514276746824444,0.3480538208668874,0.17059758181023257,1,0,1,0,0,0,1,0,Hemorrhagic
SYN-00547,0.649350649,1,0.296551724,1,0,0,0,0,0,1,1,0,0.270588235,0.363636364,0.235714286,0,0,0,0,0,0,1,0,No Stroke
SYN-00659,0.519480519,1,0.113793103,1,0,0,0,0,0,1,1,0,0.370588235,0.363636364,0.25,0,1,0,0,0,0,0,0,No Stroke
SYN-03228,0.6170284264278888,1,0.219793871265946,1,0,0,0,0,0,1,0,0,0.554452639982214,0.196049469281329,0.2913459482841325,1,0,1,0,1,1,0,0,Hemorrhagic
SYN-03068,0.9609509099191962,1,0.3921049642112881,1,1,0,1,0,0,0,1,0,0.419847204161636,0.4337117569863225,0.070275305103638,0,1,1,0,0,0,1,0,Hemorrhagic
SYN-03269,0.62071189488056,1,0.1239980203248535,1,0,0,0,0,0,0,1,0,0.4201578808032009,0.3882461435160189,0.2013926015061201,1,0,1,0,1,0,1,0,Hemorrhagic
SYN-01505,0.363636364,0,0.331034483,0,0,0,0,0,0,0,1,0,0.229411765,0.309090909,0.271428571,0,0,0,0,0,0,0,0,No Stroke
SYN-00960,0.233766234,0,0.282758621,0,0,0,0,0,0,0,1,0,0.182352941,0.254545455,0.185714286,0,0,0,0,0,0,0,0,No Stroke
SYN-02927,0.5999390004804683,0,0.3233872075318494,0,1,1,0,0,1,0,1,0,0.2948050943585344,0.3374308627793036,0.2371814329850664,1,0,0,0,0,1,0,0,Hemorrhagic
SYN-02332,0.766233766,0,0.2,1,0,0,0,0,0,0,1,0,0.405882353,0.445454545,0.35,0,1,1,1,0,1,0,0,Ischemic
SYN-00798,0.597402597,1,0.089655172,0,0,1,0,0,0,0,1,0,0.317647059,0.381818182,0.271428571,0,0,0,0,1,0,0,0,No Stroke
SYN-00226,0.402597403,0,0.420689655,0,0,0,0,0,0,0,1,1,0.323529412,0.254545455,0.185714286,0,0,0,1,0,0,0,0,No Stroke
SYN-02075,0.584415584,1,0.351724138,0,0,0,0,0,0,0,1,0,0.341176471,0.327272727,0.292857143,1,0,0,0,0,0,1,0,Ischemic
SYN-01800,0.571428571,1,0.2,0,1,1,0,0,0,0,1,1,0.311764706,0.327272727,0.278571429,0,1,1,0,0,0,0,0,Ischemic
SYN-02486,0.5015121573810108,0,0.3783246280564097,1,0,1,0,0,0,1,1,0,0.2954778670798814,0.3905423679366596,0.1336770963833821,1,1,1,0,0,1,0,1,Ischemic
SYN-03540,0.48926984377871885,1,0.3662278539548677,1,0,0,0,0,0,0,1,0,0.40178151903961146,0.3969868809659301,0.27513736476350603,1,1,0,0,0,0,1,1,Hemorrhagic
SYN-02278,0.7318166123110923,0,0.4836429972160842,0,0,0,0,0,0,0,1,0,0.3850499742491552,0.3629744881752598,0.1850580088685552,1,1,0,0,0,0,0,1,Ischemic
SYN-02086,0.714285714,1,0.493103448,1,0,0,0,0,1,0,1,0,0.305882353,0.409090909,0.285714286,0,0,1,0,1,1,0,1,Ischemic
SYN-01694,0.753246753,0,0.34137931,1,0,0,0,0,0,0,1,0,0.458823529,0.336363636,0.242857143,1,0,0,0,1,0,0,1,Ischemic
SYN-02798,1.0,1,0.2992381033874778,1,0,1,0,0,0,0,1,1,0.4048121901657511,0.381171890155226,0.2196087536812961,1,0,0,0,1,0,0,1,Hemorrhagic
SYN-01046,0.571428571,1,0.106896552,0,0,0,0,0,0,0,1,0,0.276470588,0.254545455,0.257142857,0,0,1,0,0,1,0,0,No Stroke
SYN-00470,0.363636364,1,0.475862069,0,0,0,0,0,0,0,1,0,0.288235294,0.181818182,0.114285714,0,0,0,0,0,0,0,0,No Stroke
SYN-00955,0.766233766,0,0.248275862,0,0,1,0,0,0,0,1,0,0.305882353,0.309090909,0.171428571,0,0,0,0,0,0,0,0,No Stroke
SYN-03558,0.9730690935977747,1,0.35588291134860767,0,1,0,0,0,0,1,1,0,0.3457009875288664,0.41490285868202753,0.2788073022603293,1,0,0,1,1,1,1,1,Hemorrhagic
SYN-02736,0.6851303552753678,1,0.5054429374962746,0,0,0,0,0,0,0,1,0,0.2086996330103885,0.3645299964342197,0.2588966296334354,0,1,1,1,1,0,1,1,Hemorrhagic
SYN-03574,0.9465288221396623,1,0.3654353667769776,1,0,0,0,0,0,0,1,1,0.43593516375063324,0.5141044342054988,0.25594257650283403,1,0,1,0,1,0,1,0,Hemorrhagic
SYN-00640,0.454545455,1,0.151724138,0,0,0,0,0,0,0,1,0,0.264705882,0.327272727,0.178571429,0,0,0,0,0,0,0,0,No Stroke
SYN-03323,0.7232105422893216,0,0.357061350938461,1,1,1,0,0,0,0,1,1,0.5852064186373098,0.4669802703047963,0.1263265853115002,1,1,1,0,0,1,1,1,Hemorrhagic
SYN-01219,0.545454545,0,0.451724138,0,0,1,0,0,0,0,1,0,0.064705882,0.345454545,0.2,0,0,0,0,0,0,0,0,No Stroke
SYN-01159,0.116883117,0,0.320689655,0,0,0,0,0,0,0,1,0,0.235294118,0.290909091,0.128571429,0,0,0,0,0,0,0,0,No Stroke
SYN-01416,0.428571429,0,0.486206897,0,1,0,0,0,0,1,1,0,0.194117647,0.354545455,0.264285714,0,0,0,0,0,0,0,0,No Stroke
SYN-03240,0.5416318140433963,0,0.3823699595497062,1,1,0,0,0,0,0,1,0,0.3498427754448117,0.2925861634117496,0.3046098236047093,1,0,1,0,0,1,1,0,Hemorrhagic
SYN-01528,0.558441558,0,0.182758621,0,0,0,0,0,0,0,1,0,0.294117647,0.363636364,0.142857143,0,0,0,0,0,0,0,0,No Stroke
SYN-03490,0.4140613396323016,1,0.4037013714641519,1,0,0,0,0,0,0,1,0,0.4748255049731953,0.3581824842262742,0.3436856490502199,1,1,1,0,1,1,1,0,Hemorrhagic
SYN-01301,0.493506494,0,0.075862069,0,0,0,0,0,0,0,1,0,0.264705882,0.454545455,0.314285714,0,0,0,0,0,1,0,0,No Stroke
SYN-03426,0.8458319752875697,1,0.3694276903201273,1,0,0,0,0,0,0,1,1,0.4078844186155771,0.3732075067216286,0.3362672710517327,0,0,0,0,0,1,1,0,Hemorrhagic
SYN-02849,0.5412076829105066,0,0.4342152263155598,1,0,1,0,0,0,0,1,0,0.442152598139114,0.3961251386621751,0.2571301481591439,0,0,1,1,0,1,1,0,Hemorrhagic
SYN-01604,0.805194805,0,0.344827586,1,1,0,0,0,0,0,1,0,0.411764706,0.363636364,0.214285714,0,1,1,0,0,1,1,0,Ischemic
SYN-00161,0.298701299,1,0.279310345,0,0,0,0,0,0,0,1,1,0.294117647,0.172727273,0.264285714,0,0,0,0,0,0,0,0,No Stroke
SYN-01705,0.779220779,1,0.282758621,1,0,0,0,0,0,0,1,0,0.435294118,0.363636364,0.071428571,0,1,1,0,0,1,0,0,Ischemic
SYN-00957,0.61038961,1,0.151724138,0,0,0,0,0,0,1,1,0,0.205882353,0.309090909,0.257142857,0,0,0,0,0,0,0,0,No Stroke
SYN-03235,0.6984253178271539,1,0.547019341573723,1,0,1,0,0,0,1,1,0,0.5113184900426903,0.4207532294187376,0.2318677621571273,0,1,0,0,0,1,0,1,Hemorrhagic
SYN-02870,0.7389292078228261,1,0.5241887603997784,0,0,1,0,0,0,0,1,0,0.4045839895230735,0.2899727638754175,0.2036971047164733,1,1,0,0,1,0,1,0,Hemorrhagic
SYN-03483,0.7427179284335711,0,0.1921541614328386,1,0,0,0,0,0,1,1,0,0.5495107522408516,0.3345808484316832,0.320998284152359,1,0,0,0,1,0,0,0,Hemorrhagic
SYN-00878,0.337662338,0,0.34137931,0,0,0,0,0,0,0,1,0,0.152941176,0.227272727,0.285714286,0,1,0,0,0,0,0,0,No Stroke
SYN-01920,0.922077922,1,0.313793103,1,0,0,0,1,0,0,1,1,0.470588235,0.454545455,0.257142857,1,1,1,0,0,0,1,1,Ischemic
SYN-02962,0.701298701,0,0.603448276,1,0,0,0,0,0,0,1,0,0.358823529,0.363636364,0.228571429,0,1,0,1,1,0,0,0,Hemorrhagic
SYN-01885,1.0,1,0.362068966,1,0,1,1,0,1,0,1,0,0.541176471,0.381818182,0.3,1,1,1,0,1,0,1,1,Ischemic
SYN-02201,0.636363636,1,0.437931034,1,0,1,0,0,0,0,1,0,0.388235294,0.4,0.235714286,1,1,1,0,0,0,1,1,Ischemic
SYN-00099,0.454545455,1,0.227586207,0,0,0,0,0,0,0,1,0,0.123529412,0.3,0.25,0,0,0,0,0,0,0,0,No Stroke
SYN-03569,0.7034048839188876,1,0.46586827063409375,0,0,0,0,0,0,0,1,0,0.1939602283725989,0.40503663118389915,0.27099570121947697,0,1,1,1,1,0,1,1,Hemorrhagic
SYN-02558,0.766233766,0,0.527586207,0,0,0,0,0,0,0,1,0,0.364705882,0.390909091,0.221428571,1,1,0,0,0,0,0,1,Ischemic
SYN-03184,0.6054990517298078,1,0.1038653795568133,1,0,1,0,0,0,0,1,0,0.3551454502737652,0.2975735218531464,0.1749130147623979,1,0,0,1,1,0,0,0,Hemorrhagic
SYN-00254,0.324675325,0,0.310344828,0,0,1,0,0,0,0,1,0,0.452941176,0.281818182,0.271428571,0,0,0,0,0,0,0,0,No Stroke
SYN-00104,0.545454545,0,0.344827586,0,0,0,0,0,0,0,1,0,0.182352941,0.372727273,0.221428571,0,0,0,0,0,0,0,0,No Stroke
SYN-01446,0.363636364,0,0.086206897,0,0,0,0,0,0,0,1,0,0.311764706,0.218181818,0.214285714,0,0,0,0,0,0,0,0,No Stroke
SYN-01444,0.233766234,1,0.306896552,0,0,0,0,0,1,1,1,0,0.194117647,0.272727273,0.135714286,0,0,0,0,0,0,0,1,No Stroke
SYN-01649,0.87012987,0,0.193103448,0,1,0,0,0,0,0,1,0,0.458823529,0.390909091,0.278571429,0,1,0,0,0,0,0,1,Ischemic
SYN-00587,0.376623377,1,0.193103448,0,0,0,0,0,0,0,1,0,0.158823529,0.390909091,0.178571429,0,0,0,0,1,1,0,0,No Stroke
SYN-00628,0.38961039,0,0.344827586,0,0,0,0,0,0,0,1,0,0.182352941,0.263636364,0.292857143,0,0,0,0,0,0,0,0,No Stroke
SYN-01697,0.467532468,0,0.431034483,1,0,0,0,0,0,0,1,0,0.288235294,0.327272727,0.25,1,1,0,0,0,0,0,1,Ischemic
SYN-03192,0.6209605631886826,1,0.2249923738931143,1,0,0,0,0,0,1,1,0,0.5662339491871907,0.2004187677267935,0.2863919551931813,1,0,1,0,1,1,0,0,Hemorrhagic
SYN-02102,0.636363636,1,0.520689655,0,0,1,0,0,0,0,1,0,0.417647059,0.290909091,0.178571429,1,1,1,1,0,0,0,1,Ischemic
SYN-02200,0.675324675,0,0.606896552,0,0,1,0,0,0,0,1,0,0.352941176,0.3,0.25,1,1,1,1,0,0,1,1,Ischemic
SYN-00404,0.675324675,0,0.365517241,0,0,0,0,0,0,0,1,0,0.352941176,0.354545455,0.235714286,0,0,0,0,0,0,0,0,No Stroke
SYN-01155,0.428571429,0,0.396551724,0,0,0,0,0,0,0,1,0,0.264705882,0.409090909,0.214285714,0,0,0,0,0,0,0,0,No Stroke
SYN-02256,0.61038961,1,0.103448276,1,0,1,0,0,0,1,1,0,0.429411765,0.472727273,0.307142857,0,0,0,0,0,1,0,1,Ischemic
SYN-02864,1.0,0,0.3364090046471201,1,0,0,0,0,0,0,1,0,0.649088876052455,0.3913021549916778,0.3933356815818517,0,0,1,0,1,0,1,0,Hemorrhagic
SYN-01683,0.597402597,0,0.65862069,0,0,0,0,0,0,1,1,0,0.252941176,0.345454545,0.142857143,0,0,1,0,0,1,1,1,Ischemic
SYN-03171,0.7270970725870972,1,0.1971986355288576,1,0,0,0,0,0,1,1,0,0.3397069047104808,0.2214598193309198,0.2384267697476575,1,1,0,0,1,0,1,0,Hemorrhagic
SYN-02057,0.663380517309963,1,0.2194255008267812,1,0,0,0,1,0,0,1,0,0.4293659384221284,0.4194409465210616,0.2436299773409012,0,1,0,0,0,0,1,1,Ischemic
SYN-03063,1.0,0,0.5438898197368057,1,1,1,0,0,0,1,1,0,0.3432427994138466,0.3626253949214676,0.1671783037289872,1,0,1,0,0,0,1,0,Hemorrhagic
SYN-03401,0.818181818,1,0.262068966,0,0,1,0,0,0,0,1,0,0.358823529,0.254545455,0.235714286,1,1,1,0,1,0,0,1,Hemorrhagic
SYN-03109,0.415584416,1,0.444827586,1,0,0,0,0,0,1,1,1,0.5,0.336363636,0.221428571,1,1,0,1,1,1,0,0,Hemorrhagic
SYN-00453,0.311688312,1,0.582758621,0,0,1,0,0,0,0,1,1,0.194117647,0.227272727,0.085714286,0,0,0,0,0,0,0,0,No Stroke
SYN-02302,0.948051948,1,0.524137931,1,1,1,0,0,0,0,1,1,0.394117647,0.409090909,0.207142857,0,1,0,0,0,0,1,0,Ischemic
SYN-01328,0.246753247,0,0.4,0,0,0,0,0,0,0,1,0,0.147058824,0.445454545,0.2,0,0,0,0,0,0,0,0,No Stroke
SYN-02945,0.6331241551739679,1,0.0274035591588834,1,0,0,0,0,0,0,1,1,0.2961372152144812,0.2948122622233107,0.2117956808135647,0,1,1,0,0,0,0,0,Hemorrhagic
SYN-02050,0.519480519,1,0.35862069,0,0,1,0,0,0,0,1,1,0.282352941,0.309090909,0.178571429,1,1,0,1,0,0,1,1,Ischemic
SYN-00881,0.402597403,0,0.586206897,0,0,0,0,0,0,0,1,0,0.194117647,0.254545455,0.171428571,0,0,0,0,0,0,0,0,No Stroke
SYN-03565,0.7493544373528989,0,0.38233375068939257,1,0,1,0,0,0,0,1,0,0.4823610068941555,0.4575545667946895,0.2247656487554808,0,1,1,1,1,0,0,0,Hemorrhagic
SYN-00624,0.363636364,1,0.379310345,0,0,1,0,0,0,1,1,0,0.282352941,0.309090909,0.257142857,0,1,1,0,1,0,0,0,No Stroke
SYN-02394,0.844155844,1,0.410344828,1,1,1,0,0,0,0,1,0,0.470588235,0.518181818,0.2,0,0,0,0,0,1,0,1,Ischemic
SYN-03314,0.8098326376646185,1,0.263161264168084,1,0,1,0,0,1,0,1,0,0.5646729028074783,0.2296758229521185,0.1672906567773393,1,1,1,0,1,1,1,0,Hemorrhagic
SYN-01788,0.789829325280489,0,0.3786919729863773,1,0,1,0,0,0,0,1,0,0.4486954340136514,0.4357170648011536,0.2209396755146238,0,0,0,0,1,0,1,1,Ischemic
SYN-00263,0.922077922,1,0.003448276,0,0,0,0,0,0,0,1,0,0.382352941,0.454545455,0.214285714,0,0,0,0,0,1,0,0,No Stroke
SYN-01635,0.7637716288872645,0,0.2815749676725436,1,0,1,0,0,0,0,1,0,0.3697983579684574,0.4414330176566587,0.330222486566278,1,1,1,1,0,1,1,0,Ischemic
SYN-01439,0.779220779,1,0.275862069,0,0,0,0,0,0,0,1,1,0.182352941,0.290909091,0.292857143,0,0,0,0,0,0,0,0,No Stroke
SYN-02199,0.6080742030235048,1,0.3802512702192475,1,0,0,0,0,0,1,1,1,0.4579988307957798,0.4831236611648958,0.1265834991865024,0,1,1,0,0,0,0,0,Ischemic
SYN-01970,0.818181818,1,0.427586207,1,0,1,0,1,1,1,1,0,0.541176471,0.336363636,0.285714286,1,0,0,0,0,0,0,0,Ischemic
SYN-02521,0.792207792,0,0.289655172,1,0,1,0,1,0,0,1,0,0.529411765,0.454545455,0.392857143,1,1,1,1,0,1,1,1,Ischemic
SYN-01803,0.558441558,1,0.231034483,0,1,1,0,0,1,0,1,1,0.258823529,0.336363636,0.235714286,1,1,0,0,0,1,1,0,Ischemic
SYN-00641,0.545454545,0,0.35862069,0,0,0,0,0,0,0,1,0,0.194117647,0.381818182,0.171428571,0,0,0,0,0,0,0,0,No Stroke
SYN-03572,0.7978164487425587,0,0.22631480426738618,1,0,0,0,0,0,1,1,0,0.28440348726597836,0.3217217606111176,0.2686711021081702,1,1,0,0,1,0,1,0,Hemorrhagic
SYN-02386,0.974025974,1,0.472413793,0,0,1,0,0,0,0,1,0,0.317647059,0.263636364,0.271428571,1,0,0,0,0,0,0,0,Ischemic
SYN-02599,1.0,0,0.175862069,1,1,1,0,1,1,0,1,0,0.452941176,0.481818182,0.314285714,1,1,1,0,0,1,0,1,Ischemic
SYN-03384,0.9327310206704856,1,0.3932477120561045,0,1,0,0,0,0,1,1,0,0.372555431417618,0.3877548716005004,0.2766481826593768,1,0,0,1,1,1,1,1,Hemorrhagic
SYN-01960,0.571428571,1,0.468965517,1,1,0,0,0,1,0,1,0,0.352941176,0.509090909,0.207142857,0,0,1,0,0,0,1,0,Ischemic
SYN-02977,0.584415584,1,0.175862069,1,0,0,0,0,0,0,1,1,0.482352941,0.436363636,0.235714286,0,0,0,0,1,0,0,0,Hemorrhagic
SYN-00489,0.493506494,0,0.327586207,0,0,0,0,0,0,0,1,0,0.252941176,0.363636364,0.257142857,0,0,0,0,0,0,0,0,No Stroke
SYN-01844,0.545454545,0,0.306896552,1,0,0,0,1,0,0,1,0,0.541176471,0.309090909,0.3,1,1,0,1,0,0,1,0,Ischemic
SYN-01735,0.727272727,0,0.296551724,0,0,1,0,0,0,1,1,0,0.252941176,0.272727273,0.307142857,1,1,1,0,0,0,1,0,Ischemic
SYN-02912,0.7902611031530055,1,0.283646958543621,1,0,0,0,1,0,1,1,0,0.531882940967174,0.3892800505464827,0.3392635900179753,0,0,0,0,0,0,0,0,Hemorrhagic
SYN-03220,0.467992323389283,0,0.2839551299947594,1,0,0,0,0,0,0,1,0,0.3630601622831519,0.4079280591594621,0.1832396205443649,1,1,0,0,1,0,0,1,Hemorrhagic
SYN-00147,0.493506494,1,0.168965517,0,1,0,0,0,0,0,1,0,0.247058824,0.336363636,0.264285714,0,0,0,0,0,0,0,0,No Stroke
SYN-01535,0.012987013,0,0.317241379,0,0,0,0,0,0,0,1,0,0.058823529,0.290909091,0.25,0,0,0,0,0,0,0,0,No Stroke
SYN-01987,1.0,1,0.334482759,0,1,1,0,0,0,0,1,1,0.311764706,0.336363636,0.178571429,1,1,1,1,0,1,1,1,Ischemic
SYN-01370,0.649350649,0,0.04137931,0,0,0,0,0,0,0,1,0,0.229411765,0.218181818,0.357142857,0,0,0,0,0,0,0,0,No Stroke
SYN-02451,0.7824625469211058,1,0.2114365391436861,1,1,1,0,0,1,0,1,0,0.4739617024619551,0.3663572321002177,0.290460370820936,0,1,1,0,0,1,0,1,Ischemic
SYN-03587,0.7398138492518314,1,0.26210969131682127,1,0,0,0,1,0,1,1,0,0.5098105624755799,0.3860659608287483,0.27644408296767725,0,0,0,0,0,0,0,0,Hemorrhagic
SYN-03003,0.7687792813275826,1,0.3233414655610721,1,1,0,0,0,0,0,1,1,0.5011972035343885,0.3923208060449952,0.366553632037265,0,1,0,0,1,1,1,0,Hemorrhagic
SYN-02812,0.5839636285250618,1,0.5422890853720919,0,0,1,0,0,0,1,1,1,0.2372420063755655,0.3052320349380925,0.154646722653214,1,0,0,0,0,0,0,0,Hemorrhagic
SYN-00660,0.415584416,1,0.486206897,0,0,0,0,0,0,0,1,1,0.305882353,0.290909091,0.242857143,0,1,0,0,0,0,0,0,No Stroke
SYN-01795,0.623376623,1,0.331034483,0,0,1,0,0,0,0,1,0,0.329411765,0.3,0.271428571,1,1,0,0,0,0,0,0,Ischemic
SYN-02512,0.337662338,1,0.365517241,0,0,0,0,0,0,0,1,0,0.288235294,0.281818182,0.257142857,1,0,0,0,0,0,1,0,Ischemic
SYN-00187,0.597402597,1,0.362068966,0,0,1,0,0,0,0,1,0,0.323529412,0.309090909,0.278571429,1,0,0,0,0,0,0,0,No Stroke
SYN-01148,0.181818182,0,0.213793103,0,0,0,0,0,0,1,1,0,0.288235294,0.227272727,0.235714286,0,0,1,0,0,0,0,0,No Stroke
SYN-03273,0.4850707501473456,0,0.3385533007282154,1,0,1,0,1,0,0,1,0,0.1396267643175456,0.2872422275903631,0.2497063811682062,1,0,1,0,1,1,0,1,Hemorrhagic
SYN-00609,0.493506494,0,0.244827586,0,0,1,0,0,0,0,1,0,0.347058824,0.345454545,0.235714286,0,0,1,0,0,1,0,0,No Stroke
SYN-02192,0.714285714,0,0.193103448,1,0,0,0,0,0,0,1,0,0.305882353,0.418181818,0.142857143,1,1,0,1,0,0,1,0,Ischemic
SYN-02800,0.8745578657501257,1,0.3792037378446328,1,1,0,0,0,1,0,1,0,0.37341214724199,0.3641247125130016,0.2363587145300673,1,0,0,0,1,0,1,1,Hemorrhagic
SYN-01931,0.727272727,1,0.086206897,1,0,1,0,0,0,0,1,0,0.488235294,0.390909091,0.285714286,1,0,0,1,0,0,1,1,Ischemic
SYN-03030,0.714285714,0,0.368965517,1,0,1,0,0,0,0,1,0,0.476470588,0.445454545,0.221428571,0,1,1,1,1,0,0,0,Hemorrhagic
SYN-00198,0.623376623,1,0.2,0,0,1,0,0,0,0,1,0,0.147058824,0.3,0.285714286,0,0,0,0,0,0,0,0,No Stroke
SYN-02932,0.7876446959015048,0,0.3741045980556545,1,0,1,0,0,0,1,1,0,0.4331243225169592,0.3481375224026787,0.1949337751674948,0,0,1,0,1,0,0,1,Hemorrhagic
SYN-02328,0.692580574193789,1,0.4384825493393359,0,0,1,0,0,0,0,1,0,0.3456368963549111,0.4187468044282529,0.2109760411751389,1,0,1,1,0,1,0,1,Ischemic
SYN-00294,0.675324675,1,0.465517241,0,0,0,0,0,0,0,1,0,0.205882353,0.245454545,0.157142857,0,0,0,0,0,0,0,0,No Stroke
SYN-00767,0.805194805,1,0.348275862,0,0,0,0,0,0,0,1,1,0.335294118,0.263636364,0.207142857,0,0,0,0,0,0,0,0,No Stroke
SYN-00401,0.818181818,0,0.431034483,0,0,0,0,0,0,1,1,0,0.264705882,0.3,0.364285714,0,0,0,0,0,0,0,0,No Stroke
SYN-00123,0.467532468,1,0.268965517,0,1,0,0,0,0,0,1,0,0.217647059,0.272727273,0.314285714,0,0,0,0,0,0,0,0,No Stroke
SYN-03256,0.61038961,1,0.320689655,1,0,0,0,0,0,1,1,1,0.411764706,0.445454545,0.235714286,0,0,1,1,0,0,0,0,Hemorrhagic
SYN-00203,0.675324675,1,0.248275862,0,0,1,0,0,0,0,1,1,0.382352941,0.427272727,0.3,0,0,0,0,0,0,0,1,No Stroke
SYN-00836,0.649350649,0,0.217241379,0,0,1,0,0,0,0,1,1,0.352941176,0.236363636,0.085714286,0,0,0,0,0,0,0,0,No Stroke
SYN-02295,0.402597403,0,0.693103448,0,0,0,0,0,0,0,1,0,0.329411765,0.372727273,0.135714286,0,0,1,1,0,1,0,0,Ischemic
SYN-01440,0.467532468,0,0.520689655,0,0,0,0,0,0,0,1,0,0.341176471,0.418181818,0.25,0,0,0,0,0,0,0,0,No Stroke
SYN-01734,0.766233766,0,0.468965517,0,1,1,0,0,0,1,1,1,0.305882353,0.354545455,0.3,0,1,1,0,0,1,0,1,Ischemic
SYN-01696,0.727272727,1,0.493103448,0,1,0,0,0,1,0,1,0,0.335294118,0.245454545,0.285714286,1,0,0,0,0,1,1,0,Ischemic
SYN-03497,0.4235343833603512,1,0.5175337709586206,1,0,0,0,0,0,0,1,1,0.3325630304162863,0.3660102778890089,0.2654309598476793,1,1,0,1,1,1,0,0,Hemorrhagic
SYN-01708,0.7627139938395904,1,0.4069992538870989,0,1,1,0,0,0,0,1,0,0.409344923762133,0.3055769935656319,0.2990830460576735,1,1,0,0,0,0,1,0,Ischemic
SYN-03481,0.7798888823680011,0,0.1425568554124135,1,0,0,0,0,0,1,1,0,0.5176231711844078,0.4016210489374605,0.3126571958155041,1,0,0,0,1,0,0,0,Hemorrhagic
SYN-01154,0.311688312,0,0.455172414,0,0,0,0,0,0,1,1,0,0.170588235,0.363636364,0.242857143,0,0,0,0,0,0,0,0,No Stroke
SYN-01662,0.688311688,0,0.086206897,0,0,1,0,0,0,0,1,0,0.323529412,0.281818182,0.235714286,0,1,1,0,0,0,1,1,Ischemic
SYN-02433,0.779220779,1,0.255172414,0,1,1,0,0,0,0,1,1,0.411764706,0.363636364,0.157142857,1,0,0,1,0,0,0,1,Ischemic
SYN-03364,0.6859145979358507,1,0.3835722837241614,1,1,1,0,0,1,0,1,1,0.4206996043999988,0.4269164440813217,0.1282367006817646,1,0,1,1,1,0,0,0,Hemorrhagic
SYN-01760,0.675324675,1,0.372413793,1,0,0,0,0,0,0,1,1,0.458823529,0.409090909,0.207142857,0,0,1,0,1,0,0,1,Ischemic
SYN-00855,0.649350649,1,0.265517241,0,0,0,0,0,0,0,1,1,0.276470588,0.163636364,0.2,0,0,0,0,0,0,0,0,No Stroke
SYN-01590,0.415584416,0,0.117241379,1,0,0,0,0,0,0,1,0,0.388235294,0.445454545,0.228571429,0,0,0,0,0,0,0,0,No Stroke
SYN-02268,0.74025974,1,0.010344828,1,0,1,0,0,0,1,1,0,0.552941176,0.481818182,0.271428571,0,0,1,1,1,1,1,0,Ischemic
SYN-00642,0.519480519,1,0.268965517,0,0,0,0,0,0,0,1,0,0.229411765,0.245454545,0.292857143,0,0,0,0,0,0,0,0,No Stroke
SYN-00002,0.454545455,1,0.410344828,0,0,0,0,0,0,0,1,0,0.235294118,0.381818182,0.25,0,0,0,0,0,0,0,0,No Stroke
SYN-02161,0.831168831,1,0.113793103,0,0,0,0,0,0,0,1,0,0.352941176,0.381818182,0.221428571,0,1,0,1,0,0,1,0,Ischemic
SYN-00699,0.545454545,0,0.055172414,0,0,0,0,0,0,0,1,0,0.241176471,0.390909091,0.221428571,0,0,0,0,0,0,0,0,No Stroke
SYN-03509,0.7101128964498074,0,0.149596217110541,1,0,0,0,0,0,1,1,0,0.512069205136171,0.3560210086386358,0.310858641829527,1,0,0,0,1,0,0,0,Hemorrhagic
SYN-03000,0.922077922,1,0.348275862,1,0,0,0,0,0,0,1,1,0.482352941,0.509090909,0.285714286,1,0,1,0,1,0,1,0,Hemorrhagic
SYN-01637,0.662337662,1,0.289655172,1,0,0,0,0,0,1,1,0,0.394117647,0.463636364,0.271428571,0,0,1,0,0,0,0,0,Ischemic
SYN-03185,0.8745944685138746,0,0.0887072099544651,1,0,1,0,0,1,0,1,1,0.6194986762204799,0.5203078326798449,0.2603689152146808,1,0,0,0,1,1,0,0,Hemorrhagic
SYN-01292,0.753246753,0,0.3,0,0,1,0,0,0,0,1,0,0.194117647,0.409090909,0.192857143,0,0,0,0,0,0,0,0,No Stroke
SYN-03414,0.6421947078346801,1,0.4524699826781659,1,0,0,1,0,0,0,1,0,0.4080451227696823,0.4138348230290663,0.2814095779163752,0,0,1,0,0,0,0,1,Hemorrhagic
SYN-02490,0.61038961,1,0.44137931,0,0,1,0,0,0,0,1,1,0.282352941,0.427272727,0.164285714,1,1,0,0,0,0,1,1,Ischemic
SYN-01521,0.727272727,1,0.237931034,0,0,0,0,0,0,0,1,0,0.5,0.236363636,0.242857143,0,0,0,0,0,0,0,0,No Stroke
SYN-01854,0.766233766,0,0.210344828,0,0,0,0,0,0,0,1,0,0.288235294,0.245454545,0.214285714,0,1,0,0,1,1,0,0,Ischemic
SYN-01137,0.324675325,0,0.45862069,0,0,0,0,0,0,1,1,0,0.305882353,0.427272727,0.064285714,0,0,0,0,0,0,0,0,No Stroke
SYN-03305,0.6810611841114608,1,0.5472055867355798,0,0,1,1,1,0,0,1,1,0.3953985472168611,0.3586071892224394,0.2148723995365763,1,1,0,1,0,1,0,1,Hemorrhagic
SYN-03465,0.6464099249501066,1,0.3312382633238132,1,1,0,0,0,0,0,1,1,0.370476556119016,0.3123801451146648,0.1175034402369659,0,0,0,0,1,1,1,1,Hemorrhagic
SYN-01632,0.714285714,0,0.486206897,1,0,1,0,0,0,0,1,0,0.323529412,0.481818182,0.192857143,1,1,0,1,0,1,0,0,Ischemic
SYN-01999,0.805194805,1,0.434482759,1,0,0,0,0,0,0,1,0,0.452941176,0.381818182,0.178571429,0,0,0,0,0,1,0,0,Ischemic
SYN-00664,0.454545455,1,0.086206897,0,1,0,0,0,0,0,1,1,0.288235294,0.281818182,0.178571429,0,1,0,0,0,0,0,0,No Stroke
SYN-00684,0.402597403,0,0.234482759,0,1,0,0,0,0,0,1,0,0.323529412,0.245454545,0.192857143,0,0,0,0,0,1,0,0,No Stroke
SYN-01258,0.337662338,0,0.5,0,0,0,0,0,0,0,1,0,0.211764706,0.2,0.192857143,0,0,0,0,0,0,0,1,No Stroke
SYN-03378,0.7403438210187258,0,0.4282174841775173,1,1,0,0,0,0,1,1,0,0.5273989371157662,0.3086315161177548,0.2095534991077088,1,0,1,0,0,0,0,1,Hemorrhagic
SYN-00318,0.233766234,1,0.375862069,0,0,0,0,0,0,1,1,0,0.123529412,0.263636364,0.221428571,0,0,0,0,0,0,0,0,No Stroke
SYN-00649,0.311688312,1,0.186206897,1,0,0,0,0,0,0,1,0,0.423529412,0.427272727,0.185714286,0,0,0,0,0,0,0,0,No Stroke
SYN-01435,0.428571429,0,0.272413793,1,0,0,0,0,0,0,1,0,0.347058824,0.427272727,0.235714286,0,0,0,0,1,0,0,0,No Stroke
SYN-01480,0.831168831,0,0.293103448,0,0,0,0,0,0,0,1,0,0.417647059,0.318181818,0.242857143,0,0,0,0,0,0,0,0,No Stroke
SYN-00710,0.207792208,0,0.351724138,0,0,0,0,0,0,0,1,1,0.205882353,0.345454545,0.278571429,0,0,0,0,1,0,0,0,No Stroke
SYN-01283,0.207792208,0,0.248275862,0,0,0,0,0,0,1,1,0,0.211764706,0.309090909,0.278571429,0,0,0,0,0,0,0,0,No Stroke
SYN-01769,0.753246753,1,0.403448276,0,0,0,1,1,0,0,1,0,0.417647059,0.354545455,0.321428571,0,0,1,0,0,1,1,0,Ischemic
SYN-00973,0.168831169,0,0.213793103,0,0,0,0,0,0,0,1,0,0.029411765,0.345454545,0.235714286,0,0,0,0,0,0,0,0,No Stroke
SYN-02676,0.5186686609020636,1,0.4070886112477209,1,0,0,0,0,0,0,1,0,0.4224814192189418,0.4356688688221456,0.2421514386313037,1,1,1,0,0,0,1,1,Hemorrhagic
SYN-02681,0.920331873626549,1,0.3620660641179616,1,1,0,1,0,0,0,1,0,0.4162118078894628,0.4174360409763863,0.0686510101875301,0,1,1,0,0,0,1,0,Hemorrhagic
SYN-01307,0.363636364,0,0.303448276,0,0,0,0,0,0,0,1,0,0.188235294,0.263636364,0.25,0,0,0,0,0,0,1,0,No Stroke
SYN-01401,0.727272727,0,0.248275862,0,0,1,0,0,0,0,1,0,0.329411765,0.372727273,0.257142857,0,0,0,0,1,0,0,0,No Stroke
SYN-01409,0.493506494,1,0.220689655,0,0,0,0,0,0,1,1,0,0.247058824,0.418181818,0.257142857,0,0,0,0,0,1,0,1,No Stroke
SYN-03297,0.7436367837604781,1,0.2645741539080193,1,1,0,0,1,0,0,1,0,0.5401163072700814,0.4432326178327562,0.2062433895952126,1,1,0,1,1,0,0,1,Hemorrhagic
SYN-02238,0.428571429,1,0.555172414,0,0,0,0,0,0,0,1,0,0.241176471,0.354545455,0.314285714,0,0,0,0,0,1,1,0,Ischemic
SYN-03303,0.6221708714461474,1,0.0820570534426782,1,0,0,0,0,0,0,1,0,0.4578891212350359,0.3902531736718027,0.2100987026507816,1,0,1,0,1,0,1,0,Hemorrhagic
SYN-01497,0.363636364,1,0.220689655,0,0,0,0,0,0,0,1,0,0.241176471,0.218181818,0.292857143,0,0,0,0,0,0,0,0,No Stroke
SYN-02039,0.662337662,1,0.465517241,1,1,0,0,0,0,0,1,0,0.411764706,0.436363636,0.235714286,1,0,1,0,0,0,1,0,Ischemic
SYN-01530,0.506493506,1,0.248275862,0,0,0,0,0,0,0,1,0,0.211764706,0.209090909,0.228571429,0,0,0,0,1,0,0,1,No Stroke
SYN-01664,0.5425485103823912,1,0.4343926815295246,0,0,1,0,0,0,0,1,1,0.2667940885331023,0.3684670834708949,0.2726995756786147,0,0,0,0,0,1,1,1,Ischemic
SYN-01355,0.506493506,0,0.155172414,0,0,0,0,0,0,0,1,0,0.147058824,0.354545455,0.207142857,0,0,0,0,0,0,0,0,No Stroke
SYN-03493,0.9873457683326916,0,0.5035352685183998,1,0,1,0,0,0,1,1,0,0.3955666231127136,0.3334011351318526,0.1380780616547064,1,0,1,0,0,0,1,0,Hemorrhagic
SYN-03519,0.6762770580706204,1,0.466157456544617,1,0,0,1,1,0,0,1,0,0.4134990904780456,0.4331450225786561,0.2803284802253463,0,0,1,0,0,0,1,1,Hemorrhagic
SYN-01644,0.571428571,1,0.096551724,0,0,0,0,0,0,1,1,0,0.205882353,0.427272727,0.264285714,0,1,0,0,0,1,0,1,Ischemic
SYN-01052,0.467532468,1,0.282758621,0,0,0,0,0,0,0,1,1,0.188235294,0.281818182,0.228571429,0,0,0,0,0,0,0,0,No Stroke
SYN-00796,0.662337662,0,0.327586207,0,0,1,0,1,0,0,1,0,0.329411765,0.245454545,0.171428571,0,0,0,0,0,0,0,0,No Stroke
SYN-02694,0.7649940083029515,1,0.2328285055426382,1,1,0,0,1,0,0,1,0,0.5790000589257421,0.446603533836264,0.2492365600656246,1,1,0,1,1,0,0,1,Hemorrhagic
SYN-03061,0.6539683946280792,1,0.5911581734195979,0,0,0,0,0,0,0,1,0,0.3172090456165349,0.3845385483588825,0.2996145932729608,0,1,0,1,0,0,1,1,Hemorrhagic
SYN-01598,0.61038961,1,0.379310345,0,0,1,0,0,0,0,1,0,0.188235294,0.290909091,0.3,0,0,0,0,0,0,0,0,No Stroke
SYN-02605,0.9678180694133139,0,0.36563638153921313,1,0,1,0,0,0,0,1,0,0.2682494952361105,0.33214565525959067,0.25759598263424277,1,0,1,0,0,0,0,1,Ischemic
SYN-02730,0.8595378848907653,1,0.2759834339497183,0,1,1,0,0,0,1,1,0,0.3084898155813796,0.3139729614622426,0.2548854810452964,1,1,1,0,1,1,0,1,Hemorrhagic
SYN-02626,0.7617968288226603,1,0.2647422880918815,1,0,0,0,1,0,1,1,0,0.4840521902790906,0.3942233337473912,0.2687179841619328,0,0,0,0,0,0,0,0,Hemorrhagic
SYN-01820,0.597402597,1,0.206896552,1,0,0,0,0,0,1,1,1,0.458823529,0.354545455,0.285714286,1,1,0,0,0,0,0,0,Ischemic
SYN-03158,0.5801269329295677,1,0.3276556428241896,0,1,0,0,1,0,0,1,1,0.4019252178304874,0.4517090082866489,0.2443197480772761,1,0,1,0,1,1,1,1,Hemorrhagic
SYN-03315,0.558441558,1,0.4,1,0,1,0,0,0,0,1,0,0.458823529,0.4,0.078571429,1,1,1,0,0,1,0,0,Hemorrhagic
SYN-01723,0.779220779,0,0.265517241,1,0,1,0,0,0,1,1,0,0.388235294,0.372727273,0.257142857,0,1,1,0,0,1,1,1,Ischemic
SYN-01184,0.571428571,0,0.337931034,0,0,0,1,0,0,0,1,1,0.347058824,0.290909091,0.242857143,0,0,0,0,0,0,0,0,No Stroke
SYN-02573,0.5971522922734049,1,0.659488574938348,1,0,1,0,0,0,0,1,0,0.3783884717887811,0.5096829931144344,0.206351496169227,0,0,1,1,0,1,0,0,Ischemic
SYN-01060,0.727272727,0,0.324137931,0,0,0,0,1,0,1,1,0,0.311764706,0.327272727,0.214285714,0,1,0,0,0,1,0,0,No Stroke
SYN-00541,0.558441558,0,0.131034483,0,0,1,0,0,0,1,1,0,0.229411765,0.318181818,0.164285714,0,0,0,0,0,0,0,0,No Stroke
SYN-03243,0.766233766,1,0.331034483,0,1,0,0,0,0,0,1,1,0.405882353,0.190909091,0.135714286,1,0,1,0,1,0,0,0,Hemorrhagic
SYN-01679,0.818181818,0,0.444827586,0,1,1,0,0,0,0,1,0,0.305882353,0.318181818,0.257142857,1,1,1,1,0,1,1,0,Ischemic
SYN-02797,0.708759831487472,1,0.2954078756881708,0,0,1,0,0,0,0,1,0,0.4087553124464632,0.3140132068818211,0.2530480671762509,0,1,0,0,1,0,1,0,Hemorrhagic
SYN-03454,0.8296001639007832,1,0.1830475315300735,1,0,1,0,0,0,1,1,0,0.5811590755377865,0.499719575475251,0.1465301280332709,0,1,1,1,0,1,1,0,Hemorrhagic
SYN-02533,0.402597403,0,0.620689655,0,0,0,0,1,0,0,1,0,0.447058824,0.445454545,0.178571429,0,0,1,0,0,1,1,1,Ischemic
SYN-01758,0.584415584,1,0.448275862,0,0,1,0,0,0,0,1,1,0.252941176,0.372727273,0.285714286,0,0,0,0,0,1,1,1,Ischemic
SYN-01924,0.506493506,1,0.451724138,1,0,1,0,0,0,0,1,0,0.305882353,0.418181818,0.142857143,0,1,1,1,0,1,1,0,Ischemic
SYN-00096,0.415584416,1,0.472413793,0,0,0,0,0,0,1,1,0,0.194117647,0.2,0.164285714,0,0,0,0,0,0,1,0,No Stroke
SYN-01021,0.636363636,0,0.417241379,0,0,1,0,0,0,0,1,0,0.329411765,0.454545455,0.271428571,0,0,0,0,1,0,0,1,No Stroke
SYN-00564,0.38961039,1,0.45862069,0,0,0,0,0,0,0,1,0,0.2,0.3,0.257142857,0,0,0,0,0,1,0,0,No Stroke
SYN-03313,0.9926649227234008,0,0.5038135406362091,1,0,1,0,0,0,0,1,0,0.6382004889173204,0.4639601215901421,0.2407323979765812,1,0,0,0,0,0,1,1,Hemorrhagic
SYN-02791,0.5882675838037218,1,0.2469775626251304,0,0,1,0,0,0,1,1,1,0.2656239479808823,0.2879636077728967,0.3036467994570649,1,0,1,0,1,1,0,1,Hemorrhagic
SYN-00864,0.571428571,1,0.255172414,0,0,0,0,0,0,0,1,0,0.258823529,0.427272727,0.178571429,0,0,0,0,0,0,0,0,No Stroke
SYN-01485,0.415584416,0,0.34137931,1,0,0,0,0,0,0,1,0,0.305882353,0.527272727,0.328571429,0,0,1,0,0,0,0,0,No Stroke
SYN-02940,0.5588243899575027,0,0.360041287086266,1,0,1,0,0,0,0,1,0,0.3822057823226512,0.3153271321726338,0.05893030289794,1,1,1,1,0,1,0,0,Hemorrhagic
SYN-01882,0.961038961,0,0.244827586,1,0,0,1,0,0,1,1,0,0.576470588,0.490909091,0.228571429,1,1,0,0,0,0,1,0,Ischemic
SYN-01039,0.558441558,1,0.282758621,0,0,0,0,0,0,0,1,0,0.311764706,0.263636364,0.171428571,0,0,0,1,0,0,0,0,No Stroke
SYN-00207,0.701298701,1,0.427586207,0,0,0,0,0,0,0,1,0,0.441176471,0.3,0.235714286,0,0,1,0,0,0,0,0,No Stroke
SYN-00393,0.181818182,0,0.403448276,0,0,0,0,0,1,0,1,0,0.188235294,0.145454545,0.1,0,0,0,1,0,0,0,0,No Stroke
SYN-02843,0.7802609220329902,1,0.1952676385055276,1,0,1,0,0,0,0,1,0,0.5032530958890445,0.4316175622534769,0.1966522288341778,1,1,1,1,0,0,0,0,Hemorrhagic
SYN-00871,0.376623377,0,0.555172414,0,0,0,0,0,0,0,1,0,0.188235294,0.336363636,0.185714286,0,0,0,0,0,0,0,0,No Stroke
SYN-00398,0.350649351,1,0.172413793,0,0,0,0,0,0,0,1,1,0.258823529,0.318181818,0.221428571,0,0,0,0,0,0,0,0,No Stroke
SYN-02815,0.9109499284939172,1,0.4467269620171845,1,0,0,0,0,0,0,1,0,0.6580863303734643,0.3542520872926,0.2866253791456577,1,0,0,1,0,1,0,0,Hemorrhagic
SYN-03443,0.6495186864530974,0,0.5929622230277168,1,0,0,0,0,0,0,1,0,0.1147443268748864,0.4095986091640101,0.3440242132152379,1,0,1,0,1,0,1,0,Hemorrhagic
SYN-03290,0.4711046129244129,1,0.4605264453830592,0,1,0,0,0,0,0,1,0,0.4869565609435796,0.219529697383532,0.2276045845542423,1,0,1,0,1,1,0,1,Hemorrhagic
SYN-01029,0.519480519,1,0.265517241,0,0,0,0,0,0,0,1,0,0.376470588,0.445454545,0.235714286,0,0,0,0,0,0,0,1,No Stroke
SYN-02691,0.8758002171291639,0,0.179437331107315,1,0,1,0,0,0,0,1,0,0.4395447258563643,0.5513613142647253,0.1143076956823481,1,1,0,0,1,0,0,1,Hemorrhagic
SYN-01486,0.38961039,0,0.54137931,0,0,0,0,0,0,0,1,0,0.335294118,0.254545455,0.228571429,0,0,0,0,0,0,1,0,No Stroke
SYN-02661,0.403459227649883,1,0.3291115783853551,1,0,0,0,0,0,0,1,0,0.2314960018634222,0.434958627225584,0.2009762677675191,0,1,1,0,1,0,0,1,Hemorrhagic
SYN-00961,0.506493506,0,0.434482759,0,0,1,0,0,0,0,1,0,0.188235294,0.372727273,0.342857143,0,0,1,0,0,0,0,0,No Stroke
SYN-01571,0.545454545,0,0.365517241,0,0,0,0,0,0,0,1,0,0.329411765,0.345454545,0.164285714,0,0,0,0,0,1,0,0,No Stroke
SYN-02774,0.8062463208654912,0,0.3135552003318621,1,1,1,0,0,0,0,1,0,0.5730785515978023,0.5165676588479123,0.1999746691865846,0,0,1,0,0,0,0,0,Hemorrhagic
SYN-01896,0.688311688,0,0.413793103,1,0,0,0,0,0,0,1,0,0.452941176,0.345454545,0.178571429,0,0,1,1,0,1,1,0,Ischemic
SYN-02732,0.9729810433031122,1,0.1719229463804623,1,0,1,0,0,0,1,1,0,0.6164994643301439,0.4390933348807557,0.3054734711767909,1,1,0,0,0,0,0,0,Hemorrhagic
SYN-02147,0.857142857,1,0.5,1,1,1,0,0,0,0,1,0,0.394117647,0.372727273,0.342857143,1,0,0,1,0,0,0,1,Ischemic
SYN-00805,0.597402597,0,0.106896552,0,0,0,0,0,0,0,1,0,0.423529412,0.2,0.342857143,0,0,0,0,1,0,0,0,No Stroke
SYN-01752,0.792207792,1,0.317241379,0,0,1,0,0,0,0,1,0,0.305882353,0.218181818,0.185714286,1,1,1,0,0,0,1,0,Ischemic
SYN-02455,0.558441558,0,0.089655172,1,0,0,0,0,0,1,1,1,0.517647059,0.345454545,0.25,1,0,0,0,1,1,0,1,Ischemic
SYN-00503,0.480519481,0,0.375862069,0,0,0,0,0,0,1,1,0,0.264705882,0.336363636,0.264285714,0,0,0,0,0,0,0,0,No Stroke
SYN-03120,0.7934201315037116,1,0.5151998052685309,1,0,0,0,0,0,0,0,1,0.5239786445086514,0.4648256056998653,0.2171037201479845,0,0,1,0,0,1,0,1,Hemorrhagic
SYN-03105,0.4256454348335881,0,0.4974404056862669,1,0,0,0,0,0,0,1,0,0.2113817226605909,0.4497553234195117,0.1998083612613349,0,0,0,1,0,1,1,1,Hemorrhagic
SYN-02978,0.7707783819055642,1,0.3122068606194245,1,0,0,0,1,0,0,1,0,0.4669518118157798,0.4040893528550082,0.341755014572305,0,0,0,0,0,1,0,0,Hemorrhagic
SYN-00780,0.207792208,1,0.2,0,0,0,0,0,0,0,1,0,0.070588235,0.363636364,0.371428571,0,0,0,0,0,0,0,0,No Stroke
SYN-01864,0.597402597,1,0.072413793,1,1,0,0,0,1,0,1,0,0.541176471,0.409090909,0.25,1,1,1,0,0,0,1,0,Ischemic
SYN-00201,0.584415584,1,0.234482759,0,0,0,0,0,0,0,1,0,0.376470588,0.409090909,0.192857143,0,0,1,1,0,1,0,0,No Stroke
SYN-02183,0.558441558,1,0.413793103,1,0,0,0,0,0,0,1,0,0.347058824,0.518181818,0.171428571,0,0,1,0,0,0,1,0,Ischemic
SYN-03100,0.7857869719773686,1,0.370370527201536,0,0,1,0,0,0,0,1,0,0.2773525466799039,0.2554234212076783,0.2534655658467449,0,0,0,1,1,0,0,0,Hemorrhagic
SYN-02089,0.818181818,1,0.417241379,0,0,0,0,0,0,1,1,0,0.394117647,0.272727273,0.192857143,1,1,1,1,0,0,0,1,Ischemic
SYN-03066,0.7249470919980759,0,0.3850106689269764,1,0,0,0,0,0,0,1,1,0.4767683634062157,0.2880813951540985,0.0217054986894449,1,0,1,1,1,0,0,1,Hemorrhagic
SYN-02279,0.532467532,1,0.406896552,1,0,0,0,0,0,0,1,1,0.529411765,0.409090909,0.357142857,1,1,1,1,0,0,0,1,Ischemic
SYN-01797,0.623376623,1,0.524137931,0,0,1,0,0,0,0,1,0,0.364705882,0.181818182,0.235714286,0,1,0,0,0,1,0,0,Ischemic
SYN-00379,0.805194805,1,0.14137931,0,0,0,0,0,0,1,1,1,0.376470588,0.354545455,0.178571429,0,0,0,0,1,0,0,0,No Stroke
SYN-02337,0.935064935,0,0.137931034,1,0,0,0,0,0,0,1,0,0.464705882,0.390909091,0.235714286,1,0,1,0,0,0,0,1,Ischemic
SYN-00419,0.25974026,1,0.351724138,1,0,0,0,0,0,0,1,0,0.305882353,0.372727273,0.185714286,0,0,0,0,0,0,0,0,No Stroke
SYN-01699,0.675324675,0,0.448275862,1,1,0,0,0,0,0,1,0,0.452941176,0.463636364,0.235714286,1,0,1,0,0,0,0,0,Ischemic
SYN-00392,0.207792208,0,0.331034483,0,0,0,0,0,0,0,1,0,0.188235294,0.245454545,0.128571429,0,0,0,0,0,0,0,0,No Stroke
SYN-02641,0.5672398272704664,1,0.0103461846453059,1,0,1,0,1,0,0,1,0,0.4166626268535894,0.4378743769061646,0.2155219098742249,0,1,0,1,0,0,0,1,Hemorrhagic
SYN-01523,0.324675325,1,0.282758621,1,0,0,0,0,0,0,1,0,0.288235294,0.363636364,0.214285714,0,0,0,0,0,0,0,0,No Stroke
SYN-01163,0.415584416,1,0.372413793,0,0,0,0,0,0,1,1,1,0.282352941,0.263636364,0.221428571,0,0,0,0,0,0,0,0,No Stroke
SYN-03135,0.5417727867448285,1,0.3877465412940155,1,0,1,0,0,0,0,1,0,0.4413672115784285,0.4381883016189314,0.1204385456685348,1,1,1,0,0,1,0,0,Hemorrhagic
SYN-01496,0.376623377,0,0.25862069,0,0,0,0,0,0,0,1,1,0.282352941,0.3,0.235714286,0,0,0,0,0,0,0,0,No Stroke
SYN-02696,0.6351982755249019,0,0.4548157049011284,1,0,0,0,0,0,0,1,0,0.3698601201818824,0.2483412419135051,0.2423144315028074,0,1,1,0,1,0,1,0,Hemorrhagic
SYN-02028,0.634005481649913,1,0.2000716472291565,1,0,1,0,0,0,1,1,0,0.1534805979767175,0.3675746363933028,0.2014732736559013,1,1,1,0,0,0,1,0,Ischemic
SYN-01153,0.480519481,1,0.096551724,0,0,0,0,0,0,0,1,0,0.270588235,0.218181818,0.185714286,0,0,0,1,0,0,0,0,No Stroke
SYN-01368,0.220779221,0,0.331034483,0,0,0,0,0,0,1,1,1,0.270588235,0.245454545,0.185714286,0,0,0,0,0,0,0,0,No Stroke
SYN-02569,1.0,1,0.237931034,0,1,0,0,1,0,0,1,0,0.470588235,0.4,0.285714286,0,1,0,1,0,0,0,1,Ischemic
SYN-00065,0.441558442,0,0.375862069,0,1,0,0,0,0,1,1,0,0.329411765,0.363636364,0.278571429,0,0,0,0,0,0,0,0,No Stroke
SYN-02063,0.4082479016172418,1,0.3332265424015436,1,0,1,0,0,0,0,1,1,0.3049397062796859,0.3896333623464398,0.2416004952077482,0,0,1,0,0,0,0,0,Ischemic
SYN-01181,0.272727273,1,0.279310345,0,1,0,0,0,0,0,1,0,0.311764706,0.290909091,0.221428571,0,0,0,0,0,0,0,0,No Stroke
SYN-03113,0.779220779,0,0.389655172,1,0,0,0,0,0,0,1,0,0.529411765,0.427272727,0.335714286,1,1,1,0,1,1,0,1,Hemorrhagic
SYN-00493,0.545454545,0,0.231034483,0,0,0,0,0,0,1,1,0,0.135294118,0.409090909,0.35,0,0,0,0,0,0,1,0,No Stroke
SYN-00380,0.519480519,0,0.331034483,1,0,0,0,0,0,0,1,0,0.335294118,0.472727273,0.178571429,0,0,0,0,0,0,0,0,No Stroke
SYN-02236,0.8317151346380861,1,0.4062551232360294,0,0,0,0,1,0,0,1,0,0.321101389805611,0.4512670167449163,0.3369288072124429,1,1,0,1,0,0,0,1,Ischemic
SYN-00764,0.493506494,1,0.272413793,1,0,0,0,0,0,1,1,1,0.458823529,0.3,0.228571429,0,0,0,0,0,0,0,0,No Stroke
SYN-02265,0.766233766,0,0.406896552,0,0,1,0,0,0,0,1,0,0.282352941,0.4,0.3,0,1,0,0,0,0,1,0,Ischemic
SYN-00792,0.350649351,0,0.255172414,1,0,0,0,0,0,0,1,0,0.394117647,0.490909091,0.135714286,0,0,0,0,0,0,0,0,No Stroke
SYN-01077,0.571428571,0,0.262068966,0,0,1,0,0,0,1,1,0,0.158823529,0.3,0.271428571,0,0,0,0,0,0,0,0,No Stroke
SYN-00879,0.220779221,0,0.362068966,0,0,0,0,0,0,1,1,0,0.182352941,0.3,0.1,0,0,0,1,0,0,1,0,No Stroke
SYN-00338,0.662337662,0,0.344827586,0,0,1,0,0,0,0,1,0,0.3,0.372727273,0.25,0,0,0,0,0,0,0,0,No Stroke
SYN-02768,0.4089459041342691,1,0.3621740629716159,1,0,0,0,0,0,0,1,0,0.4767688263299141,0.3948268221339339,0.323902108966939,0,1,1,0,1,1,1,0,Hemorrhagic
SYN-02344,0.675324675,0,0.517241379,1,0,1,0,0,0,0,1,0,0.347058824,0.409090909,0.292857143,0,1,0,0,0,1,0,0,Ischemic
SYN-01017,0.337662338,1,0.327586207,0,0,0,0,1,0,0,1,0,0.352941176,0.309090909,0.292857143,0,0,0,0,0,0,1,0,No Stroke
SYN-01276,0.636363636,1,0.327586207,0,0,1,0,0,0,1,1,0,0.288235294,0.345454545,0.214285714,0,0,0,0,0,0,0,0,No Stroke
SYN-00456,0.688311688,1,0.324137931,0,0,0,0,0,0,0,1,0,0.329411765,0.172727273,0.242857143,1,0,0,0,0,0,0,0,No Stroke
SYN-03343,0.6545354575924106,0,0.5653302136573125,1,0,0,0,0,0,0,1,0,0.0937648022012114,0.4199351370553613,0.33200447036826,1,0,1,0,1,0,1,0,Hemorrhagic
SYN-00816,0.480519481,1,0.186206897,0,0,0,0,0,0,0,1,0,0.276470588,0.318181818,0.142857143,0,0,0,0,0,0,0,0,No Stroke
SYN-02318,0.467532468,0,0.017241379,1,0,0,0,0,0,0,1,0,0.505882353,0.345454545,0.292857143,1,0,1,0,0,0,0,1,Ischemic
SYN-00996,0.480519481,0,0.268965517,0,0,0,0,0,0,0,1,0,0.223529412,0.345454545,0.207142857,0,0,0,0,0,0,0,1,No Stroke
SYN-01982,0.935064935,0,0.55862069,0,0,0,0,0,0,0,1,0,0.288235294,0.254545455,0.142857143,1,1,1,0,1,0,1,0,Ischemic
SYN-00202,0.363636364,0,0.134482759,1,0,0,0,0,0,0,1,0,0.335294118,0.309090909,0.207142857,0,0,0,0,0,0,0,0,No Stroke
SYN-00162,0.571428571,0,0.113793103,0,0,0,0,0,0,1,1,0,0.294117647,0.3,0.221428571,0,1,0,0,0,0,0,0,No Stroke
SYN-01580,0.324675325,1,0.320689655,0,0,0,0,0,0,0,1,0,0.152941176,0.227272727,0.135714286,0,0,0,0,0,0,0,0,No Stroke
SYN-02778,0.818181818,1,0.275862069,1,0,0,0,0,0,1,1,1,0.394117647,0.454545455,0.15,1,0,1,0,0,1,1,0,Hemorrhagic
SYN-02450,0.584415584,0,0.451724138,1,1,1,0,0,0,0,1,0,0.447058824,0.390909091,0.314285714,0,0,1,0,1,1,1,0,Ischemic
SYN-00703,0.571428571,1,0.168965517,0,0,0,0,0,0,0,1,0,0.323529412,0.363636364,0.314285714,0,0,0,0,0,0,1,0,No Stroke
SYN-01501,0.675324675,0,0.244827586,0,1,0,0,0,0,0,1,0,0.341176471,0.409090909,0.257142857,0,0,0,0,0,0,0,0,No Stroke
SYN-01130,0.727272727,1,0.3,0,1,0,0,0,1,0,1,0,0.252941176,0.363636364,0.192857143,0,0,0,0,0,1,0,0,No Stroke
SYN-02614,0.6994094515136269,1,0.5250214200675453,0,0,0,0,0,0,0,1,0,0.24515316684402477,0.36394209987790016,0.16678116640039664,1,0,1,0,0,1,0,0,Ischemic
SYN-03462,0.8955194713655195,0,0.2261579987338785,1,0,1,0,0,0,0,1,0,0.4352648682748281,0.5445368651095251,0.0735351789118592,1,1,0,0,1,1,0,1,Hemorrhagic
SYN-01022,0.545454545,1,0.051724138,1,0,0,0,0,0,0,1,0,0.429411765,0.409090909,0.185714286,0,0,0,0,0,0,0,0,No Stroke
SYN-03074,0.987012987,1,0.5,1,1,0,0,0,1,0,1,0,0.476470588,0.518181818,0.25,1,0,0,0,0,0,1,1,Hemorrhagic
SYN-03460,0.9041023352998284,0,0.1747712414658289,1,0,0,0,0,0,0,1,0,0.4139232450766804,0.4461990311295131,0.2462688945215964,0,1,1,1,0,1,0,1,Hemorrhagic
SYN-01586,0.415584416,1,0.337931034,0,0,0,0,0,0,0,1,0,0.105882353,0.381818182,0.257142857,0,0,0,0,0,0,0,0,No Stroke
SYN-01956,0.74025974,1,0.537931034,0,0,1,0,0,0,0,1,0,0.194117647,0.345454545,0.078571429,1,1,1,0,0,1,1,0,Ischemic
SYN-03153,0.6231532763027007,1,0.5541750468677827,0,0,0,1,0,0,0,1,0,0.274981126341643,0.4434445851523531,0.3347422206025746,0,0,1,0,1,0,0,0,Hemorrhagic
SYN-02254,0.428571429,1,0.306896552,1,0,0,0,0,0,1,1,0,0.376470588,0.363636364,0.221428571,1,1,0,1,0,0,1,1,Ischemic
SYN-00035,0.207792208,0,0.424137931,0,0,0,0,0,0,0,1,0,0.170588235,0.3,0.25,0,0,0,0,0,0,0,0,No Stroke
SYN-00776,0.103896104,1,0.35862069,1,0,0,0,0,0,0,1,0,0.2,0.318181818,0.2,0,0,0,0,1,0,0,0,No Stroke
SYN-02557,0.8091210191861335,0,0.1699077254006333,0,0,1,0,0,0,0,1,0,0.4979298967609247,0.6386516404543302,0.1944203072955183,1,0,1,0,0,1,1,1,Ischemic
SYN-03500,0.935064935,0,0.337931034,1,0,0,0,1,0,0,1,0,0.394117647,0.554545455,0.221428571,1,1,0,0,0,0,0,1,Hemorrhagic
SYN-01479,0.571428571,1,0.106896552,0,0,0,0,0,0,0,1,0,0.352941176,0.4,0.214285714,1,0,0,0,0,1,0,0,No Stroke
SYN-03004,0.4870207035192862,1,0.3037266200045598,1,1,0,0,0,0,1,1,0,0.3979490860319803,0.3651394191557907,0.2193134271836483,0,0,1,0,1,0,0,0,Hemorrhagic
SYN-01391,0.701298701,0,0.227586207,0,0,0,0,0,0,0,1,0,0.305882353,0.336363636,0.085714286,0,1,0,0,0,0,0,0,No Stroke
SYN-02140,0.623376623,1,0.334482759,1,0,0,0,0,0,1,1,1,0.288235294,0.318181818,0.264285714,0,1,0,0,0,1,0,0,Ischemic
SYN-01364,0.415584416,1,0.334482759,0,0,0,0,0,0,0,1,0,0.164705882,0.454545455,0.235714286,0,0,0,0,1,0,0,0,No Stroke
SYN-02946,0.9529617162286836,1,0.4987353149641642,1,1,0,0,1,1,0,1,0,0.4642242827852712,0.5500465846345335,0.2552166474740995,1,0,0,0,0,0,1,1,Hemorrhagic
SYN-02613,0.6037704666314013,0,0.6064703095013712,0,0,0,0,0,0,0,1,0,0.24289571510305755,0.4007426917535379,0.2183017680082777,0,0,1,0,1,1,0,1,Ischemic
SYN-03418,0.8502219507830966,1,0.4464036257759259,1,0,0,0,0,0,0,1,0,0.5331730484493814,0.2958920036679953,0.2342010623218921,1,0,0,1,1,1,0,0,Hemorrhagic
SYN-02825,0.5099269571680034,1,0.3317068962337187,1,0,0,0,0,0,1,1,0,0.4028679233749414,0.4499253102452552,0.2620653259040917,1,0,0,0,1,0,0,1,Hemorrhagic
SYN-02042,0.792207792,0,0.24137931,1,0,1,0,0,0,0,1,0,0.305882353,0.236363636,0.278571429,1,0,0,0,0,0,0,0,Ischemic
SYN-00242,0.324675325,1,0.465517241,0,0,0,0,0,0,0,1,0,0.3,0.390909091,0.278571429,0,0,0,0,0,0,0,0,No Stroke
SYN-02062,0.688311688,1,0.389655172,0,0,1,0,0,0,0,1,0,0.182352941,0.336363636,0.207142857,1,0,1,0,0,0,1,0,Ischemic
SYN-02364,0.961038961,1,0.210344828,1,1,1,0,0,0,0,1,0,0.564705882,0.454545455,0.2,1,1,1,1,0,1,1,1,Ischemic
SYN-00601,0.662337662,0,0.331034483,0,0,0,0,0,0,0,1,1,0.323529412,0.318181818,0.178571429,0,0,0,0,0,0,0,0,No Stroke
SYN-02436,0.662337662,1,0.348275862,1,0,0,0,1,0,1,1,0,0.388235294,0.354545455,0.185714286,1,1,1,1,0,0,1,0,Ischemic
SYN-01298,0.38961039,0,0.24137931,0,0,0,0,0,0,0,1,0,0.270588235,0.145454545,0.078571429,0,1,0,0,0,0,0,0,No Stroke
SYN-02215,0.441558442,1,0.565517241,0,0,1,0,0,0,0,1,1,0.264705882,0.3,0.128571429,0,1,0,0,0,0,0,1,Ischemic
SYN-02889,0.4767186603490361,0,0.3247056937265222,1,0,1,0,0,0,0,1,0,0.4393903359238099,0.3998376391107218,0.2363387985613002,0,0,1,1,0,1,1,0,Hemorrhagic
SYN-02069,0.766233766,0,0.531034483,1,0,0,0,0,1,0,1,0,0.435294118,0.354545455,0.278571429,0,0,1,1,0,0,1,0,Ischemic
SYN-00647,0.415584416,1,0.327586207,1,0,0,0,0,0,0,1,1,0.352941176,0.336363636,0.178571429,0,0,0,0,0,0,0,1,No Stroke
SYN-03203,0.7869911230214052,1,0.3564568591501639,1,0,0,1,0,0,0,1,1,0.4045987815413757,0.3560379970869964,0.2648707078604751,0,0,0,0,0,1,1,0,Hemorrhagic
SYN-01529,0.649350649,0,0.382758621,0,0,0,0,0,1,0,1,0,0.417647059,0.263636364,0.321428571,0,0,0,0,0,0,0,0,No Stroke
SYN-02880,0.711086241288012,0,0.4378634966942704,1,1,0,0,0,0,1,1,0,0.5213707704587988,0.2778087661013684,0.2569421139415687,1,0,1,0,0,0,0,1,Hemorrhagic
SYN-01268,0.61038961,1,0.155172414,0,0,1,0,0,0,0,1,0,0.105882353,0.209090909,0.192857143,0,0,0,0,0,0,0,0,No Stroke
SYN-01900,0.519480519,0,0.620689655,1,0,0,0,0,0,0,1,0,0.252941176,0.454545455,0.257142857,0,0,0,0,0,1,1,0,Ischemic
SYN-00563,0.519480519,1,0.351724138,0,0,0,0,0,0,0,1,0,0.229411765,0.290909091,0.171428571,0,0,0,0,1,0,1,0,No Stroke
SYN-03543,0.6956937954451395,0,0.3709962921665751,1,0,0,1,0,0,0,1,0,0.5462681144368661,0.5073613467024494,0.17433396173414828,0,0,1,1,1,1,0,0,Hemorrhagic
SYN-02735,1.0,0,0.3087659717283877,1,1,0,0,0,0,1,1,0,0.5869506032072651,0.4395972292219542,0.3686817049490319,0,0,1,1,1,0,1,0,Hemorrhagic
SYN-03006,0.7926793513502837,0,0.2973809308233409,1,0,0,0,1,1,0,1,0,0.5241521290986698,0.4138687683504004,0.1518231222929283,1,0,0,0,1,0,0,0,Hemorrhagic
SYN-00190,0.701298701,1,0.286206897,0,0,0,0,0,0,1,1,0,0.264705882,0.290909091,0.207142857,0,0,0,0,1,0,0,0,No Stroke
SYN-01807,0.766233766,1,0.227586207,0,1,0,0,0,0,1,1,0,0.4,0.281818182,0.3,1,1,0,0,0,0,1,0,Ischemic
SYN-00976,0.324675325,0,0.389655172,0,0,0,0,0,0,0,1,0,0.288235294,0.390909091,0.25,0,0,0,0,0,1,1,0,No Stroke
SYN-02748,0.675324675,1,0.331034483,1,0,0,0,0,0,0,1,0,0.335294118,0.290909091,0.285714286,0,1,1,1,1,0,1,1,Hemorrhagic
SYN-03548,1.0,1,0.33312385761307917,1,0,1,0,0,0,0,1,1,0.4448287715938718,0.4182128132342478,0.20390583547110497,1,0,0,0,1,0,0,1,Hemorrhagic
SYN-02048,0.545454545,0,0.482758621,1,0,0,0,0,0,0,1,0,0.458823529,0.454545455,0.321428571,0,1,1,0,0,0,0,0,Ischemic
SYN-02559,0.597402597,1,0.162068966,1,1,1,0,0,0,0,1,0,0.311764706,0.436363636,0.385714286,1,1,0,0,0,0,0,1,Ischemic
SYN-01083,0.428571429,1,0.35862069,0,0,0,0,0,0,0,1,0,0.2,0.254545455,0.3,0,0,0,0,0,0,0,0,No Stroke
SYN-00475,0.506493506,0,0.44137931,0,0,0,0,0,0,0,1,0,0.258823529,0.418181818,0.207142857,0,0,0,0,0,0,0,0,No Stroke
SYN-02905,0.636917867148894,0,0.5130819007627552,0,1,1,0,0,0,1,1,0,0.4577467209924725,0.4055297819264903,0.2079549964345638,0,0,0,0,0,0,1,0,Hemorrhagic
SYN-00748,0.519480519,1,0.55862069,0,0,0,0,0,0,1,1,1,0.152941176,0.290909091,0.15,0,0,0,0,0,0,0,0,No Stroke
SYN-02301,0.714285714,0,0.24137931,1,0,0,0,0,0,1,1,0,0.458823529,0.463636364,0.342857143,0,1,1,0,1,1,0,0,Ischemic
SYN-00022,0.506493506,1,0.368965517,0,0,1,0,0,0,0,1,0,0.270588235,0.290909091,0.2,0,0,0,0,0,0,0,0,No Stroke
SYN-03386,0.411037825255904,1,0.7063566980621686,0,0,1,0,0,0,0,1,0,0.3020346959106269,0.4842936617123557,0.3011261000341069,1,1,0,0,0,1,0,0,Hemorrhagic
SYN-00460,0.480519481,0,0.203448276,0,0,0,0,0,0,0,1,0,0.135294118,0.218181818,0.207142857,0,0,0,0,0,0,0,0,No Stroke
SYN-01185,0.519480519,1,0.303448276,0,0,0,0,0,0,0,1,0,0.347058824,0.409090909,0.314285714,1,0,0,0,0,0,0,0,No Stroke
SYN-02325,0.6294850797193329,1,0.2820375671526466,1,0,1,0,0,0,1,1,1,0.3003668088272216,0.4010444889026908,0.4340965557453478,0,1,0,1,0,1,0,0,Ischemic
SYN-00956,0.350649351,1,0.479310345,0,0,0,0,0,0,1,1,0,0.170588235,0.345454545,0.235714286,0,0,0,0,0,0,0,0,No Stroke
SYN-01216,0.558441558,0,0.475862069,0,0,0,0,0,0,0,1,0,0.270588235,0.345454545,0.25,0,0,0,0,0,0,0,0,No Stroke
SYN-02434,0.805194805,1,0.489655172,1,0,0,0,1,0,0,1,0,0.435294118,0.345454545,0.228571429,1,0,1,1,0,0,0,0,Ischemic
SYN-02854,0.8349598219716979,0,0.4738957389956315,1,0,0,0,0,0,0,1,0,0.4563864810035594,0.4749996607967203,0.2558012637866991,1,0,0,0,1,1,0,0,Hemorrhagic
SYN-03486,0.6739921032752212,0,0.4606369908141449,1,0,0,0,0,0,0,1,0,0.3822052795373115,0.2589960906298237,0.2061107050973216,0,1,1,0,1,0,1,0,Hemorrhagic
SYN-01516,0.727272727,1,0.220689655,0,0,1,0,0,0,1,1,1,0.270588235,0.3,0.178571429,0,0,0,0,0,0,0,0,No Stroke
SYN-02392,0.701298701,1,0.151724138,1,0,0,0,0,0,0,1,0,0.376470588,0.427272727,0.242857143,1,1,0,1,0,1,0,1,Ischemic
SYN-00770,0.74025974,0,0.168965517,0,0,1,0,0,0,1,1,0,0.282352941,0.327272727,0.278571429,0,0,0,0,0,0,0,0,No Stroke
SYN-03381,0.4580232484940398,1,0.3630440641820435,1,0,0,0,0,0,0,0,0,0.4798870006563457,0.492349043953048,0.3155531342150429,0,0,0,1,0,0,1,1,Hemorrhagic
SYN-01686,0.6442147100533092,0,0.4341425409250981,1,0,0,0,0,0,0,1,0,0.3336202886775449,0.4200065540828111,0.1879952202596371,1,1,0,0,0,1,1,0,Ischemic
SYN-00131,0.519480519,1,0.186206897,0,1,0,0,0,1,0,1,0,0.3,0.463636364,0.3,0,0,0,0,0,0,0,1,No Stroke
SYN-02920,0.5991102260690147,1,0.2101367831531638,1,0,0,0,0,0,0,1,0,0.4878801252294675,0.3109003359672507,0.2798667478984739,1,1,0,0,0,0,1,0,Hemorrhagic
SYN-03172,0.857142857,0,0.072413793,1,1,0,1,0,1,0,1,0,0.382352941,0.427272727,0.307142857,1,1,1,0,1,0,0,0,Hemorrhagic
SYN-03445,0.6952104999568784,0,0.5600127277734472,1,0,0,0,0,0,0,1,0,0.3235350976355953,0.361011746342353,0.2338134117272872,0,0,0,1,1,0,0,0,Hemorrhagic
SYN-02136,0.701298701,1,0.065517241,1,1,0,0,0,0,0,1,1,0.517647059,0.418181818,0.221428571,1,1,0,0,0,0,1,0,Ischemic
SYN-01483,0.402597403,1,0.624137931,0,0,0,0,0,0,0,1,0,0.276470588,0.2,0.278571429,0,0,0,0,0,0,1,0,No Stroke
SYN-00331,0.428571429,1,0.196551724,0,0,0,0,0,0,0,1,0,0.029411765,0.318181818,0.214285714,0,0,0,0,0,0,0,0,No Stroke
SYN-01239,0.584415584,0,0.331034483,0,0,0,0,0,0,0,1,0,0.305882353,0.309090909,0.092857143,0,0,1,0,0,0,0,0,No Stroke
SYN-00467,0.311688312,1,0.4,0,0,0,0,0,0,0,1,0,0.147058824,0.281818182,0.292857143,0,0,0,0,0,0,0,1,No Stroke
SYN-02170,0.597402597,1,0.24137931,1,0,0,0,1,0,0,1,0,0.411764706,0.554545455,0.35,1,0,1,0,0,0,0,1,Ischemic
SYN-01639,0.6893951212830228,0,0.3238498989612706,1,0,1,0,0,0,0,1,0,0.4015412912850475,0.2723557613511574,0.086992837463804,1,0,1,1,0,0,0,0,Ischemic
SYN-03093,0.3721290875458988,1,0.2939802970745817,1,0,0,0,0,0,0,1,0,0.2548583351788924,0.4204181722610507,0.2521863421137381,0,1,1,0,1,0,0,1,Hemorrhagic
SYN-01096,0.467532468,0,0.286206897,0,0,1,0,0,0,0,1,0,0.111764706,0.436363636,0.271428571,0,0,0,0,0,0,0,0,No Stroke
SYN-01131,0.545454545,1,0.379310345,0,1,0,0,0,0,1,1,0,0.158823529,0.227272727,0.25,0,0,0,0,0,0,0,0,No Stroke
SYN-01295,0.376623377,1,0.303448276,0,0,0,0,0,0,1,1,0,0.123529412,0.345454545,0.235714286,0,0,0,0,0,0,0,0,No Stroke
SYN-00861,0.480519481,0,0.334482759,0,0,0,0,0,0,0,1,0,0.311764706,0.481818182,0.2,0,0,0,0,0,0,0,0,No Stroke
SYN-03508,0.7762083135175587,1,0.3400644301013499,0,1,0,0,0,0,0,1,1,0.4148050742303926,0.1747401180880107,0.1344896237984762,1,0,1,0,1,0,0,0,Hemorrhagic
SYN-03175,0.9488257727733695,0,0.3605539969673471,1,0,0,0,1,0,0,1,0,0.4046050788077429,0.5828533535636836,0.2431280693587065,1,1,0,0,0,0,0,1,Hemorrhagic
