Patient_ID,Age,Sex,Has_Hypertension,Has_Diabetes,Previous_Stroke_TIA,Has_CKD,Smoking,Alcohol,Stress_Management,Systolic_BP,Diastolic_BP,BMI,Blood_Sugar,Cholesterol,EKG_Result,Weakness_Half_Body,Speech_Difficulty,Sudden_Headache,Dizziness_Vertigo,Loss_of_Balance,Numbness,Stroke_Type
P00001,0.5455,0.0,0.0,0.0,1.0,0.0,1.0,0.0,1,0.3469,0.5067,0.4154,0.2191,0.2226,0.0,1.0,1.0,1.0,0.0,0.0,1.0,Ischemic
P00002,0.3377,1.0,0.0,0.0,0.0,0.0,0.0,1.0,0,0.3776,0.2933,0.2564,0.3799,0.4421,0.0,0.0,0.0,0.0,0.0,0.0,0.0,No Stroke
P00003,0.5714,1.0,0.0,1.0,0.0,1.0,0.0,0.0,0,0.3571,0.12,0.5026,0.5394,0.6987,1.0,1.0,0.0,1.0,1.0,0.0,0.0,Hemorrhagic
P00004,0.6623,0.0,1.0,0.0,0.0,1.0,1.0,0.0,0,0.4082,0.4267,0.5795,0.4929,0.2687,0.0,0.0,0.0,0.0,0.0,0.0,0.0,No Stroke
P00005,0.4286,1.0,1.0,1.0,0.0,0.0,1.0,1.0,1,0.7551,0.3733,0.4462,0.7858,0.7939,0.0,0.0,1.0,0.0,1.0,0.0,0.0,Ischemic
P00006,0.6364,1.0,1.0,0.0,0.0,1.0,1.0,0.0,1,0.6939,0.56,0.5795,0.4469,0.3549,0.0,0.0,1.0,1.0,1.0,0.0,1.0,Hemorrhagic
P00007,0.6234,1.0,0.0,0.0,0.0,0.0,0.0,0.0,1,0.6122,0.4,0.5385,0.3277,0.3742,0.0,0.0,0.0,1.0,0.0,1.0,1.0,Hemorrhagic
P00008,0.5195,0.0,0.0,0.0,0.0,0.0,0.0,0.0,0,0.6939,0.4667,0.4205,0.2005,0.2928,0.0,0.0,0.0,0.0,0.0,0.0,0.0,No Stroke
P00009,0.4805,1.0,0.0,0.0,0.0,0.0,0.0,1.0,0,0.4082,0.5333,0.3897,0.3712,0.2146,0.0,1.0,1.0,0.0,1.0,1.0,0.0,Ischemic
P00010,0.6234,0.0,0.0,0.0,0.0,0.0,0.0,1.0,0,0.5204,0.3467,0.4718,0.031,0.3599,0.0,1.0,0.0,0.0,0.0,0.0,0.0,No Stroke
P00011,0.4026,1.0,1.0,0.0,1.0,0.0,0.0,1.0,1,0.4898,0.4667,0.3026,0.2545,0.3715,0.0,1.0,0.0,0.0,1.0,0.0,1.0,Hemorrhagic
P00012,0.7403,1.0,1.0,0.0,0.0,0.0,0.0,1.0,0,0.2755,0.6533,0.6513,0.5431,0.561,0.0,0.0,0.0,0.0,0.0,0.0,0.0,No Stroke
P00013,0.3766,0.0,0.0,1.0,0.0,0.0,1.0,1.0,0,0.1224,0.44,0.2769,0.4674,0.4908,0.0,0.0,0.0,0.0,0.0,0.0,0.0,No Stroke
P00014,0.6494,1.0,1.0,1.0,0.0,0.0,0.0,0.0,1,0.5,0.4533,0.6051,0.72,0.5919,0.0,0.0,0.0,1.0,1.0,0.0,0.0,Ischemic
P00015,0.6234,1.0,0.0,0.0,0.0,0.0,0.0,1.0,1,0.2959,0.5067,0.5179,0.3849,0.2226,1.0,0.0,0.0,0.0,0.0,0.0,1.0,Ischemic
P00016,0.6883,0.0,1.0,1.0,0.0,0.0,0.0,0.0,1,0.5306,0.6267,0.5641,0.1688,0.5762,0.0,0.0,0.0,0.0,0.0,0.0,0.0,No Stroke
P00017,0.4156,0.0,1.0,0.0,0.0,0.0,1.0,0.0,1,0.3571,0.5067,0.2923,0.1657,0.405,0.0,0.0,0.0,0.0,0.0,0.0,0.0,No Stroke
P00018,0.6364,0.0,0.0,0.0,0.0,0.0,0.0,0.0,0,0.2653,0.4,0.559,0.6002,0.3223,1.0,0.0,0.0,0.0,0.0,0.0,0.0,No Stroke
P00019,0.5844,0.0,1.0,0.0,1.0,0.0,0.0,0.0,0,0.6327,0.6133,0.5026,0.2911,0.4935,0.0,0.0,0.0,0.0,0.0,0.0,0.0,No Stroke
P00020,0.3247,1.0,0.0,0.0,0.0,0.0,1.0,0.0,1,0.3673,0.4667,0.2103,0.1962,0.5941,0.0,0.0,0.0,0.0,0.0,0.0,0.0,No Stroke
P00021,0.3766,0.0,0.0,0.0,0.0,0.0,0.0,1.0,0,0.2347,0.4,0.2359,0.0968,0.3397,0.0,0.0,0.0,0.0,1.0,0.0,0.0,No Stroke
P00022,0.7013,1.0,0.0,1.0,0.0,0.0,1.0,0.0,1,0.3265,0.64,0.6103,0.4773,0.4354,1.0,0.0,0.0,0.0,0.0,0.0,0.0,No Stroke
P00023,0.3506,0.0,0.0,0.0,0.0,0.0,0.0,1.0,1,0.1224,0.3467,0.2154,0.211,0.4734,0.0,0.0,0.0,0.0,0.0,0.0,0.0,No Stroke
P00024,0.6104,1.0,0.0,0.0,0.0,0.0,1.0,0.0,1,0.4694,0.4933,0.4769,0.1496,0.6473,1.0,0.0,0.0,0.0,0.0,0.0,0.0,No Stroke
P00025,0.3896,0.0,0.0,0.0,0.0,0.0,1.0,0.0,0,0.5,0.44,0.2974,0.2713,0.3804,1.0,0.0,1.0,0.0,0.0,1.0,1.0,Ischemic
P00026,0.0,0.0,0.0,0.0,0.0,0.0,0.0,0.0,0,0.1735,0.4533,0.0,0.2353,0.5548,1.0,0.0,0.0,0.0,0.0,0.0,0.0,No Stroke
P00027,0.6364,0.0,0.0,0.0,0.0,0.0,1.0,0.0,1,0.4592,0.5067,0.4872,0.0987,0.2888,0.0,0.0,0.0,0.0,0.0,0.0,0.0,No Stroke
P00028,0.6494,1.0,0.0,0.0,0.0,0.0,0.0,0.0,0,0.3571,0.64,0.5231,0.2483,0.3558,1.0,0.0,0.0,0.0,0.0,0.0,0.0,No Stroke
P00029,0.8312,0.0,1.0,1.0,0.0,0.0,1.0,0.0,0,0.6429,0.24,0.7846,0.622,0.5069,0.0,0.0,0.0,1.0,1.0,1.0,1.0,Ischemic
P00030,0.6364,0.0,1.0,1.0,0.0,0.0,0.0,0.0,1,0.2041,0.4267,0.559,0.6822,0.6138,0.0,0.0,0.0,0.0,0.0,0.0,1.0,Hemorrhagic
P00031,0.4545,0.0,0.0,0.0,0.0,0.0,0.0,1.0,0,0.3878,0.4133,0.3436,0.2644,0.3487,1.0,0.0,0.0,1.0,0.0,0.0,0.0,No Stroke
P00032,0.5974,0.0,0.0,0.0,0.0,0.0,1.0,0.0,1,0.2551,0.3333,0.4205,0.0,0.6893,0.0,1.0,0.0,0.0,1.0,0.0,1.0,Ischemic
P00033,0.6234,1.0,1.0,0.0,0.0,0.0,0.0,0.0,1,0.2143,0.4533,0.5179,0.4885,0.4233,0.0,0.0,0.0,0.0,0.0,0.0,0.0,No Stroke
P00034,0.3896,1.0,0.0,0.0,0.0,0.0,0.0,0.0,0,0.4796,0.5467,0.3026,0.3122,0.5458,1.0,0.0,0.0,0.0,0.0,0.0,0.0,No Stroke
P00035,0.4416,0.0,0.0,1.0,0.0,0.0,1.0,0.0,0,0.3163,0.4,0.3692,0.4978,0.7121,0.0,0.0,0.0,0.0,0.0,0.0,0.0,No Stroke
P00036,0.5584,0.0,1.0,1.0,0.0,1.0,1.0,1.0,0,0.4592,0.6533,0.4974,0.5444,0.9316,0.0,0.0,0.0,0.0,0.0,0.0,0.0,No Stroke
P00037,0.5325,1.0,0.0,0.0,0.0,0.0,0.0,0.0,1,0.4796,0.5467,0.4462,0.4184,0.6089,0.0,1.0,1.0,0.0,0.0,1.0,1.0,Ischemic
P00038,0.3506,0.0,0.0,0.0,0.0,1.0,1.0,1.0,1,0.2347,0.4533,0.2051,0.0509,0.6325,0.0,1.0,0.0,0.0,0.0,0.0,0.0,No Stroke
P00039,0.6623,0.0,1.0,0.0,0.0,0.0,1.0,0.0,0,0.6837,0.6133,0.5744,0.3011,0.3335,0.0,0.0,0.0,0.0,0.0,0.0,0.0,No Stroke
P00040,0.3117,0.0,0.0,0.0,0.0,0.0,0.0,0.0,1,0.3571,0.5333,0.1949,0.1738,0.4439,0.0,0.0,0.0,0.0,0.0,0.0,0.0,No Stroke
P00041,0.5974,1.0,0.0,1.0,0.0,1.0,0.0,1.0,1,0.4082,0.6133,0.5128,0.4624,0.3983,0.0,1.0,1.0,1.0,1.0,1.0,0.0,Ischemic
P00042,0.2597,1.0,0.0,0.0,0.0,0.0,1.0,0.0,0,0.3673,0.52,0.1641,0.2806,0.6057,0.0,0.0,0.0,0.0,1.0,0.0,0.0,No Stroke
P00043,0.7662,1.0,1.0,0.0,1.0,0.0,0.0,1.0,1,0.3469,0.44,0.6051,0.1639,0.3308,0.0,0.0,0.0,0.0,0.0,1.0,1.0,Ischemic
P00044,0.5065,1.0,1.0,0.0,0.0,0.0,0.0,1.0,0,0.3776,0.7067,0.3641,0.072,0.6835,0.0,0.0,0.0,1.0,0.0,1.0,1.0,Hemorrhagic
P00045,0.4545,0.0,1.0,0.0,0.0,0.0,0.0,0.0,1,0.5,0.52,0.3538,0.2079,0.5387,0.0,0.0,0.0,0.0,0.0,0.0,0.0,No Stroke
P00046,0.3247,1.0,0.0,0.0,0.0,0.0,0.0,0.0,0,0.1429,0.5067,0.1641,0.0099,0.5489,1.0,0.0,1.0,0.0,0.0,0.0,0.0,No Stroke
P00047,0.5,0.0,0.0,0.0,0.0,1.0,1.0,0.0,1,0.4,0.5,0.5,0.4,0.3,0.0,1.0,1.0,0.0,0.0,0.0,0.0,Hemorrhagic
P00048,0.5584,1.0,1.0,0.0,0.0,1.0,1.0,0.0,0,0.3163,0.4133,0.441,0.3141,0.3201,0.0,1.0,1.0,1.0,1.0,1.0,0.0,Ischemic
P00049,0.5065,0.0,0.0,0.0,0.0,0.0,0.0,0.0,0,0.1837,0.6667,0.3949,0.4339,0.5458,0.0,0.0,0.0,0.0,0.0,0.0,0.0,No Stroke
P00050,0.5844,1.0,0.0,0.0,0.0,0.0,0.0,0.0,1,0.3061,0.4,0.4103,0.013,0.2691,0.0,0.0,0.0,0.0,0.0,0.0,0.0,No Stroke
P00051,0.3506,1.0,1.0,1.0,0.0,0.0,1.0,0.0,0,0.5918,0.7733,0.3282,0.6077,0.5311,0.0,1.0,1.0,0.0,0.0,0.0,0.0,Ischemic
P00052,0.3247,0.0,0.0,0.0,0.0,0.0,0.0,0.0,0,0.3367,0.48,0.2308,0.3178,0.4461,0.0,0.0,0.0,0.0,0.0,0.0,0.0,No Stroke
P00053,0.7532,0.0,1.0,0.0,0.0,0.0,0.0,0.0,0,0.4592,0.64,0.6667,0.4984,0.2463,0.0,1.0,1.0,1.0,1.0,0.0,0.0,Ischemic
P00054,0.8831,0.0,0.0,0.0,0.0,0.0,0.0,0.0,0,0.5102,0.2133,0.7744,0.4004,0.3804,0.0,1.0,1.0,1.0,1.0,0.0,0.0,Hemorrhagic
P00055,0.7403,1.0,1.0,0.0,0.0,0.0,1.0,0.0,0,0.6224,0.4667,0.6154,0.1533,0.6066,0.0,1.0,0.0,1.0,0.0,1.0,0.0,Ischemic
P00056,0.8442,1.0,0.0,1.0,0.0,1.0,1.0,0.0,0,0.4388,0.3867,0.7333,0.3935,0.2441,0.0,1.0,1.0,1.0,0.0,0.0,0.0,Ischemic
P00057,0.2,0.0,0.0,1.0,0.0,0.0,1.0,0.0,1,0.3,0.4,0.1,0.5,0.7,0.0,1.0,0.0,0.0,0.0,0.0,1.0,Hemorrhagic
P00058,0.5584,1.0,1.0,0.0,0.0,0.0,1.0,0.0,1,0.6633,0.6,0.4564,0.1968,0.6352,0.0,0.0,0.0,0.0,0.0,0.0,0.0,No Stroke
P00059,0.4156,1.0,0.0,0.0,0.0,0.0,0.0,1.0,1,0.3878,0.2933,0.3179,0.2992,0.1949,0.0,0.0,0.0,0.0,0.0,0.0,0.0,No Stroke
P00060,0.3636,1.0,0.0,0.0,0.0,0.0,0.0,0.0,1,0.4286,0.48,0.2667,0.2253,0.418,1.0,1.0,1.0,1.0,0.0,0.0,0.0,Ischemic
P00061,0.3766,1.0,1.0,0.0,0.0,0.0,0.0,1.0,1,0.8367,0.5467,0.2923,0.1353,0.4676,0.0,1.0,0.0,1.0,1.0,0.0,0.0,Ischemic
P00062,0.5325,1.0,0.0,0.0,0.0,0.0,0.0,0.0,1,0.3673,0.7333,0.441,0.3755,0.4935,0.0,0.0,0.0,0.0,0.0,0.0,0.0,No Stroke
P00063,0.3506,0.0,1.0,1.0,0.0,0.0,1.0,0.0,0,0.5204,0.3867,0.3436,0.7728,0.4926,0.0,0.0,1.0,0.0,1.0,0.0,1.0,Ischemic
P00064,0.3766,1.0,0.0,0.0,0.0,0.0,0.0,0.0,1,0.3673,0.3867,0.2872,0.3501,0.1422,0.0,0.0,0.0,0.0,0.0,0.0,0.0,No Stroke
P00065,0.6234,0.0,1.0,1.0,0.0,0.0,0.0,0.0,1,0.551,0.76,0.5949,0.7207,0.7792,0.0,1.0,1.0,1.0,0.0,1.0,0.0,Hemorrhagic
P00066,0.5195,0.0,0.0,1.0,0.0,1.0,1.0,1.0,1,0.4592,0.5067,0.4513,0.5133,0.3532,0.0,0.0,1.0,1.0,1.0,0.0,0.0,Ischemic
P00067,0.7403,1.0,1.0,0.0,0.0,0.0,0.0,0.0,1,0.3469,0.6533,0.5897,0.2079,0.776,0.0,0.0,0.0,0.0,0.0,0.0,0.0,No Stroke
P00068,0.6753,0.0,1.0,0.0,1.0,0.0,0.0,1.0,0,0.2857,0.2933,0.5949,0.6102,0.5986,0.0,1.0,0.0,0.0,0.0,1.0,0.0,Ischemic
P00069,0.4156,0.0,0.0,0.0,0.0,0.0,1.0,0.0,1,0.2653,0.4933,0.2718,0.1335,0.4537,1.0,0.0,0.0,0.0,0.0,0.0,0.0,No Stroke
P00070,0.6623,1.0,0.0,0.0,0.0,0.0,1.0,0.0,0,0.3469,0.32,0.5385,0.2582,0.536,1.0,1.0,0.0,0.0,1.0,1.0,0.0,Ischemic
P00071,0.4026,1.0,1.0,1.0,0.0,0.0,1.0,0.0,0,0.4184,0.44,0.3487,0.5822,0.6263,0.0,0.0,1.0,1.0,0.0,0.0,0.0,Ischemic
P00072,0.7532,0.0,1.0,0.0,0.0,0.0,1.0,0.0,1,0.6429,0.5467,0.6513,0.3141,0.5498,0.0,0.0,0.0,0.0,0.0,0.0,1.0,No Stroke
P00073,0.4805,1.0,0.0,1.0,0.0,0.0,0.0,0.0,1,0.4694,0.3867,0.4154,0.522,0.489,1.0,1.0,1.0,0.0,1.0,1.0,1.0,Hemorrhagic
P00074,0.7273,1.0,1.0,1.0,0.0,1.0,1.0,0.0,0,0.5306,0.3733,0.6462,0.4438,0.363,0.0,0.0,0.0,0.0,0.0,0.0,0.0,No Stroke
P00075,0.1039,0.0,0.0,0.0,0.0,0.0,1.0,0.0,0,0.2041,0.36,0.0154,0.3464,0.3236,1.0,0.0,0.0,0.0,0.0,0.0,0.0,No Stroke
P00076,0.7273,1.0,1.0,0.0,0.0,1.0,0.0,0.0,0,0.551,0.3733,0.6103,0.221,0.6638,0.0,1.0,1.0,1.0,0.0,0.0,1.0,Ischemic
P00077,0.6234,0.0,0.0,0.0,0.0,0.0,0.0,1.0,0,0.3265,0.2267,0.5179,0.4078,0.4998,1.0,0.0,0.0,0.0,0.0,0.0,0.0,No Stroke
P00078,0.3377,1.0,0.0,1.0,0.0,0.0,1.0,0.0,1,0.4796,0.72,0.2923,0.5196,0.4868,0.0,0.0,0.0,0.0,0.0,1.0,0.0,No Stroke
P00079,0.6623,1.0,0.0,1.0,0.0,0.0,1.0,0.0,1,0.1327,0.5333,0.5487,0.4643,0.6562,0.0,1.0,0.0,1.0,0.0,1.0,0.0,Ischemic
P00080,1.0,0.0,0.0,0.0,0.0,0.0,0.0,0.0,1,0.6224,0.6267,0.9846,0.3824,0.4274,0.0,1.0,1.0,0.0,0.0,1.0,0.0,Hemorrhagic
P00081,0.5065,0.0,0.0,0.0,0.0,0.0,1.0,1.0,0,0.5408,0.4,0.3744,0.0664,0.1931,1.0,0.0,0.0,0.0,0.0,0.0,0.0,No Stroke
P00082,0.6234,1.0,0.0,1.0,0.0,0.0,1.0,0.0,0,0.3571,0.52,0.5333,0.4612,0.5445,0.0,1.0,1.0,1.0,1.0,0.0,0.0,Ischemic
P00083,0.6104,0.0,1.0,0.0,0.0,1.0,0.0,0.0,1,0.4286,0.28,0.5077,0.3588,0.1998,0.0,0.0,0.0,0.0,0.0,0.0,0.0,No Stroke
P00084,0.6364,0.0,0.0,0.0,0.0,0.0,1.0,0.0,1,0.3061,0.3867,0.4923,0.1769,0.6156,0.0,0.0,0.0,0.0,0.0,0.0,0.0,No Stroke
P00085,0.5195,1.0,0.0,0.0,0.0,0.0,0.0,0.0,1,0.2551,0.36,0.3897,0.2135,0.5092,0.0,0.0,0.0,0.0,0.0,0.0,0.0,No Stroke
P00086,0.3506,0.0,0.0,1.0,0.0,0.0,0.0,1.0,1,0.0102,0.24,0.2564,0.54,0.7269,0.0,1.0,1.0,0.0,0.0,0.0,0.0,Ischemic
P00087,0.4805,0.0,0.0,0.0,0.0,0.0,1.0,0.0,0,0.2041,0.36,0.3436,0.2241,0.3894,1.0,0.0,0.0,0.0,0.0,0.0,0.0,No Stroke
P00088,0.5974,1.0,0.0,0.0,0.0,0.0,0.0,0.0,0,0.5612,0.5067,0.559,0.6499,0.3938,0.0,0.0,1.0,0.0,0.0,1.0,1.0,Ischemic
P00089,0.3896,0.0,1.0,0.0,0.0,0.0,0.0,0.0,0,0.3776,0.5867,0.2821,0.2278,0.671,0.0,0.0,0.0,0.0,0.0,0.0,0.0,No Stroke
P00090,0.6234,0.0,0.0,0.0,0.0,0.0,1.0,0.0,0,0.4388,0.36,0.5333,0.4513,0.5637,0.0,0.0,0.0,0.0,1.0,1.0,1.0,Ischemic
P00091,0.4286,0.0,1.0,0.0,0.0,0.0,0.0,0.0,1,0.2653,0.6133,0.2974,0.2204,0.4654,0.0,0.0,0.0,0.0,0.0,0.0,0.0,No Stroke
P00092,0.013,1.0,0.0,0.0,0.0,0.0,0.0,0.0,0,0.0714,0.12,0.0,0.2042,0.473,0.0,0.0,0.0,0.0,0.0,0.0,0.0,No Stroke
P00093,0.5195,0.0,0.0,0.0,0.0,0.0,1.0,0.0,0,0.3061,0.32,0.4103,0.3377,0.4975,1.0,1.0,0.0,0.0,1.0,1.0,1.0,Ischemic
P00094,0.7273,1.0,0.0,0.0,0.0,0.0,0.0,1.0,0,0.2041,0.6667,0.5641,0.1521,0.5717,0.0,0.0,0.0,0.0,0.0,0.0,0.0,No Stroke
P00095,0.6883,0.0,0.0,0.0,0.0,0.0,0.0,0.0,0,0.3776,0.4133,0.5282,0.0577,0.3071,1.0,0.0,1.0,0.0,0.0,0.0,0.0,No Stroke
P00096,0.4675,0.0,0.0,0.0,1.0,0.0,0.0,0.0,0,0.3776,0.32,0.359,0.257,0.4649,0.0,0.0,0.0,0.0,0.0,0.0,1.0,No Stroke
P00097,0.3766,1.0,1.0,0.0,0.0,0.0,1.0,1.0,0,0.5408,0.52,0.3333,0.5208,0.4859,0.0,1.0,0.0,0.0,0.0,1.0,1.0,Ischemic
P00098,0.3506,1.0,1.0,0.0,0.0,0.0,0.0,0.0,0,0.4286,0.6,0.2615,0.311,0.4797,0.0,0.0,0.0,0.0,0.0,0.0,0.0,No Stroke
P00099,0.8961,0.0,0.0,1.0,0.0,0.0,0.0,0.0,1,0.4388,0.3467,0.841,0.7728,0.7036,0.0,0.0,0.0,0.0,0.0,0.0,0.0,No Stroke
P00100,0.6494,1.0,0.0,0.0,0.0,0.0,0.0,1.0,1,0.4694,0.52,0.5179,0.144,0.4877,1.0,0.0,0.0,0.0,0.0,0.0,0.0,No Stroke
P00101,0.3117,1.0,1.0,0.0,0.0,0.0,1.0,0.0,1,0.3878,0.3867,0.2359,0.3526,0.4998,0.0,0.0,0.0,0.0,0.0,0.0,0.0,No Stroke
P00102,0.5844,0.0,1.0,1.0,0.0,0.0,0.0,1.0,0,0.2347,0.64,0.5179,0.684,0.5485,0.0,1.0,0.0,0.0,1.0,1.0,0.0,Ischemic
P00103,0.8701,1.0,1.0,0.0,0.0,0.0,1.0,1.0,1,0.4388,0.28,0.7282,0.2017,0.3272,1.0,0.0,0.0,1.0,0.0,0.0,0.0,No Stroke
P00104,0.5195,1.0,0.0,0.0,0.0,0.0,1.0,0.0,0,0.2143,0.6667,0.3949,0.2775,0.3545,1.0,0.0,0.0,0.0,0.0,0.0,0.0,No Stroke
P00105,0.4675,1.0,0.0,0.0,0.0,0.0,1.0,0.0,0,0.398,0.52,0.359,0.2818,0.3196,1.0,0.0,0.0,0.0,0.0,0.0,0.0,No Stroke
P00106,0.5065,1.0,0.0,0.0,0.0,0.0,0.0,0.0,1,0.5102,0.2933,0.3744,0.1037,0.2812,0.0,1.0,0.0,0.0,0.0,0.0,0.0,No Stroke
P00107,0.4026,0.0,0.0,0.0,0.0,0.0,0.0,1.0,1,0.3776,0.32,0.2923,0.2737,0.3366,1.0,1.0,0.0,0.0,1.0,1.0,1.0,Hemorrhagic
P00108,0.5065,1.0,0.0,1.0,0.0,0.0,0.0,0.0,0,0.2449,0.3333,0.4256,0.5301,0.1359,1.0,0.0,0.0,0.0,0.0,0.0,0.0,No Stroke
P00109,0.6104,1.0,1.0,0.0,1.0,0.0,1.0,1.0,1,0.5612,0.4267,0.5179,0.3464,0.3791,0.0,1.0,0.0,1.0,1.0,0.0,0.0,Ischemic
P00110,0.5065,1.0,0.0,0.0,0.0,0.0,1.0,1.0,1,0.1939,0.3333,0.3897,0.334,0.578,1.0,0.0,0.0,0.0,0.0,0.0,0.0,No Stroke
P00111,0.6753,1.0,1.0,0.0,0.0,0.0,0.0,0.0,1,0.8163,0.6,0.5949,0.2446,0.6106,0.0,1.0,1.0,1.0,0.0,1.0,0.0,Ischemic
P00112,0.2208,0.0,0.0,0.0,0.0,0.0,0.0,0.0,1,0.0102,0.4,0.1077,0.3476,0.5977,0.0,0.0,0.0,0.0,0.0,0.0,0.0,No Stroke
P00113,0.5195,0.0,0.0,0.0,0.0,0.0,0.0,0.0,0,0.3469,0.32,0.4154,0.3104,0.4573,1.0,0.0,0.0,0.0,0.0,0.0,0.0,No Stroke
P00114,0.4805,1.0,0.0,0.0,0.0,0.0,1.0,0.0,0,0.5918,0.3867,0.4256,0.5047,0.055,0.0,0.0,1.0,0.0,1.0,0.0,0.0,No Stroke
P00115,0.7403,0.0,1.0,1.0,0.0,0.0,0.0,0.0,0,0.5204,0.48,0.6974,0.7132,0.5078,0.0,0.0,0.0,0.0,0.0,0.0,0.0,No Stroke
P00116,0.5584,1.0,0.0,0.0,0.0,0.0,0.0,1.0,0,0.3265,0.2667,0.4769,0.4879,0.3567,1.0,0.0,0.0,0.0,0.0,0.0,1.0,No Stroke
P00117,0.6883,1.0,0.0,0.0,0.0,0.0,0.0,0.0,0,0.7653,0.44,0.5949,0.2272,0.2521,0.0,1.0,1.0,1.0,1.0,0.0,1.0,Ischemic
P00118,0.5065,0.0,1.0,0.0,0.0,0.0,0.0,0.0,1,0.4388,0.5067,0.3949,0.2613,0.3344,0.0,0.0,0.0,0.0,0.0,0.0,0.0,No Stroke
P00119,0.7143,0.0,1.0,0.0,0.0,0.0,0.0,1.0,0,0.551,0.6933,0.5897,0.1955,0.5548,0.0,0.0,0.0,0.0,0.0,0.0,0.0,No Stroke
P00120,0.8442,0.0,1.0,1.0,1.0,0.0,0.0,0.0,0,0.7551,0.68,0.841,0.8864,0.397,1.0,0.0,0.0,0.0,0.0,0.0,0.0,No Stroke
P00121,0.4156,1.0,0.0,0.0,0.0,0.0,0.0,0.0,0,0.4388,0.3867,0.3026,0.2086,0.5646,1.0,1.0,0.0,1.0,1.0,0.0,1.0,Ischemic
P00122,0.7143,0.0,0.0,1.0,0.0,1.0,0.0,0.0,0,0.5408,0.48,0.6564,0.5804,0.7085,0.0,0.0,0.0,0.0,0.0,0.0,0.0,No Stroke
P00123,0.5325,1.0,1.0,1.0,1.0,0.0,1.0,0.0,1,0.4796,0.6133,0.4821,0.5736,0.7497,0.0,0.0,0.0,0.0,0.0,1.0,1.0,Ischemic
P00124,0.6234,1.0,1.0,0.0,0.0,0.0,0.0,0.0,1,0.3469,0.5467,0.5077,0.334,0.6428,0.0,1.0,1.0,1.0,1.0,0.0,0.0,Ischemic
P00125,0.5195,0.0,0.0,0.0,0.0,0.0,0.0,0.0,1,0.1327,0.5067,0.3846,0.2787,0.27,0.0,0.0,0.0,0.0,0.0,0.0,0.0,No Stroke
P00126,0.8312,1.0,1.0,0.0,0.0,0.0,1.0,0.0,0,0.4898,0.56,0.7026,0.2781,0.5565,0.0,0.0,0.0,0.0,0.0,0.0,0.0,No Stroke
P00127,0.8052,0.0,0.0,0.0,0.0,0.0,0.0,0.0,0,0.4898,0.3333,0.6667,0.1726,0.4743,0.0,0.0,0.0,1.0,0.0,0.0,0.0,No Stroke
P00128,0.6,0.0,1.0,1.0,0.0,0.0,0.0,0.0,0,0.7,0.4,0.6,0.6,0.3,0.0,1.0,1.0,1.0,0.0,0.0,1.0,Hemorrhagic
P00129,0.3766,1.0,0.0,0.0,0.0,0.0,0.0,0.0,1,0.2653,0.4667,0.2821,0.4029,0.6209,0.0,0.0,0.0,0.0,0.0,0.0,0.0,No Stroke
P00130,0.5584,0.0,1.0,0.0,0.0,0.0,0.0,0.0,0,0.5,0.5333,0.4564,0.3309,0.5467,0.0,0.0,0.0,0.0,0.0,0.0,0.0,No Stroke
P00131,0.3766,0.0,0.0,0.0,0.0,0.0,0.0,0.0,1,0.2041,0.4133,0.2718,0.324,0.093,1.0,0.0,0.0,0.0,0.0,0.0,0.0,No Stroke
P00132,0.6104,0.0,0.0,0.0,0.0,1.0,0.0,0.0,1,0.3265,0.4533,0.4821,0.2719,0.2986,0.0,1.0,0.0,0.0,1.0,0.0,0.0,Hemorrhagic
P00133,0.5455,1.0,0.0,0.0,0.0,0.0,0.0,1.0,1,0.1429,0.44,0.3949,0.1664,0.447,0.0,1.0,0.0,1.0,0.0,0.0,0.0,No Stroke
P00134,0.8961,0.0,0.0,1.0,0.0,0.0,0.0,0.0,1,0.6429,0.5333,0.8154,0.5121,0.2705,0.0,1.0,1.0,0.0,1.0,0.0,0.0,Ischemic
P00135,0.6364,0.0,1.0,1.0,0.0,0.0,0.0,0.0,0,0.5102,0.4133,0.5795,0.5649,0.4376,0.0,0.0,0.0,0.0,0.0,0.0,0.0,No Stroke
P00136,1.0,0.0,0.0,0.0,0.0,0.0,0.0,0.0,1,0.6,0.6,1.0,0.4,0.4,0.0,1.0,1.0,0.0,0.0,1.0,0.0,Hemorrhagic
P00137,0.3377,1.0,0.0,0.0,0.0,0.0,1.0,0.0,0,0.3776,0.2667,0.2667,0.4376,0.5856,0.0,0.0,0.0,0.0,0.0,0.0,0.0,No Stroke
P00138,0.6883,0.0,0.0,1.0,0.0,0.0,0.0,0.0,0,0.4796,0.8533,0.5846,0.3277,0.5212,1.0,0.0,0.0,0.0,0.0,0.0,0.0,No Stroke
P00139,0.1688,0.0,1.0,0.0,0.0,0.0,1.0,0.0,1,0.2653,0.32,0.0923,0.3861,0.4265,0.0,0.0,0.0,0.0,0.0,0.0,0.0,Ischemic
P00140,0.5714,0.0,0.0,0.0,0.0,0.0,1.0,0.0,0,0.5408,0.2667,0.4256,0.0143,0.2892,0.0,0.0,0.0,0.0,0.0,0.0,0.0,No Stroke
P00141,0.5844,0.0,0.0,0.0,0.0,0.0,0.0,0.0,0,0.3163,0.3467,0.4256,0.108,0.5101,0.0,0.0,0.0,0.0,0.0,0.0,0.0,No Stroke
P00142,0.7143,1.0,1.0,0.0,0.0,0.0,0.0,1.0,1,0.5816,0.64,0.6256,0.3563,0.6343,0.0,0.0,0.0,0.0,0.0,0.0,0.0,No Stroke
P00143,0.3896,1.0,0.0,1.0,0.0,0.0,1.0,0.0,0,0.5204,0.1867,0.359,0.6139,0.4658,0.0,0.0,0.0,0.0,0.0,0.0,0.0,No Stroke
P00144,0.7013,1.0,0.0,0.0,0.0,1.0,1.0,0.0,1,0.0918,0.1867,0.5128,0.0869,0.418,0.0,0.0,1.0,0.0,0.0,0.0,0.0,No Stroke
P00145,0.4156,1.0,1.0,0.0,0.0,0.0,0.0,0.0,1,0.6429,0.4533,0.3897,0.5568,0.3733,0.0,0.0,0.0,0.0,0.0,0.0,0.0,No Stroke
P00146,0.4545,1.0,1.0,1.0,0.0,0.0,1.0,0.0,1,0.3061,0.6933,0.3795,0.5196,0.6039,0.0,0.0,1.0,0.0,0.0,0.0,0.0,Ischemic
P00147,0.4935,0.0,0.0,0.0,0.0,0.0,0.0,0.0,0,0.1429,0.6267,0.3436,0.1726,0.4314,1.0,0.0,0.0,0.0,0.0,0.0,1.0,Ischemic
P00148,0.4805,1.0,1.0,1.0,0.0,0.0,0.0,0.0,0,0.398,0.48,0.4256,0.5531,0.6048,0.0,0.0,0.0,0.0,0.0,0.0,0.0,No Stroke
P00149,0.7143,0.0,0.0,1.0,0.0,0.0,0.0,0.0,1,0.6939,0.5867,0.6615,0.5282,0.5087,0.0,0.0,1.0,0.0,1.0,1.0,0.0,Ischemic
P00150,0.4416,0.0,0.0,0.0,0.0,0.0,1.0,0.0,1,0.4286,0.6133,0.3128,0.0739,0.5843,0.0,0.0,0.0,0.0,0.0,0.0,0.0,No Stroke
P00151,0.4286,0.0,0.0,0.0,0.0,0.0,1.0,1.0,0,0.2041,0.2667,0.3026,0.2489,0.5516,1.0,0.0,0.0,0.0,0.0,0.0,0.0,No Stroke
P00152,0.3896,0.0,0.0,0.0,1.0,0.0,0.0,0.0,1,0.2449,0.56,0.2872,0.3929,0.4448,0.0,0.0,0.0,0.0,0.0,0.0,0.0,No Stroke
P00153,0.2987,0.0,0.0,0.0,0.0,0.0,0.0,1.0,1,0.3878,0.4133,0.2,0.2309,0.6147,0.0,0.0,0.0,0.0,0.0,0.0,0.0,No Stroke
P00154,0.5325,0.0,0.0,1.0,0.0,1.0,1.0,1.0,0,0.5408,0.4933,0.441,0.3122,0.4882,0.0,0.0,1.0,0.0,0.0,0.0,1.0,Ischemic
P00155,0.4286,0.0,0.0,1.0,0.0,0.0,1.0,1.0,0,0.3673,0.2667,0.3692,0.5444,0.5932,0.0,0.0,0.0,0.0,0.0,0.0,0.0,Ischemic
P00156,0.5974,1.0,0.0,0.0,0.0,0.0,0.0,0.0,1,0.4694,0.3733,0.4821,0.2216,0.4059,0.0,0.0,0.0,0.0,0.0,0.0,1.0,No Stroke
P00157,0.9221,0.0,0.0,0.0,0.0,0.0,0.0,0.0,0,0.5204,0.5467,0.7744,0.1601,0.3746,0.0,0.0,0.0,0.0,0.0,0.0,0.0,No Stroke
P00158,0.6753,0.0,0.0,1.0,0.0,0.0,0.0,0.0,0,0.3776,0.4533,0.6103,0.6151,0.3478,0.0,0.0,0.0,0.0,1.0,1.0,0.0,Ischemic
P00159,0.2987,1.0,1.0,0.0,0.0,0.0,0.0,0.0,1,0.4898,0.7867,0.2513,0.4724,0.6035,0.0,0.0,0.0,0.0,0.0,1.0,0.0,No Stroke
P00160,0.4675,0.0,1.0,0.0,0.0,0.0,1.0,0.0,0,0.5,0.4533,0.3897,0.4122,0.3076,0.0,0.0,0.0,0.0,0.0,0.0,0.0,No Stroke
P00161,0.0519,1.0,0.0,0.0,0.0,0.0,0.0,0.0,1,0.2041,0.1733,0.0,0.2564,0.5235,0.0,0.0,0.0,0.0,0.0,0.0,0.0,No Stroke
P00162,0.6364,1.0,1.0,0.0,1.0,0.0,1.0,1.0,0,0.5408,0.5333,0.5282,0.2322,0.2879,0.0,0.0,0.0,0.0,0.0,0.0,0.0,Ischemic
P00163,0.6753,0.0,1.0,0.0,0.0,0.0,0.0,0.0,0,0.551,0.5067,0.5744,0.3631,0.2968,0.0,0.0,0.0,0.0,0.0,0.0,0.0,No Stroke
P00164,0.5195,0.0,1.0,0.0,0.0,0.0,0.0,1.0,0,0.398,0.4933,0.4359,0.4544,0.5181,0.0,1.0,0.0,1.0,1.0,0.0,0.0,Hemorrhagic
P00165,0.5974,0.0,0.0,0.0,0.0,0.0,1.0,0.0,1,0.2653,0.52,0.4667,0.2402,0.4144,1.0,0.0,0.0,0.0,0.0,0.0,0.0,No Stroke
P00166,0.7922,0.0,0.0,0.0,0.0,1.0,1.0,0.0,0,0.1939,0.1733,0.6564,0.4035,0.4636,0.0,1.0,1.0,0.0,0.0,0.0,1.0,Ischemic
P00167,0.5584,1.0,0.0,0.0,0.0,0.0,1.0,0.0,1,0.1429,0.2533,0.4615,0.4984,0.3451,1.0,0.0,0.0,0.0,0.0,0.0,0.0,No Stroke
P00168,0.4545,0.0,0.0,0.0,0.0,0.0,0.0,0.0,1,0.1837,0.4933,0.3333,0.2725,0.3862,0.0,0.0,0.0,0.0,0.0,0.0,0.0,No Stroke
P00169,0.4935,0.0,0.0,0.0,1.0,0.0,0.0,1.0,1,0.0102,0.44,0.3282,0.1651,0.2535,1.0,0.0,0.0,0.0,0.0,0.0,0.0,No Stroke
P00170,0.7403,1.0,1.0,0.0,0.0,0.0,0.0,0.0,0,0.6327,0.6267,0.6154,0.1601,0.8328,0.0,0.0,0.0,0.0,0.0,0.0,0.0,No Stroke
P00171,0.6364,0.0,0.0,1.0,0.0,0.0,0.0,1.0,0,0.3265,0.6533,0.5538,0.5748,0.5212,0.0,1.0,0.0,0.0,0.0,0.0,0.0,No Stroke
P00172,0.4286,0.0,0.0,0.0,0.0,0.0,0.0,0.0,1,0.3163,0.4267,0.2923,0.0981,0.3031,0.0,0.0,0.0,0.0,0.0,0.0,0.0,No Stroke
P00173,0.5714,0.0,0.0,0.0,0.0,0.0,0.0,0.0,0,0.4082,0.5733,0.4974,0.5177,0.392,0.0,0.0,0.0,0.0,0.0,1.0,1.0,Ischemic
P00174,0.7792,1.0,0.0,1.0,1.0,0.0,0.0,0.0,1,0.2857,0.64,0.6923,0.5922,0.4542,1.0,1.0,0.0,0.0,1.0,1.0,0.0,Ischemic
P00175,0.5844,1.0,0.0,0.0,0.0,1.0,1.0,0.0,0,0.2551,0.4533,0.4359,0.1595,0.6433,1.0,1.0,1.0,0.0,1.0,1.0,0.0,Ischemic
P00176,0.5714,0.0,1.0,0.0,1.0,0.0,0.0,0.0,1,0.449,0.3733,0.4513,0.1657,0.4645,0.0,1.0,1.0,0.0,1.0,1.0,1.0,Hemorrhagic
P00177,0.9221,1.0,0.0,1.0,0.0,0.0,0.0,0.0,0,0.3469,0.4667,0.8308,0.5798,0.3643,0.0,1.0,0.0,0.0,1.0,0.0,1.0,Hemorrhagic
P00178,0.5584,0.0,1.0,1.0,0.0,0.0,1.0,0.0,1,0.5816,0.48,0.5282,0.6617,0.5279,0.0,1.0,0.0,0.0,1.0,1.0,1.0,Ischemic
P00179,0.5065,1.0,0.0,1.0,0.0,0.0,1.0,0.0,0,0.3469,0.24,0.4667,0.7349,0.5266,0.0,0.0,0.0,0.0,0.0,0.0,0.0,No Stroke
P00180,0.8052,0.0,1.0,0.0,0.0,0.0,0.0,0.0,1,0.3776,0.3867,0.6923,0.4258,0.4126,1.0,0.0,0.0,0.0,0.0,0.0,0.0,No Stroke
P00181,0.7532,1.0,1.0,0.0,0.0,0.0,0.0,0.0,1,0.5714,0.3333,0.6462,0.3222,0.3733,0.0,1.0,0.0,1.0,0.0,0.0,0.0,Ischemic
P00182,0.4286,0.0,0.0,0.0,0.0,0.0,0.0,0.0,1,0.1224,0.5733,0.2872,0.2117,0.148,1.0,0.0,0.0,0.0,0.0,1.0,0.0,No Stroke
P00183,0.4935,1.0,0.0,0.0,0.0,0.0,1.0,1.0,0,0.5408,0.28,0.3846,0.2148,0.489,0.0,1.0,0.0,0.0,1.0,1.0,0.0,Ischemic
P00184,0.4416,0.0,0.0,0.0,0.0,0.0,0.0,0.0,0,0.3776,0.5067,0.3641,0.4662,0.5338,1.0,0.0,0.0,0.0,0.0,0.0,0.0,No Stroke
P00185,0.5325,1.0,0.0,0.0,0.0,0.0,1.0,0.0,1,0.4082,0.1733,0.4872,0.6654,0.3898,1.0,1.0,1.0,0.0,1.0,0.0,0.0,Hemorrhagic
P00186,0.7143,0.0,1.0,1.0,0.0,0.0,0.0,0.0,0,0.4082,0.56,0.6718,0.7294,0.6576,0.0,1.0,1.0,0.0,0.0,1.0,1.0,Ischemic
P00187,0.2468,0.0,0.0,0.0,0.0,0.0,0.0,0.0,0,0.2653,0.4133,0.1333,0.2309,0.6536,1.0,0.0,0.0,0.0,0.0,0.0,0.0,No Stroke
P00188,0.4156,0.0,1.0,1.0,0.0,0.0,0.0,0.0,0,0.4898,0.4133,0.3436,0.4196,0.717,0.0,1.0,0.0,0.0,1.0,0.0,0.0,Hemorrhagic
P00189,0.6234,1.0,0.0,0.0,0.0,1.0,1.0,1.0,0,0.3571,0.3467,0.4872,0.1744,0.3831,1.0,0.0,0.0,0.0,0.0,0.0,0.0,No Stroke
P00190,0.4286,0.0,1.0,0.0,0.0,0.0,0.0,0.0,1,0.5714,0.6267,0.3231,0.1577,0.4515,0.0,1.0,1.0,1.0,1.0,0.0,0.0,Ischemic
P00191,0.2727,1.0,0.0,0.0,0.0,0.0,1.0,0.0,1,0.449,0.32,0.1744,0.1707,0.3684,0.0,0.0,0.0,0.0,0.0,0.0,0.0,No Stroke
P00192,0.4545,1.0,0.0,1.0,0.0,0.0,1.0,0.0,0,0.3061,0.5733,0.3692,0.4593,0.3956,0.0,1.0,0.0,0.0,0.0,0.0,0.0,No Stroke
P00193,0.5974,1.0,1.0,0.0,0.0,0.0,1.0,1.0,0,0.3776,0.7867,0.5231,0.532,0.4506,0.0,0.0,0.0,0.0,0.0,0.0,0.0,No Stroke
P00194,0.6494,1.0,1.0,0.0,0.0,0.0,1.0,0.0,0,0.6122,0.6933,0.5436,0.257,0.5749,0.0,0.0,0.0,0.0,1.0,1.0,0.0,Ischemic
P00195,0.2857,0.0,0.0,1.0,0.0,0.0,1.0,0.0,1,0.2857,0.3333,0.2051,0.4302,0.6433,0.0,0.0,1.0,0.0,1.0,1.0,0.0,Ischemic
P00196,0.7532,0.0,1.0,0.0,0.0,0.0,1.0,1.0,1,0.5,0.6533,0.641,0.2948,0.4256,0.0,0.0,0.0,0.0,0.0,0.0,0.0,No Stroke
P00197,0.4026,1.0,0.0,0.0,0.0,0.0,1.0,0.0,0,0.5102,0.3733,0.3231,0.3271,0.3178,0.0,0.0,0.0,0.0,0.0,0.0,0.0,No Stroke
P00198,0.1299,1.0,0.0,0.0,0.0,0.0,0.0,0.0,0,0.3061,0.2,0.0359,0.2173,0.4913,0.0,0.0,0.0,0.0,0.0,0.0,0.0,No Stroke
P00199,0.4,0.0,0.0,1.0,0.0,0.0,0.0,0.0,0,0.2,0.3,0.3,0.5,0.5,0.0,1.0,1.0,0.0,0.0,1.0,0.0,Hemorrhagic
P00200,0.4675,1.0,1.0,0.0,0.0,0.0,1.0,1.0,0,0.3776,0.5333,0.3128,0.0,0.3831,0.0,0.0,0.0,0.0,1.0,0.0,0.0,No Stroke
P00201,0.6623,1.0,1.0,0.0,0.0,0.0,0.0,0.0,0,0.5612,0.2933,0.5128,0.0,0.3862,0.0,0.0,0.0,0.0,0.0,1.0,0.0,Ischemic
P00202,0.6623,1.0,1.0,0.0,0.0,0.0,0.0,0.0,1,0.5714,0.52,0.5897,0.4562,0.4475,0.0,0.0,0.0,0.0,1.0,0.0,1.0,Hemorrhagic
P00203,0.6753,1.0,1.0,0.0,0.0,0.0,0.0,0.0,1,0.551,0.6,0.5641,0.2353,0.5226,0.0,0.0,0.0,0.0,0.0,0.0,0.0,No Stroke
P00204,0.5325,0.0,0.0,1.0,0.0,0.0,0.0,0.0,0,0.2347,0.5467,0.4308,0.4333,0.7094,0.0,0.0,0.0,1.0,0.0,0.0,0.0,No Stroke
P00205,0.3896,0.0,0.0,0.0,0.0,0.0,0.0,1.0,0,0.3878,0.08,0.2872,0.28,0.3232,1.0,1.0,1.0,0.0,1.0,0.0,0.0,Ischemic
P00206,0.6753,0.0,0.0,1.0,0.0,1.0,1.0,1.0,1,0.2041,0.48,0.6051,0.6927,0.5154,0.0,1.0,0.0,1.0,0.0,1.0,1.0,Ischemic
P00207,0.5714,1.0,1.0,0.0,0.0,0.0,0.0,0.0,1,0.5306,0.5467,0.5077,0.5115,0.3241,0.0,0.0,0.0,0.0,0.0,0.0,0.0,No Stroke
P00208,0.4545,1.0,1.0,0.0,0.0,1.0,0.0,0.0,0,0.398,0.4933,0.359,0.3371,0.7126,0.0,1.0,0.0,0.0,0.0,1.0,0.0,Ischemic
P00209,0.6364,1.0,1.0,0.0,0.0,0.0,0.0,0.0,1,0.6939,0.4533,0.5385,0.2142,0.6366,0.0,0.0,0.0,0.0,0.0,0.0,0.0,Ischemic
P00210,0.5974,0.0,0.0,1.0,0.0,0.0,0.0,1.0,1,0.2959,0.28,0.5026,0.4451,0.3518,1.0,0.0,0.0,0.0,0.0,0.0,0.0,No Stroke
P00211,0.6234,1.0,0.0,0.0,0.0,1.0,0.0,0.0,1,0.4694,0.4133,0.4718,0.0677,0.7412,0.0,1.0,0.0,1.0,1.0,0.0,1.0,Ischemic
P00212,0.5195,0.0,0.0,0.0,1.0,1.0,0.0,1.0,0,0.3367,0.52,0.3744,0.1018,0.422,0.0,0.0,0.0,0.0,0.0,0.0,0.0,No Stroke
P00213,0.2857,0.0,0.0,0.0,0.0,0.0,1.0,1.0,0,0.2959,0.3733,0.1949,0.3662,0.2105,0.0,0.0,0.0,0.0,0.0,0.0,0.0,No Stroke
P00214,0.1688,1.0,0.0,0.0,0.0,0.0,1.0,0.0,1,0.3163,0.3733,0.0718,0.2228,0.5306,0.0,1.0,1.0,0.0,0.0,0.0,0.0,Ischemic
P00215,0.5844,0.0,0.0,0.0,0.0,0.0,1.0,0.0,0,0.6939,0.4667,0.4769,0.1813,0.3947,1.0,1.0,1.0,0.0,1.0,0.0,0.0,Ischemic
P00216,0.9221,0.0,0.0,1.0,0.0,0.0,0.0,0.0,1,0.4286,0.7867,0.8462,0.6499,0.6415,0.0,1.0,0.0,1.0,0.0,1.0,1.0,Ischemic
P00217,0.4935,0.0,1.0,0.0,0.0,0.0,1.0,0.0,1,0.5,0.72,0.4359,0.5022,0.5373,0.0,0.0,0.0,0.0,0.0,0.0,0.0,No Stroke
P00218,0.6623,0.0,0.0,0.0,0.0,0.0,0.0,0.0,0,0.5612,0.4533,0.5487,0.1962,0.5722,0.0,0.0,0.0,0.0,0.0,0.0,0.0,No Stroke
P00219,0.2727,0.0,0.0,0.0,0.0,0.0,0.0,0.0,0,0.2551,0.48,0.1795,0.334,0.4336,0.0,0.0,0.0,0.0,0.0,0.0,0.0,No Stroke
P00220,0.5195,0.0,0.0,1.0,0.0,0.0,0.0,1.0,0,0.3163,0.44,0.4154,0.3768,0.6473,0.0,0.0,0.0,0.0,0.0,0.0,1.0,No Stroke
P00221,0.8052,0.0,0.0,0.0,0.0,0.0,1.0,0.0,0,0.6837,0.3733,0.6974,0.2154,0.3281,0.0,0.0,0.0,0.0,0.0,0.0,0.0,No Stroke
P00222,0.4545,0.0,0.0,0.0,0.0,0.0,0.0,0.0,0,0.2857,0.56,0.3385,0.2669,0.27,1.0,0.0,0.0,0.0,0.0,0.0,0.0,No Stroke
P00223,0.013,0.0,0.0,0.0,0.0,0.0,0.0,0.0,1,0.2449,0.3333,0.0,0.0528,0.4417,0.0,0.0,0.0,0.0,0.0,0.0,0.0,No Stroke
P00224,0.6494,0.0,1.0,1.0,1.0,0.0,0.0,0.0,1,0.5102,0.6267,0.5949,0.6338,0.511,0.0,0.0,1.0,0.0,0.0,1.0,0.0,Ischemic
P00225,0.6,1.0,0.0,0.0,0.0,0.0,1.0,0.0,1,0.4,0.3,0.5,0.2,0.5,0.0,1.0,1.0,0.0,1.0,1.0,1.0,Hemorrhagic
P00226,0.7532,0.0,0.0,0.0,0.0,0.0,0.0,0.0,1,0.4592,0.4133,0.6256,0.2582,0.359,1.0,1.0,0.0,1.0,0.0,1.0,0.0,Ischemic
P00227,0.8182,1.0,0.0,0.0,0.0,0.0,1.0,1.0,0,0.5,0.5867,0.6718,0.1167,0.5865,0.0,0.0,0.0,0.0,0.0,0.0,0.0,No Stroke
P00228,0.7403,0.0,1.0,1.0,0.0,0.0,0.0,0.0,1,0.3673,0.3333,0.7077,0.8963,0.8909,0.0,0.0,1.0,0.0,1.0,0.0,1.0,Ischemic
P00229,0.6364,0.0,1.0,1.0,0.0,0.0,1.0,0.0,0,0.551,0.5333,0.559,0.4047,0.8082,0.0,1.0,0.0,0.0,1.0,1.0,1.0,Ischemic
P00230,0.7403,1.0,0.0,0.0,0.0,1.0,0.0,1.0,0,0.2449,0.3867,0.6256,0.4569,0.3567,0.0,1.0,0.0,0.0,0.0,0.0,1.0,Ischemic
P00231,0.6104,0.0,0.0,1.0,0.0,0.0,1.0,0.0,0,0.5204,0.1733,0.5744,0.6673,0.8842,0.0,0.0,0.0,0.0,0.0,0.0,1.0,No Stroke
P00232,0.7273,0.0,0.0,1.0,0.0,0.0,0.0,0.0,0,0.6224,0.3067,0.6615,0.4922,0.6276,0.0,1.0,1.0,0.0,1.0,1.0,0.0,Ischemic
P00233,0.4935,0.0,0.0,0.0,0.0,0.0,1.0,0.0,0,0.3673,0.2667,0.3538,0.0925,0.1256,0.0,0.0,0.0,0.0,0.0,0.0,0.0,No Stroke
P00234,0.5065,1.0,0.0,0.0,0.0,0.0,0.0,1.0,0,0.2959,0.4267,0.3795,0.2309,0.5355,1.0,1.0,0.0,0.0,1.0,0.0,1.0,Ischemic
P00235,0.7,0.0,1.0,0.0,0.0,1.0,1.0,0.0,1,0.5,0.6,0.6,0.4,0.6,0.0,0.0,0.0,0.0,0.0,0.0,1.0,Hemorrhagic
P00236,0.7532,0.0,1.0,0.0,0.0,0.0,0.0,1.0,0,0.5102,0.5733,0.6359,0.2843,0.5811,0.0,0.0,0.0,0.0,1.0,0.0,0.0,No Stroke
P00237,0.1688,1.0,0.0,0.0,0.0,0.0,0.0,1.0,1,0.0918,0.3467,0.0462,0.2067,0.3388,0.0,1.0,1.0,0.0,0.0,0.0,0.0,Hemorrhagic
P00238,0.6104,1.0,1.0,0.0,1.0,1.0,1.0,1.0,1,0.6837,0.6133,0.5026,0.1726,0.4113,0.0,0.0,0.0,0.0,0.0,1.0,1.0,Ischemic
P00239,0.8571,0.0,1.0,0.0,0.0,0.0,1.0,0.0,0,0.5918,0.56,0.7231,0.1831,0.6558,1.0,0.0,1.0,0.0,0.0,0.0,1.0,Ischemic
P00240,0.3766,0.0,0.0,0.0,0.0,0.0,1.0,1.0,1,0.2959,0.3333,0.2615,0.2737,0.2575,0.0,0.0,1.0,0.0,0.0,0.0,0.0,Ischemic
P00241,0.2078,0.0,1.0,0.0,0.0,0.0,0.0,0.0,0,0.2143,0.4267,0.0974,0.2365,0.4993,0.0,0.0,1.0,1.0,1.0,1.0,1.0,Ischemic
P00242,0.6104,0.0,0.0,0.0,0.0,0.0,0.0,0.0,0,0.5918,0.3333,0.4872,0.1266,0.5601,0.0,1.0,0.0,0.0,0.0,0.0,0.0,No Stroke
P00243,0.3636,1.0,0.0,0.0,0.0,0.0,0.0,0.0,0,0.3878,0.3467,0.2923,0.4556,0.4211,0.0,0.0,0.0,0.0,0.0,0.0,0.0,No Stroke
P00244,0.5974,1.0,1.0,0.0,0.0,0.0,0.0,0.0,1,0.5918,0.6267,0.5026,0.3352,0.3098,0.0,0.0,0.0,0.0,0.0,0.0,0.0,No Stroke
P00245,0.4026,1.0,0.0,0.0,0.0,0.0,1.0,0.0,1,0.3061,0.4133,0.2718,0.1583,0.4649,1.0,0.0,0.0,0.0,0.0,0.0,0.0,No Stroke
P00246,0.5714,1.0,0.0,1.0,0.0,0.0,0.0,1.0,0,0.4796,0.2933,0.4667,0.2632,0.3375,0.0,0.0,0.0,0.0,0.0,0.0,0.0,No Stroke
P00247,0.6883,0.0,0.0,0.0,0.0,0.0,0.0,0.0,1,0.4388,0.5333,0.5949,0.4252,0.3375,1.0,0.0,0.0,0.0,0.0,0.0,0.0,No Stroke
P00248,0.3117,0.0,0.0,0.0,0.0,0.0,0.0,0.0,0,0.3673,0.7333,0.2308,0.4004,0.1766,0.0,0.0,0.0,0.0,0.0,0.0,0.0,No Stroke
P00249,0.3896,0.0,0.0,0.0,0.0,0.0,0.0,0.0,0,0.4694,0.3067,0.3077,0.3625,0.6026,0.0,0.0,0.0,0.0,0.0,0.0,0.0,No Stroke
P00250,0.6494,0.0,1.0,1.0,0.0,0.0,0.0,0.0,0,0.3061,0.6667,0.6205,0.8914,0.7394,0.0,0.0,0.0,0.0,0.0,0.0,1.0,Ischemic
P00251,0.6494,1.0,1.0,0.0,0.0,1.0,0.0,0.0,1,0.4694,0.5067,0.5641,0.4146,0.6057,0.0,0.0,0.0,0.0,0.0,0.0,0.0,No Stroke
P00252,0.4675,0.0,1.0,0.0,0.0,0.0,0.0,1.0,1,0.4694,0.4133,0.3949,0.4612,0.7617,0.0,0.0,0.0,0.0,0.0,0.0,0.0,No Stroke
P00253,0.8182,1.0,1.0,0.0,0.0,0.0,0.0,0.0,0,0.5408,0.6133,0.7385,0.486,0.54,1.0,0.0,0.0,0.0,0.0,0.0,0.0,No Stroke
P00254,0.5065,1.0,0.0,0.0,0.0,0.0,1.0,0.0,1,0.1122,0.6267,0.3436,0.1229,0.3308,1.0,1.0,1.0,0.0,1.0,1.0,1.0,Ischemic
P00255,0.7922,0.0,0.0,0.0,0.0,0.0,0.0,0.0,1,0.2959,0.4267,0.6821,0.4531,0.4157,0.0,0.0,1.0,0.0,0.0,0.0,0.0,Ischemic
P00256,0.3506,0.0,0.0,0.0,0.0,0.0,0.0,0.0,0,0.4082,0.4133,0.2615,0.3085,0.4752,0.0,0.0,0.0,0.0,1.0,0.0,0.0,No Stroke
P00257,0.8312,1.0,1.0,0.0,1.0,0.0,0.0,1.0,0,0.4796,0.6667,0.7333,0.4898,0.6084,1.0,1.0,0.0,0.0,1.0,1.0,1.0,Ischemic
P00258,0.6623,1.0,0.0,0.0,0.0,0.0,0.0,1.0,0,0.4592,0.48,0.5487,0.3178,0.1556,0.0,1.0,1.0,0.0,0.0,1.0,1.0,Ischemic
P00259,0.4935,1.0,1.0,1.0,0.0,0.0,1.0,0.0,0,0.4592,0.56,0.4462,0.6232,0.7318,0.0,0.0,0.0,0.0,0.0,0.0,0.0,No Stroke
P00260,0.2468,0.0,0.0,0.0,1.0,0.0,0.0,1.0,1,0.3367,0.4933,0.1026,0.0,0.4104,1.0,0.0,0.0,0.0,0.0,1.0,1.0,Ischemic
P00261,0.3247,0.0,0.0,0.0,0.0,0.0,0.0,1.0,0,0.2857,0.56,0.2,0.1794,0.7573,0.0,0.0,0.0,0.0,0.0,0.0,0.0,No Stroke
P00262,0.4935,0.0,0.0,0.0,0.0,0.0,0.0,1.0,0,0.3776,0.36,0.3897,0.3184,0.5592,1.0,0.0,0.0,0.0,0.0,0.0,0.0,No Stroke
P00263,0.4,0.0,0.0,1.0,0.0,0.0,0.0,0.0,1,0.3,0.3,0.3,0.5,0.5,0.0,1.0,1.0,0.0,0.0,1.0,0.0,Hemorrhagic
P00264,0.6494,0.0,0.0,0.0,1.0,0.0,0.0,0.0,0,0.5408,0.6,0.5538,0.3873,0.6147,0.0,0.0,0.0,0.0,0.0,0.0,0.0,No Stroke
P00265,0.4675,0.0,0.0,0.0,0.0,0.0,0.0,0.0,0,0.5204,0.8133,0.3538,0.1645,0.5007,0.0,0.0,0.0,0.0,0.0,0.0,0.0,No Stroke
P00266,0.2987,1.0,0.0,0.0,0.0,0.0,1.0,1.0,0,0.2245,0.4667,0.1641,0.1347,0.4797,0.0,0.0,0.0,0.0,0.0,0.0,0.0,No Stroke
P00267,0.2987,0.0,1.0,0.0,0.0,0.0,0.0,0.0,0,0.3469,0.16,0.2103,0.3228,0.4984,0.0,0.0,0.0,0.0,0.0,0.0,0.0,No Stroke
P00268,0.6494,1.0,0.0,1.0,0.0,0.0,1.0,0.0,0,0.5306,0.5467,0.559,0.4016,0.4591,0.0,0.0,0.0,0.0,0.0,0.0,0.0,No Stroke
P00269,0.2078,0.0,0.0,0.0,0.0,0.0,0.0,0.0,1,0.4184,0.56,0.0974,0.0999,0.3701,0.0,0.0,0.0,0.0,0.0,0.0,0.0,No Stroke
P00270,0.7013,1.0,0.0,0.0,0.0,0.0,0.0,0.0,1,0.1429,0.64,0.5949,0.514,0.6401,0.0,0.0,0.0,0.0,0.0,0.0,0.0,No Stroke
P00271,0.4675,1.0,0.0,0.0,0.0,0.0,0.0,0.0,0,0.1939,0.5733,0.3436,0.3383,0.2946,0.0,0.0,0.0,0.0,0.0,0.0,0.0,No Stroke
P00272,0.5325,0.0,0.0,0.0,0.0,0.0,0.0,0.0,0,0.1224,0.3467,0.4667,0.7002,0.4148,1.0,0.0,0.0,0.0,0.0,0.0,0.0,No Stroke
P00273,0.5714,0.0,0.0,0.0,0.0,0.0,1.0,0.0,0,0.3673,0.24,0.4615,0.3035,0.4882,1.0,0.0,0.0,0.0,0.0,0.0,0.0,No Stroke
P00274,0.6104,0.0,1.0,0.0,0.0,0.0,1.0,0.0,0,0.5918,0.3333,0.5282,0.3489,0.3715,0.0,1.0,0.0,0.0,0.0,0.0,0.0,No Stroke
P00275,0.4675,1.0,0.0,0.0,0.0,0.0,1.0,0.0,0,0.449,0.5733,0.3487,0.1459,0.3616,0.0,1.0,0.0,0.0,1.0,0.0,0.0,Ischemic
P00276,0.5584,1.0,1.0,0.0,1.0,0.0,0.0,0.0,0,0.4694,0.5467,0.4769,0.4209,0.565,0.0,1.0,0.0,0.0,0.0,0.0,0.0,Ischemic
P00277,0.9351,0.0,1.0,1.0,0.0,0.0,1.0,0.0,0,0.3571,0.4,0.8103,0.4091,0.4935,0.0,1.0,1.0,0.0,0.0,0.0,0.0,Hemorrhagic
P00278,0.6104,0.0,1.0,0.0,1.0,0.0,0.0,0.0,0,0.7959,0.6,0.5077,0.1198,0.4126,0.0,1.0,0.0,0.0,0.0,1.0,0.0,Ischemic
P00279,0.7532,1.0,0.0,1.0,0.0,0.0,0.0,0.0,0,0.2857,0.48,0.6513,0.5133,0.3263,1.0,0.0,0.0,0.0,0.0,0.0,0.0,No Stroke
P00280,0.5195,0.0,0.0,0.0,0.0,0.0,0.0,1.0,0,0.4286,0.4667,0.4051,0.2098,0.4139,0.0,0.0,0.0,0.0,0.0,0.0,0.0,No Stroke
P00281,0.3,1.0,1.0,0.0,1.0,0.0,1.0,0.0,0,0.6,0.2,0.2,0.2,0.6,0.0,0.0,1.0,1.0,1.0,0.0,0.0,Hemorrhagic
P00282,0.6623,0.0,0.0,0.0,1.0,0.0,0.0,0.0,1,0.4592,0.36,0.5333,0.1999,0.5843,1.0,0.0,1.0,0.0,0.0,1.0,1.0,Ischemic
P00283,0.6494,0.0,1.0,0.0,1.0,0.0,0.0,0.0,1,0.6633,0.84,0.6,0.5425,0.616,0.0,0.0,0.0,0.0,0.0,0.0,0.0,No Stroke
P00284,0.4286,1.0,0.0,0.0,0.0,0.0,1.0,0.0,1,0.5306,0.3467,0.2872,0.0,0.3862,0.0,0.0,0.0,0.0,0.0,0.0,0.0,No Stroke
P00285,0.7662,0.0,1.0,1.0,0.0,0.0,0.0,0.0,0,0.6224,0.4933,0.6718,0.3563,0.5489,0.0,0.0,0.0,0.0,0.0,0.0,0.0,No Stroke
P00286,0.4675,0.0,0.0,0.0,0.0,0.0,1.0,1.0,1,0.2959,0.2667,0.3692,0.4153,0.4028,0.0,1.0,1.0,1.0,1.0,0.0,0.0,Ischemic
P00287,0.4026,0.0,0.0,0.0,0.0,0.0,1.0,0.0,0,0.5306,0.28,0.3538,0.5357,0.3625,0.0,0.0,0.0,0.0,0.0,0.0,0.0,No Stroke
P00288,0.5065,1.0,0.0,1.0,0.0,1.0,0.0,0.0,1,0.3776,0.6,0.4154,0.424,0.506,1.0,0.0,1.0,1.0,0.0,0.0,0.0,Ischemic
P00289,0.3636,1.0,0.0,1.0,0.0,0.0,1.0,0.0,1,0.551,0.5067,0.2974,0.4066,0.4578,0.0,0.0,0.0,1.0,0.0,0.0,0.0,No Stroke
P00290,0.6104,1.0,0.0,0.0,0.0,0.0,1.0,0.0,0,0.0,0.28,0.4564,0.3172,0.6133,1.0,1.0,0.0,0.0,0.0,0.0,1.0,Ischemic
P00291,0.2857,1.0,0.0,0.0,0.0,0.0,1.0,0.0,1,0.5714,0.3333,0.1897,0.1701,0.4274,0.0,0.0,0.0,0.0,0.0,0.0,0.0,No Stroke
P00292,0.5195,0.0,0.0,0.0,0.0,0.0,0.0,0.0,1,0.4796,0.1467,0.4205,0.3172,0.43,0.0,1.0,0.0,0.0,0.0,0.0,0.0,Hemorrhagic
P00293,0.8052,0.0,0.0,0.0,0.0,0.0,0.0,0.0,0,0.6837,0.76,0.7231,0.4488,0.5373,0.0,0.0,1.0,0.0,0.0,1.0,0.0,Ischemic
P00294,0.4416,1.0,0.0,1.0,0.0,0.0,1.0,0.0,1,0.5102,0.36,0.3795,0.4389,0.5811,1.0,1.0,1.0,0.0,1.0,1.0,0.0,Ischemic
P00295,0.3506,1.0,1.0,0.0,0.0,0.0,0.0,0.0,1,0.7245,0.36,0.3077,0.3811,0.7014,0.0,0.0,0.0,0.0,1.0,0.0,0.0,No Stroke
P00296,0.4935,0.0,1.0,0.0,0.0,0.0,1.0,0.0,0,0.4388,0.3733,0.3641,0.139,0.6303,0.0,0.0,0.0,0.0,0.0,0.0,0.0,No Stroke
P00297,0.5714,1.0,0.0,0.0,0.0,0.0,0.0,0.0,0,0.2653,0.32,0.4513,0.3563,0.646,1.0,0.0,0.0,0.0,0.0,0.0,0.0,No Stroke
P00298,0.6104,1.0,0.0,0.0,0.0,0.0,0.0,0.0,1,0.5102,0.52,0.5026,0.2588,0.5892,1.0,1.0,1.0,0.0,0.0,0.0,1.0,Hemorrhagic
P00299,0.5584,0.0,1.0,0.0,0.0,0.0,0.0,0.0,0,0.4286,0.6267,0.4564,0.3017,0.5279,0.0,0.0,0.0,0.0,0.0,0.0,0.0,No Stroke
P00300,0.5974,1.0,1.0,0.0,0.0,0.0,0.0,0.0,1,0.3571,0.6533,0.4564,0.1726,0.7063,0.0,0.0,0.0,0.0,0.0,0.0,0.0,No Stroke
P00301,0.4416,1.0,0.0,0.0,0.0,0.0,0.0,0.0,1,0.4184,0.52,0.3538,0.3389,0.6352,1.0,0.0,0.0,0.0,0.0,0.0,0.0,No Stroke
P00302,0.8442,1.0,1.0,1.0,1.0,0.0,0.0,0.0,0,0.4898,0.5733,0.7744,0.6214,0.6004,1.0,0.0,1.0,0.0,0.0,0.0,0.0,Ischemic
P00303,0.4,1.0,0.0,1.0,0.0,0.0,0.0,0.0,0,0.4,0.4,0.4,0.6,0.6,1.0,0.0,1.0,0.0,0.0,0.0,0.0,Hemorrhagic
P00304,0.2987,0.0,0.0,0.0,0.0,0.0,0.0,1.0,0,0.5408,0.36,0.2205,0.3141,0.0,0.0,1.0,1.0,0.0,0.0,1.0,0.0,Ischemic
P00305,0.4805,0.0,0.0,0.0,0.0,0.0,0.0,0.0,0,0.4796,0.4667,0.4103,0.4302,0.3295,0.0,1.0,1.0,0.0,1.0,1.0,1.0,Ischemic
P00306,0.4545,0.0,0.0,0.0,0.0,0.0,0.0,0.0,0,0.5102,0.1733,0.3385,0.1738,0.3715,0.0,0.0,0.0,0.0,1.0,0.0,0.0,Ischemic
P00307,0.4026,0.0,0.0,1.0,0.0,0.0,1.0,0.0,1,0.5306,0.44,0.3641,0.5469,0.4627,0.0,1.0,1.0,1.0,1.0,0.0,0.0,Ischemic
P00308,1.0,0.0,1.0,0.0,0.0,0.0,0.0,1.0,1,0.3367,0.4267,0.8462,0.3147,0.477,0.0,0.0,0.0,0.0,0.0,0.0,0.0,No Stroke
P00309,0.961,1.0,1.0,1.0,0.0,0.0,0.0,1.0,0,0.5816,0.4667,0.8769,0.5102,0.6276,1.0,1.0,1.0,1.0,0.0,1.0,0.0,Ischemic
P00310,0.4545,0.0,0.0,0.0,0.0,0.0,0.0,0.0,1,0.4184,0.3467,0.3179,0.0764,0.4506,0.0,1.0,0.0,0.0,0.0,1.0,1.0,Ischemic
P00311,0.6753,1.0,0.0,1.0,0.0,0.0,0.0,0.0,1,0.2857,0.4133,0.5744,0.4637,0.5798,0.0,0.0,0.0,0.0,0.0,0.0,0.0,No Stroke
P00312,0.4675,0.0,0.0,0.0,1.0,0.0,1.0,1.0,1,0.2959,0.5067,0.3641,0.3079,0.3125,1.0,0.0,0.0,0.0,0.0,0.0,0.0,No Stroke
P00313,0.8831,0.0,0.0,0.0,0.0,0.0,1.0,0.0,1,0.4082,0.4533,0.7436,0.2719,0.2369,0.0,0.0,0.0,0.0,0.0,0.0,0.0,No Stroke
P00314,0.6104,0.0,0.0,1.0,0.0,0.0,1.0,0.0,0,0.6224,0.32,0.5282,0.388,0.4685,1.0,1.0,0.0,1.0,1.0,0.0,0.0,Ischemic
P00315,0.3766,1.0,0.0,0.0,0.0,0.0,0.0,1.0,0,0.4796,0.48,0.2821,0.288,0.5333,0.0,0.0,0.0,0.0,0.0,0.0,0.0,No Stroke
P00316,0.5974,1.0,0.0,0.0,0.0,0.0,0.0,1.0,0,0.5714,0.36,0.5179,0.3849,0.291,1.0,0.0,0.0,0.0,0.0,0.0,0.0,No Stroke
P00317,0.6753,0.0,0.0,0.0,0.0,0.0,0.0,0.0,1,0.6224,0.4267,0.5333,0.0074,0.4385,0.0,0.0,0.0,0.0,0.0,0.0,0.0,No Stroke
P00318,0.6494,0.0,1.0,0.0,0.0,0.0,0.0,0.0,1,0.4286,0.7067,0.5487,0.3755,0.4578,0.0,1.0,0.0,0.0,1.0,0.0,1.0,Ischemic
P00319,0.3766,0.0,1.0,0.0,0.0,0.0,0.0,1.0,1,0.2755,0.56,0.2769,0.3383,0.6026,0.0,1.0,0.0,0.0,0.0,0.0,0.0,Hemorrhagic
P00320,0.1818,0.0,0.0,0.0,0.0,0.0,0.0,0.0,1,0.1939,0.4667,0.0615,0.1862,0.5565,1.0,0.0,0.0,0.0,0.0,0.0,0.0,No Stroke
P00321,0.4805,0.0,1.0,0.0,0.0,0.0,0.0,0.0,0,0.3265,0.4667,0.3795,0.3563,0.3563,0.0,0.0,0.0,0.0,0.0,0.0,0.0,No Stroke
P00322,0.1688,0.0,0.0,0.0,0.0,1.0,1.0,0.0,0,0.0,0.2933,0.0256,0.1713,0.4287,0.0,1.0,0.0,0.0,1.0,1.0,0.0,Ischemic
P00323,0.2208,1.0,0.0,0.0,0.0,0.0,1.0,0.0,0,0.0918,0.36,0.0872,0.1508,0.6473,0.0,1.0,0.0,0.0,0.0,0.0,0.0,No Stroke
P00324,0.5974,1.0,0.0,1.0,0.0,0.0,0.0,0.0,1,0.3367,0.4267,0.4974,0.414,0.5878,0.0,0.0,0.0,0.0,0.0,0.0,0.0,No Stroke
P00325,0.026,1.0,0.0,0.0,0.0,0.0,0.0,0.0,0,0.2959,0.6,0.0,0.3222,0.5861,0.0,0.0,0.0,0.0,0.0,0.0,0.0,No Stroke
P00326,0.7013,1.0,1.0,0.0,1.0,0.0,0.0,0.0,0,0.6735,0.2933,0.6205,0.388,0.5414,0.0,1.0,0.0,1.0,1.0,1.0,0.0,Hemorrhagic
P00327,0.6364,1.0,0.0,1.0,0.0,0.0,0.0,1.0,0,0.1633,0.12,0.5692,0.7058,0.4904,0.0,0.0,0.0,0.0,0.0,0.0,0.0,No Stroke
P00328,0.7273,1.0,1.0,0.0,0.0,0.0,0.0,0.0,0,0.5306,0.72,0.6564,0.5357,0.3567,0.0,0.0,0.0,0.0,0.0,0.0,0.0,No Stroke
P00329,0.5195,0.0,0.0,0.0,0.0,0.0,0.0,0.0,1,0.2347,0.28,0.3846,0.2452,0.485,0.0,0.0,1.0,1.0,0.0,1.0,0.0,Ischemic
P00330,0.7273,1.0,1.0,0.0,0.0,0.0,0.0,0.0,1,0.7245,0.36,0.6667,0.4513,0.2606,0.0,1.0,0.0,1.0,0.0,0.0,1.0,Ischemic
P00331,0.5974,1.0,1.0,0.0,0.0,0.0,0.0,0.0,1,0.3469,0.4667,0.4974,0.4171,0.346,0.0,0.0,0.0,0.0,0.0,0.0,0.0,No Stroke
P00332,0.5844,0.0,0.0,0.0,0.0,0.0,0.0,0.0,0,0.4796,0.3467,0.4513,0.1229,0.4175,0.0,1.0,0.0,0.0,0.0,0.0,0.0,Ischemic
P00333,0.5584,0.0,0.0,0.0,0.0,0.0,0.0,0.0,1,0.3469,0.3067,0.4154,0.1229,0.4001,0.0,0.0,0.0,0.0,1.0,0.0,0.0,No Stroke
P00334,0.5065,1.0,0.0,1.0,0.0,0.0,0.0,0.0,1,0.4184,0.1467,0.4308,0.4569,0.6308,1.0,0.0,0.0,0.0,0.0,0.0,0.0,No Stroke
P00335,0.3896,1.0,0.0,0.0,0.0,0.0,0.0,0.0,1,0.4592,0.48,0.3179,0.3935,0.3987,1.0,0.0,0.0,0.0,0.0,0.0,1.0,No Stroke
P00336,0.5325,0.0,0.0,0.0,0.0,0.0,0.0,1.0,1,0.3367,0.4133,0.4154,0.27,0.262,0.0,1.0,0.0,0.0,1.0,1.0,0.0,Ischemic
P00337,0.5325,0.0,0.0,0.0,0.0,0.0,0.0,0.0,0,0.2857,0.6,0.4,0.2384,0.6723,1.0,1.0,1.0,1.0,0.0,1.0,1.0,Hemorrhagic
P00338,0.4935,1.0,0.0,0.0,0.0,0.0,1.0,0.0,0,0.3265,0.4133,0.4,0.4146,0.506,0.0,0.0,0.0,0.0,0.0,0.0,0.0,No Stroke
P00339,0.6234,1.0,0.0,0.0,0.0,0.0,1.0,0.0,0,0.3776,0.4533,0.5077,0.3402,0.2789,1.0,1.0,0.0,0.0,0.0,0.0,0.0,No Stroke
P00340,0.8831,0.0,1.0,1.0,0.0,0.0,1.0,0.0,1,0.8061,0.5733,0.8103,0.4463,0.4846,0.0,0.0,0.0,0.0,0.0,0.0,0.0,No Stroke
P00341,0.8831,1.0,1.0,0.0,0.0,0.0,0.0,0.0,0,0.449,0.44,0.7436,0.2508,0.5253,0.0,1.0,1.0,0.0,1.0,1.0,0.0,Ischemic
P00342,0.8052,1.0,1.0,1.0,0.0,0.0,0.0,0.0,0,0.3673,0.88,0.7179,0.5549,0.7658,0.0,1.0,0.0,0.0,1.0,0.0,0.0,Ischemic
P00343,0.7143,1.0,0.0,0.0,0.0,0.0,0.0,0.0,1,0.7041,0.5067,0.6205,0.2744,0.477,1.0,0.0,0.0,1.0,1.0,1.0,1.0,Ischemic
P00344,0.4286,0.0,1.0,1.0,0.0,0.0,0.0,0.0,1,0.5714,0.76,0.3949,0.558,0.3844,0.0,0.0,1.0,1.0,0.0,1.0,0.0,Ischemic
P00345,0.8831,0.0,0.0,0.0,0.0,0.0,0.0,0.0,1,0.449,0.6933,0.7282,0.131,0.4989,0.0,0.0,0.0,0.0,0.0,0.0,0.0,No Stroke
P00346,0.4805,1.0,0.0,0.0,0.0,0.0,1.0,0.0,0,0.5306,0.5067,0.3795,0.2359,0.3344,0.0,0.0,1.0,1.0,1.0,0.0,1.0,Ischemic
P00347,0.2338,1.0,0.0,0.0,0.0,0.0,0.0,0.0,0,0.1633,0.5333,0.1179,0.2508,0.4041,1.0,0.0,0.0,1.0,0.0,0.0,0.0,No Stroke
P00348,0.5844,1.0,1.0,0.0,0.0,0.0,1.0,0.0,1,0.4286,0.64,0.4923,0.4252,0.4859,0.0,0.0,0.0,0.0,0.0,0.0,0.0,No Stroke
P00349,0.5714,0.0,0.0,0.0,0.0,0.0,0.0,1.0,1,0.1327,0.4667,0.4308,0.288,0.5025,1.0,0.0,0.0,0.0,1.0,0.0,0.0,No Stroke
P00350,0.5714,0.0,0.0,1.0,0.0,0.0,1.0,0.0,0,0.4388,0.4533,0.4718,0.3656,0.392,0.0,0.0,0.0,0.0,0.0,0.0,0.0,No Stroke
P00351,0.1429,1.0,1.0,1.0,0.0,0.0,0.0,0.0,0,0.551,0.28,0.1333,0.6412,0.2713,0.0,0.0,0.0,0.0,0.0,0.0,0.0,No Stroke
P00352,0.8,0.0,1.0,1.0,0.0,0.0,1.0,0.0,0,0.4,0.5,0.7,0.6,0.5,0.0,1.0,1.0,0.0,0.0,0.0,0.0,Hemorrhagic
P00353,0.5584,0.0,0.0,0.0,0.0,0.0,0.0,0.0,0,0.051,0.2667,0.4205,0.3464,0.101,0.0,0.0,0.0,0.0,0.0,0.0,0.0,No Stroke
P00354,0.5584,0.0,0.0,0.0,0.0,0.0,1.0,1.0,1,0.3776,0.2267,0.4462,0.2924,0.4131,0.0,0.0,0.0,0.0,0.0,0.0,0.0,No Stroke
P00355,0.4286,1.0,0.0,1.0,0.0,0.0,1.0,0.0,1,0.4694,0.48,0.3744,0.5736,0.7479,0.0,1.0,1.0,1.0,0.0,1.0,1.0,Ischemic
P00356,0.8052,0.0,0.0,0.0,0.0,1.0,1.0,0.0,0,0.2347,0.5333,0.6256,0.0832,0.3715,0.0,0.0,0.0,0.0,0.0,0.0,0.0,No Stroke
P00357,0.6883,0.0,1.0,0.0,0.0,0.0,0.0,0.0,1,0.3776,0.3867,0.5487,0.185,0.5597,0.0,1.0,1.0,1.0,1.0,0.0,1.0,Ischemic
P00358,0.7013,0.0,1.0,0.0,0.0,0.0,0.0,0.0,0,0.4388,0.4133,0.5846,0.3073,0.5883,0.0,0.0,0.0,0.0,1.0,0.0,0.0,No Stroke
P00359,0.4026,0.0,0.0,0.0,0.0,0.0,0.0,0.0,0,0.3061,0.2133,0.2769,0.1546,0.2861,1.0,0.0,0.0,0.0,0.0,0.0,0.0,No Stroke
P00360,0.5065,1.0,1.0,0.0,0.0,0.0,1.0,0.0,0,0.5204,0.44,0.4256,0.3724,0.5132,0.0,1.0,1.0,0.0,0.0,0.0,1.0,Ischemic
P00361,0.8182,1.0,0.0,0.0,0.0,0.0,0.0,1.0,1,0.5204,0.68,0.7179,0.3644,0.616,0.0,1.0,1.0,0.0,0.0,0.0,0.0,Ischemic
P00362,0.4935,1.0,0.0,0.0,0.0,0.0,0.0,0.0,0,0.4388,0.5467,0.3897,0.3017,0.2423,1.0,0.0,0.0,0.0,0.0,0.0,0.0,No Stroke
P00363,0.7532,1.0,0.0,1.0,0.0,0.0,0.0,0.0,1,0.5,0.32,0.6359,0.2818,0.6929,0.0,1.0,0.0,1.0,0.0,0.0,1.0,Hemorrhagic
P00364,0.4416,0.0,1.0,0.0,1.0,0.0,0.0,0.0,0,0.6531,0.4933,0.4051,0.5469,0.7099,0.0,1.0,0.0,1.0,0.0,1.0,1.0,Ischemic
P00365,0.5714,1.0,1.0,0.0,1.0,0.0,0.0,0.0,0,0.5408,0.3333,0.5026,0.4966,0.633,0.0,0.0,0.0,0.0,1.0,0.0,0.0,No Stroke
P00366,0.5974,1.0,0.0,0.0,0.0,0.0,0.0,0.0,1,0.4388,0.44,0.4821,0.2291,0.6375,0.0,0.0,0.0,0.0,1.0,0.0,0.0,Ischemic
P00367,0.2857,1.0,0.0,0.0,0.0,0.0,0.0,0.0,0,0.4082,0.48,0.1949,0.2688,0.4765,0.0,1.0,0.0,0.0,0.0,0.0,0.0,Hemorrhagic
P00368,0.4675,1.0,1.0,0.0,0.0,0.0,0.0,1.0,0,0.449,0.48,0.4,0.4873,0.4117,0.0,0.0,0.0,0.0,0.0,0.0,0.0,No Stroke
P00369,0.3766,0.0,0.0,1.0,0.0,0.0,0.0,0.0,1,0.2347,0.4667,0.2923,0.5047,0.2065,0.0,0.0,0.0,0.0,0.0,0.0,0.0,No Stroke
P00370,0.5325,1.0,1.0,1.0,0.0,0.0,0.0,1.0,1,0.7449,0.52,0.4564,0.2793,0.5986,0.0,0.0,0.0,0.0,0.0,0.0,0.0,No Stroke
P00371,0.5195,0.0,0.0,0.0,1.0,0.0,0.0,0.0,1,0.3878,0.56,0.4,0.2309,0.3594,0.0,0.0,0.0,0.0,0.0,0.0,0.0,No Stroke
P00372,0.6364,1.0,0.0,0.0,0.0,0.0,0.0,0.0,1,0.0918,0.56,0.4769,0.2694,0.3666,0.0,0.0,0.0,0.0,0.0,0.0,0.0,No Stroke
P00373,0.4675,1.0,0.0,0.0,1.0,0.0,1.0,0.0,1,0.7449,0.1067,0.3538,0.0,0.3321,1.0,1.0,1.0,0.0,0.0,0.0,1.0,Hemorrhagic
P00374,0.5714,1.0,1.0,0.0,0.0,1.0,0.0,0.0,0,0.3776,0.6533,0.4256,0.0521,0.4081,0.0,0.0,0.0,0.0,0.0,0.0,0.0,No Stroke
P00375,0.5195,1.0,0.0,0.0,0.0,0.0,0.0,0.0,1,0.449,0.2267,0.4256,0.3482,0.1377,0.0,0.0,0.0,0.0,0.0,0.0,0.0,No Stroke
P00376,1.0,1.0,0.0,0.0,0.0,0.0,1.0,0.0,1,0.4388,0.52,0.9744,0.3352,0.4059,0.0,0.0,0.0,0.0,0.0,0.0,0.0,No Stroke
P00377,0.4286,1.0,0.0,1.0,0.0,0.0,0.0,1.0,0,0.3878,0.3067,0.4154,0.8101,0.9061,0.0,0.0,0.0,0.0,0.0,0.0,0.0,No Stroke
P00378,0.4026,0.0,1.0,0.0,0.0,0.0,1.0,1.0,1,0.3571,0.5333,0.2974,0.2831,0.3871,0.0,1.0,1.0,1.0,0.0,1.0,0.0,Ischemic
P00379,0.2727,1.0,1.0,0.0,1.0,0.0,0.0,1.0,0,0.4286,0.64,0.1744,0.2303,0.456,0.0,0.0,0.0,0.0,0.0,0.0,0.0,No Stroke
P00380,0.3117,1.0,0.0,0.0,0.0,0.0,1.0,0.0,1,0.3469,0.3467,0.1949,0.1794,0.4873,1.0,0.0,0.0,0.0,0.0,0.0,0.0,No Stroke
P00381,0.1688,0.0,0.0,0.0,0.0,0.0,0.0,0.0,1,0.2755,0.4933,0.041,0.0968,0.3527,0.0,0.0,0.0,0.0,0.0,0.0,0.0,No Stroke
P00382,0.4026,1.0,1.0,0.0,0.0,0.0,1.0,0.0,0,0.3163,0.28,0.2821,0.2197,0.2472,0.0,0.0,0.0,0.0,0.0,0.0,0.0,No Stroke
P00383,0.4286,1.0,0.0,0.0,0.0,0.0,1.0,1.0,0,0.0612,0.32,0.3231,0.4438,0.3567,1.0,0.0,0.0,0.0,1.0,0.0,0.0,No Stroke
P00384,0.7,0.0,1.0,0.0,0.0,0.0,1.0,0.0,0,0.5,0.4,0.6,0.4,0.4,0.0,1.0,1.0,1.0,1.0,0.0,0.0,Hemorrhagic
P00385,0.8182,1.0,0.0,1.0,0.0,0.0,1.0,0.0,0,0.4388,0.5467,0.7128,0.4283,0.3035,0.0,1.0,1.0,0.0,0.0,0.0,1.0,Ischemic
P00386,0.3117,1.0,0.0,0.0,0.0,0.0,0.0,1.0,0,0.051,0.2133,0.1846,0.2744,0.4622,0.0,0.0,0.0,0.0,1.0,0.0,0.0,No Stroke
P00387,0.5065,0.0,1.0,0.0,0.0,0.0,0.0,0.0,1,0.4694,0.7333,0.4256,0.4339,0.869,0.0,0.0,0.0,1.0,0.0,0.0,1.0,Hemorrhagic
P00388,0.8442,0.0,1.0,0.0,0.0,0.0,0.0,1.0,1,0.6633,0.68,0.7385,0.2682,0.3871,1.0,1.0,1.0,0.0,1.0,0.0,0.0,Ischemic
P00389,0.5714,1.0,0.0,0.0,0.0,0.0,0.0,0.0,0,0.3265,0.6133,0.4615,0.3687,0.6209,0.0,0.0,0.0,0.0,0.0,0.0,0.0,No Stroke
P00390,0.7532,0.0,1.0,0.0,0.0,0.0,0.0,0.0,0,0.6429,0.6267,0.6821,0.4972,0.4931,0.0,0.0,0.0,1.0,1.0,1.0,0.0,Ischemic
P00391,0.6104,1.0,0.0,0.0,0.0,0.0,0.0,0.0,0,0.1122,0.4267,0.4256,0.0341,0.4707,1.0,1.0,0.0,1.0,1.0,0.0,0.0,Ischemic
P00392,0.5455,1.0,0.0,0.0,0.0,0.0,0.0,0.0,1,0.3265,0.2267,0.4359,0.3184,0.401,1.0,0.0,0.0,0.0,0.0,0.0,0.0,No Stroke
P00393,0.6364,0.0,0.0,0.0,0.0,0.0,0.0,0.0,1,0.4388,0.64,0.559,0.5009,0.6536,1.0,0.0,0.0,0.0,0.0,0.0,0.0,No Stroke
P00394,0.7662,1.0,0.0,0.0,0.0,0.0,0.0,0.0,0,0.3673,0.56,0.6462,0.3389,0.4493,0.0,0.0,0.0,0.0,0.0,0.0,0.0,No Stroke
P00395,0.4805,0.0,1.0,0.0,0.0,1.0,1.0,0.0,1,0.3163,0.3467,0.4256,0.612,0.5355,0.0,1.0,1.0,0.0,1.0,0.0,1.0,Ischemic
P00396,0.5974,1.0,0.0,0.0,0.0,0.0,0.0,0.0,0,0.5714,0.6133,0.4923,0.2719,0.5145,1.0,0.0,0.0,0.0,0.0,0.0,0.0,No Stroke
P00397,0.3117,1.0,0.0,0.0,0.0,0.0,0.0,0.0,0,0.551,0.12,0.1795,0.0,0.257,0.0,0.0,0.0,0.0,0.0,0.0,0.0,No Stroke
P00398,0.4935,1.0,0.0,0.0,1.0,0.0,0.0,0.0,1,0.4184,0.6,0.4205,0.4953,0.2262,1.0,1.0,0.0,1.0,0.0,0.0,1.0,Hemorrhagic
P00399,0.3636,0.0,0.0,0.0,0.0,0.0,0.0,0.0,0,0.7041,0.6,0.2462,0.0,0.2705,0.0,0.0,1.0,0.0,1.0,1.0,0.0,Ischemic
P00400,0.4286,1.0,0.0,0.0,0.0,0.0,0.0,0.0,0,0.3776,0.3867,0.3179,0.2545,0.4162,0.0,0.0,0.0,0.0,0.0,0.0,0.0,No Stroke
P00401,0.2987,0.0,0.0,0.0,0.0,0.0,1.0,0.0,1,0.5204,0.3867,0.2205,0.3066,0.4144,0.0,0.0,0.0,0.0,0.0,0.0,0.0,No Stroke
P00402,0.6623,1.0,0.0,0.0,0.0,0.0,0.0,1.0,0,0.5918,0.5067,0.559,0.3085,0.3952,1.0,0.0,0.0,0.0,0.0,0.0,0.0,No Stroke
P00403,0.6104,1.0,0.0,0.0,0.0,1.0,0.0,0.0,0,0.2143,0.64,0.4667,0.2042,0.2405,1.0,0.0,0.0,0.0,0.0,0.0,1.0,No Stroke
P00404,0.6494,1.0,1.0,1.0,0.0,0.0,1.0,1.0,0,0.2245,0.7067,0.5436,0.455,0.6236,0.0,0.0,0.0,0.0,0.0,0.0,0.0,No Stroke
P00405,0.3636,1.0,1.0,0.0,0.0,0.0,1.0,0.0,1,0.5714,0.44,0.3231,0.4916,0.8149,0.0,0.0,1.0,1.0,0.0,0.0,0.0,Ischemic
P00406,0.974,1.0,1.0,0.0,0.0,0.0,0.0,1.0,0,0.5204,0.5733,0.8359,0.2241,0.8243,0.0,1.0,1.0,0.0,0.0,0.0,1.0,Ischemic
P00407,0.4675,1.0,1.0,1.0,1.0,0.0,0.0,0.0,1,0.5204,0.4533,0.3949,0.4382,0.6665,0.0,1.0,1.0,0.0,1.0,1.0,0.0,Ischemic
P00408,0.6234,1.0,0.0,0.0,1.0,0.0,0.0,1.0,1,0.3367,0.3867,0.4718,0.1577,0.4032,1.0,0.0,0.0,0.0,0.0,0.0,0.0,No Stroke
P00409,0.8831,1.0,1.0,0.0,0.0,1.0,0.0,0.0,0,0.6429,0.52,0.7897,0.4041,0.5458,0.0,0.0,0.0,0.0,0.0,0.0,0.0,No Stroke
P00410,0.5065,0.0,0.0,1.0,0.0,0.0,0.0,0.0,1,0.4796,0.5067,0.4308,0.4376,0.612,0.0,0.0,1.0,0.0,0.0,0.0,0.0,No Stroke
P00411,0.5584,0.0,0.0,0.0,0.0,0.0,0.0,0.0,1,0.2143,0.4533,0.4462,0.3942,0.5753,1.0,0.0,0.0,0.0,0.0,1.0,1.0,No Stroke
P00412,0.5714,1.0,1.0,1.0,0.0,0.0,0.0,1.0,0,0.5408,0.6133,0.5333,0.6896,0.3724,0.0,1.0,1.0,1.0,1.0,0.0,1.0,Ischemic
P00413,0.5065,1.0,0.0,1.0,0.0,0.0,0.0,0.0,0,0.1939,0.4933,0.4103,0.4724,0.5092,1.0,0.0,0.0,1.0,0.0,0.0,0.0,No Stroke
P00414,0.6104,1.0,1.0,0.0,0.0,0.0,0.0,0.0,0,0.6327,0.48,0.5897,0.6896,0.3259,1.0,0.0,0.0,0.0,0.0,0.0,0.0,No Stroke
P00415,0.5974,0.0,1.0,0.0,1.0,0.0,0.0,0.0,0,0.5714,0.5067,0.4667,0.0993,0.4636,0.0,0.0,0.0,0.0,0.0,0.0,0.0,No Stroke
P00416,0.6364,1.0,0.0,0.0,0.0,0.0,0.0,0.0,1,0.5408,0.2667,0.4821,0.0,0.7854,1.0,0.0,1.0,0.0,0.0,0.0,0.0,No Stroke
P00417,0.3117,0.0,0.0,0.0,0.0,0.0,0.0,1.0,1,0.4286,0.4667,0.2256,0.2955,0.2968,0.0,1.0,0.0,0.0,1.0,0.0,0.0,No Stroke
P00418,0.5974,0.0,0.0,0.0,0.0,0.0,0.0,0.0,1,0.3163,0.7733,0.4718,0.2824,0.3648,0.0,1.0,0.0,0.0,0.0,0.0,0.0,No Stroke
P00419,0.2857,1.0,0.0,0.0,0.0,0.0,0.0,0.0,0,0.1735,0.5467,0.2,0.4351,0.3272,0.0,0.0,0.0,0.0,0.0,0.0,0.0,No Stroke
P00420,0.4026,0.0,0.0,0.0,0.0,0.0,0.0,0.0,0,0.2041,0.2133,0.241,0.0,0.4063,0.0,1.0,0.0,0.0,0.0,0.0,1.0,Ischemic
P00421,0.2468,0.0,0.0,0.0,0.0,0.0,0.0,1.0,0,0.5102,0.3467,0.1282,0.0472,0.5092,0.0,1.0,1.0,1.0,1.0,0.0,1.0,Ischemic
P00422,0.5065,0.0,0.0,1.0,0.0,1.0,0.0,0.0,0,0.2551,0.5067,0.4462,0.6642,0.789,1.0,0.0,0.0,0.0,0.0,0.0,0.0,No Stroke
P00423,1.0,0.0,1.0,1.0,0.0,0.0,1.0,1.0,1,0.7449,0.76,0.9487,0.3259,0.6156,0.0,0.0,0.0,0.0,0.0,0.0,0.0,Ischemic
P00424,0.2468,1.0,1.0,0.0,0.0,0.0,0.0,0.0,0,0.5,0.3733,0.1692,0.2626,0.1296,0.0,0.0,0.0,0.0,0.0,0.0,1.0,Ischemic
P00425,0.6494,0.0,1.0,0.0,0.0,0.0,0.0,0.0,1,0.3776,0.5467,0.5949,0.6487,0.2445,0.0,0.0,0.0,0.0,0.0,0.0,0.0,No Stroke
P00426,0.2857,0.0,0.0,0.0,0.0,0.0,0.0,0.0,0,0.0714,0.4933,0.1333,0.1353,0.274,0.0,0.0,0.0,0.0,0.0,0.0,0.0,No Stroke
P00427,0.1948,0.0,0.0,0.0,0.0,0.0,0.0,0.0,1,0.2653,0.2667,0.0821,0.1626,0.3339,0.0,0.0,0.0,0.0,0.0,0.0,0.0,No Stroke
P00428,0.3247,0.0,1.0,0.0,0.0,0.0,0.0,0.0,0,0.3878,0.2533,0.2462,0.3824,0.5668,0.0,0.0,0.0,0.0,0.0,0.0,0.0,No Stroke
P00429,0.5974,0.0,0.0,0.0,0.0,0.0,0.0,0.0,1,0.5306,0.32,0.4923,0.2644,0.1824,1.0,0.0,0.0,0.0,0.0,0.0,0.0,No Stroke
P00430,0.3377,0.0,0.0,0.0,0.0,0.0,0.0,0.0,1,0.2857,0.56,0.2769,0.581,0.2888,0.0,0.0,0.0,0.0,1.0,0.0,0.0,No Stroke
P00431,0.8442,1.0,1.0,0.0,0.0,0.0,0.0,0.0,1,0.5714,0.4133,0.7436,0.3724,0.4792,1.0,0.0,0.0,0.0,1.0,1.0,0.0,Ischemic
P00432,0.5195,1.0,0.0,0.0,0.0,0.0,1.0,0.0,0,0.3673,0.2267,0.4256,0.383,0.3187,1.0,0.0,0.0,0.0,0.0,0.0,0.0,No Stroke
P00433,0.4935,1.0,0.0,0.0,0.0,0.0,0.0,0.0,0,0.5612,0.3333,0.4359,0.4389,0.3156,0.0,0.0,0.0,1.0,0.0,0.0,0.0,No Stroke
P00434,0.4675,0.0,0.0,0.0,0.0,0.0,0.0,0.0,1,0.5,0.2533,0.359,0.2055,0.5628,0.0,0.0,0.0,0.0,0.0,0.0,0.0,No Stroke
P00435,0.6623,0.0,0.0,0.0,0.0,0.0,0.0,0.0,1,0.2449,0.28,0.5026,0.108,0.3867,1.0,0.0,0.0,0.0,0.0,0.0,0.0,No Stroke
P00436,0.6234,0.0,1.0,0.0,0.0,0.0,0.0,0.0,0,0.6735,0.4533,0.559,0.4593,0.6004,0.0,1.0,0.0,0.0,0.0,1.0,0.0,Ischemic
P00437,0.5325,1.0,0.0,0.0,0.0,0.0,1.0,0.0,1,0.4796,0.3733,0.4359,0.3259,0.6375,0.0,0.0,0.0,0.0,0.0,0.0,0.0,No Stroke
P00438,0.4156,1.0,1.0,0.0,0.0,0.0,0.0,1.0,0,0.7041,0.28,0.359,0.3315,0.553,0.0,1.0,0.0,0.0,0.0,0.0,0.0,Hemorrhagic
P00439,0.7,1.0,1.0,1.0,0.0,0.0,0.0,1.0,0,0.5,0.6,0.7,0.7,0.2,0.0,1.0,0.0,0.0,1.0,0.0,0.0,Hemorrhagic
P00440,0.5714,0.0,1.0,0.0,1.0,0.0,0.0,0.0,1,0.7041,0.6267,0.5179,0.4668,0.5498,0.0,1.0,1.0,0.0,0.0,1.0,1.0,Ischemic
P00441,0.6364,0.0,0.0,1.0,0.0,0.0,1.0,0.0,1,0.3571,0.3333,0.5385,0.414,0.5275,1.0,1.0,0.0,1.0,1.0,0.0,1.0,Ischemic
P00442,0.3896,1.0,0.0,1.0,0.0,0.0,0.0,1.0,0,0.1429,0.2933,0.3179,0.5953,0.4023,0.0,0.0,0.0,0.0,0.0,0.0,0.0,No Stroke
P00443,0.3636,0.0,0.0,0.0,0.0,0.0,0.0,1.0,1,0.2041,0.44,0.2513,0.3495,0.4443,0.0,0.0,0.0,0.0,0.0,0.0,0.0,No Stroke
P00444,0.9351,0.0,1.0,1.0,0.0,0.0,0.0,0.0,1,0.4286,0.56,0.841,0.5307,0.4408,0.0,1.0,1.0,0.0,0.0,0.0,0.0,Ischemic
P00445,0.5714,1.0,0.0,0.0,0.0,1.0,1.0,0.0,0,0.4082,0.2933,0.4308,0.1521,0.6486,1.0,0.0,0.0,0.0,0.0,0.0,0.0,No Stroke
P00446,0.7403,1.0,1.0,0.0,1.0,0.0,1.0,0.0,0,0.5306,0.64,0.6667,0.5425,0.3666,0.0,1.0,0.0,0.0,0.0,1.0,0.0,Ischemic
P00447,0.8052,0.0,1.0,0.0,0.0,0.0,1.0,0.0,0,0.7449,0.6667,0.7282,0.3973,0.3424,1.0,1.0,0.0,0.0,1.0,0.0,1.0,Ischemic
P00448,0.5974,1.0,1.0,1.0,0.0,0.0,0.0,0.0,0,0.6122,0.4267,0.559,0.5916,0.5923,0.0,1.0,0.0,0.0,0.0,0.0,1.0,Ischemic
P00449,0.5844,1.0,0.0,0.0,0.0,0.0,1.0,0.0,1,0.6429,0.24,0.5026,0.3457,0.2088,0.0,0.0,1.0,0.0,1.0,0.0,1.0,Ischemic
P00450,0.5844,1.0,0.0,0.0,0.0,1.0,0.0,0.0,1,0.5612,0.48,0.5026,0.3737,0.6008,0.0,0.0,0.0,0.0,0.0,0.0,0.0,No Stroke
P00451,0.6494,0.0,0.0,0.0,1.0,0.0,0.0,0.0,0,0.1122,0.3467,0.5231,0.3836,0.5382,1.0,0.0,1.0,0.0,1.0,0.0,0.0,Ischemic
P00452,0.6364,1.0,0.0,0.0,0.0,1.0,0.0,1.0,0,0.2755,0.5867,0.5333,0.4233,0.662,1.0,0.0,0.0,0.0,0.0,0.0,0.0,No Stroke
P00453,0.3506,1.0,0.0,0.0,0.0,0.0,1.0,1.0,1,0.5306,0.2133,0.3026,0.4792,0.7622,1.0,0.0,0.0,0.0,0.0,0.0,0.0,No Stroke
P00454,0.5844,0.0,1.0,0.0,0.0,0.0,0.0,0.0,0,0.4286,0.4267,0.4718,0.2663,0.5096,0.0,1.0,1.0,0.0,0.0,0.0,0.0,Ischemic
P00455,0.5584,0.0,0.0,1.0,1.0,0.0,0.0,0.0,1,0.3061,0.5333,0.4359,0.298,0.4873,1.0,1.0,1.0,1.0,1.0,1.0,0.0,Hemorrhagic
P00456,0.4156,0.0,0.0,0.0,0.0,0.0,0.0,0.0,0,0.2551,0.4933,0.2769,0.1421,0.65,0.0,0.0,0.0,0.0,0.0,1.0,0.0,No Stroke
P00457,0.6623,0.0,0.0,0.0,0.0,0.0,0.0,0.0,1,0.4184,0.4533,0.5436,0.2557,0.4086,0.0,0.0,0.0,0.0,0.0,0.0,0.0,No Stroke
P00458,0.5584,1.0,0.0,0.0,0.0,0.0,0.0,0.0,0,0.3265,0.56,0.4205,0.1626,0.1395,0.0,0.0,0.0,0.0,0.0,0.0,0.0,No Stroke
P00459,0.6753,1.0,1.0,1.0,0.0,0.0,0.0,0.0,1,0.602,0.6133,0.6,0.4736,0.6392,0.0,0.0,1.0,0.0,1.0,0.0,1.0,Ischemic
P00460,0.6,1.0,0.0,1.0,0.0,1.0,0.0,0.0,1,0.4,0.1,0.5,0.5,0.7,1.0,1.0,0.0,1.0,1.0,0.0,0.0,Hemorrhagic
P00461,0.6753,1.0,1.0,0.0,0.0,0.0,0.0,0.0,1,0.7041,0.56,0.6308,0.6096,0.5208,0.0,0.0,1.0,0.0,0.0,1.0,0.0,Ischemic
P00462,0.5974,0.0,1.0,0.0,0.0,0.0,0.0,0.0,0,0.4694,0.5067,0.4615,0.0999,0.1864,0.0,0.0,0.0,0.0,0.0,0.0,0.0,No Stroke
P00463,0.7922,1.0,0.0,0.0,0.0,0.0,0.0,1.0,0,0.2143,0.52,0.5897,0.0,0.2472,0.0,1.0,1.0,0.0,1.0,0.0,0.0,Ischemic
P00464,0.4416,0.0,1.0,1.0,0.0,0.0,0.0,0.0,0,0.5102,0.4933,0.4359,0.7964,0.6026,0.0,0.0,0.0,0.0,0.0,0.0,0.0,No Stroke
P00465,0.8571,0.0,1.0,1.0,0.0,0.0,0.0,0.0,0,0.551,0.5733,0.8103,0.766,0.3299,0.0,0.0,0.0,0.0,0.0,0.0,0.0,No Stroke
P00466,0.9091,0.0,1.0,1.0,0.0,0.0,1.0,0.0,1,0.4184,0.88,0.8256,0.5841,0.6035,0.0,0.0,0.0,0.0,1.0,1.0,0.0,Ischemic
P00467,1.0,0.0,1.0,1.0,0.0,0.0,0.0,0.0,1,0.3571,0.48,0.9692,0.9131,0.5324,1.0,1.0,0.0,0.0,1.0,1.0,1.0,Hemorrhagic
P00468,0.4935,0.0,0.0,0.0,0.0,0.0,1.0,1.0,0,0.2551,0.44,0.4103,0.5363,0.3773,1.0,0.0,0.0,0.0,0.0,0.0,0.0,No Stroke
P00469,0.6494,1.0,1.0,0.0,0.0,0.0,0.0,1.0,1,0.6429,0.6267,0.5641,0.3023,0.4184,0.0,0.0,1.0,1.0,1.0,0.0,0.0,Ischemic
P00470,0.3117,0.0,0.0,0.0,0.0,0.0,0.0,1.0,0,0.3163,0.16,0.2154,0.2793,0.3782,1.0,1.0,0.0,0.0,0.0,0.0,1.0,No Stroke
P00471,0.6494,0.0,1.0,1.0,0.0,0.0,1.0,0.0,1,0.5102,0.6667,0.5846,0.5419,0.658,0.0,1.0,0.0,0.0,1.0,1.0,0.0,Ischemic
P00472,0.2727,0.0,0.0,0.0,0.0,0.0,0.0,1.0,0,0.051,0.4933,0.159,0.3457,0.3719,0.0,0.0,0.0,0.0,0.0,0.0,0.0,No Stroke
P00473,0.4156,0.0,0.0,0.0,0.0,0.0,1.0,0.0,1,0.5714,0.5467,0.3128,0.1825,0.3107,0.0,0.0,0.0,0.0,0.0,0.0,0.0,No Stroke
P00474,0.6623,1.0,0.0,0.0,1.0,0.0,0.0,0.0,0,0.5612,0.2667,0.5538,0.2917,0.6312,1.0,0.0,0.0,0.0,0.0,0.0,0.0,No Stroke
P00475,0.3636,1.0,0.0,1.0,0.0,0.0,0.0,0.0,1,0.2959,0.44,0.2923,0.5189,0.4542,0.0,1.0,1.0,1.0,0.0,0.0,0.0,Ischemic
P00476,0.4805,0.0,0.0,0.0,0.0,0.0,0.0,0.0,0,0.3265,0.2,0.3744,0.2948,0.3223,1.0,0.0,0.0,0.0,0.0,0.0,0.0,No Stroke
P00477,0.1299,0.0,0.0,0.0,0.0,0.0,1.0,0.0,1,0.3163,0.04,0.0769,0.4662,0.321,0.0,1.0,1.0,0.0,0.0,1.0,0.0,Ischemic
P00478,0.6753,0.0,0.0,0.0,0.0,0.0,0.0,0.0,0,0.0816,0.48,0.5333,0.3489,0.3505,0.0,0.0,0.0,0.0,1.0,0.0,0.0,No Stroke
P00479,0.5455,1.0,1.0,0.0,0.0,0.0,1.0,0.0,0,0.398,0.6267,0.4154,0.2055,0.6822,0.0,1.0,1.0,0.0,0.0,1.0,1.0,Hemorrhagic
P00480,0.5714,0.0,0.0,0.0,0.0,0.0,1.0,0.0,0,0.5408,0.36,0.4615,0.2415,0.3657,1.0,0.0,1.0,0.0,1.0,1.0,1.0,Hemorrhagic
P00481,0.4545,1.0,0.0,0.0,0.0,0.0,1.0,1.0,0,0.3061,0.4133,0.3077,0.077,0.363,1.0,1.0,1.0,0.0,0.0,1.0,0.0,Hemorrhagic
P00482,0.7143,1.0,1.0,1.0,0.0,0.0,0.0,0.0,0,0.6633,0.56,0.6615,0.5487,0.6746,1.0,1.0,1.0,0.0,0.0,0.0,1.0,Hemorrhagic
P00483,0.2987,0.0,1.0,0.0,0.0,0.0,0.0,1.0,0,0.449,0.3333,0.2051,0.2576,0.5087,0.0,0.0,0.0,0.0,0.0,0.0,0.0,No Stroke
P00484,0.4416,0.0,1.0,0.0,0.0,0.0,0.0,0.0,0,0.5408,0.5067,0.359,0.3203,0.6562,0.0,1.0,1.0,0.0,1.0,1.0,1.0,Ischemic
P00485,0.2078,0.0,0.0,1.0,0.0,0.0,1.0,0.0,0,0.3571,0.3733,0.1538,0.478,0.7103,0.0,1.0,0.0,0.0,0.0,0.0,1.0,Hemorrhagic
P00486,0.8312,1.0,0.0,0.0,0.0,1.0,0.0,0.0,0,0.4184,0.44,0.7077,0.3445,0.3084,0.0,0.0,0.0,0.0,0.0,0.0,0.0,No Stroke
P00487,0.2078,0.0,0.0,0.0,0.0,0.0,1.0,0.0,1,0.6939,0.28,0.1846,0.468,0.3438,1.0,1.0,1.0,0.0,1.0,1.0,0.0,Hemorrhagic
P00488,0.5325,1.0,0.0,0.0,0.0,0.0,1.0,0.0,1,0.2755,0.3867,0.4154,0.3309,0.3889,0.0,0.0,0.0,0.0,0.0,0.0,0.0,No Stroke
P00489,0.2468,0.0,0.0,1.0,0.0,0.0,1.0,0.0,0,0.398,0.4667,0.2,0.5158,0.3169,1.0,0.0,0.0,0.0,0.0,0.0,0.0,No Stroke
P00490,0.4286,0.0,0.0,1.0,0.0,0.0,0.0,1.0,0,0.4082,0.3333,0.4256,0.8622,0.6679,0.0,0.0,0.0,0.0,0.0,0.0,0.0,No Stroke
P00491,0.9481,1.0,1.0,0.0,0.0,0.0,0.0,0.0,0,0.4694,0.7733,0.8513,0.5239,0.439,1.0,1.0,1.0,0.0,1.0,1.0,1.0,Ischemic
P00492,0.6883,1.0,1.0,1.0,0.0,0.0,1.0,0.0,0,0.4388,0.56,0.6359,0.6524,0.7009,0.0,0.0,0.0,0.0,0.0,0.0,1.0,Hemorrhagic
P00493,0.5844,0.0,0.0,0.0,0.0,0.0,0.0,0.0,1,0.7653,0.5067,0.4872,0.167,0.3719,1.0,0.0,0.0,1.0,0.0,0.0,0.0,No Stroke
P00494,0.5195,0.0,0.0,0.0,0.0,1.0,0.0,0.0,1,0.2653,0.5467,0.3795,0.18,0.6254,0.0,0.0,1.0,1.0,1.0,1.0,0.0,Ischemic
P00495,0.7013,0.0,0.0,0.0,1.0,0.0,0.0,0.0,0,0.7143,0.6667,0.641,0.4482,0.0286,0.0,1.0,1.0,0.0,1.0,0.0,0.0,Ischemic
P00496,0.5325,1.0,1.0,0.0,0.0,0.0,0.0,0.0,1,0.9082,0.4667,0.4667,0.2117,0.2691,0.0,0.0,0.0,0.0,0.0,0.0,0.0,No Stroke
P00497,0.4675,0.0,1.0,0.0,0.0,0.0,1.0,0.0,0,0.6735,0.3333,0.3846,0.2235,0.3742,0.0,0.0,1.0,0.0,0.0,1.0,0.0,Ischemic
P00498,0.2727,1.0,0.0,0.0,0.0,0.0,1.0,0.0,1,0.3061,0.48,0.2051,0.455,0.27,0.0,0.0,1.0,0.0,1.0,1.0,1.0,Ischemic
P00499,0.5974,0.0,1.0,0.0,0.0,0.0,1.0,1.0,0,0.5204,0.5067,0.5026,0.3464,0.6276,0.0,0.0,0.0,0.0,0.0,0.0,0.0,No Stroke
P00500,0.5325,0.0,1.0,0.0,0.0,0.0,1.0,0.0,0,0.3367,0.3733,0.3846,0.1285,0.5878,0.0,0.0,0.0,0.0,0.0,0.0,0.0,No Stroke
P00501,0.2857,0.0,1.0,0.0,0.0,0.0,0.0,1.0,0,0.2143,0.52,0.2,0.3948,0.667,0.0,0.0,0.0,0.0,0.0,0.0,0.0,No Stroke
P00502,0.3636,1.0,0.0,0.0,0.0,0.0,1.0,0.0,0,0.1531,0.6267,0.2513,0.3315,0.5579,1.0,0.0,0.0,0.0,0.0,0.0,1.0,No Stroke
P00503,0.6234,0.0,0.0,0.0,0.0,0.0,1.0,0.0,1,0.551,0.5067,0.5179,0.2471,0.6893,0.0,0.0,0.0,1.0,1.0,0.0,1.0,Ischemic
P00504,0.4286,0.0,0.0,1.0,0.0,0.0,1.0,1.0,0,0.2041,0.3733,0.3744,0.6561,0.5051,0.0,0.0,0.0,0.0,0.0,0.0,0.0,No Stroke
P00505,0.6234,1.0,0.0,0.0,0.0,0.0,1.0,1.0,0,0.2857,0.3733,0.4974,0.3197,0.6254,0.0,1.0,0.0,0.0,0.0,0.0,0.0,Ischemic
P00506,0.7403,1.0,1.0,1.0,0.0,0.0,0.0,0.0,1,0.6531,0.6,0.6769,0.5164,0.6276,0.0,1.0,0.0,0.0,0.0,1.0,0.0,Ischemic
P00507,0.5584,0.0,0.0,0.0,0.0,0.0,0.0,1.0,0,0.398,0.3467,0.4513,0.3414,0.3639,1.0,0.0,0.0,0.0,0.0,0.0,0.0,No Stroke
P00508,0.4675,1.0,0.0,1.0,0.0,0.0,0.0,1.0,0,0.4694,0.5867,0.4462,0.7213,0.291,1.0,0.0,0.0,0.0,0.0,0.0,0.0,No Stroke
P00509,0.4805,0.0,0.0,0.0,0.0,0.0,0.0,0.0,0,0.6122,0.2,0.4,0.3203,0.523,1.0,1.0,0.0,0.0,1.0,0.0,0.0,Ischemic
P00510,0.7403,1.0,0.0,0.0,0.0,0.0,0.0,1.0,0,0.3265,0.6267,0.5692,0.0801,0.2481,1.0,0.0,0.0,1.0,0.0,0.0,0.0,No Stroke
P00511,0.4026,1.0,0.0,0.0,0.0,0.0,1.0,0.0,0,0.3061,0.4667,0.3077,0.3929,0.6889,0.0,1.0,0.0,0.0,0.0,0.0,0.0,No Stroke
P00512,0.2727,0.0,0.0,0.0,0.0,0.0,0.0,0.0,1,0.3163,0.5467,0.1641,0.2067,0.3804,0.0,0.0,0.0,0.0,0.0,0.0,0.0,No Stroke
P00513,0.8312,1.0,1.0,1.0,0.0,0.0,0.0,1.0,0,0.6122,0.6667,0.7795,0.64,0.3737,0.0,1.0,0.0,1.0,1.0,1.0,0.0,Ischemic
P00514,0.8052,0.0,1.0,0.0,0.0,0.0,0.0,0.0,0,0.4388,0.3467,0.6923,0.3371,0.5239,1.0,0.0,1.0,0.0,1.0,1.0,1.0,Ischemic
P00515,0.4545,0.0,1.0,0.0,0.0,0.0,0.0,1.0,1,0.4592,0.52,0.3692,0.3296,0.5726,0.0,1.0,1.0,0.0,1.0,1.0,0.0,Ischemic
P00516,0.5065,1.0,0.0,0.0,0.0,0.0,0.0,0.0,1,0.4388,0.4,0.4103,0.3358,0.3898,0.0,0.0,0.0,0.0,0.0,0.0,0.0,No Stroke
P00517,0.3247,0.0,1.0,1.0,0.0,0.0,0.0,0.0,1,0.6327,0.6133,0.2974,0.5847,0.5065,0.0,0.0,0.0,0.0,0.0,0.0,0.0,No Stroke
P00518,0.5065,1.0,1.0,0.0,0.0,0.0,1.0,0.0,0,0.6122,0.4667,0.4,0.1403,0.2928,0.0,0.0,0.0,0.0,0.0,0.0,0.0,No Stroke
P00519,0.6494,0.0,0.0,0.0,0.0,0.0,0.0,0.0,0,0.398,0.5333,0.5385,0.3197,0.2392,0.0,0.0,1.0,0.0,1.0,0.0,1.0,Hemorrhagic
P00520,0.7013,0.0,1.0,0.0,0.0,0.0,0.0,0.0,1,0.5102,0.4933,0.5692,0.1688,0.4005,0.0,0.0,0.0,0.0,1.0,0.0,0.0,Ischemic
P00521,0.2208,1.0,0.0,1.0,0.0,0.0,0.0,1.0,0,0.3367,0.1067,0.159,0.46,0.7819,1.0,0.0,0.0,0.0,0.0,0.0,0.0,No Stroke
P00522,0.1039,0.0,0.0,0.0,0.0,0.0,1.0,0.0,1,0.1531,0.3733,0.0154,0.3718,0.3885,1.0,0.0,0.0,0.0,0.0,0.0,0.0,No Stroke
P00523,0.2078,1.0,0.0,1.0,0.0,0.0,1.0,0.0,0,0.449,0.4267,0.1692,0.5512,0.5498,0.0,0.0,0.0,0.0,0.0,0.0,0.0,No Stroke
P00524,0.4286,0.0,1.0,1.0,0.0,0.0,1.0,0.0,0,0.3776,0.4667,0.359,0.478,0.506,0.0,0.0,0.0,0.0,0.0,0.0,0.0,No Stroke
P00525,0.7792,0.0,0.0,0.0,0.0,0.0,0.0,0.0,0,0.7143,0.4933,0.6359,0.0,0.5704,0.0,1.0,1.0,0.0,0.0,0.0,1.0,Ischemic
P00526,0.5325,1.0,0.0,0.0,0.0,0.0,0.0,0.0,0,0.4898,0.5333,0.4462,0.3662,0.544,0.0,0.0,0.0,0.0,1.0,0.0,1.0,No Stroke
P00527,0.4416,1.0,1.0,0.0,0.0,0.0,0.0,0.0,1,0.3673,0.44,0.4,0.6872,0.367,0.0,0.0,1.0,1.0,0.0,0.0,1.0,Hemorrhagic
P00528,0.3896,0.0,0.0,0.0,0.0,0.0,0.0,0.0,1,0.4082,0.28,0.2923,0.2669,0.4734,0.0,1.0,0.0,0.0,0.0,0.0,0.0,No Stroke
P00529,0.6104,0.0,0.0,1.0,0.0,0.0,0.0,1.0,1,0.6633,0.44,0.5641,0.5369,0.5427,0.0,1.0,0.0,1.0,0.0,1.0,1.0,Ischemic
P00530,0.961,0.0,0.0,1.0,0.0,0.0,0.0,0.0,0,0.4694,0.6267,0.8872,0.6785,0.4037,0.0,0.0,0.0,0.0,1.0,0.0,1.0,Hemorrhagic
P00531,0.7273,0.0,0.0,0.0,0.0,0.0,0.0,0.0,0,0.3776,0.76,0.6,0.2948,0.5288,1.0,0.0,0.0,0.0,0.0,0.0,0.0,No Stroke
P00532,0.3896,1.0,1.0,1.0,1.0,1.0,0.0,0.0,0,0.2857,0.4933,0.3333,0.5965,0.3786,0.0,1.0,0.0,1.0,1.0,1.0,1.0,Ischemic
P00533,0.5325,1.0,0.0,0.0,0.0,0.0,0.0,1.0,0,0.3673,0.48,0.3846,0.0577,0.4747,0.0,1.0,1.0,0.0,1.0,0.0,1.0,Ischemic
P00534,0.5714,0.0,0.0,0.0,0.0,0.0,0.0,0.0,0,0.4796,0.32,0.441,0.1726,0.2128,0.0,0.0,0.0,0.0,0.0,0.0,0.0,No Stroke
P00535,0.6494,1.0,0.0,0.0,0.0,0.0,0.0,0.0,0,0.2959,0.56,0.5179,0.2557,0.3245,0.0,0.0,0.0,0.0,0.0,0.0,0.0,No Stroke
P00536,0.3636,1.0,0.0,0.0,0.0,0.0,1.0,1.0,0,0.5306,0.2,0.241,0.0782,0.4269,0.0,1.0,1.0,1.0,0.0,0.0,0.0,Ischemic
P00537,0.7403,0.0,1.0,0.0,0.0,0.0,0.0,0.0,0,0.5204,0.4267,0.5897,0.0757,0.561,0.0,0.0,0.0,0.0,0.0,0.0,0.0,No Stroke
P00538,0.4675,1.0,0.0,0.0,0.0,0.0,0.0,1.0,1,0.1327,0.4667,0.3333,0.2862,0.5186,1.0,0.0,0.0,0.0,0.0,0.0,0.0,No Stroke
P00539,0.4,1.0,1.0,0.0,0.0,0.0,0.0,1.0,0,0.5,0.5,0.3,0.5,0.5,0.0,1.0,1.0,0.0,1.0,1.0,0.0,Hemorrhagic
P00540,0.7273,1.0,1.0,0.0,0.0,0.0,1.0,1.0,1,0.3673,0.8533,0.6051,0.3265,0.3652,0.0,1.0,1.0,0.0,1.0,1.0,0.0,Ischemic
P00541,0.6494,1.0,0.0,0.0,0.0,0.0,0.0,0.0,0,0.5306,0.6533,0.5436,0.3147,0.2955,0.0,0.0,0.0,0.0,0.0,0.0,0.0,No Stroke
P00542,0.4805,0.0,0.0,0.0,0.0,0.0,0.0,1.0,0,0.4184,0.4267,0.4154,0.5022,0.4904,0.0,0.0,0.0,0.0,0.0,0.0,0.0,No Stroke
P00543,0.4416,0.0,0.0,1.0,0.0,0.0,0.0,0.0,1,0.2551,0.7067,0.3333,0.3277,0.7005,0.0,1.0,0.0,1.0,0.0,0.0,0.0,Ischemic
P00544,0.5065,0.0,1.0,0.0,1.0,0.0,0.0,0.0,0,0.398,0.52,0.4308,0.4426,0.3295,0.0,0.0,0.0,0.0,0.0,0.0,0.0,No Stroke
P00545,0.3636,0.0,0.0,1.0,0.0,0.0,0.0,1.0,0,0.2755,0.08,0.2769,0.3973,0.6424,0.0,0.0,0.0,0.0,0.0,0.0,0.0,No Stroke
P00546,0.6,0.0,1.0,0.0,0.0,0.0,0.0,1.0,1,0.4,0.5,0.6,0.5,0.8,0.0,0.0,1.0,0.0,0.0,1.0,0.0,Hemorrhagic
P00547,0.8701,1.0,0.0,0.0,0.0,0.0,1.0,0.0,1,0.3673,0.48,0.6769,0.0006,0.4367,0.0,0.0,0.0,0.0,0.0,0.0,0.0,No Stroke
P00548,0.8052,0.0,1.0,1.0,1.0,0.0,0.0,0.0,0,0.5816,0.36,0.7744,0.7865,0.7139,1.0,1.0,0.0,0.0,0.0,0.0,0.0,Hemorrhagic
P00549,0.4156,1.0,0.0,0.0,0.0,0.0,0.0,1.0,0,0.1224,0.4267,0.2718,0.2117,0.6303,0.0,0.0,0.0,0.0,0.0,0.0,0.0,No Stroke
P00550,0.5844,1.0,0.0,0.0,0.0,0.0,1.0,0.0,0,0.551,0.6133,0.4821,0.257,0.5083,0.0,0.0,0.0,0.0,0.0,0.0,0.0,No Stroke
P00551,0.5065,1.0,0.0,1.0,0.0,0.0,1.0,0.0,0,0.3571,0.4267,0.4308,0.4947,0.4466,1.0,0.0,0.0,0.0,0.0,0.0,0.0,No Stroke
P00552,0.9351,0.0,1.0,0.0,0.0,1.0,0.0,0.0,0,0.6939,0.88,0.8564,0.4929,0.4502,1.0,0.0,0.0,0.0,0.0,0.0,0.0,No Stroke
P00553,0.5974,1.0,1.0,0.0,0.0,0.0,0.0,1.0,0,0.6327,0.36,0.5385,0.46,0.5266,0.0,0.0,0.0,0.0,0.0,0.0,0.0,No Stroke
P00554,0.6234,0.0,1.0,1.0,0.0,0.0,0.0,0.0,0,0.7245,0.1733,0.6308,0.8026,0.5494,0.0,1.0,1.0,0.0,1.0,0.0,0.0,Ischemic
P00555,0.6104,1.0,0.0,1.0,0.0,1.0,1.0,0.0,0,0.3571,0.4,0.5897,0.8783,0.2946,1.0,0.0,1.0,0.0,1.0,1.0,0.0,Ischemic
P00556,0.7143,1.0,1.0,0.0,0.0,0.0,0.0,0.0,0,0.6327,0.64,0.6,0.18,0.4081,0.0,0.0,0.0,0.0,0.0,0.0,0.0,No Stroke
P00557,0.7662,0.0,1.0,0.0,0.0,0.0,0.0,0.0,1,0.5816,0.52,0.6667,0.3402,0.6607,0.0,1.0,1.0,0.0,1.0,0.0,1.0,Ischemic
P00558,0.8571,1.0,1.0,0.0,0.0,0.0,0.0,0.0,1,0.5816,0.8,0.7744,0.5053,0.2253,0.0,1.0,1.0,0.0,0.0,0.0,0.0,Hemorrhagic
P00559,1.0,0.0,0.0,1.0,0.0,1.0,0.0,0.0,0,0.3061,0.7067,1.0,0.4643,0.371,0.0,0.0,0.0,0.0,1.0,0.0,0.0,No Stroke
P00560,0.3896,0.0,1.0,0.0,0.0,0.0,0.0,1.0,0,0.3673,0.3067,0.2821,0.2651,0.6165,0.0,0.0,0.0,0.0,0.0,0.0,0.0,No Stroke
P00561,0.7662,0.0,1.0,1.0,1.0,0.0,0.0,0.0,0,0.6122,0.4267,0.7282,0.6977,0.7568,0.0,0.0,0.0,0.0,0.0,0.0,0.0,Ischemic
P00562,0.2338,0.0,0.0,0.0,0.0,0.0,0.0,0.0,1,0.2041,0.3867,0.1282,0.2669,0.7206,0.0,0.0,0.0,1.0,1.0,0.0,0.0,No Stroke
P00563,0.7143,0.0,0.0,0.0,0.0,0.0,1.0,0.0,1,0.2551,0.5067,0.5436,0.1248,0.3116,0.0,0.0,0.0,0.0,0.0,0.0,0.0,No Stroke
P00564,0.5844,1.0,1.0,0.0,0.0,0.0,1.0,1.0,1,0.5918,0.6,0.5231,0.4655,0.481,0.0,1.0,0.0,0.0,0.0,0.0,1.0,Hemorrhagic
P00565,0.6364,0.0,0.0,0.0,0.0,0.0,0.0,1.0,1,0.3367,0.3467,0.5128,0.2818,0.565,0.0,0.0,1.0,0.0,0.0,0.0,1.0,Ischemic
P00566,0.5455,1.0,1.0,1.0,0.0,0.0,1.0,0.0,0,0.5408,0.3333,0.5077,0.6499,0.6826,0.0,1.0,1.0,0.0,1.0,0.0,1.0,Ischemic
P00567,0.3506,0.0,0.0,0.0,0.0,0.0,0.0,0.0,1,0.3061,0.5067,0.2,0.0186,0.5069,0.0,0.0,0.0,0.0,0.0,0.0,0.0,No Stroke
P00568,0.5844,1.0,0.0,0.0,0.0,0.0,1.0,0.0,1,0.5408,0.4933,0.4872,0.3234,0.4435,1.0,1.0,1.0,0.0,0.0,0.0,0.0,Ischemic
P00569,0.7143,1.0,0.0,0.0,0.0,0.0,1.0,0.0,0,0.6122,0.6,0.5846,0.1477,0.4265,1.0,0.0,1.0,1.0,1.0,0.0,0.0,Ischemic
P00570,0.7922,1.0,1.0,0.0,0.0,0.0,1.0,1.0,1,0.5306,0.52,0.6667,0.2514,0.5069,0.0,0.0,0.0,0.0,0.0,0.0,0.0,No Stroke
P00571,0.3766,0.0,0.0,0.0,0.0,0.0,0.0,0.0,0,0.3163,0.3733,0.2564,0.185,0.4832,0.0,0.0,0.0,0.0,0.0,0.0,0.0,No Stroke
P00572,0.6104,0.0,1.0,1.0,0.0,0.0,0.0,0.0,0,0.6735,0.4267,0.5744,0.568,0.3138,0.0,1.0,1.0,1.0,0.0,0.0,1.0,Hemorrhagic
P00573,0.2857,1.0,0.0,0.0,0.0,0.0,0.0,0.0,1,0.2653,0.4267,0.1641,0.1502,0.4725,0.0,0.0,0.0,0.0,0.0,0.0,0.0,No Stroke
P00574,0.5844,1.0,0.0,0.0,0.0,0.0,0.0,0.0,0,0.4082,0.7067,0.4615,0.2303,0.5338,0.0,1.0,0.0,0.0,1.0,0.0,1.0,Ischemic
P00575,0.3247,0.0,0.0,0.0,0.0,0.0,1.0,0.0,0,0.2653,0.2667,0.1846,0.0726,0.3456,0.0,0.0,0.0,0.0,0.0,0.0,0.0,No Stroke
P00576,0.4416,0.0,1.0,0.0,0.0,0.0,1.0,0.0,0,0.398,0.44,0.3487,0.3849,0.696,0.0,1.0,0.0,1.0,1.0,1.0,1.0,Ischemic
P00577,0.2857,0.0,0.0,0.0,0.0,0.0,0.0,0.0,1,0.3469,0.32,0.1795,0.203,0.447,0.0,0.0,0.0,0.0,0.0,0.0,0.0,No Stroke
P00578,0.6883,1.0,0.0,0.0,0.0,1.0,1.0,0.0,0,0.6735,0.4667,0.5949,0.2936,0.4899,1.0,0.0,0.0,0.0,0.0,0.0,0.0,No Stroke
P00579,0.4545,1.0,0.0,0.0,0.0,0.0,0.0,0.0,0,0.3776,0.7067,0.3179,0.1328,0.3496,1.0,0.0,0.0,0.0,0.0,0.0,0.0,No Stroke
P00580,0.4156,1.0,0.0,1.0,0.0,0.0,1.0,1.0,1,0.3061,0.48,0.3487,0.5332,0.2043,0.0,1.0,0.0,1.0,1.0,0.0,0.0,Ischemic
P00581,0.4805,0.0,0.0,0.0,0.0,0.0,0.0,1.0,0,0.2857,0.5467,0.3487,0.1993,0.5194,1.0,0.0,0.0,0.0,0.0,0.0,0.0,No Stroke
P00582,0.3247,0.0,1.0,0.0,0.0,0.0,0.0,1.0,0,0.4082,0.4533,0.2513,0.4221,0.3782,0.0,1.0,1.0,1.0,1.0,0.0,0.0,Ischemic
P00583,0.0,0.0,0.0,0.0,0.0,0.0,1.0,0.0,0,0.3776,0.44,0.0,0.2899,0.5029,0.0,0.0,0.0,0.0,0.0,0.0,0.0,No Stroke
P00584,0.4545,0.0,0.0,1.0,0.0,0.0,0.0,0.0,1,0.1837,0.3067,0.3949,0.6536,0.3272,0.0,0.0,0.0,0.0,0.0,0.0,0.0,No Stroke
P00585,0.4805,1.0,0.0,0.0,0.0,0.0,0.0,0.0,0,0.4184,0.3867,0.3641,0.1937,0.5834,0.0,0.0,0.0,1.0,1.0,0.0,1.0,Ischemic
P00586,0.6753,0.0,0.0,0.0,0.0,1.0,1.0,1.0,1,0.3061,0.3733,0.5282,0.2055,0.502,0.0,0.0,0.0,1.0,0.0,1.0,0.0,Hemorrhagic
P00587,0.0779,0.0,1.0,0.0,0.0,0.0,0.0,0.0,1,0.4286,0.5067,0.0154,0.329,0.7135,0.0,1.0,1.0,1.0,1.0,0.0,1.0,Hemorrhagic
P00588,0.3896,0.0,0.0,0.0,0.0,0.0,1.0,0.0,1,0.2245,0.5067,0.2769,0.334,0.4734,0.0,0.0,0.0,0.0,0.0,0.0,0.0,No Stroke
P00589,0.3247,0.0,1.0,0.0,0.0,0.0,0.0,0.0,1,0.4592,0.5733,0.2308,0.2216,0.4041,0.0,0.0,0.0,0.0,0.0,0.0,0.0,No Stroke
P00590,0.3896,0.0,0.0,0.0,0.0,0.0,0.0,0.0,1,0.4592,0.5867,0.3282,0.4674,0.3107,1.0,0.0,0.0,0.0,0.0,0.0,0.0,No Stroke
P00591,0.3247,1.0,0.0,0.0,1.0,0.0,0.0,1.0,1,0.2143,0.5333,0.2256,0.3818,0.5311,0.0,0.0,0.0,0.0,0.0,0.0,0.0,No Stroke
P00592,0.2208,0.0,1.0,1.0,0.0,0.0,0.0,0.0,0,0.4184,0.2933,0.1846,0.5673,0.7774,0.0,0.0,0.0,0.0,0.0,0.0,0.0,No Stroke
P00593,0.5584,1.0,1.0,0.0,0.0,0.0,0.0,0.0,1,0.6429,0.4267,0.5026,0.4718,0.4296,0.0,0.0,0.0,0.0,0.0,0.0,0.0,No Stroke
P00594,0.4675,0.0,1.0,0.0,0.0,0.0,0.0,0.0,1,0.4082,0.5867,0.3795,0.3606,0.5262,0.0,0.0,0.0,0.0,0.0,0.0,0.0,No Stroke
P00595,0.5974,1.0,1.0,1.0,0.0,0.0,0.0,0.0,0,0.4184,0.2667,0.5897,0.9106,0.7483,0.0,0.0,0.0,0.0,0.0,1.0,1.0,Ischemic
P00596,0.5455,0.0,1.0,1.0,1.0,0.0,0.0,0.0,0,0.6531,0.3467,0.5077,0.5574,0.574,0.0,1.0,0.0,0.0,1.0,1.0,1.0,Ischemic
P00597,0.7273,0.0,1.0,1.0,0.0,0.0,0.0,1.0,0,0.5612,0.6533,0.7077,0.7883,0.6705,0.0,0.0,0.0,1.0,1.0,0.0,1.0,Ischemic
P00598,0.7143,0.0,0.0,1.0,0.0,0.0,1.0,0.0,1,0.4694,0.5867,0.6359,0.4767,0.3304,0.0,0.0,0.0,0.0,1.0,0.0,0.0,Ischemic
P00599,0.4805,1.0,0.0,0.0,0.0,0.0,0.0,0.0,1,0.1224,0.4,0.359,0.3786,0.5767,0.0,0.0,0.0,0.0,0.0,0.0,0.0,No Stroke
P00600,0.2857,0.0,0.0,0.0,0.0,0.0,1.0,0.0,1,0.3061,0.3067,0.1641,0.1465,0.3236,0.0,0.0,0.0,0.0,0.0,0.0,0.0,No Stroke
P00601,0.9,1.0,0.0,1.0,0.0,0.0,0.0,0.0,1,0.3,0.5,0.8,0.6,0.4,0.0,1.0,0.0,0.0,1.0,0.0,1.0,Hemorrhagic
P00602,0.8571,0.0,0.0,0.0,0.0,0.0,0.0,0.0,1,0.2449,0.36,0.6769,0.1092,0.1752,0.0,0.0,0.0,0.0,0.0,0.0,0.0,No Stroke
P00603,0.2857,0.0,0.0,0.0,0.0,0.0,0.0,0.0,1,0.2653,0.36,0.159,0.162,0.1945,0.0,0.0,0.0,0.0,0.0,0.0,1.0,No Stroke
P00604,0.4935,0.0,1.0,0.0,0.0,0.0,1.0,0.0,1,0.398,0.2933,0.4,0.4066,0.5811,0.0,0.0,0.0,0.0,0.0,0.0,0.0,No Stroke
P00605,0.5974,1.0,0.0,0.0,0.0,0.0,0.0,0.0,1,0.2347,0.4,0.4667,0.2682,0.4944,0.0,0.0,0.0,0.0,0.0,0.0,0.0,No Stroke
P00606,0.4156,0.0,0.0,0.0,0.0,0.0,1.0,0.0,0,0.4592,0.2267,0.3282,0.3675,0.224,0.0,1.0,1.0,0.0,1.0,1.0,1.0,Ischemic
P00607,0.4,1.0,1.0,0.0,1.0,0.0,0.0,1.0,1,0.5,0.5,0.3,0.3,0.4,0.0,1.0,0.0,0.0,1.0,0.0,1.0,Hemorrhagic
P00608,0.9221,0.0,1.0,0.0,0.0,0.0,0.0,0.0,1,0.6531,0.6533,0.8,0.2576,0.5767,0.0,0.0,1.0,0.0,1.0,1.0,1.0,Hemorrhagic
P00609,0.7532,0.0,1.0,0.0,0.0,0.0,1.0,0.0,0,0.6429,0.64,0.6359,0.1819,0.8055,0.0,0.0,1.0,0.0,1.0,1.0,0.0,Hemorrhagic
P00610,0.961,1.0,0.0,1.0,0.0,0.0,0.0,0.0,0,0.551,0.3467,0.8564,0.4339,0.169,0.0,0.0,1.0,0.0,0.0,1.0,0.0,Ischemic
P00611,0.5195,0.0,0.0,0.0,0.0,0.0,1.0,0.0,1,0.398,0.4933,0.4205,0.3631,0.5512,0.0,0.0,0.0,0.0,0.0,0.0,0.0,No Stroke
P00612,0.7273,0.0,1.0,1.0,1.0,0.0,0.0,0.0,0,0.4388,0.3733,0.6308,0.4283,0.5847,0.0,0.0,0.0,0.0,1.0,1.0,0.0,Ischemic
P00613,0.4545,1.0,1.0,1.0,0.0,0.0,1.0,0.0,0,0.6122,0.6267,0.4308,0.6151,0.7635,0.0,0.0,0.0,0.0,0.0,0.0,0.0,No Stroke
P00614,0.2987,1.0,0.0,0.0,0.0,0.0,0.0,0.0,1,0.398,0.1333,0.2256,0.3861,0.4037,0.0,1.0,0.0,1.0,0.0,0.0,0.0,Ischemic
P00615,0.6494,1.0,1.0,0.0,0.0,0.0,1.0,0.0,0,0.551,0.3333,0.5692,0.4227,0.5262,0.0,0.0,1.0,0.0,0.0,1.0,0.0,Ischemic
P00616,0.7403,1.0,0.0,0.0,1.0,0.0,0.0,0.0,0,0.5,0.4933,0.6615,0.4991,0.4747,1.0,0.0,0.0,0.0,0.0,0.0,0.0,No Stroke
P00617,0.6364,1.0,1.0,0.0,0.0,0.0,1.0,0.0,1,0.7245,0.7867,0.5641,0.3476,0.4247,0.0,0.0,0.0,0.0,0.0,0.0,0.0,No Stroke
P00618,0.4286,1.0,1.0,0.0,0.0,0.0,1.0,1.0,1,0.6633,0.5733,0.4,0.5419,0.6848,0.0,1.0,1.0,0.0,1.0,0.0,0.0,Hemorrhagic
P00619,0.1818,1.0,0.0,0.0,0.0,0.0,0.0,0.0,0,0.2755,0.4533,0.1128,0.4687,0.2494,0.0,0.0,0.0,0.0,0.0,0.0,0.0,No Stroke
P00620,0.6623,0.0,1.0,0.0,0.0,0.0,1.0,0.0,0,0.1939,0.6667,0.4821,0.0521,0.4645,0.0,0.0,0.0,0.0,0.0,0.0,1.0,No Stroke
P00621,0.8571,1.0,1.0,0.0,0.0,0.0,0.0,0.0,1,0.5408,0.5867,0.7385,0.2837,0.519,0.0,0.0,0.0,0.0,0.0,0.0,0.0,No Stroke
P00622,0.3636,0.0,0.0,0.0,0.0,0.0,1.0,0.0,1,0.5204,0.5867,0.359,0.7635,0.4354,0.0,0.0,0.0,0.0,0.0,0.0,0.0,No Stroke
P00623,0.3896,0.0,0.0,0.0,0.0,0.0,0.0,0.0,1,0.4796,0.6267,0.3077,0.3128,0.3487,1.0,0.0,0.0,0.0,1.0,0.0,0.0,No Stroke
P00624,0.3377,1.0,1.0,0.0,1.0,0.0,1.0,0.0,1,0.6327,0.2267,0.2462,0.1999,0.5981,0.0,0.0,1.0,1.0,1.0,0.0,0.0,Hemorrhagic
P00625,0.4545,1.0,0.0,0.0,0.0,0.0,0.0,0.0,0,0.4082,0.3733,0.3487,0.2998,0.4059,0.0,0.0,0.0,0.0,0.0,0.0,0.0,No Stroke
P00626,0.7532,0.0,1.0,0.0,0.0,0.0,1.0,0.0,1,0.398,0.7333,0.7026,0.7281,0.3684,0.0,0.0,0.0,0.0,0.0,0.0,1.0,Ischemic
P00627,0.6623,0.0,0.0,1.0,0.0,0.0,0.0,1.0,0,0.6327,0.4267,0.5744,0.3513,0.3965,0.0,0.0,0.0,0.0,0.0,0.0,0.0,No Stroke
P00628,0.4545,1.0,0.0,0.0,0.0,0.0,0.0,0.0,0,0.2857,0.3867,0.3538,0.3979,0.747,1.0,0.0,0.0,0.0,0.0,0.0,0.0,No Stroke
P00629,0.4286,1.0,0.0,0.0,0.0,0.0,1.0,0.0,1,0.3571,0.3867,0.3179,0.27,0.3979,1.0,0.0,0.0,0.0,0.0,0.0,0.0,No Stroke
P00630,0.3506,1.0,0.0,0.0,0.0,0.0,0.0,0.0,1,0.2041,0.5067,0.2615,0.4786,0.2557,1.0,0.0,0.0,0.0,0.0,0.0,1.0,No Stroke
P00631,0.8701,1.0,1.0,0.0,0.0,0.0,0.0,0.0,0,0.4898,0.5333,0.7231,0.1831,0.4403,1.0,1.0,0.0,1.0,0.0,1.0,1.0,Hemorrhagic
P00632,0.7013,1.0,1.0,0.0,0.0,0.0,0.0,0.0,0,0.4286,0.4533,0.5692,0.2601,0.5391,0.0,0.0,0.0,0.0,0.0,0.0,0.0,No Stroke
P00633,0.6104,0.0,0.0,0.0,0.0,0.0,0.0,0.0,0,0.4898,0.72,0.5179,0.3563,0.4806,1.0,0.0,0.0,0.0,0.0,0.0,0.0,No Stroke
P00634,0.3896,0.0,0.0,0.0,0.0,0.0,1.0,0.0,0,0.2755,0.52,0.2615,0.1533,0.2968,0.0,0.0,0.0,0.0,0.0,0.0,0.0,No Stroke
P00635,1.0,0.0,1.0,1.0,0.0,0.0,0.0,0.0,1,0.551,0.6933,0.9077,0.4836,0.7461,1.0,0.0,0.0,0.0,1.0,1.0,0.0,Ischemic
P00636,0.6883,1.0,0.0,0.0,0.0,0.0,0.0,0.0,1,0.3776,0.6,0.5538,0.2439,0.1842,1.0,0.0,0.0,0.0,0.0,0.0,0.0,No Stroke
P00637,0.6753,0.0,1.0,0.0,0.0,0.0,0.0,0.0,0,0.5714,0.5467,0.5538,0.1589,0.5364,0.0,0.0,0.0,0.0,0.0,0.0,0.0,No Stroke
P00638,0.9221,0.0,0.0,1.0,0.0,0.0,0.0,1.0,1,0.5204,0.6267,0.8205,0.4178,0.5105,0.0,0.0,0.0,0.0,0.0,0.0,0.0,No Stroke
P00639,0.5325,1.0,0.0,1.0,0.0,0.0,0.0,0.0,1,0.3163,0.3733,0.4359,0.3917,0.5382,0.0,1.0,1.0,0.0,1.0,0.0,1.0,Ischemic
P00640,0.2468,1.0,1.0,0.0,0.0,0.0,0.0,0.0,1,0.2653,0.4533,0.1385,0.2303,0.7756,0.0,0.0,0.0,0.0,0.0,0.0,0.0,No Stroke
P00641,0.5065,1.0,0.0,0.0,0.0,0.0,0.0,0.0,1,0.4184,0.48,0.3846,0.1757,0.4095,1.0,0.0,0.0,0.0,0.0,0.0,0.0,No Stroke
P00642,0.6494,1.0,1.0,0.0,0.0,0.0,1.0,0.0,1,0.7959,0.7067,0.5795,0.3222,0.3339,0.0,0.0,0.0,0.0,0.0,0.0,1.0,Ischemic
P00643,0.2338,0.0,0.0,0.0,0.0,0.0,1.0,0.0,1,0.3367,0.7333,0.1487,0.3582,0.4551,0.0,0.0,0.0,0.0,0.0,1.0,0.0,No Stroke
P00644,0.6494,1.0,1.0,0.0,0.0,0.0,1.0,1.0,1,0.6122,0.6533,0.5436,0.2259,0.2843,0.0,0.0,0.0,0.0,0.0,0.0,1.0,Ischemic
P00645,0.6234,1.0,0.0,1.0,0.0,0.0,0.0,0.0,1,0.2449,0.5467,0.5282,0.5171,0.557,0.0,0.0,0.0,0.0,0.0,0.0,0.0,No Stroke
P00646,0.4805,0.0,1.0,0.0,0.0,1.0,1.0,0.0,0,0.5816,0.4133,0.3846,0.2309,0.6965,0.0,0.0,0.0,1.0,1.0,0.0,1.0,Ischemic
P00647,0.4026,1.0,1.0,0.0,0.0,0.0,0.0,1.0,0,0.5918,0.5867,0.3128,0.2688,0.4716,0.0,0.0,0.0,0.0,0.0,0.0,0.0,No Stroke
P00648,0.6623,1.0,1.0,1.0,0.0,0.0,0.0,0.0,0,0.5102,0.5733,0.5846,0.4513,0.4037,0.0,0.0,0.0,0.0,0.0,0.0,0.0,No Stroke
P00649,0.4545,0.0,0.0,1.0,0.0,0.0,1.0,0.0,0,0.2551,0.4933,0.3949,0.6046,0.2834,1.0,0.0,0.0,0.0,0.0,0.0,0.0,No Stroke
P00650,0.6234,1.0,0.0,1.0,0.0,0.0,1.0,0.0,1,0.0408,0.24,0.5128,0.5332,0.3979,1.0,1.0,0.0,1.0,0.0,1.0,0.0,Ischemic
P00651,0.8571,1.0,0.0,0.0,0.0,0.0,0.0,0.0,1,0.2143,0.5467,0.7385,0.4867,0.5391,0.0,1.0,0.0,1.0,1.0,1.0,1.0,Ischemic
P00652,0.3896,0.0,0.0,1.0,0.0,0.0,0.0,0.0,0,0.3163,0.4133,0.3538,0.748,0.2915,0.0,1.0,0.0,0.0,1.0,0.0,0.0,Ischemic
P00653,0.6623,0.0,0.0,0.0,0.0,0.0,1.0,0.0,0,0.3776,0.68,0.5692,0.4736,0.3822,1.0,1.0,1.0,0.0,1.0,1.0,1.0,Ischemic
P00654,0.039,1.0,0.0,0.0,0.0,0.0,0.0,0.0,0,0.3265,0.4,0.0,0.27,0.5311,0.0,0.0,0.0,0.0,0.0,0.0,0.0,No Stroke
P00655,0.5714,1.0,0.0,0.0,0.0,0.0,0.0,0.0,1,0.6327,0.48,0.4821,0.2638,0.2401,0.0,0.0,0.0,0.0,0.0,0.0,0.0,No Stroke
P00656,0.6494,1.0,0.0,0.0,1.0,0.0,0.0,0.0,1,0.4082,0.4133,0.5026,0.1521,0.2021,0.0,1.0,0.0,0.0,0.0,1.0,1.0,Ischemic
P00657,0.5195,1.0,1.0,0.0,1.0,0.0,1.0,1.0,1,0.3265,0.24,0.3846,0.1962,0.3527,0.0,1.0,0.0,0.0,1.0,1.0,0.0,Ischemic
P00658,0.5844,1.0,0.0,0.0,0.0,0.0,0.0,1.0,1,0.4388,0.4267,0.4615,0.2284,0.3169,0.0,1.0,0.0,0.0,0.0,1.0,1.0,Ischemic
P00659,0.6883,1.0,0.0,1.0,0.0,0.0,1.0,0.0,0,0.2755,0.44,0.5897,0.4674,0.5235,0.0,0.0,0.0,0.0,1.0,0.0,0.0,No Stroke
P00660,0.8,1.0,1.0,0.0,0.0,0.0,0.0,0.0,0,0.6,0.7,0.7,0.4,0.5,0.0,0.0,0.0,0.0,1.0,1.0,1.0,Hemorrhagic
P00661,0.5844,0.0,0.0,0.0,0.0,0.0,1.0,0.0,1,0.3571,0.3467,0.4718,0.2911,0.6518,0.0,1.0,0.0,0.0,1.0,1.0,1.0,Ischemic
P00662,0.3247,0.0,0.0,0.0,0.0,0.0,0.0,0.0,0,0.1837,0.4667,0.2205,0.334,0.2119,1.0,0.0,0.0,0.0,0.0,1.0,0.0,No Stroke
P00663,0.4026,0.0,0.0,0.0,0.0,0.0,0.0,1.0,0,0.2959,0.5733,0.3077,0.3606,0.2879,0.0,0.0,0.0,0.0,0.0,0.0,0.0,No Stroke
P00664,0.4545,0.0,0.0,1.0,0.0,0.0,0.0,0.0,1,0.3673,0.44,0.4103,0.6989,0.6643,0.0,0.0,0.0,0.0,0.0,0.0,0.0,No Stroke
P00665,0.7532,0.0,0.0,0.0,1.0,0.0,1.0,0.0,1,0.449,0.56,0.6513,0.4016,0.578,1.0,0.0,0.0,0.0,1.0,1.0,0.0,Ischemic
P00666,0.6234,1.0,0.0,0.0,0.0,0.0,0.0,0.0,1,0.398,0.32,0.5077,0.2911,0.574,1.0,1.0,0.0,0.0,1.0,0.0,1.0,Ischemic
P00667,0.6623,1.0,0.0,1.0,0.0,0.0,0.0,1.0,1,0.3878,0.8,0.5487,0.3606,0.3648,1.0,0.0,0.0,0.0,0.0,0.0,0.0,No Stroke
P00668,0.7403,0.0,1.0,0.0,0.0,0.0,0.0,0.0,1,0.2143,0.5733,0.5744,0.1546,0.3979,0.0,0.0,0.0,0.0,0.0,0.0,0.0,No Stroke
P00669,0.5195,0.0,1.0,0.0,1.0,0.0,1.0,0.0,1,0.7653,0.4133,0.4308,0.1986,0.7591,0.0,1.0,0.0,1.0,0.0,0.0,1.0,Ischemic
P00670,0.7532,1.0,1.0,0.0,0.0,0.0,0.0,0.0,1,0.7041,0.36,0.6462,0.2228,0.3608,0.0,1.0,1.0,0.0,1.0,0.0,1.0,Ischemic
P00671,0.7662,0.0,1.0,1.0,0.0,0.0,0.0,0.0,1,0.5204,0.68,0.7128,0.6654,0.5516,0.0,0.0,0.0,0.0,1.0,0.0,0.0,No Stroke
P00672,0.2078,1.0,1.0,0.0,0.0,0.0,1.0,1.0,0,0.1939,0.6133,0.1179,0.3768,0.2955,0.0,1.0,1.0,0.0,0.0,0.0,0.0,Hemorrhagic
P00673,0.3247,1.0,0.0,0.0,0.0,0.0,0.0,0.0,1,0.398,0.4667,0.2154,0.2129,0.4788,0.0,0.0,0.0,0.0,0.0,0.0,0.0,No Stroke
P00674,0.8052,1.0,1.0,0.0,0.0,0.0,1.0,0.0,0,0.3061,0.4133,0.6615,0.2545,0.8118,0.0,0.0,0.0,0.0,1.0,0.0,0.0,Ischemic
P00675,0.7143,0.0,0.0,0.0,1.0,0.0,0.0,1.0,1,0.6531,0.3467,0.6154,0.2638,0.4215,0.0,0.0,0.0,0.0,0.0,0.0,0.0,No Stroke
P00676,0.3896,1.0,0.0,0.0,0.0,0.0,0.0,1.0,0,0.2959,0.5067,0.2513,0.0888,0.4752,1.0,1.0,0.0,0.0,0.0,1.0,0.0,Ischemic
P00677,0.5844,0.0,1.0,0.0,0.0,0.0,1.0,0.0,1,0.4592,0.5467,0.441,0.0894,0.5516,0.0,0.0,0.0,0.0,0.0,0.0,0.0,No Stroke
P00678,0.7143,1.0,0.0,0.0,0.0,0.0,0.0,1.0,1,0.3571,0.32,0.6103,0.4258,0.5686,1.0,1.0,0.0,1.0,0.0,1.0,1.0,Ischemic
P00679,0.8182,0.0,0.0,0.0,0.0,0.0,0.0,0.0,0,0.4184,0.4933,0.6462,0.0615,0.4479,0.0,0.0,0.0,0.0,0.0,0.0,0.0,No Stroke
P00680,0.8701,1.0,1.0,0.0,0.0,1.0,0.0,0.0,0,0.6735,0.4133,0.7538,0.2551,0.3987,1.0,0.0,0.0,0.0,0.0,0.0,0.0,No Stroke
P00681,0.4545,1.0,0.0,0.0,0.0,0.0,1.0,0.0,0,0.1837,0.44,0.3436,0.3532,0.4198,0.0,1.0,0.0,0.0,1.0,1.0,0.0,Ischemic
P00682,0.3506,0.0,0.0,0.0,0.0,0.0,0.0,0.0,1,0.2653,0.4533,0.2359,0.2601,0.4873,1.0,0.0,0.0,0.0,0.0,0.0,0.0,No Stroke
P00683,0.7403,0.0,1.0,0.0,0.0,0.0,0.0,0.0,1,0.4898,0.6667,0.6205,0.2303,0.3911,0.0,0.0,0.0,0.0,0.0,0.0,0.0,No Stroke
P00684,0.7922,1.0,1.0,0.0,0.0,0.0,0.0,0.0,0,0.6837,0.44,0.6974,0.3544,0.3706,0.0,1.0,1.0,0.0,0.0,1.0,1.0,Ischemic
P00685,0.2078,0.0,0.0,0.0,0.0,0.0,0.0,1.0,0,0.102,0.2667,0.0923,0.2781,0.3496,1.0,0.0,0.0,0.0,0.0,0.0,0.0,No Stroke
P00686,0.8182,0.0,1.0,0.0,0.0,0.0,0.0,1.0,0,0.5306,0.5467,0.7026,0.2793,0.3612,1.0,0.0,0.0,0.0,0.0,0.0,0.0,No Stroke
P00687,0.5195,1.0,0.0,0.0,0.0,0.0,0.0,1.0,0,0.398,0.5333,0.4205,0.365,0.6482,0.0,0.0,0.0,0.0,0.0,0.0,0.0,No Stroke
P00688,0.8182,0.0,1.0,0.0,0.0,0.0,0.0,0.0,1,0.4796,0.6133,0.6923,0.2775,0.1922,1.0,1.0,0.0,0.0,0.0,1.0,1.0,Hemorrhagic
P00689,0.4286,0.0,1.0,0.0,0.0,0.0,1.0,0.0,0,0.3878,0.5333,0.3487,0.45,0.5194,0.0,0.0,0.0,0.0,0.0,0.0,0.0,No Stroke
P00690,0.5195,1.0,0.0,0.0,0.0,0.0,0.0,0.0,1,0.4082,0.3733,0.3692,0.0608,0.4131,1.0,0.0,0.0,1.0,0.0,0.0,0.0,No Stroke
P00691,0.6234,0.0,0.0,0.0,0.0,0.0,0.0,0.0,1,0.449,0.4,0.559,0.6021,0.4868,0.0,0.0,0.0,0.0,0.0,0.0,0.0,No Stroke
P00692,0.3636,0.0,0.0,0.0,0.0,0.0,0.0,0.0,1,0.2449,0.3733,0.2513,0.3085,0.1998,0.0,0.0,0.0,0.0,0.0,0.0,0.0,No Stroke
P00693,0.2987,1.0,0.0,0.0,0.0,0.0,1.0,0.0,0,0.2041,0.2667,0.1641,0.167,0.1793,1.0,1.0,0.0,0.0,0.0,0.0,0.0,No Stroke
P00694,0.8701,0.0,1.0,0.0,1.0,0.0,1.0,0.0,1,0.551,0.48,0.8,0.5854,0.3996,1.0,1.0,1.0,0.0,0.0,0.0,0.0,Ischemic
P00695,0.5325,1.0,0.0,0.0,0.0,0.0,0.0,0.0,1,0.4592,0.5867,0.4359,0.3166,0.6683,1.0,0.0,0.0,0.0,0.0,0.0,0.0,No Stroke
P00696,0.7922,1.0,1.0,0.0,0.0,0.0,0.0,0.0,0,0.6837,0.76,0.6821,0.2682,0.4184,0.0,0.0,0.0,0.0,0.0,0.0,0.0,No Stroke
P00697,0.4156,0.0,1.0,0.0,0.0,0.0,0.0,0.0,1,0.6939,0.4,0.359,0.3408,0.4274,0.0,0.0,0.0,0.0,0.0,0.0,0.0,No Stroke
P00698,0.8442,0.0,0.0,0.0,0.0,0.0,1.0,0.0,0,0.4286,0.2,0.6821,0.1428,0.5995,0.0,1.0,0.0,0.0,0.0,0.0,0.0,Ischemic
P00699,0.3636,0.0,1.0,0.0,0.0,0.0,0.0,0.0,1,0.2653,0.3067,0.2462,0.2098,0.5673,0.0,0.0,0.0,0.0,0.0,0.0,0.0,No Stroke
P00700,0.2727,0.0,0.0,0.0,0.0,0.0,1.0,1.0,0,0.3673,0.3467,0.1897,0.3271,0.4296,0.0,0.0,0.0,0.0,0.0,0.0,0.0,No Stroke
P00701,0.4416,0.0,0.0,0.0,0.0,0.0,0.0,0.0,0,0.3878,0.3867,0.3282,0.2433,0.5802,0.0,0.0,0.0,0.0,0.0,0.0,0.0,No Stroke
P00702,0.6104,0.0,0.0,0.0,0.0,0.0,1.0,1.0,1,0.3367,0.3467,0.5128,0.4159,0.2687,0.0,0.0,0.0,0.0,0.0,0.0,0.0,No Stroke
P00703,0.4156,0.0,0.0,0.0,0.0,0.0,1.0,0.0,1,0.3571,0.3067,0.3026,0.2508,0.1109,0.0,0.0,0.0,0.0,0.0,0.0,0.0,No Stroke
P00704,0.7273,0.0,0.0,0.0,0.0,0.0,0.0,1.0,1,0.5,0.28,0.6154,0.2831,0.2338,1.0,1.0,0.0,0.0,0.0,0.0,0.0,No Stroke
P00705,0.5584,1.0,1.0,0.0,0.0,0.0,0.0,0.0,1,0.5714,0.6133,0.4769,0.3774,0.4019,0.0,1.0,0.0,0.0,1.0,1.0,0.0,Ischemic
P00706,0.4286,1.0,0.0,0.0,0.0,0.0,1.0,0.0,0,0.2551,0.44,0.3077,0.2626,0.308,0.0,0.0,0.0,0.0,0.0,0.0,0.0,No Stroke
P00707,0.3506,1.0,0.0,0.0,0.0,0.0,0.0,0.0,1,0.3265,0.3733,0.241,0.2694,0.4904,1.0,1.0,1.0,0.0,1.0,0.0,1.0,Ischemic
P00708,0.4935,1.0,1.0,0.0,0.0,0.0,1.0,1.0,0,0.5612,0.64,0.4103,0.3507,0.612,0.0,1.0,0.0,0.0,0.0,1.0,0.0,Hemorrhagic
P00709,0.7403,0.0,1.0,0.0,0.0,0.0,1.0,1.0,1,0.4898,0.7067,0.6256,0.2824,0.5637,0.0,0.0,0.0,1.0,0.0,1.0,1.0,Ischemic
P00710,0.7662,0.0,0.0,1.0,0.0,0.0,0.0,0.0,0,0.5612,0.7067,0.7128,0.676,0.2477,0.0,0.0,0.0,0.0,0.0,0.0,0.0,No Stroke
P00711,0.4026,0.0,0.0,1.0,0.0,0.0,0.0,0.0,0,0.3878,0.5067,0.3026,0.3029,0.6455,0.0,0.0,0.0,0.0,0.0,0.0,0.0,No Stroke
P00712,0.4286,0.0,0.0,0.0,0.0,0.0,1.0,0.0,0,0.4184,0.3333,0.2769,0.0,0.5034,1.0,0.0,0.0,0.0,0.0,0.0,0.0,No Stroke
P00713,0.6494,0.0,0.0,0.0,0.0,1.0,0.0,0.0,0,0.6429,0.5333,0.5026,0.0,0.5548,0.0,0.0,0.0,0.0,0.0,0.0,0.0,No Stroke
P00714,0.3766,0.0,1.0,1.0,0.0,0.0,0.0,1.0,0,0.5102,0.3333,0.359,0.7294,0.6674,0.0,0.0,1.0,0.0,1.0,0.0,0.0,Ischemic
P00715,0.5844,1.0,1.0,0.0,0.0,0.0,1.0,0.0,1,0.3571,0.6133,0.4256,0.0441,0.1931,0.0,1.0,0.0,0.0,0.0,0.0,0.0,Ischemic
P00716,0.6883,1.0,1.0,0.0,0.0,0.0,1.0,1.0,0,0.6429,0.4933,0.5641,0.1198,0.3169,0.0,0.0,0.0,0.0,0.0,1.0,0.0,Ischemic
P00717,0.4935,0.0,0.0,0.0,0.0,0.0,1.0,0.0,0,0.3061,0.5733,0.3692,0.221,0.3348,1.0,0.0,0.0,0.0,0.0,0.0,0.0,No Stroke
P00718,0.6104,1.0,1.0,0.0,1.0,0.0,0.0,1.0,0,0.4796,0.6533,0.5077,0.306,0.6165,0.0,1.0,1.0,0.0,1.0,0.0,1.0,Ischemic
P00719,0.6883,1.0,0.0,0.0,0.0,0.0,1.0,0.0,1,0.4388,0.4133,0.5846,0.3495,0.3308,0.0,0.0,0.0,0.0,0.0,0.0,0.0,No Stroke
P00720,0.5584,0.0,0.0,1.0,0.0,0.0,0.0,0.0,0,0.6531,0.4133,0.5026,0.4879,0.4028,0.0,0.0,0.0,0.0,0.0,0.0,0.0,No Stroke
P00721,0.6753,0.0,1.0,0.0,0.0,0.0,1.0,0.0,0,0.3673,0.72,0.5128,0.0782,0.3268,0.0,0.0,0.0,1.0,0.0,0.0,0.0,No Stroke
P00722,0.5325,0.0,0.0,1.0,0.0,0.0,0.0,0.0,1,0.6224,0.4667,0.5026,0.6077,0.506,0.0,0.0,0.0,0.0,0.0,0.0,0.0,No Stroke
P00723,0.5584,1.0,1.0,0.0,0.0,0.0,1.0,1.0,1,0.5918,0.2933,0.4513,0.2439,0.3818,0.0,0.0,0.0,1.0,0.0,0.0,1.0,Hemorrhagic
P00724,0.4545,0.0,0.0,0.0,0.0,0.0,0.0,0.0,0,0.3061,0.6,0.3795,0.4997,0.3911,1.0,0.0,0.0,1.0,0.0,0.0,0.0,No Stroke
P00725,0.6883,1.0,1.0,0.0,0.0,0.0,0.0,0.0,0,0.6633,0.6933,0.5897,0.3023,0.4694,1.0,0.0,0.0,0.0,0.0,0.0,0.0,No Stroke
P00726,0.7273,1.0,1.0,0.0,0.0,0.0,1.0,0.0,0,0.1327,0.44,0.5744,0.3035,0.4604,0.0,1.0,0.0,1.0,1.0,1.0,0.0,Hemorrhagic
P00727,0.4675,0.0,0.0,0.0,0.0,0.0,1.0,0.0,1,0.3571,0.44,0.3282,0.1285,0.3254,0.0,0.0,0.0,0.0,0.0,1.0,0.0,No Stroke
P00728,0.4416,1.0,1.0,0.0,0.0,0.0,1.0,0.0,0,0.4082,0.4667,0.359,0.3774,0.4457,0.0,1.0,1.0,0.0,0.0,0.0,0.0,Ischemic
P00729,0.3896,1.0,0.0,1.0,0.0,0.0,0.0,1.0,1,0.3776,0.32,0.3128,0.4755,0.4756,1.0,0.0,0.0,0.0,0.0,0.0,0.0,No Stroke
P00730,0.3247,0.0,0.0,0.0,0.0,0.0,0.0,0.0,1,0.3878,0.44,0.241,0.3445,0.3415,0.0,0.0,0.0,0.0,0.0,0.0,0.0,No Stroke
P00731,0.9221,0.0,1.0,0.0,0.0,0.0,0.0,1.0,1,0.7959,0.5067,0.8462,0.4283,0.4426,0.0,1.0,1.0,1.0,1.0,1.0,0.0,Hemorrhagic
P00732,0.7143,1.0,0.0,1.0,0.0,0.0,0.0,1.0,0,0.3878,0.5867,0.5795,0.2073,0.7068,0.0,0.0,0.0,0.0,0.0,0.0,1.0,No Stroke
P00733,0.6364,0.0,0.0,0.0,0.0,0.0,0.0,0.0,0,0.2041,0.4933,0.4667,0.0975,0.5686,0.0,0.0,0.0,0.0,0.0,0.0,0.0,No Stroke
P00734,0.3377,0.0,0.0,0.0,0.0,0.0,0.0,1.0,0,0.5408,0.6533,0.2615,0.3327,0.4595,0.0,0.0,0.0,0.0,0.0,0.0,0.0,No Stroke
P00735,0.5584,0.0,0.0,0.0,0.0,0.0,1.0,0.0,1,0.3367,0.4,0.4462,0.334,0.4756,1.0,0.0,0.0,0.0,0.0,0.0,0.0,No Stroke
P00736,0.7792,0.0,0.0,0.0,0.0,0.0,0.0,0.0,0,0.3776,0.4667,0.6769,0.4761,0.4622,0.0,1.0,0.0,1.0,0.0,0.0,1.0,Hemorrhagic
P00737,0.3766,0.0,0.0,0.0,0.0,0.0,0.0,0.0,1,0.2653,0.2533,0.2769,0.3563,0.2772,0.0,0.0,0.0,0.0,0.0,0.0,0.0,No Stroke
P00738,0.2468,0.0,0.0,0.0,0.0,0.0,0.0,0.0,0,0.1122,0.2667,0.1282,0.2458,0.5002,1.0,0.0,1.0,0.0,0.0,0.0,0.0,No Stroke
P00739,0.2597,0.0,0.0,0.0,0.0,0.0,1.0,1.0,1,0.0714,0.48,0.0974,0.013,0.3223,0.0,0.0,0.0,0.0,0.0,0.0,0.0,No Stroke
P00740,0.6104,1.0,1.0,0.0,1.0,0.0,1.0,0.0,1,0.3469,0.68,0.4872,0.2601,0.4882,0.0,0.0,0.0,0.0,0.0,0.0,0.0,No Stroke
P00741,0.8442,1.0,0.0,1.0,0.0,0.0,0.0,0.0,0,0.2551,0.6267,0.7538,0.6555,0.5409,0.0,1.0,1.0,0.0,0.0,0.0,1.0,Hemorrhagic
P00742,0.5325,1.0,0.0,0.0,0.0,0.0,0.0,0.0,1,0.1837,0.3467,0.4,0.2936,0.4497,1.0,1.0,0.0,1.0,1.0,1.0,0.0,Ischemic
P00743,0.7273,0.0,1.0,1.0,0.0,0.0,0.0,1.0,0,0.5102,0.6133,0.6513,0.5388,0.5311,0.0,1.0,0.0,0.0,0.0,1.0,0.0,Ischemic
P00744,0.4805,0.0,0.0,0.0,1.0,0.0,0.0,1.0,0,0.3878,0.3733,0.3385,0.0646,0.3183,1.0,1.0,1.0,0.0,0.0,0.0,0.0,Ischemic
P00745,0.2078,1.0,0.0,0.0,0.0,0.0,1.0,0.0,1,0.3265,0.2267,0.1077,0.2582,0.5467,0.0,0.0,0.0,0.0,0.0,0.0,0.0,No Stroke
P00746,0.3896,1.0,0.0,1.0,0.0,0.0,0.0,0.0,0,0.4082,0.4933,0.3077,0.3588,0.5239,0.0,0.0,0.0,0.0,0.0,0.0,0.0,No Stroke
P00747,0.4156,1.0,1.0,0.0,0.0,0.0,0.0,0.0,1,0.5306,0.4267,0.3128,0.2315,0.3223,0.0,0.0,0.0,0.0,0.0,0.0,0.0,No Stroke
P00748,0.9221,1.0,1.0,0.0,0.0,0.0,0.0,0.0,0,0.6224,0.5733,0.841,0.5152,0.4403,1.0,0.0,0.0,0.0,0.0,0.0,0.0,No Stroke
P00749,0.5455,0.0,1.0,0.0,1.0,0.0,1.0,0.0,0,0.5204,0.48,0.4821,0.4693,0.468,0.0,1.0,0.0,1.0,1.0,1.0,1.0,Ischemic
P00750,0.4026,0.0,1.0,0.0,0.0,0.0,0.0,0.0,0,0.3776,0.4933,0.2821,0.2191,0.5051,0.0,0.0,1.0,0.0,0.0,0.0,1.0,Ischemic
P00751,0.6623,0.0,1.0,0.0,0.0,0.0,0.0,0.0,1,0.398,0.5467,0.5641,0.4525,0.4528,0.0,1.0,1.0,1.0,1.0,0.0,1.0,Ischemic
P00752,0.2727,0.0,0.0,0.0,0.0,0.0,0.0,1.0,0,0.4082,0.1467,0.1538,0.1428,0.7877,1.0,0.0,0.0,0.0,0.0,0.0,0.0,No Stroke
P00753,0.6234,0.0,0.0,0.0,0.0,0.0,0.0,0.0,0,0.1429,0.3067,0.4821,0.2886,0.3733,0.0,0.0,0.0,1.0,0.0,0.0,0.0,No Stroke
P00754,0.7403,1.0,1.0,1.0,0.0,0.0,0.0,1.0,1,0.5306,0.6533,0.6974,0.7318,0.1967,0.0,1.0,0.0,0.0,1.0,0.0,0.0,Hemorrhagic
P00755,0.4675,1.0,1.0,1.0,1.0,0.0,0.0,1.0,1,0.3061,0.48,0.4154,0.6449,0.6656,0.0,0.0,0.0,1.0,0.0,0.0,0.0,No Stroke
P00756,0.2987,1.0,0.0,0.0,0.0,0.0,0.0,0.0,0,0.3776,0.6667,0.1692,0.0391,0.5092,0.0,0.0,0.0,0.0,0.0,0.0,0.0,No Stroke
P00757,0.5714,0.0,1.0,0.0,0.0,0.0,1.0,0.0,0,0.3878,0.64,0.4513,0.2433,0.5999,0.0,0.0,0.0,0.0,0.0,1.0,0.0,Ischemic
P00758,0.1688,1.0,0.0,0.0,0.0,0.0,1.0,0.0,0,0.1837,0.3467,0.0564,0.2024,0.5297,0.0,0.0,0.0,0.0,1.0,0.0,0.0,No Stroke
P00759,0.6623,1.0,1.0,0.0,0.0,0.0,0.0,0.0,0,0.551,0.8,0.6,0.5847,0.5758,0.0,0.0,1.0,0.0,0.0,0.0,0.0,Ischemic
P00760,1.0,1.0,1.0,0.0,0.0,1.0,1.0,0.0,0,0.7449,0.48,0.9641,0.4581,0.3482,0.0,0.0,0.0,1.0,0.0,1.0,1.0,Hemorrhagic
P00761,0.7792,0.0,0.0,0.0,0.0,0.0,0.0,0.0,1,0.0,0.3733,0.5846,0.1006,0.2414,1.0,1.0,1.0,0.0,0.0,0.0,1.0,Ischemic
P00762,0.7532,0.0,0.0,1.0,0.0,0.0,0.0,1.0,1,0.1837,0.6,0.641,0.5376,0.6254,1.0,0.0,0.0,0.0,1.0,0.0,0.0,No Stroke
P00763,0.7532,0.0,0.0,0.0,0.0,0.0,0.0,0.0,1,0.2143,0.4933,0.5949,0.2483,0.5633,1.0,0.0,0.0,0.0,0.0,0.0,0.0,No Stroke
P00764,0.6883,1.0,0.0,0.0,0.0,0.0,1.0,0.0,0,0.2755,0.4,0.5231,0.1049,0.5637,0.0,0.0,0.0,0.0,0.0,0.0,0.0,No Stroke
P00765,0.2857,1.0,0.0,0.0,0.0,0.0,0.0,0.0,1,0.4286,0.2667,0.159,0.018,0.1636,1.0,0.0,0.0,0.0,0.0,0.0,0.0,No Stroke
P00766,0.3636,0.0,0.0,0.0,0.0,1.0,0.0,0.0,0,0.5816,0.4133,0.2667,0.1868,0.2892,1.0,0.0,0.0,0.0,0.0,0.0,0.0,No Stroke
P00767,0.4156,0.0,0.0,1.0,0.0,1.0,0.0,0.0,0,0.3776,0.52,0.3692,0.6151,0.4819,0.0,1.0,1.0,1.0,0.0,0.0,1.0,Ischemic
P00768,0.9,0.0,1.0,0.0,0.0,0.0,0.0,0.0,0,0.6,0.6,0.8,0.3,0.6,0.0,0.0,1.0,0.0,1.0,1.0,1.0,Hemorrhagic
P00769,0.5584,0.0,0.0,0.0,1.0,0.0,0.0,0.0,1,0.5612,0.4267,0.4615,0.2669,0.4488,0.0,0.0,0.0,0.0,0.0,0.0,0.0,No Stroke
P00770,0.6753,1.0,0.0,0.0,1.0,0.0,1.0,0.0,0,0.5,0.52,0.5487,0.1701,0.3965,1.0,0.0,0.0,0.0,0.0,0.0,0.0,No Stroke
P00771,0.5844,0.0,0.0,0.0,0.0,0.0,0.0,0.0,1,0.5612,0.5467,0.4564,0.1124,0.3165,1.0,1.0,1.0,0.0,1.0,0.0,0.0,Ischemic
P00772,0.6623,0.0,0.0,0.0,1.0,0.0,1.0,0.0,0,0.2143,0.2667,0.4872,0.0944,0.3447,0.0,0.0,1.0,0.0,0.0,0.0,0.0,No Stroke
P00773,0.2078,0.0,0.0,0.0,0.0,0.0,1.0,0.0,1,0.3163,0.4,0.1231,0.2992,0.3295,0.0,0.0,0.0,0.0,0.0,0.0,0.0,No Stroke
P00774,0.4675,1.0,1.0,1.0,0.0,0.0,1.0,0.0,1,0.5612,0.4267,0.4513,0.712,0.6205,0.0,0.0,0.0,1.0,1.0,1.0,1.0,Ischemic
P00775,0.8182,0.0,1.0,0.0,0.0,0.0,0.0,0.0,0,0.4592,0.5067,0.6564,0.0583,0.527,0.0,1.0,0.0,0.0,1.0,1.0,1.0,Ischemic
P00776,0.6234,1.0,1.0,0.0,0.0,0.0,0.0,0.0,1,0.7959,0.4933,0.5333,0.1719,0.7345,0.0,0.0,0.0,0.0,0.0,1.0,1.0,Ischemic
P00777,0.8052,0.0,1.0,0.0,0.0,0.0,0.0,0.0,1,0.602,0.4667,0.6769,0.185,0.5284,0.0,1.0,1.0,0.0,0.0,0.0,0.0,Ischemic
P00778,0.2727,0.0,0.0,0.0,0.0,0.0,0.0,1.0,0,0.2857,0.5333,0.1846,0.4053,0.4408,0.0,0.0,0.0,0.0,0.0,0.0,0.0,No Stroke
P00779,0.6104,1.0,1.0,0.0,0.0,0.0,1.0,0.0,0,0.6837,0.5467,0.559,0.468,0.4202,0.0,0.0,0.0,0.0,0.0,0.0,0.0,No Stroke
P00780,0.5844,0.0,0.0,0.0,0.0,0.0,1.0,0.0,0,0.2857,0.5467,0.4769,0.4407,0.38,0.0,0.0,1.0,0.0,0.0,0.0,1.0,Ischemic
P00781,0.2987,1.0,0.0,0.0,0.0,0.0,0.0,0.0,0,0.4898,0.56,0.2051,0.1825,0.2181,1.0,0.0,0.0,0.0,0.0,0.0,0.0,No Stroke
P00782,0.6753,1.0,0.0,0.0,0.0,0.0,0.0,0.0,0,0.4592,0.3333,0.5641,0.3414,0.6701,0.0,0.0,0.0,0.0,0.0,0.0,0.0,No Stroke
P00783,0.6494,1.0,0.0,0.0,0.0,0.0,1.0,0.0,1,0.4388,0.3467,0.5333,0.2781,0.3259,0.0,0.0,0.0,0.0,0.0,0.0,0.0,No Stroke
P00784,0.4156,0.0,1.0,1.0,0.0,1.0,1.0,1.0,1,0.3776,0.6,0.359,0.5407,0.5838,0.0,0.0,0.0,0.0,0.0,0.0,0.0,No Stroke
P00785,0.2078,0.0,0.0,1.0,0.0,1.0,0.0,0.0,1,0.1327,0.4533,0.1436,0.5574,0.3961,0.0,0.0,0.0,0.0,1.0,0.0,1.0,No Stroke
P00786,0.4286,0.0,0.0,0.0,0.0,0.0,0.0,0.0,0,0.4388,0.5067,0.3077,0.1744,0.4426,1.0,0.0,0.0,0.0,0.0,0.0,0.0,No Stroke
P00787,0.5714,0.0,1.0,1.0,0.0,0.0,0.0,1.0,0,0.5204,0.6,0.5692,0.8647,0.6334,0.0,1.0,1.0,0.0,0.0,1.0,0.0,Ischemic
P00788,0.4026,1.0,0.0,0.0,0.0,0.0,0.0,0.0,1,0.0714,0.3867,0.2872,0.4016,0.4953,1.0,0.0,0.0,0.0,0.0,0.0,0.0,No Stroke
P00789,0.6494,1.0,0.0,0.0,1.0,0.0,0.0,0.0,0,0.2143,0.44,0.5026,0.257,0.3594,0.0,1.0,1.0,0.0,1.0,0.0,0.0,Ischemic
P00790,0.5844,1.0,0.0,0.0,0.0,0.0,1.0,0.0,0,0.2755,0.4,0.4359,0.1924,0.4998,0.0,0.0,0.0,0.0,1.0,0.0,0.0,No Stroke
P00791,0.4286,0.0,0.0,1.0,0.0,0.0,0.0,1.0,1,0.5612,0.5067,0.3641,0.4134,0.6956,0.0,0.0,0.0,1.0,0.0,0.0,1.0,Ischemic
P00792,0.5,0.0,1.0,0.0,0.0,0.0,0.0,0.0,0,0.5,0.5,0.4,0.2,0.6,0.0,1.0,1.0,0.0,1.0,1.0,1.0,Hemorrhagic
P00793,0.4545,1.0,0.0,1.0,0.0,0.0,0.0,0.0,0,0.6327,0.3067,0.4154,0.5562,0.5615,0.0,0.0,0.0,0.0,0.0,0.0,0.0,No Stroke
P00794,0.5065,0.0,0.0,0.0,0.0,0.0,0.0,0.0,0,0.551,0.3333,0.3641,0.0031,0.4814,0.0,0.0,0.0,0.0,0.0,0.0,0.0,No Stroke
P00795,0.6104,1.0,0.0,0.0,0.0,0.0,1.0,0.0,1,0.3673,0.48,0.4923,0.2694,0.498,0.0,0.0,0.0,0.0,0.0,0.0,0.0,No Stroke
P00796,0.3766,1.0,0.0,0.0,0.0,0.0,0.0,0.0,0,0.5102,0.32,0.2821,0.1943,0.5248,0.0,0.0,0.0,0.0,0.0,0.0,0.0,No Stroke
P00797,0.4675,0.0,1.0,0.0,0.0,0.0,0.0,0.0,0,0.5,0.5867,0.4205,0.5537,0.5507,0.0,0.0,0.0,0.0,0.0,0.0,0.0,No Stroke
P00798,0.5714,1.0,0.0,0.0,0.0,0.0,0.0,0.0,0,0.1939,0.28,0.4051,0.0993,0.3795,0.0,0.0,0.0,0.0,0.0,0.0,0.0,No Stroke
P00799,0.9351,0.0,1.0,0.0,0.0,0.0,0.0,1.0,0,0.7245,0.6133,0.8308,0.288,0.5333,0.0,1.0,1.0,1.0,1.0,1.0,1.0,Ischemic
P00800,0.4026,0.0,0.0,0.0,0.0,0.0,1.0,0.0,0,0.4184,0.4133,0.3231,0.4047,0.2436,0.0,1.0,0.0,1.0,1.0,0.0,1.0,Ischemic
P00801,0.6883,1.0,0.0,0.0,1.0,0.0,0.0,0.0,0,0.4184,0.6,0.5282,0.0621,0.3388,1.0,0.0,0.0,0.0,0.0,0.0,0.0,No Stroke
P00802,0.7013,1.0,0.0,0.0,0.0,0.0,0.0,0.0,1,0.2143,0.56,0.5538,0.239,0.6911,0.0,0.0,0.0,0.0,0.0,0.0,0.0,No Stroke
P00803,0.5455,1.0,1.0,0.0,0.0,0.0,0.0,0.0,0,0.3776,0.5733,0.4256,0.2917,0.3594,0.0,1.0,0.0,1.0,0.0,1.0,0.0,Hemorrhagic
P00804,0.2857,0.0,0.0,0.0,0.0,0.0,0.0,0.0,0,0.2245,0.2267,0.1897,0.3805,0.2722,0.0,0.0,0.0,0.0,0.0,0.0,0.0,No Stroke
P00805,0.4545,0.0,0.0,1.0,0.0,0.0,0.0,0.0,1,0.102,0.4267,0.3795,0.6207,0.5995,1.0,0.0,0.0,0.0,0.0,0.0,0.0,No Stroke
P00806,0.2727,0.0,0.0,1.0,0.0,0.0,0.0,1.0,0,0.1633,0.2933,0.1692,0.3873,0.4882,0.0,0.0,0.0,0.0,0.0,0.0,0.0,No Stroke
P00807,0.5455,1.0,0.0,0.0,0.0,0.0,0.0,0.0,0,0.3878,0.4533,0.4513,0.4153,0.2338,0.0,0.0,0.0,0.0,0.0,0.0,0.0,No Stroke
P00808,0.1039,0.0,1.0,0.0,0.0,0.0,0.0,0.0,0,0.4082,0.2933,0.0462,0.4153,0.2705,0.0,0.0,0.0,0.0,0.0,0.0,0.0,No Stroke
P00809,0.3247,1.0,1.0,1.0,0.0,1.0,1.0,1.0,0,0.4592,0.1733,0.2821,0.5481,0.7059,0.0,0.0,0.0,0.0,0.0,0.0,1.0,Ischemic
P00810,0.7403,0.0,1.0,0.0,1.0,0.0,1.0,1.0,1,0.3265,0.6133,0.6205,0.3675,0.5713,0.0,0.0,0.0,0.0,0.0,0.0,0.0,No Stroke
P00811,0.6753,0.0,0.0,0.0,0.0,0.0,0.0,0.0,0,0.6224,0.48,0.6,0.4395,0.169,1.0,0.0,0.0,0.0,0.0,0.0,0.0,No Stroke
P00812,0.5714,0.0,0.0,0.0,0.0,0.0,0.0,0.0,0,0.3878,0.5067,0.4308,0.0925,0.4873,1.0,0.0,0.0,0.0,0.0,0.0,0.0,No Stroke
P00813,0.3377,0.0,0.0,0.0,0.0,0.0,0.0,0.0,1,0.0612,0.32,0.2,0.2142,0.2651,1.0,0.0,0.0,0.0,0.0,0.0,0.0,No Stroke
P00814,0.5844,0.0,0.0,0.0,0.0,0.0,0.0,0.0,0,0.2653,0.3333,0.4462,0.2222,0.0,1.0,0.0,0.0,0.0,0.0,0.0,0.0,No Stroke
P00815,0.6364,1.0,0.0,0.0,0.0,0.0,1.0,1.0,0,0.3673,0.3867,0.4821,0.1241,0.7009,0.0,0.0,1.0,0.0,0.0,0.0,1.0,Ischemic
P00816,0.4286,1.0,0.0,0.0,0.0,0.0,1.0,1.0,0,0.1837,0.2933,0.2769,0.1092,0.4877,1.0,1.0,1.0,0.0,1.0,0.0,1.0,Ischemic
P00817,0.3506,0.0,0.0,1.0,0.0,0.0,1.0,0.0,0,0.3265,0.4133,0.3026,0.5878,0.388,0.0,0.0,0.0,0.0,0.0,0.0,0.0,No Stroke
P00818,0.1558,1.0,0.0,0.0,0.0,0.0,0.0,0.0,1,0.3367,0.3333,0.0513,0.193,0.4381,0.0,0.0,0.0,0.0,0.0,0.0,0.0,No Stroke
P00819,0.2208,0.0,0.0,0.0,0.0,0.0,0.0,0.0,1,0.5714,0.3067,0.1282,0.1471,0.3169,0.0,0.0,0.0,0.0,0.0,0.0,0.0,No Stroke
P00820,0.5325,1.0,0.0,0.0,0.0,0.0,0.0,0.0,1,0.2347,0.16,0.4,0.2582,0.5494,1.0,1.0,1.0,1.0,1.0,1.0,0.0,Ischemic
P00821,0.7273,1.0,1.0,0.0,0.0,0.0,1.0,0.0,0,0.5102,0.7067,0.641,0.4314,0.439,0.0,1.0,0.0,1.0,0.0,1.0,0.0,Ischemic
P00822,0.6234,0.0,0.0,0.0,0.0,1.0,0.0,1.0,1,0.4184,0.4667,0.5128,0.3364,0.2074,1.0,0.0,1.0,0.0,0.0,0.0,0.0,Hemorrhagic
P00823,0.5195,0.0,0.0,0.0,0.0,0.0,1.0,0.0,1,0.398,0.52,0.3744,0.0956,0.4877,1.0,0.0,0.0,0.0,0.0,0.0,0.0,No Stroke
P00824,0.5065,0.0,1.0,1.0,0.0,0.0,1.0,0.0,1,0.5816,0.52,0.4821,0.6934,0.578,0.0,0.0,1.0,0.0,0.0,1.0,1.0,Ischemic
P00825,0.4,0.0,1.0,0.0,0.0,0.0,0.0,1.0,0,0.3,0.6,0.3,0.4,0.6,0.0,1.0,0.0,0.0,0.0,0.0,0.0,Hemorrhagic
P00826,0.3766,0.0,1.0,0.0,0.0,0.0,1.0,0.0,0,0.6224,0.68,0.2923,0.2464,0.7743,0.0,0.0,0.0,1.0,1.0,0.0,0.0,No Stroke
P00827,0.2727,1.0,0.0,0.0,0.0,0.0,0.0,0.0,1,0.1633,0.3467,0.1692,0.3563,0.0921,0.0,0.0,0.0,0.0,0.0,0.0,0.0,No Stroke
P00828,0.6364,1.0,0.0,0.0,0.0,0.0,1.0,0.0,1,0.4286,0.3333,0.5026,0.167,0.4743,0.0,1.0,1.0,0.0,1.0,1.0,1.0,Hemorrhagic
P00829,0.3896,1.0,1.0,0.0,0.0,0.0,0.0,0.0,0,0.551,0.1867,0.3128,0.2936,0.4466,0.0,0.0,0.0,0.0,0.0,0.0,0.0,No Stroke
P00830,0.6494,1.0,1.0,0.0,0.0,0.0,0.0,0.0,0,0.5612,0.5733,0.5487,0.2756,0.1238,0.0,1.0,0.0,0.0,0.0,0.0,0.0,Ischemic
P00831,0.7143,0.0,0.0,0.0,0.0,0.0,0.0,0.0,1,0.1224,0.1867,0.5385,0.1372,0.2865,1.0,0.0,0.0,0.0,0.0,0.0,0.0,No Stroke
P00832,0.7143,0.0,1.0,0.0,0.0,0.0,0.0,0.0,0,0.7959,0.4267,0.6564,0.4556,0.5507,0.0,0.0,0.0,0.0,0.0,0.0,0.0,No Stroke
P00833,0.6104,1.0,0.0,0.0,0.0,1.0,0.0,0.0,1,0.1429,0.2267,0.4615,0.2408,0.3764,0.0,1.0,1.0,1.0,1.0,0.0,1.0,Ischemic
P00834,0.0909,0.0,0.0,0.0,0.0,0.0,0.0,0.0,1,0.398,0.2,0.0,0.0,0.4555,0.0,0.0,0.0,0.0,0.0,0.0,0.0,No Stroke
P00835,0.3896,1.0,0.0,0.0,0.0,0.0,0.0,1.0,0,0.3367,0.5067,0.2821,0.27,0.2369,0.0,0.0,1.0,0.0,0.0,0.0,0.0,No Stroke
P00836,0.4805,1.0,0.0,0.0,0.0,0.0,0.0,1.0,1,0.3878,0.6667,0.3487,0.1279,0.3764,0.0,0.0,0.0,0.0,1.0,1.0,1.0,Ischemic
P00837,0.6364,1.0,0.0,0.0,0.0,0.0,0.0,1.0,0,0.5102,0.5867,0.5333,0.3284,0.612,1.0,0.0,0.0,1.0,0.0,0.0,0.0,Ischemic
P00838,0.5325,1.0,1.0,0.0,0.0,0.0,0.0,0.0,1,0.3878,0.72,0.3846,0.1024,0.5597,0.0,1.0,1.0,1.0,0.0,1.0,0.0,Ischemic
P00839,0.5195,1.0,0.0,0.0,0.0,0.0,0.0,0.0,0,0.2245,0.3733,0.3795,0.1688,0.2928,1.0,0.0,0.0,0.0,1.0,0.0,0.0,No Stroke
P00840,0.6234,0.0,0.0,0.0,0.0,0.0,0.0,0.0,0,0.2959,0.32,0.4564,0.0726,0.1945,1.0,0.0,0.0,0.0,0.0,0.0,0.0,No Stroke
P00841,0.6494,0.0,0.0,0.0,0.0,0.0,0.0,1.0,1,0.5,0.52,0.5538,0.3656,0.4211,1.0,0.0,0.0,0.0,0.0,0.0,0.0,No Stroke
P00842,0.5,0.0,0.0,1.0,0.0,0.0,0.0,0.0,0,0.4,0.3,0.4,0.7,0.5,1.0,1.0,0.0,1.0,0.0,0.0,1.0,Hemorrhagic
P00843,0.2208,0.0,0.0,0.0,0.0,0.0,0.0,0.0,1,0.0714,0.36,0.1231,0.3818,0.4917,1.0,0.0,0.0,0.0,0.0,0.0,0.0,No Stroke
P00844,0.3377,0.0,0.0,0.0,0.0,0.0,0.0,0.0,0,0.1837,0.2133,0.2205,0.2489,0.2557,1.0,1.0,1.0,0.0,1.0,0.0,0.0,Ischemic
P00845,0.3117,1.0,0.0,1.0,0.0,0.0,0.0,0.0,1,0.398,0.52,0.2359,0.3873,0.7519,0.0,1.0,0.0,0.0,1.0,1.0,1.0,Ischemic
P00846,0.5065,1.0,1.0,0.0,0.0,0.0,0.0,0.0,1,0.551,0.5467,0.4308,0.3731,0.5579,0.0,1.0,0.0,1.0,1.0,1.0,1.0,Ischemic
P00847,0.7403,0.0,1.0,0.0,0.0,0.0,1.0,1.0,1,0.5714,0.6,0.6359,0.3017,0.397,0.0,1.0,0.0,1.0,0.0,1.0,0.0,Ischemic
P00848,1.0,0.0,1.0,1.0,0.0,0.0,0.0,0.0,0,0.6531,0.3733,1.0,0.4103,0.4238,0.0,1.0,1.0,0.0,0.0,0.0,0.0,Ischemic
P00849,0.2597,1.0,0.0,0.0,0.0,0.0,0.0,1.0,0,0.2857,0.5467,0.1179,0.0143,0.6728,0.0,0.0,0.0,0.0,1.0,0.0,0.0,No Stroke
P00850,0.4675,0.0,0.0,0.0,0.0,0.0,1.0,0.0,0,0.4184,0.3333,0.3436,0.1695,0.287,1.0,0.0,0.0,0.0,0.0,0.0,0.0,No Stroke
P00851,0.5455,1.0,1.0,0.0,0.0,0.0,0.0,0.0,1,0.449,0.4133,0.4462,0.3476,0.6258,0.0,1.0,0.0,1.0,1.0,1.0,1.0,Ischemic
P00852,0.4156,0.0,0.0,0.0,0.0,0.0,0.0,0.0,0,0.4796,0.44,0.3436,0.4258,0.2839,0.0,1.0,1.0,1.0,1.0,0.0,0.0,Ischemic
P00853,0.4545,1.0,0.0,1.0,0.0,1.0,0.0,0.0,1,0.6531,0.3467,0.4359,0.6151,0.688,1.0,0.0,0.0,0.0,0.0,0.0,0.0,No Stroke
P00854,0.4675,1.0,0.0,0.0,0.0,0.0,0.0,0.0,0,0.1531,0.6267,0.3231,0.2359,0.5168,0.0,0.0,0.0,0.0,0.0,0.0,0.0,No Stroke
P00855,0.4156,0.0,0.0,0.0,0.0,0.0,0.0,0.0,1,0.1224,0.5067,0.3077,0.3898,0.4381,1.0,0.0,0.0,0.0,1.0,0.0,0.0,No Stroke
P00856,0.5455,1.0,0.0,1.0,0.0,0.0,1.0,1.0,1,0.5102,0.56,0.5077,0.6518,0.4068,0.0,0.0,0.0,0.0,0.0,0.0,0.0,No Stroke
P00857,0.3896,1.0,0.0,0.0,0.0,0.0,1.0,0.0,1,0.5102,0.3333,0.3128,0.3662,0.3585,0.0,0.0,0.0,0.0,0.0,0.0,0.0,No Stroke
P00858,0.5325,0.0,0.0,0.0,0.0,0.0,0.0,0.0,0,0.5408,0.5467,0.4718,0.5009,0.295,1.0,0.0,0.0,0.0,0.0,0.0,0.0,No Stroke
P00859,0.987,0.0,1.0,0.0,1.0,1.0,0.0,0.0,0,0.3776,0.72,0.8513,0.36,0.4949,0.0,1.0,0.0,0.0,1.0,0.0,1.0,Ischemic
P00860,0.6623,1.0,0.0,0.0,0.0,0.0,0.0,0.0,1,0.4184,0.48,0.4974,0.0248,0.819,0.0,0.0,0.0,0.0,0.0,0.0,0.0,No Stroke
P00861,0.5325,0.0,1.0,1.0,0.0,0.0,0.0,0.0,0,0.5204,0.52,0.5026,0.6729,0.6102,0.0,0.0,0.0,0.0,0.0,0.0,0.0,No Stroke
P00862,0.7013,0.0,0.0,0.0,0.0,0.0,1.0,0.0,0,0.2755,0.16,0.5641,0.2669,0.295,1.0,0.0,0.0,0.0,0.0,0.0,0.0,No Stroke
P00863,0.3117,1.0,1.0,1.0,0.0,0.0,0.0,1.0,0,0.3878,0.5867,0.2769,0.6574,0.4519,0.0,0.0,0.0,0.0,0.0,0.0,0.0,No Stroke
P00864,0.5584,1.0,0.0,1.0,0.0,0.0,1.0,0.0,1,0.4388,0.4267,0.5128,0.6859,0.3992,0.0,1.0,1.0,0.0,0.0,0.0,0.0,Hemorrhagic
P00865,0.2727,0.0,0.0,0.0,0.0,0.0,0.0,0.0,1,0.1939,0.4533,0.159,0.298,0.544,0.0,0.0,0.0,0.0,0.0,0.0,0.0,No Stroke
P00866,0.6234,0.0,0.0,1.0,1.0,0.0,0.0,0.0,0,0.1327,0.3733,0.5128,0.4941,0.4546,1.0,1.0,0.0,0.0,1.0,1.0,0.0,Hemorrhagic
P00867,0.8571,0.0,1.0,0.0,0.0,0.0,0.0,0.0,1,0.551,0.8133,0.8,0.6598,0.5355,1.0,0.0,0.0,0.0,0.0,0.0,0.0,No Stroke
P00868,0.5195,1.0,0.0,0.0,1.0,0.0,0.0,1.0,1,0.1939,0.3067,0.4205,0.4867,0.3858,0.0,1.0,0.0,0.0,0.0,1.0,1.0,Ischemic
P00869,0.5714,1.0,0.0,0.0,0.0,0.0,0.0,1.0,0,0.2755,0.5067,0.4564,0.3582,0.2637,0.0,0.0,1.0,0.0,1.0,1.0,1.0,Ischemic
P00870,0.7,0.0,0.0,0.0,0.0,1.0,1.0,1.0,0,0.3,0.4,0.5,0.2,0.5,0.0,0.0,0.0,1.0,0.0,1.0,0.0,Hemorrhagic
P00871,0.5325,0.0,1.0,0.0,0.0,0.0,0.0,0.0,1,0.4796,0.4667,0.4154,0.1645,0.5887,0.0,1.0,1.0,0.0,1.0,1.0,1.0,Hemorrhagic
P00872,0.5584,1.0,0.0,0.0,0.0,0.0,0.0,0.0,1,0.4082,0.4667,0.4359,0.211,0.4806,0.0,0.0,0.0,0.0,0.0,0.0,0.0,No Stroke
P00873,0.4286,0.0,0.0,0.0,1.0,0.0,0.0,0.0,0,0.5408,0.32,0.3333,0.2495,0.3295,0.0,1.0,0.0,1.0,1.0,1.0,1.0,Ischemic
P00874,0.7922,1.0,1.0,0.0,0.0,0.0,0.0,0.0,0,0.5918,0.68,0.6974,0.3917,0.5221,0.0,0.0,0.0,0.0,1.0,1.0,1.0,Hemorrhagic
P00875,1.0,1.0,1.0,0.0,0.0,0.0,1.0,0.0,1,0.5306,0.6,0.9641,0.1726,0.5132,0.0,0.0,1.0,1.0,1.0,1.0,1.0,Ischemic
P00876,0.6883,1.0,1.0,0.0,0.0,0.0,0.0,0.0,1,0.6837,0.6267,0.641,0.5717,0.5136,0.0,1.0,0.0,1.0,0.0,0.0,1.0,Hemorrhagic
P00877,0.5844,1.0,0.0,1.0,0.0,0.0,0.0,1.0,0,0.4694,0.56,0.5385,0.6182,0.4649,1.0,0.0,0.0,0.0,0.0,0.0,0.0,No Stroke
P00878,0.2078,0.0,1.0,0.0,0.0,0.0,0.0,0.0,0,0.2347,0.56,0.1282,0.3942,0.4515,0.0,0.0,0.0,0.0,1.0,1.0,0.0,No Stroke
P00879,0.1558,1.0,0.0,0.0,0.0,0.0,0.0,0.0,1,0.5204,0.2933,0.0821,0.2607,0.3304,0.0,0.0,0.0,0.0,0.0,1.0,0.0,No Stroke
P00880,0.5584,0.0,0.0,0.0,0.0,0.0,1.0,0.0,1,0.2755,0.24,0.4103,0.1775,0.274,0.0,1.0,1.0,0.0,0.0,0.0,1.0,Ischemic
P00881,0.4416,1.0,0.0,0.0,0.0,0.0,0.0,0.0,1,0.2041,0.3867,0.3333,0.3768,0.4962,1.0,0.0,0.0,0.0,0.0,0.0,0.0,No Stroke
P00882,0.4545,1.0,1.0,0.0,0.0,0.0,0.0,0.0,0,0.5408,0.12,0.3692,0.3035,0.2025,0.0,1.0,1.0,0.0,0.0,1.0,1.0,Ischemic
P00883,0.4935,0.0,1.0,0.0,1.0,0.0,0.0,0.0,1,0.551,0.56,0.4308,0.4351,0.5463,0.0,0.0,0.0,0.0,0.0,0.0,0.0,No Stroke
P00884,0.4805,1.0,0.0,1.0,0.0,0.0,0.0,0.0,1,0.4286,0.2933,0.4205,0.5562,0.4703,1.0,0.0,0.0,0.0,0.0,0.0,0.0,No Stroke
P00885,0.5584,0.0,0.0,0.0,0.0,0.0,0.0,0.0,0,0.4388,0.44,0.4718,0.3743,0.4318,0.0,0.0,0.0,0.0,0.0,0.0,0.0,No Stroke
P00886,0.1818,0.0,1.0,0.0,1.0,0.0,0.0,0.0,1,0.2551,0.7467,0.0462,0.0472,0.57,0.0,0.0,1.0,0.0,1.0,1.0,1.0,Ischemic
P00887,0.5195,1.0,1.0,1.0,1.0,0.0,1.0,0.0,0,0.6633,0.36,0.4923,0.6394,0.726,0.0,0.0,0.0,0.0,0.0,0.0,0.0,No Stroke
P00888,0.5974,1.0,1.0,1.0,0.0,0.0,0.0,1.0,1,0.5918,0.68,0.5692,0.6946,0.755,1.0,1.0,1.0,1.0,0.0,1.0,1.0,Ischemic
P00889,0.5844,1.0,1.0,0.0,0.0,0.0,0.0,0.0,1,0.5204,0.5467,0.5333,0.5686,0.5248,0.0,1.0,1.0,0.0,0.0,1.0,0.0,Ischemic
P00890,0.4935,0.0,0.0,0.0,0.0,0.0,1.0,1.0,1,0.3571,0.6267,0.4,0.3625,0.6097,1.0,0.0,0.0,0.0,0.0,0.0,0.0,No Stroke
P00891,0.4935,1.0,0.0,0.0,0.0,0.0,0.0,1.0,0,0.398,0.5467,0.4,0.3377,0.4725,0.0,0.0,0.0,0.0,0.0,0.0,0.0,No Stroke
P00892,0.9,0.0,1.0,0.0,0.0,0.0,0.0,1.0,0,0.8,0.5,0.9,0.4,0.4,0.0,1.0,1.0,1.0,1.0,1.0,0.0,Hemorrhagic
P00893,0.4286,0.0,0.0,0.0,0.0,0.0,0.0,1.0,0,0.3776,0.4133,0.3385,0.3762,0.6558,0.0,0.0,0.0,0.0,0.0,0.0,0.0,No Stroke
P00894,0.9091,0.0,0.0,0.0,0.0,0.0,0.0,1.0,1,0.2857,0.36,0.7231,0.0776,0.4341,0.0,1.0,1.0,0.0,1.0,0.0,1.0,Ischemic
P00895,0.5325,0.0,0.0,0.0,0.0,0.0,1.0,1.0,0,0.3673,0.5467,0.4154,0.2762,0.1565,0.0,0.0,0.0,0.0,0.0,0.0,0.0,No Stroke
P00896,0.3766,1.0,0.0,0.0,0.0,0.0,0.0,0.0,1,0.602,0.4667,0.2564,0.0,0.5914,0.0,0.0,0.0,0.0,0.0,0.0,0.0,Ischemic
P00897,0.5195,0.0,0.0,0.0,0.0,0.0,1.0,0.0,1,0.2857,0.4267,0.3641,0.0521,0.5244,0.0,0.0,0.0,1.0,0.0,0.0,0.0,No Stroke
P00898,0.7013,0.0,1.0,0.0,0.0,1.0,0.0,0.0,0,0.6327,0.6533,0.6103,0.342,0.5865,0.0,1.0,1.0,0.0,1.0,1.0,0.0,Hemorrhagic
P00899,0.2857,1.0,0.0,0.0,0.0,0.0,0.0,0.0,1,0.051,0.3733,0.1231,0.0652,0.0791,0.0,0.0,0.0,1.0,0.0,0.0,0.0,No Stroke
P00900,0.8312,0.0,0.0,0.0,0.0,0.0,0.0,1.0,1,0.5612,0.3333,0.7333,0.3824,0.2852,0.0,0.0,0.0,0.0,0.0,0.0,0.0,No Stroke
P00901,0.5455,0.0,1.0,0.0,0.0,0.0,0.0,0.0,1,0.3776,0.6933,0.4256,0.2576,0.5878,0.0,0.0,0.0,0.0,0.0,0.0,0.0,No Stroke
P00902,0.5195,0.0,0.0,1.0,0.0,0.0,1.0,0.0,1,0.3878,0.4533,0.4205,0.342,0.426,0.0,0.0,0.0,0.0,0.0,0.0,0.0,No Stroke
P00903,0.6753,0.0,1.0,1.0,1.0,1.0,1.0,1.0,1,0.5204,0.48,0.5744,0.334,0.4153,0.0,0.0,0.0,0.0,0.0,0.0,0.0,No Stroke
P00904,0.4805,0.0,0.0,0.0,0.0,0.0,1.0,0.0,0,0.051,0.48,0.3641,0.4649,0.489,1.0,1.0,0.0,1.0,0.0,0.0,0.0,Ischemic
P00905,0.6623,0.0,1.0,1.0,0.0,0.0,1.0,1.0,0,0.4898,0.8267,0.5897,0.4829,0.6442,0.0,1.0,0.0,0.0,1.0,0.0,1.0,Ischemic
P00906,0.5455,1.0,0.0,0.0,0.0,0.0,0.0,0.0,0,0.2857,0.3333,0.4308,0.3395,0.544,1.0,0.0,0.0,0.0,0.0,0.0,0.0,No Stroke
P00907,0.8571,0.0,0.0,0.0,0.0,0.0,0.0,0.0,0,0.5102,0.4533,0.7436,0.3333,0.2758,0.0,0.0,1.0,0.0,0.0,0.0,0.0,No Stroke
P00908,0.4805,0.0,0.0,0.0,0.0,0.0,1.0,0.0,1,0.4694,0.16,0.3744,0.2384,0.3608,0.0,0.0,0.0,0.0,0.0,0.0,0.0,No Stroke
P00909,0.4026,0.0,0.0,1.0,0.0,0.0,1.0,0.0,1,0.2857,0.5067,0.3487,0.653,0.3657,0.0,0.0,0.0,0.0,0.0,0.0,0.0,No Stroke
P00910,0.3896,1.0,0.0,0.0,0.0,0.0,0.0,0.0,1,0.3776,0.2133,0.3333,0.5431,0.6124,1.0,0.0,0.0,0.0,0.0,0.0,0.0,No Stroke
P00911,0.5195,1.0,0.0,0.0,0.0,0.0,0.0,1.0,0,0.3776,0.1733,0.4103,0.2806,0.4421,0.0,0.0,0.0,0.0,0.0,0.0,0.0,No Stroke
P00912,0.4156,1.0,0.0,1.0,0.0,0.0,0.0,1.0,1,0.4286,0.3467,0.3692,0.5829,0.489,0.0,0.0,0.0,0.0,0.0,0.0,0.0,No Stroke
P00913,0.8182,1.0,0.0,0.0,0.0,0.0,0.0,0.0,0,0.1122,0.4933,0.6769,0.4308,0.3514,0.0,0.0,0.0,0.0,0.0,0.0,0.0,No Stroke
P00914,0.8052,0.0,1.0,0.0,0.0,0.0,0.0,1.0,0,0.7245,0.4667,0.6769,0.149,0.7166,0.0,0.0,1.0,0.0,0.0,0.0,1.0,Ischemic
P00915,0.5974,1.0,0.0,0.0,0.0,0.0,0.0,1.0,0,0.1429,0.4133,0.4974,0.5599,0.3362,1.0,0.0,0.0,0.0,0.0,0.0,1.0,No Stroke
P00916,0.4935,1.0,1.0,0.0,0.0,0.0,0.0,0.0,0,0.2755,0.5067,0.4103,0.4836,0.3304,0.0,0.0,0.0,0.0,0.0,0.0,0.0,No Stroke
P00917,0.6104,1.0,1.0,0.0,0.0,0.0,0.0,0.0,1,0.5816,0.4533,0.5333,0.4072,0.6437,0.0,0.0,0.0,0.0,0.0,0.0,0.0,No Stroke
P00918,0.2468,0.0,0.0,0.0,0.0,0.0,0.0,0.0,0,0.4796,0.3333,0.1692,0.329,0.3111,1.0,0.0,0.0,0.0,0.0,0.0,0.0,No Stroke
P00919,0.2727,1.0,0.0,0.0,0.0,0.0,1.0,1.0,0,0.2653,0.4,0.1487,0.1862,0.3496,0.0,0.0,0.0,0.0,1.0,0.0,0.0,No Stroke
P00920,0.4286,0.0,1.0,0.0,0.0,0.0,1.0,0.0,1,0.2857,0.4133,0.3179,0.2744,0.5346,0.0,0.0,0.0,0.0,0.0,0.0,0.0,No Stroke
P00921,0.9221,0.0,0.0,1.0,0.0,0.0,1.0,0.0,0,0.4184,0.36,0.8513,0.694,0.3545,0.0,1.0,1.0,0.0,0.0,1.0,1.0,Ischemic
P00922,0.1818,0.0,0.0,0.0,0.0,0.0,1.0,1.0,0,0.1939,0.44,0.0821,0.2756,0.5244,0.0,0.0,0.0,0.0,0.0,0.0,0.0,No Stroke
P00923,0.6883,1.0,1.0,0.0,0.0,0.0,1.0,1.0,0,0.449,0.56,0.5744,0.2812,0.4247,0.0,0.0,0.0,0.0,0.0,0.0,0.0,No Stroke
P00924,0.5455,0.0,0.0,0.0,0.0,0.0,1.0,0.0,0,0.4694,0.5333,0.5026,0.6313,0.2919,0.0,0.0,0.0,0.0,0.0,0.0,0.0,No Stroke
P00925,0.5455,1.0,0.0,0.0,0.0,0.0,1.0,0.0,1,0.6939,0.5467,0.4667,0.293,0.3733,1.0,0.0,0.0,0.0,0.0,0.0,0.0,No Stroke
P00926,0.7013,1.0,0.0,0.0,0.0,0.0,1.0,0.0,1,0.2857,0.4133,0.5846,0.4078,0.5132,0.0,0.0,0.0,0.0,0.0,0.0,0.0,No Stroke
P00927,0.6494,0.0,0.0,0.0,0.0,0.0,1.0,0.0,1,0.3367,0.3733,0.5128,0.2489,0.5686,0.0,1.0,1.0,1.0,0.0,0.0,0.0,Ischemic
P00928,0.3766,0.0,0.0,0.0,0.0,0.0,0.0,0.0,0,0.2857,0.4933,0.2667,0.2377,0.3599,1.0,0.0,0.0,0.0,0.0,0.0,0.0,No Stroke
P00929,0.8052,1.0,0.0,0.0,0.0,0.0,0.0,1.0,0,0.4388,0.4933,0.6564,0.1738,0.397,0.0,0.0,0.0,0.0,0.0,0.0,0.0,No Stroke
P00930,0.2597,1.0,0.0,0.0,0.0,0.0,0.0,0.0,1,0.398,0.3333,0.1897,0.4159,0.6616,0.0,0.0,0.0,0.0,0.0,0.0,0.0,No Stroke
P00931,0.6623,0.0,1.0,0.0,0.0,0.0,0.0,0.0,1,0.5102,0.52,0.5487,0.2266,0.4336,0.0,1.0,0.0,0.0,1.0,0.0,0.0,Ischemic
P00932,0.7532,1.0,0.0,1.0,0.0,0.0,1.0,0.0,0,0.1939,0.2933,0.6615,0.6431,0.4832,0.0,0.0,0.0,0.0,1.0,0.0,0.0,No Stroke
P00933,0.4156,0.0,0.0,0.0,0.0,0.0,0.0,0.0,0,0.3469,0.3867,0.2974,0.203,0.5646,0.0,0.0,0.0,0.0,0.0,0.0,0.0,No Stroke
P00934,0.5065,1.0,1.0,0.0,0.0,0.0,0.0,0.0,0,0.449,0.3867,0.3795,0.1279,0.6772,0.0,0.0,0.0,0.0,0.0,0.0,0.0,No Stroke
P00935,0.4545,1.0,1.0,0.0,0.0,0.0,0.0,0.0,1,0.5102,0.4667,0.3897,0.424,0.6571,0.0,1.0,0.0,0.0,0.0,1.0,0.0,Ischemic
P00936,1.0,0.0,1.0,0.0,0.0,0.0,0.0,0.0,1,0.5612,0.7733,0.9077,0.3824,0.4792,0.0,1.0,1.0,0.0,0.0,1.0,0.0,Ischemic
P00937,0.7013,1.0,1.0,1.0,0.0,0.0,0.0,0.0,1,0.6939,0.52,0.6513,0.5394,0.6066,0.0,1.0,1.0,0.0,1.0,0.0,1.0,Hemorrhagic
P00938,0.4545,0.0,0.0,1.0,0.0,0.0,0.0,1.0,0,0.2959,0.52,0.3231,0.2135,0.3357,0.0,0.0,0.0,0.0,0.0,0.0,0.0,No Stroke
P00939,0.6234,1.0,0.0,1.0,0.0,0.0,1.0,1.0,1,0.3571,0.4267,0.5385,0.5233,0.5364,1.0,1.0,1.0,0.0,1.0,1.0,1.0,Ischemic
P00940,0.4675,1.0,0.0,0.0,0.0,0.0,1.0,0.0,0,0.0204,0.36,0.2872,0.0453,0.4788,1.0,0.0,0.0,1.0,1.0,1.0,0.0,Ischemic
P00941,0.2987,1.0,0.0,0.0,0.0,0.0,1.0,0.0,1,0.2551,0.1333,0.159,0.0714,0.2664,0.0,0.0,0.0,0.0,0.0,0.0,0.0,No Stroke
P00942,0.5584,0.0,0.0,0.0,0.0,0.0,0.0,1.0,0,0.5408,0.32,0.4359,0.1558,0.245,0.0,0.0,0.0,0.0,1.0,0.0,0.0,No Stroke
P00943,0.8442,0.0,1.0,1.0,0.0,0.0,1.0,0.0,0,0.6122,0.4667,0.7795,0.5978,0.4917,0.0,1.0,0.0,1.0,1.0,0.0,0.0,Ischemic
P00944,0.3117,0.0,0.0,0.0,0.0,0.0,0.0,0.0,0,0.3571,0.3733,0.1641,0.0,0.1828,1.0,0.0,0.0,0.0,0.0,0.0,0.0,No Stroke
P00945,0.6623,0.0,1.0,0.0,0.0,0.0,0.0,0.0,1,0.7653,0.6533,0.6051,0.4469,0.4461,0.0,0.0,1.0,0.0,0.0,1.0,0.0,Ischemic
P00946,0.5714,1.0,0.0,1.0,0.0,1.0,0.0,0.0,1,0.4898,0.44,0.4769,0.365,0.6772,0.0,1.0,1.0,1.0,0.0,0.0,0.0,Ischemic
P00947,0.5844,0.0,1.0,0.0,1.0,0.0,1.0,0.0,1,0.4898,0.64,0.4872,0.2886,0.5346,0.0,0.0,1.0,0.0,0.0,0.0,1.0,Ischemic
P00948,0.4156,0.0,0.0,0.0,0.0,0.0,1.0,1.0,0,0.1224,0.52,0.2359,0.0,0.4256,0.0,0.0,1.0,0.0,0.0,0.0,0.0,No Stroke
P00949,0.6234,0.0,0.0,0.0,1.0,1.0,0.0,0.0,0,0.5204,0.3733,0.5333,0.3476,0.5118,0.0,1.0,0.0,1.0,0.0,0.0,1.0,Hemorrhagic
P00950,0.8052,1.0,1.0,0.0,1.0,0.0,0.0,0.0,0,0.5816,0.6267,0.6821,0.2079,0.7304,1.0,0.0,0.0,0.0,0.0,1.0,0.0,Ischemic
P00951,0.6883,0.0,0.0,0.0,0.0,0.0,0.0,0.0,0,0.1939,0.6533,0.5077,0.0813,0.2781,1.0,0.0,0.0,0.0,0.0,0.0,0.0,No Stroke
P00952,0.2987,0.0,0.0,0.0,0.0,0.0,0.0,1.0,0,0.449,0.2133,0.2,0.2247,0.4318,0.0,0.0,0.0,0.0,0.0,0.0,0.0,No Stroke
P00953,0.8442,0.0,0.0,0.0,0.0,0.0,0.0,1.0,1,0.5816,0.4667,0.7128,0.2458,0.2915,0.0,1.0,0.0,1.0,0.0,0.0,1.0,Ischemic
P00954,0.7013,0.0,1.0,0.0,0.0,0.0,0.0,0.0,0,0.4184,0.7067,0.5897,0.3116,0.0376,0.0,1.0,1.0,0.0,1.0,0.0,1.0,Ischemic
P00955,0.7922,0.0,0.0,0.0,0.0,0.0,0.0,0.0,1,0.4796,0.5733,0.6718,0.2818,0.5038,0.0,0.0,0.0,0.0,0.0,0.0,0.0,No Stroke
P00956,0.3247,0.0,1.0,0.0,0.0,0.0,0.0,0.0,1,0.5408,0.44,0.2359,0.2353,0.6334,0.0,0.0,0.0,0.0,0.0,0.0,0.0,No Stroke
P00957,0.2338,1.0,0.0,1.0,0.0,0.0,0.0,0.0,0,0.3061,0.52,0.2154,0.7405,0.5709,0.0,0.0,1.0,0.0,0.0,0.0,0.0,No Stroke
P00958,0.6883,0.0,1.0,0.0,1.0,1.0,0.0,1.0,1,0.6327,0.28,0.6103,0.4066,0.7944,0.0,1.0,1.0,0.0,0.0,0.0,1.0,Ischemic
P00959,0.4935,0.0,0.0,0.0,0.0,0.0,0.0,0.0,1,0.3265,0.4533,0.3949,0.3563,0.2307,1.0,0.0,0.0,0.0,0.0,0.0,0.0,No Stroke
P00960,0.5325,0.0,1.0,0.0,0.0,0.0,0.0,1.0,0,0.1939,0.56,0.4051,0.2818,0.3903,0.0,0.0,0.0,0.0,0.0,0.0,0.0,No Stroke
P00961,0.6883,1.0,1.0,0.0,0.0,0.0,0.0,0.0,1,0.5102,0.4,0.5795,0.3079,0.46,0.0,0.0,0.0,0.0,0.0,0.0,0.0,No Stroke
P00962,0.5584,0.0,0.0,0.0,0.0,1.0,1.0,0.0,0,0.3673,0.4533,0.4667,0.396,0.2727,0.0,1.0,1.0,0.0,0.0,0.0,0.0,Hemorrhagic
P00963,0.5065,1.0,0.0,0.0,0.0,0.0,0.0,0.0,1,0.7959,0.3733,0.4256,0.2365,0.316,0.0,0.0,1.0,0.0,0.0,0.0,0.0,Hemorrhagic
P00964,0.6753,1.0,0.0,1.0,0.0,0.0,1.0,1.0,1,0.0408,0.24,0.5487,0.4593,0.5686,0.0,1.0,1.0,0.0,0.0,0.0,1.0,Ischemic
P00965,0.4675,1.0,0.0,0.0,0.0,0.0,0.0,0.0,1,0.3469,0.48,0.3692,0.3457,0.468,0.0,0.0,0.0,0.0,0.0,0.0,0.0,No Stroke
P00966,0.5974,0.0,0.0,0.0,0.0,0.0,0.0,0.0,1,0.4184,0.4933,0.4974,0.3774,0.6348,1.0,1.0,0.0,0.0,0.0,0.0,0.0,No Stroke
P00967,0.5195,0.0,0.0,0.0,0.0,0.0,0.0,1.0,0,0.3265,0.32,0.3897,0.185,0.4519,1.0,1.0,1.0,0.0,0.0,1.0,1.0,Ischemic
P00968,0.5974,0.0,1.0,1.0,0.0,0.0,0.0,0.0,1,0.5204,0.4267,0.5436,0.604,0.6468,0.0,1.0,1.0,1.0,1.0,1.0,0.0,Ischemic
P00969,0.5584,1.0,1.0,0.0,0.0,0.0,1.0,0.0,0,0.3673,0.5467,0.4462,0.3104,0.4028,0.0,0.0,0.0,0.0,0.0,0.0,0.0,No Stroke
P00970,0.8442,0.0,0.0,1.0,1.0,0.0,0.0,0.0,0,0.4898,0.6267,0.7641,0.5717,0.5118,0.0,1.0,0.0,0.0,0.0,0.0,0.0,Ischemic
P00971,0.5325,1.0,1.0,0.0,0.0,0.0,0.0,0.0,0,0.7857,0.5467,0.4667,0.3495,0.6969,0.0,1.0,1.0,1.0,1.0,0.0,0.0,Ischemic
P00972,0.5195,1.0,0.0,0.0,0.0,0.0,1.0,0.0,0,0.3878,0.4267,0.4205,0.3383,0.3898,0.0,1.0,0.0,0.0,1.0,1.0,0.0,Ischemic
P00973,0.3247,0.0,0.0,1.0,0.0,0.0,0.0,0.0,0,0.2245,0.56,0.2974,0.7616,0.4059,0.0,0.0,0.0,0.0,0.0,0.0,0.0,No Stroke
P00974,0.4675,1.0,0.0,0.0,0.0,0.0,0.0,0.0,1,0.3673,0.44,0.3538,0.2433,0.5852,0.0,0.0,0.0,0.0,0.0,0.0,0.0,No Stroke
P00975,0.4026,1.0,0.0,0.0,0.0,0.0,1.0,0.0,1,0.4388,0.5333,0.2667,0.0764,0.4452,0.0,0.0,0.0,0.0,0.0,0.0,0.0,No Stroke
P00976,0.5325,1.0,0.0,1.0,0.0,0.0,0.0,0.0,1,0.5306,0.4933,0.4564,0.4271,0.5324,1.0,0.0,0.0,0.0,0.0,0.0,0.0,No Stroke
P00977,0.6364,0.0,1.0,0.0,0.0,0.0,1.0,0.0,0,0.3571,0.5067,0.5333,0.3625,0.3581,0.0,1.0,1.0,0.0,0.0,1.0,0.0,Ischemic
P00978,0.6104,1.0,0.0,0.0,0.0,0.0,1.0,1.0,1,0.4388,0.56,0.4718,0.1546,0.2651,1.0,0.0,0.0,0.0,0.0,0.0,0.0,No Stroke
P00979,0.4805,1.0,1.0,0.0,0.0,0.0,0.0,0.0,1,0.551,0.7867,0.4051,0.3743,0.5199,0.0,1.0,0.0,1.0,0.0,1.0,0.0,Ischemic
P00980,0.4935,0.0,0.0,0.0,0.0,0.0,0.0,0.0,0,0.2959,0.48,0.359,0.1744,0.409,0.0,0.0,0.0,0.0,0.0,0.0,0.0,No Stroke
P00981,0.2468,0.0,0.0,0.0,0.0,0.0,0.0,0.0,1,0.1327,0.1733,0.1282,0.2421,0.4528,0.0,0.0,0.0,1.0,0.0,0.0,0.0,No Stroke
P00982,0.6494,1.0,0.0,0.0,0.0,0.0,0.0,1.0,0,0.2347,0.28,0.5077,0.2173,0.2624,1.0,0.0,0.0,0.0,0.0,0.0,1.0,Ischemic
P00983,0.3636,0.0,0.0,0.0,0.0,0.0,0.0,1.0,1,0.0612,0.3333,0.2103,0.139,0.5078,1.0,0.0,0.0,0.0,0.0,0.0,0.0,No Stroke
P00984,0.5455,0.0,0.0,0.0,0.0,0.0,0.0,0.0,1,0.3469,0.6267,0.4256,0.2421,0.6151,1.0,1.0,1.0,1.0,0.0,0.0,1.0,Ischemic
P00985,0.6234,0.0,1.0,0.0,0.0,0.0,0.0,0.0,0,0.5,0.56,0.5333,0.3755,0.6254,0.0,0.0,0.0,0.0,0.0,0.0,0.0,No Stroke
P00986,0.5455,1.0,0.0,1.0,0.0,0.0,0.0,0.0,1,0.2857,0.5467,0.4513,0.4655,0.3697,1.0,1.0,1.0,1.0,0.0,0.0,1.0,Ischemic
P00987,0.3896,0.0,0.0,1.0,0.0,0.0,0.0,0.0,0,0.2347,0.3733,0.3077,0.4997,0.5968,0.0,0.0,0.0,0.0,0.0,0.0,0.0,No Stroke
P00988,0.4805,1.0,0.0,0.0,0.0,0.0,0.0,0.0,1,0.4184,0.52,0.3897,0.3302,0.7295,1.0,0.0,0.0,0.0,1.0,0.0,0.0,No Stroke
P00989,0.6883,0.0,0.0,0.0,0.0,0.0,1.0,0.0,1,0.4694,0.4267,0.5744,0.3172,0.4032,1.0,0.0,0.0,0.0,0.0,0.0,0.0,No Stroke
P00990,0.2597,1.0,0.0,0.0,0.0,0.0,1.0,1.0,0,0.0612,0.36,0.1231,0.2129,0.6053,1.0,0.0,0.0,0.0,0.0,0.0,0.0,No Stroke
P00991,0.6494,0.0,0.0,1.0,0.0,1.0,0.0,0.0,0,0.4388,0.4267,0.5897,0.6636,0.3496,0.0,0.0,0.0,0.0,0.0,0.0,0.0,No Stroke
P00992,0.3117,1.0,0.0,0.0,0.0,0.0,0.0,0.0,0,0.0,0.32,0.1692,0.2601,0.2088,0.0,0.0,0.0,0.0,0.0,0.0,0.0,No Stroke
P00993,0.4026,1.0,1.0,0.0,0.0,0.0,0.0,0.0,1,0.7143,0.2133,0.3487,0.3464,0.4975,0.0,1.0,1.0,0.0,1.0,1.0,1.0,Ischemic
P00994,0.2597,0.0,0.0,0.0,0.0,0.0,0.0,1.0,0,0.3878,0.3733,0.2,0.4724,0.4721,0.0,0.0,0.0,0.0,0.0,0.0,0.0,No Stroke
P00995,0.5584,0.0,0.0,0.0,1.0,0.0,0.0,0.0,1,0.3673,0.4267,0.4462,0.2613,0.2333,0.0,1.0,0.0,0.0,0.0,1.0,1.0,Ischemic
P00996,0.6364,0.0,1.0,0.0,0.0,0.0,0.0,1.0,1,0.3878,0.56,0.5026,0.2377,0.6428,0.0,1.0,0.0,0.0,0.0,0.0,0.0,No Stroke
P00997,0.3506,1.0,0.0,0.0,0.0,0.0,0.0,0.0,0,0.4082,0.6267,0.2564,0.2713,0.3035,1.0,0.0,0.0,0.0,0.0,0.0,0.0,No Stroke
P00998,0.4805,0.0,1.0,0.0,0.0,0.0,1.0,0.0,1,0.4592,0.5333,0.4,0.4457,0.5565,0.0,0.0,0.0,0.0,0.0,0.0,0.0,No Stroke
P00999,0.4935,0.0,0.0,0.0,0.0,0.0,0.0,0.0,0,0.2347,0.4267,0.3282,0.0615,0.2995,0.0,0.0,0.0,0.0,0.0,0.0,0.0,No Stroke
P01000,0.1558,0.0,0.0,0.0,0.0,0.0,1.0,1.0,1,0.4286,0.32,0.0974,0.3656,0.4135,0.0,0.0,0.0,0.0,0.0,0.0,0.0,No Stroke
P01001,0.0909,0.0,0.0,0.0,0.0,0.0,0.0,0.0,1,0.1122,0.1467,0.0,0.0242,0.4649,1.0,0.0,0.0,0.0,0.0,0.0,0.0,No Stroke
P01002,0.3766,1.0,0.0,0.0,0.0,0.0,0.0,1.0,0,0.4388,0.3467,0.2667,0.2129,0.6491,0.0,0.0,0.0,0.0,0.0,0.0,0.0,No Stroke
P01003,0.4545,0.0,1.0,0.0,0.0,0.0,1.0,0.0,0,0.5612,0.6533,0.3333,0.0714,0.5445,0.0,0.0,0.0,0.0,0.0,0.0,0.0,No Stroke
P01004,0.5325,0.0,1.0,1.0,0.0,0.0,1.0,1.0,0,0.3878,0.5733,0.5128,0.8206,0.5092,0.0,0.0,0.0,0.0,0.0,0.0,1.0,No Stroke
P01005,0.7273,0.0,1.0,0.0,0.0,0.0,1.0,0.0,0,0.5102,0.3867,0.6205,0.3557,0.4023,0.0,1.0,1.0,1.0,1.0,0.0,0.0,Hemorrhagic
P01006,0.6234,1.0,0.0,0.0,0.0,0.0,0.0,0.0,0,0.1531,0.6667,0.4564,0.1626,0.2007,0.0,0.0,0.0,0.0,0.0,1.0,0.0,No Stroke
P01007,0.6104,0.0,1.0,0.0,0.0,0.0,1.0,0.0,0,0.4592,0.64,0.4769,0.1564,0.5552,0.0,0.0,0.0,0.0,0.0,0.0,0.0,No Stroke
P01008,0.6494,0.0,0.0,0.0,0.0,0.0,1.0,1.0,0,0.3673,0.4933,0.5077,0.1645,0.3402,0.0,1.0,1.0,1.0,0.0,0.0,1.0,Ischemic
P01009,0.6623,1.0,1.0,0.0,0.0,0.0,0.0,0.0,1,0.6122,0.64,0.5282,0.0633,0.5798,0.0,1.0,0.0,0.0,0.0,0.0,0.0,No Stroke
P01010,0.2468,0.0,1.0,0.0,0.0,0.0,0.0,0.0,0,0.551,0.4267,0.1897,0.3613,0.5525,0.0,0.0,0.0,0.0,0.0,0.0,0.0,No Stroke
P01011,0.9221,0.0,1.0,0.0,1.0,0.0,0.0,0.0,1,0.7551,0.6933,0.8359,0.3818,0.7693,1.0,0.0,0.0,0.0,0.0,0.0,0.0,No Stroke
P01012,0.4,1.0,1.0,0.0,0.0,0.0,0.0,0.0,0,0.4,0.4,0.4,0.7,0.4,0.0,0.0,1.0,1.0,0.0,0.0,1.0,Hemorrhagic
P01013,0.7273,0.0,1.0,1.0,0.0,0.0,0.0,0.0,0,0.3469,0.5067,0.641,0.5593,0.4332,0.0,0.0,0.0,0.0,0.0,0.0,0.0,No Stroke
P01014,0.5065,1.0,0.0,0.0,0.0,0.0,1.0,0.0,1,0.0918,0.3067,0.3385,0.1539,0.0474,0.0,1.0,1.0,0.0,1.0,0.0,1.0,Ischemic
P01015,0.7273,0.0,0.0,0.0,0.0,0.0,0.0,0.0,0,0.3469,0.6267,0.5897,0.2644,0.2781,1.0,0.0,1.0,1.0,1.0,0.0,0.0,Ischemic
P01016,0.6623,1.0,0.0,0.0,0.0,1.0,0.0,1.0,0,0.3163,0.4133,0.5385,0.2719,0.4063,1.0,0.0,0.0,0.0,0.0,0.0,0.0,No Stroke
P01017,0.7922,1.0,0.0,1.0,0.0,0.0,1.0,1.0,1,0.3878,0.6533,0.7026,0.568,0.468,0.0,0.0,0.0,0.0,0.0,0.0,0.0,No Stroke
P01018,0.4935,0.0,0.0,0.0,0.0,0.0,0.0,1.0,0,0.3776,0.4933,0.3538,0.0912,0.4738,0.0,1.0,0.0,0.0,0.0,0.0,0.0,No Stroke
P01019,0.6883,1.0,0.0,0.0,0.0,0.0,0.0,0.0,0,0.5306,0.36,0.5487,0.0981,0.5284,1.0,0.0,0.0,0.0,0.0,0.0,0.0,No Stroke
P01020,0.7143,0.0,0.0,0.0,0.0,0.0,1.0,1.0,1,0.5,0.6267,0.5692,0.1341,0.4135,1.0,1.0,0.0,0.0,0.0,0.0,1.0,Hemorrhagic
P01021,0.5325,1.0,1.0,0.0,0.0,0.0,0.0,0.0,0,0.5816,0.52,0.4615,0.3867,0.4457,0.0,0.0,0.0,0.0,1.0,0.0,0.0,No Stroke
P01022,0.3506,0.0,1.0,0.0,0.0,0.0,0.0,0.0,1,0.449,0.56,0.2769,0.4178,0.3147,0.0,1.0,1.0,1.0,0.0,1.0,0.0,Ischemic
P01023,0.4805,0.0,1.0,0.0,0.0,0.0,0.0,0.0,0,0.3776,0.4667,0.3897,0.3966,0.2307,0.0,0.0,0.0,0.0,0.0,0.0,0.0,No Stroke
P01024,0.2727,1.0,0.0,0.0,0.0,0.0,0.0,0.0,0,0.398,0.3333,0.1692,0.1713,0.3205,0.0,1.0,0.0,0.0,1.0,0.0,1.0,Hemorrhagic
P01025,0.6753,1.0,0.0,1.0,0.0,0.0,0.0,0.0,0,0.4694,0.2933,0.6205,0.6214,0.5525,0.0,0.0,0.0,0.0,0.0,0.0,0.0,No Stroke
P01026,0.3896,1.0,0.0,0.0,0.0,0.0,0.0,0.0,0,0.4592,0.2533,0.2974,0.275,0.333,1.0,0.0,1.0,0.0,0.0,0.0,1.0,Ischemic
P01027,0.5325,1.0,1.0,1.0,0.0,0.0,0.0,0.0,0,0.602,0.4533,0.5077,0.7101,0.456,0.0,0.0,1.0,0.0,0.0,1.0,0.0,Hemorrhagic
P01028,0.7662,0.0,1.0,1.0,0.0,0.0,1.0,0.0,0,0.4184,0.64,0.6718,0.5214,0.8954,0.0,0.0,1.0,0.0,1.0,0.0,1.0,Ischemic
P01029,0.3636,1.0,1.0,0.0,0.0,0.0,1.0,0.0,1,0.5306,0.6533,0.2769,0.306,0.772,0.0,0.0,0.0,0.0,0.0,0.0,0.0,No Stroke
P01030,0.5325,1.0,0.0,0.0,0.0,0.0,0.0,0.0,0,0.1224,0.3467,0.3897,0.2142,0.2204,0.0,0.0,0.0,0.0,0.0,0.0,0.0,No Stroke
P01031,0.4675,1.0,0.0,1.0,0.0,0.0,0.0,1.0,1,0.5816,0.44,0.4308,0.5649,1.0,1.0,0.0,0.0,0.0,0.0,0.0,0.0,No Stroke
P01032,0.7532,1.0,0.0,0.0,0.0,0.0,0.0,0.0,0,0.4082,0.5733,0.6308,0.316,0.3827,1.0,0.0,0.0,0.0,0.0,0.0,0.0,No Stroke
P01033,0.1558,1.0,1.0,0.0,0.0,0.0,0.0,0.0,1,0.2959,0.5733,0.0718,0.3433,0.6522,0.0,0.0,0.0,1.0,0.0,0.0,0.0,No Stroke
P01034,0.7662,0.0,0.0,0.0,0.0,0.0,1.0,0.0,1,0.4082,0.24,0.641,0.316,0.2932,0.0,1.0,0.0,0.0,0.0,1.0,1.0,Ischemic
P01035,0.3377,0.0,0.0,0.0,0.0,0.0,0.0,0.0,1,0.1837,0.4267,0.2256,0.3246,0.5132,0.0,0.0,0.0,0.0,0.0,0.0,0.0,No Stroke
P01036,0.8182,0.0,1.0,0.0,0.0,0.0,1.0,1.0,0,0.8571,0.56,0.7231,0.2216,0.4703,1.0,0.0,0.0,1.0,0.0,1.0,1.0,Ischemic
P01037,0.6234,0.0,0.0,0.0,0.0,0.0,0.0,0.0,1,0.6122,0.5467,0.4821,0.0279,0.5373,0.0,0.0,0.0,0.0,0.0,0.0,0.0,No Stroke
P01038,0.4805,1.0,0.0,0.0,0.0,0.0,0.0,0.0,0,0.2449,0.4267,0.3744,0.3973,0.2964,0.0,0.0,0.0,0.0,0.0,0.0,0.0,No Stroke
P01039,0.4805,0.0,1.0,0.0,0.0,0.0,0.0,1.0,1,0.5204,0.4,0.3795,0.2148,0.354,0.0,1.0,0.0,0.0,0.0,0.0,1.0,Ischemic
P01040,0.4416,1.0,0.0,0.0,0.0,0.0,1.0,0.0,1,0.602,0.4,0.3333,0.0894,0.262,0.0,0.0,0.0,0.0,0.0,0.0,0.0,No Stroke
P01041,0.7662,0.0,0.0,0.0,0.0,0.0,1.0,0.0,0,0.7857,0.32,0.6769,0.3042,0.5414,0.0,0.0,0.0,0.0,0.0,0.0,0.0,No Stroke
P01042,0.2597,1.0,0.0,0.0,0.0,0.0,1.0,1.0,0,0.3673,0.2667,0.1487,0.1862,0.266,0.0,1.0,0.0,0.0,1.0,0.0,1.0,Ischemic
P01043,0.6883,0.0,0.0,1.0,0.0,0.0,0.0,0.0,1,0.4286,0.3867,0.6205,0.5909,0.4238,1.0,1.0,0.0,1.0,0.0,0.0,1.0,Ischemic
P01044,0.5844,1.0,0.0,0.0,0.0,0.0,0.0,0.0,0,0.4898,0.44,0.4718,0.2408,0.5579,1.0,0.0,1.0,0.0,0.0,0.0,0.0,No Stroke
P01045,0.5714,0.0,0.0,0.0,0.0,0.0,0.0,0.0,0,0.3673,0.5733,0.441,0.2247,0.4908,0.0,0.0,0.0,1.0,0.0,0.0,0.0,No Stroke
P01046,0.4286,1.0,0.0,0.0,0.0,0.0,1.0,0.0,0,0.4082,0.36,0.2769,0.0,0.4166,1.0,1.0,1.0,1.0,0.0,0.0,1.0,Ischemic
P01047,0.4,1.0,0.0,1.0,0.0,0.0,0.0,0.0,1,0.3,0.4,0.3,0.6,0.6,1.0,0.0,1.0,0.0,0.0,0.0,0.0,Hemorrhagic
P01048,0.5195,0.0,1.0,1.0,0.0,0.0,0.0,0.0,1,0.3265,0.6667,0.4974,0.8485,0.5338,0.0,0.0,0.0,0.0,0.0,0.0,0.0,No Stroke
P01049,0.8701,1.0,1.0,0.0,0.0,0.0,1.0,0.0,0,0.1939,0.36,0.7641,0.5978,0.4408,0.0,1.0,0.0,0.0,1.0,1.0,0.0,Ischemic
P01050,0.2597,0.0,1.0,0.0,1.0,0.0,0.0,0.0,1,0.3367,0.4533,0.1641,0.2694,0.2244,0.0,0.0,0.0,0.0,0.0,0.0,0.0,No Stroke
P01051,0.5195,0.0,1.0,0.0,0.0,0.0,0.0,0.0,0,0.6122,0.5467,0.4205,0.1881,0.4354,0.0,0.0,1.0,1.0,1.0,0.0,0.0,Ischemic
P01052,0.0909,1.0,0.0,0.0,0.0,0.0,0.0,0.0,0,0.1531,0.48,0.0103,0.3675,0.4014,1.0,0.0,0.0,0.0,0.0,0.0,0.0,No Stroke
P01053,0.3506,0.0,0.0,1.0,0.0,0.0,0.0,0.0,0,0.3571,0.56,0.2564,0.3507,0.6442,1.0,0.0,1.0,0.0,1.0,0.0,1.0,Ischemic
P01054,0.8831,0.0,1.0,0.0,0.0,0.0,0.0,0.0,0,0.5816,0.52,0.759,0.288,0.5521,1.0,0.0,0.0,1.0,1.0,0.0,1.0,Ischemic
P01055,0.2597,1.0,0.0,0.0,0.0,0.0,1.0,1.0,0,0.0,0.32,0.0872,0.0211,0.3813,0.0,0.0,0.0,0.0,0.0,0.0,0.0,No Stroke
P01056,0.7143,0.0,1.0,0.0,0.0,1.0,0.0,1.0,1,0.8367,0.5067,0.6205,0.1949,0.4931,0.0,1.0,1.0,0.0,0.0,1.0,0.0,Ischemic
P01057,0.4675,0.0,0.0,0.0,0.0,0.0,0.0,1.0,0,0.2653,0.4133,0.3744,0.3929,0.5284,1.0,1.0,0.0,0.0,0.0,1.0,1.0,Ischemic
P01058,0.7143,1.0,0.0,0.0,1.0,0.0,0.0,0.0,1,0.6939,0.1333,0.6205,0.3296,0.4747,1.0,1.0,0.0,0.0,1.0,0.0,1.0,Ischemic
P01059,0.8831,1.0,1.0,0.0,0.0,0.0,0.0,0.0,0,0.6224,0.4533,0.7641,0.2408,0.2383,0.0,0.0,1.0,0.0,0.0,1.0,0.0,Ischemic
P01060,0.7013,1.0,0.0,0.0,0.0,0.0,0.0,0.0,0,0.1837,0.5067,0.5538,0.252,0.2235,0.0,0.0,0.0,0.0,0.0,0.0,0.0,No Stroke
P01061,0.6234,0.0,0.0,0.0,0.0,0.0,0.0,0.0,0,0.3061,0.4533,0.4769,0.1384,0.4975,0.0,1.0,1.0,0.0,0.0,0.0,1.0,Ischemic
P01062,0.5584,0.0,1.0,0.0,0.0,1.0,1.0,0.0,0,0.6633,0.7467,0.4615,0.216,0.3187,0.0,1.0,1.0,0.0,1.0,0.0,1.0,Ischemic
P01063,0.5714,0.0,0.0,0.0,0.0,0.0,1.0,0.0,0,0.2551,0.48,0.4462,0.2793,0.3397,0.0,0.0,0.0,0.0,0.0,0.0,0.0,No Stroke
P01064,0.8831,0.0,1.0,0.0,0.0,0.0,0.0,0.0,0,0.5,0.5733,0.7385,0.1366,0.6406,1.0,0.0,0.0,0.0,0.0,0.0,0.0,No Stroke
P01065,0.1948,1.0,0.0,0.0,0.0,0.0,0.0,0.0,1,0.2551,0.36,0.0872,0.2371,0.4202,0.0,1.0,0.0,0.0,1.0,0.0,1.0,Ischemic
P01066,0.3636,1.0,0.0,0.0,0.0,0.0,0.0,0.0,0,0.1224,0.52,0.2,0.0714,0.473,1.0,0.0,0.0,0.0,0.0,0.0,0.0,No Stroke
P01067,0.5065,0.0,0.0,0.0,0.0,0.0,0.0,0.0,1,0.1837,0.4667,0.3641,0.2377,0.211,0.0,0.0,0.0,0.0,0.0,0.0,0.0,No Stroke
P01068,0.5974,0.0,1.0,0.0,0.0,0.0,1.0,0.0,1,0.2959,0.56,0.4872,0.3774,0.3035,0.0,0.0,0.0,0.0,0.0,0.0,0.0,No Stroke
P01069,0.8701,0.0,1.0,0.0,0.0,0.0,0.0,0.0,1,0.5714,0.28,0.7846,0.4606,0.3581,1.0,1.0,0.0,0.0,0.0,1.0,1.0,Ischemic
P01070,0.2597,1.0,0.0,0.0,0.0,0.0,0.0,0.0,1,0.1122,0.5333,0.1641,0.3911,0.2646,0.0,0.0,0.0,0.0,0.0,0.0,0.0,No Stroke
P01071,0.5065,1.0,0.0,0.0,0.0,0.0,1.0,1.0,1,0.4286,0.3067,0.4051,0.3079,0.3612,1.0,0.0,0.0,0.0,0.0,1.0,0.0,No Stroke
P01072,0.3247,1.0,0.0,1.0,0.0,0.0,0.0,0.0,1,0.2755,0.24,0.2615,0.5208,0.346,0.0,0.0,0.0,0.0,0.0,0.0,0.0,No Stroke
P01073,0.6883,1.0,1.0,1.0,1.0,0.0,0.0,0.0,1,0.6939,0.72,0.6615,0.6797,0.4287,0.0,0.0,0.0,0.0,1.0,0.0,0.0,Hemorrhagic
P01074,1.0,0.0,1.0,1.0,0.0,0.0,1.0,0.0,1,0.7653,0.5733,0.9795,0.635,0.7653,1.0,1.0,0.0,0.0,1.0,1.0,0.0,Hemorrhagic
P01075,0.2468,1.0,1.0,0.0,0.0,0.0,1.0,0.0,0,0.3367,0.48,0.1744,0.4488,0.6835,0.0,1.0,1.0,0.0,0.0,1.0,0.0,Ischemic
P01076,0.9481,1.0,0.0,0.0,1.0,0.0,0.0,0.0,1,0.6939,0.4267,0.8051,0.0869,0.4131,0.0,1.0,0.0,1.0,1.0,0.0,1.0,Hemorrhagic
P01077,0.987,0.0,1.0,1.0,0.0,0.0,0.0,0.0,1,0.6224,0.44,0.959,0.8591,0.7582,1.0,1.0,1.0,1.0,0.0,1.0,0.0,Ischemic
P01078,0.5325,1.0,1.0,0.0,1.0,0.0,0.0,0.0,0,0.7449,0.4267,0.4667,0.3526,0.5118,0.0,0.0,0.0,0.0,0.0,0.0,0.0,No Stroke
P01079,0.4286,1.0,0.0,0.0,0.0,0.0,0.0,0.0,1,0.4184,0.4267,0.3026,0.1372,0.4184,1.0,0.0,0.0,0.0,0.0,0.0,0.0,No Stroke
P01080,0.8442,1.0,0.0,0.0,1.0,0.0,1.0,0.0,0,0.4796,0.4933,0.7179,0.3147,0.553,0.0,0.0,0.0,0.0,0.0,0.0,0.0,No Stroke
P01081,0.5455,1.0,0.0,0.0,0.0,0.0,0.0,0.0,0,0.1327,0.28,0.4,0.2353,0.4738,0.0,0.0,0.0,0.0,1.0,0.0,0.0,No Stroke
P01082,0.4026,1.0,0.0,0.0,0.0,0.0,0.0,0.0,1,0.1224,0.3733,0.3231,0.5611,0.1623,1.0,0.0,0.0,0.0,0.0,0.0,0.0,No Stroke
P01083,0.7792,1.0,1.0,0.0,0.0,0.0,0.0,0.0,0,0.398,0.8533,0.6872,0.5196,0.3205,0.0,0.0,0.0,0.0,0.0,0.0,0.0,No Stroke
P01084,0.1169,0.0,0.0,0.0,0.0,0.0,0.0,0.0,0,0.449,0.3067,0.0667,0.401,0.4122,0.0,0.0,0.0,0.0,0.0,0.0,0.0,No Stroke
P01085,0.5065,0.0,0.0,0.0,0.0,0.0,1.0,0.0,0,0.2449,0.5067,0.4154,0.4711,0.637,0.0,0.0,0.0,0.0,0.0,0.0,0.0,No Stroke
P01086,0.6234,1.0,0.0,0.0,0.0,0.0,0.0,1.0,0,0.3673,0.2533,0.4821,0.1235,0.4899,1.0,1.0,0.0,0.0,0.0,0.0,0.0,Hemorrhagic
P01087,0.8182,1.0,1.0,0.0,0.0,0.0,0.0,0.0,0,0.398,0.68,0.6821,0.2967,0.3013,1.0,1.0,1.0,1.0,0.0,0.0,0.0,Ischemic
P01088,0.4156,0.0,1.0,0.0,0.0,0.0,0.0,1.0,1,0.2245,0.4933,0.2923,0.2806,0.2097,0.0,0.0,0.0,0.0,0.0,0.0,0.0,No Stroke
P01089,0.2338,0.0,0.0,0.0,0.0,0.0,1.0,0.0,0,0.2653,0.2667,0.1282,0.2812,0.6097,0.0,1.0,0.0,1.0,1.0,1.0,0.0,Ischemic
P01090,0.5065,0.0,1.0,0.0,0.0,0.0,0.0,1.0,1,0.602,0.64,0.3949,0.1037,0.4381,0.0,1.0,0.0,0.0,0.0,0.0,0.0,No Stroke
P01091,0.5714,1.0,1.0,0.0,0.0,0.0,0.0,0.0,0,0.602,0.4133,0.5026,0.4109,0.6017,0.0,0.0,0.0,0.0,0.0,0.0,0.0,No Stroke
P01092,0.7922,0.0,1.0,0.0,1.0,0.0,0.0,0.0,0,0.6122,0.5467,0.6872,0.3482,0.5945,1.0,0.0,0.0,0.0,0.0,0.0,0.0,No Stroke
P01093,0.8571,0.0,0.0,0.0,0.0,0.0,1.0,0.0,0,0.3367,0.48,0.7231,0.3489,0.4573,0.0,0.0,1.0,0.0,1.0,1.0,0.0,Hemorrhagic
P01094,0.6104,0.0,0.0,1.0,0.0,0.0,0.0,0.0,0,0.2449,0.32,0.5436,0.7033,0.5186,1.0,0.0,0.0,0.0,0.0,0.0,0.0,No Stroke
P01095,0.5065,1.0,1.0,0.0,0.0,0.0,0.0,0.0,1,0.4082,0.1333,0.4359,0.5028,0.291,0.0,0.0,0.0,0.0,0.0,0.0,0.0,No Stroke
P01096,0.1818,1.0,1.0,0.0,0.0,0.0,1.0,0.0,1,0.4184,0.5067,0.0564,0.0521,0.4439,0.0,0.0,1.0,0.0,0.0,0.0,0.0,No Stroke
P01097,0.4805,1.0,0.0,0.0,0.0,0.0,0.0,1.0,1,0.5102,0.5333,0.4,0.3687,0.4305,1.0,0.0,0.0,0.0,0.0,0.0,0.0,No Stroke
P01098,0.8052,1.0,1.0,0.0,0.0,0.0,0.0,1.0,1,0.9592,0.44,0.7179,0.2303,0.439,1.0,1.0,0.0,0.0,0.0,0.0,0.0,Ischemic
P01099,0.8182,0.0,0.0,1.0,0.0,0.0,0.0,0.0,0,0.6429,0.5067,0.7385,0.4817,0.8766,0.0,1.0,0.0,0.0,1.0,0.0,1.0,Ischemic
P01100,1.0,1.0,1.0,0.0,1.0,0.0,0.0,0.0,1,0.6327,0.5867,0.9282,0.4178,0.5861,1.0,0.0,0.0,0.0,0.0,0.0,0.0,Ischemic
P01101,0.3636,0.0,1.0,0.0,0.0,0.0,0.0,0.0,1,0.398,0.3067,0.2974,0.4271,0.7528,0.0,0.0,0.0,0.0,0.0,0.0,0.0,No Stroke
P01102,0.4805,1.0,0.0,0.0,0.0,0.0,0.0,0.0,0,0.398,0.3067,0.3231,0.0,0.0456,1.0,0.0,0.0,0.0,0.0,1.0,0.0,No Stroke
P01103,0.7532,0.0,0.0,0.0,0.0,0.0,0.0,0.0,0,0.2857,0.3333,0.6,0.2278,0.4055,1.0,0.0,0.0,1.0,0.0,1.0,1.0,Ischemic
P01104,0.5195,1.0,1.0,0.0,0.0,0.0,1.0,0.0,0,0.4694,0.3733,0.3846,0.0968,0.2338,0.0,0.0,0.0,0.0,0.0,0.0,0.0,No Stroke
P01105,0.5584,0.0,0.0,0.0,0.0,0.0,1.0,0.0,0,0.2245,0.4533,0.4564,0.4718,0.5248,1.0,0.0,1.0,0.0,0.0,0.0,0.0,No Stroke
P01106,0.4026,1.0,0.0,0.0,0.0,0.0,1.0,0.0,1,0.5204,0.4,0.3077,0.234,0.3067,0.0,0.0,0.0,0.0,0.0,0.0,0.0,No Stroke
P01107,0.4805,0.0,0.0,0.0,1.0,0.0,1.0,1.0,1,0.4898,0.5333,0.3795,0.2849,0.4095,1.0,0.0,0.0,0.0,0.0,0.0,0.0,No Stroke
P01108,0.7532,0.0,1.0,0.0,0.0,0.0,0.0,0.0,0,0.4898,0.6,0.6256,0.211,0.633,0.0,1.0,0.0,1.0,0.0,0.0,0.0,Ischemic
P01109,0.7792,0.0,1.0,0.0,0.0,0.0,0.0,0.0,0,0.5102,0.6667,0.6718,0.3246,0.4595,0.0,0.0,0.0,0.0,0.0,0.0,0.0,No Stroke
P01110,0.4805,1.0,0.0,0.0,0.0,0.0,1.0,1.0,1,0.4592,0.2267,0.3692,0.2185,0.2624,0.0,1.0,0.0,1.0,0.0,0.0,1.0,Ischemic
P01111,0.5195,1.0,1.0,0.0,0.0,0.0,0.0,0.0,0,0.3061,0.5867,0.3949,0.2353,0.2128,0.0,1.0,1.0,1.0,0.0,0.0,0.0,Ischemic
P01112,0.8312,1.0,1.0,0.0,0.0,0.0,1.0,0.0,1,0.7041,0.6267,0.7692,0.5338,0.4546,1.0,1.0,0.0,0.0,1.0,0.0,0.0,Ischemic
P01113,0.3896,0.0,1.0,0.0,0.0,0.0,0.0,1.0,1,0.4898,0.6267,0.3282,0.437,0.1408,1.0,1.0,0.0,1.0,0.0,0.0,0.0,Ischemic
P01114,0.8571,1.0,1.0,1.0,1.0,0.0,0.0,1.0,0,0.5714,0.7733,0.7692,0.5177,0.6021,0.0,0.0,0.0,1.0,1.0,0.0,1.0,Ischemic
P01115,0.6883,0.0,1.0,0.0,0.0,0.0,0.0,0.0,0,0.4592,0.6267,0.559,0.2073,0.426,0.0,0.0,0.0,0.0,1.0,0.0,0.0,No Stroke
P01116,0.7662,1.0,0.0,0.0,0.0,0.0,0.0,0.0,0,0.449,0.3867,0.6615,0.4097,0.6026,0.0,0.0,0.0,0.0,0.0,0.0,0.0,No Stroke
P01117,0.2727,1.0,1.0,0.0,0.0,0.0,0.0,0.0,1,0.398,0.28,0.1538,0.1254,0.5275,0.0,0.0,0.0,0.0,0.0,0.0,0.0,No Stroke
P01118,0.5584,1.0,0.0,0.0,0.0,0.0,0.0,0.0,0,0.5714,0.44,0.5077,0.5692,0.5136,1.0,1.0,1.0,0.0,1.0,0.0,0.0,Ischemic
P01119,0.5584,0.0,0.0,1.0,1.0,0.0,0.0,0.0,1,0.2653,0.4933,0.4462,0.3991,0.6781,0.0,0.0,0.0,0.0,0.0,0.0,0.0,No Stroke
P01120,1.0,0.0,1.0,0.0,0.0,0.0,0.0,0.0,1,0.4388,0.6,0.8513,0.1266,0.2919,0.0,1.0,1.0,1.0,1.0,0.0,0.0,Ischemic
P01121,0.5195,0.0,0.0,0.0,0.0,0.0,1.0,0.0,0,0.3878,0.6,0.4154,0.3085,0.2333,0.0,0.0,0.0,0.0,0.0,1.0,0.0,No Stroke
P01122,0.3766,0.0,0.0,0.0,0.0,0.0,0.0,0.0,0,0.4592,0.5333,0.2667,0.1558,0.4211,1.0,0.0,0.0,0.0,0.0,0.0,0.0,No Stroke
P01123,0.6104,1.0,1.0,0.0,0.0,0.0,0.0,0.0,0,0.6735,0.5333,0.5282,0.311,0.5127,0.0,0.0,0.0,0.0,1.0,0.0,0.0,No Stroke
P01124,0.5584,1.0,1.0,0.0,0.0,0.0,0.0,0.0,0,0.6224,0.4533,0.4923,0.4345,0.4958,0.0,1.0,0.0,0.0,1.0,0.0,1.0,Ischemic
P01125,0.6623,0.0,0.0,0.0,0.0,0.0,0.0,0.0,0,0.2245,0.1867,0.5231,0.2502,0.4229,1.0,0.0,0.0,1.0,0.0,0.0,0.0,No Stroke
P01126,0.3896,1.0,1.0,0.0,0.0,0.0,1.0,0.0,0,0.4694,0.4,0.3333,0.5022,0.6375,0.0,0.0,0.0,0.0,0.0,0.0,0.0,No Stroke
P01127,0.7662,0.0,0.0,0.0,0.0,0.0,1.0,0.0,1,0.5102,0.1867,0.6154,0.1142,0.4403,1.0,1.0,1.0,0.0,0.0,1.0,1.0,Ischemic
P01128,0.2857,0.0,0.0,0.0,0.0,0.0,1.0,0.0,1,0.4286,0.28,0.1795,0.2017,0.6853,0.0,0.0,0.0,0.0,0.0,0.0,0.0,No Stroke
P01129,0.4935,1.0,0.0,0.0,0.0,1.0,0.0,0.0,1,0.2653,0.4667,0.3487,0.1322,0.3312,1.0,0.0,0.0,0.0,0.0,0.0,0.0,No Stroke
P01130,0.7013,0.0,0.0,0.0,0.0,0.0,0.0,0.0,1,0.4184,0.2533,0.5949,0.36,0.6241,1.0,0.0,0.0,0.0,0.0,1.0,0.0,Ischemic
P01131,0.4026,0.0,0.0,1.0,0.0,1.0,1.0,1.0,0,0.3776,0.36,0.3128,0.3526,0.8757,0.0,0.0,0.0,1.0,0.0,0.0,0.0,No Stroke
P01132,0.5195,0.0,0.0,0.0,0.0,0.0,0.0,1.0,0,0.3061,0.4267,0.3692,0.1378,0.4971,1.0,0.0,0.0,0.0,0.0,0.0,0.0,No Stroke
P01133,0.7143,0.0,1.0,0.0,0.0,1.0,1.0,0.0,1,0.5204,0.5467,0.6205,0.3774,0.6057,0.0,0.0,0.0,0.0,0.0,0.0,1.0,Hemorrhagic
P01134,0.6494,0.0,0.0,0.0,0.0,0.0,0.0,1.0,1,0.4286,0.3867,0.4923,0.0,0.8297,1.0,0.0,0.0,0.0,0.0,0.0,0.0,No Stroke
P01135,0.7532,0.0,1.0,1.0,0.0,0.0,1.0,0.0,0,0.3878,0.4667,0.6718,0.581,0.4694,0.0,1.0,1.0,0.0,0.0,0.0,0.0,Hemorrhagic
P01136,0.5325,0.0,1.0,0.0,0.0,0.0,0.0,0.0,1,0.5714,0.3733,0.4872,0.5574,0.2968,0.0,1.0,0.0,0.0,1.0,1.0,0.0,Ischemic
P01137,0.6104,1.0,1.0,1.0,0.0,0.0,1.0,0.0,0,0.5612,0.4267,0.5949,0.7902,0.6057,0.0,0.0,0.0,0.0,0.0,0.0,0.0,No Stroke
P01138,0.7532,0.0,1.0,1.0,0.0,0.0,1.0,0.0,0,0.4184,0.28,0.7077,0.7263,0.5945,0.0,1.0,0.0,0.0,0.0,0.0,0.0,No Stroke
P01139,0.7273,0.0,0.0,0.0,0.0,0.0,1.0,0.0,0,0.449,0.4533,0.5949,0.2415,0.2235,0.0,0.0,0.0,0.0,0.0,0.0,0.0,No Stroke
P01140,0.4935,0.0,1.0,0.0,0.0,0.0,0.0,0.0,0,0.4184,0.48,0.3846,0.2886,0.4564,0.0,0.0,0.0,0.0,0.0,0.0,0.0,No Stroke
P01141,0.6753,1.0,0.0,0.0,0.0,0.0,0.0,0.0,0,0.4082,0.56,0.5333,0.1397,0.5507,1.0,0.0,0.0,0.0,0.0,0.0,0.0,No Stroke
P01142,0.6883,0.0,0.0,1.0,0.0,0.0,0.0,1.0,1,0.4694,0.4133,0.6256,0.6238,0.5042,1.0,0.0,0.0,1.0,0.0,0.0,0.0,Hemorrhagic
P01143,0.4675,0.0,0.0,1.0,0.0,0.0,0.0,0.0,0,0.3469,0.3867,0.4051,0.5953,0.7206,0.0,0.0,0.0,0.0,0.0,0.0,0.0,No Stroke
P01144,0.5714,0.0,1.0,0.0,0.0,0.0,1.0,0.0,0,0.3776,0.6,0.4513,0.2458,0.333,0.0,1.0,0.0,1.0,0.0,0.0,0.0,Ischemic
P01145,0.9091,1.0,1.0,0.0,0.0,0.0,0.0,0.0,1,0.7857,0.68,0.8256,0.3706,0.3983,0.0,1.0,1.0,1.0,0.0,1.0,1.0,Ischemic
P01146,0.5714,1.0,0.0,0.0,0.0,0.0,1.0,0.0,0,0.2959,0.6,0.4359,0.2055,0.2924,0.0,1.0,1.0,1.0,0.0,0.0,0.0,Ischemic
P01147,1.0,1.0,0.0,0.0,1.0,0.0,0.0,0.0,0,0.7,0.4,0.8,0.1,0.4,0.0,1.0,0.0,1.0,1.0,0.0,1.0,Hemorrhagic
P01148,0.7273,0.0,1.0,0.0,0.0,0.0,0.0,0.0,0,0.4592,0.7333,0.641,0.4873,0.4095,0.0,0.0,1.0,0.0,0.0,0.0,0.0,No Stroke
P01149,0.4805,1.0,0.0,0.0,0.0,0.0,0.0,0.0,0,0.1122,0.32,0.3795,0.4693,0.7823,0.0,0.0,0.0,0.0,0.0,0.0,0.0,No Stroke
P01150,0.7013,0.0,1.0,0.0,1.0,0.0,0.0,0.0,0,0.449,0.5467,0.5897,0.324,0.6898,0.0,0.0,0.0,0.0,0.0,0.0,0.0,No Stroke
P01151,0.5195,1.0,1.0,0.0,0.0,0.0,0.0,0.0,0,0.449,0.68,0.4359,0.3842,0.464,0.0,1.0,0.0,0.0,0.0,0.0,0.0,Ischemic
P01152,1.0,0.0,0.0,0.0,0.0,0.0,0.0,0.0,0,0.4184,0.52,0.8359,0.041,0.3898,0.0,0.0,1.0,0.0,1.0,0.0,0.0,Hemorrhagic
P01153,0.4156,1.0,0.0,0.0,0.0,0.0,1.0,1.0,0,0.4694,0.36,0.2923,0.1099,0.3281,0.0,0.0,0.0,0.0,0.0,0.0,0.0,No Stroke
P01154,0.4156,0.0,1.0,0.0,1.0,0.0,1.0,1.0,0,0.5714,0.3467,0.3538,0.45,0.464,0.0,0.0,0.0,0.0,0.0,0.0,0.0,No Stroke
P01155,0.5714,0.0,1.0,0.0,0.0,0.0,1.0,1.0,0,0.4694,0.56,0.4769,0.3718,0.6746,0.0,0.0,0.0,0.0,1.0,0.0,0.0,No Stroke
P01156,0.2208,0.0,0.0,0.0,0.0,0.0,0.0,0.0,0,0.4184,0.48,0.1333,0.2551,0.4345,1.0,0.0,0.0,0.0,0.0,0.0,0.0,No Stroke
P01157,0.2597,0.0,0.0,0.0,0.0,0.0,0.0,0.0,1,0.3061,0.1333,0.1487,0.2061,0.6737,0.0,0.0,0.0,0.0,1.0,0.0,0.0,No Stroke
P01158,0.5195,0.0,1.0,0.0,0.0,0.0,1.0,0.0,0,0.4592,0.5333,0.4205,0.324,0.4546,0.0,0.0,0.0,1.0,1.0,0.0,1.0,Ischemic
P01159,0.5065,1.0,0.0,0.0,0.0,0.0,1.0,0.0,0,0.4898,0.7067,0.4205,0.347,0.3236,0.0,1.0,1.0,0.0,1.0,0.0,0.0,Ischemic
P01160,0.7273,1.0,0.0,0.0,0.0,0.0,0.0,0.0,1,0.3265,0.44,0.5641,0.1223,0.3764,1.0,0.0,0.0,0.0,0.0,0.0,0.0,No Stroke
P01161,0.2338,0.0,0.0,0.0,0.0,0.0,0.0,0.0,0,0.2449,0.2667,0.1077,0.1397,0.6004,1.0,0.0,0.0,0.0,0.0,0.0,0.0,No Stroke
P01162,0.6753,0.0,0.0,0.0,0.0,0.0,0.0,0.0,1,0.3367,0.4,0.5179,0.0757,0.2521,0.0,0.0,0.0,0.0,0.0,0.0,0.0,No Stroke
P01163,0.2078,1.0,1.0,0.0,0.0,0.0,0.0,0.0,1,0.3367,0.48,0.1179,0.3035,0.3612,0.0,0.0,0.0,0.0,0.0,0.0,0.0,No Stroke
P01164,0.4026,0.0,1.0,0.0,0.0,0.0,0.0,0.0,0,0.2347,0.6,0.2872,0.3222,0.5749,0.0,0.0,0.0,0.0,0.0,0.0,0.0,No Stroke
P01165,0.4805,1.0,1.0,0.0,1.0,0.0,0.0,0.0,1,0.3673,0.6667,0.3538,0.2067,0.7765,0.0,1.0,1.0,0.0,1.0,0.0,0.0,Ischemic
P01166,0.7792,1.0,0.0,0.0,1.0,0.0,1.0,1.0,0,0.6122,0.72,0.6205,0.0,0.447,1.0,0.0,0.0,0.0,0.0,1.0,0.0,Ischemic
P01167,0.3247,1.0,1.0,0.0,0.0,0.0,0.0,1.0,0,0.449,0.8533,0.2667,0.4364,0.2852,0.0,1.0,1.0,1.0,1.0,0.0,1.0,Ischemic
P01168,0.3247,1.0,0.0,0.0,0.0,0.0,0.0,0.0,0,0.5408,0.0,0.2205,0.1477,0.3397,1.0,0.0,0.0,0.0,0.0,0.0,0.0,No Stroke
P01169,0.6234,0.0,0.0,1.0,0.0,0.0,0.0,0.0,1,0.4286,0.5333,0.5179,0.3495,0.3697,1.0,0.0,1.0,1.0,1.0,1.0,0.0,Ischemic
P01170,0.5974,1.0,0.0,0.0,0.0,0.0,0.0,0.0,1,0.5,0.4267,0.4615,0.0944,0.4935,0.0,0.0,0.0,0.0,0.0,0.0,0.0,No Stroke
P01171,0.9221,0.0,0.0,1.0,0.0,0.0,1.0,0.0,0,0.1327,0.3467,0.8103,0.622,0.5682,0.0,1.0,0.0,1.0,1.0,1.0,1.0,Ischemic
P01172,0.3377,0.0,0.0,0.0,0.0,0.0,0.0,1.0,0,0.2551,0.48,0.2154,0.1819,0.6035,0.0,0.0,0.0,0.0,0.0,0.0,0.0,No Stroke
P01173,0.4935,1.0,1.0,0.0,1.0,0.0,0.0,0.0,0,0.5816,0.64,0.3949,0.2204,0.4457,0.0,1.0,1.0,1.0,0.0,1.0,0.0,Ischemic
P01174,0.4286,0.0,0.0,0.0,0.0,0.0,0.0,0.0,1,0.2755,0.4,0.2718,0.0,0.3545,0.0,0.0,0.0,1.0,0.0,0.0,0.0,No Stroke
P01175,0.6753,0.0,0.0,0.0,0.0,0.0,0.0,1.0,0,0.5102,0.5733,0.5692,0.2992,0.4667,1.0,0.0,0.0,0.0,0.0,0.0,0.0,No Stroke
P01176,0.4416,0.0,0.0,0.0,0.0,0.0,0.0,1.0,0,0.3265,0.3067,0.3385,0.3346,0.6437,1.0,0.0,1.0,0.0,0.0,0.0,0.0,Ischemic
P01177,0.5325,0.0,0.0,0.0,0.0,0.0,0.0,0.0,0,0.4388,0.28,0.4154,0.1993,0.4153,0.0,1.0,0.0,0.0,0.0,0.0,0.0,Ischemic
P01178,0.6234,1.0,1.0,1.0,0.0,0.0,0.0,1.0,1,0.5408,0.5467,0.5692,0.5829,0.6339,0.0,0.0,0.0,0.0,0.0,0.0,1.0,Ischemic
P01179,0.961,0.0,1.0,0.0,0.0,0.0,0.0,0.0,0,0.2959,0.4533,0.7949,0.1788,0.5011,0.0,1.0,1.0,0.0,0.0,0.0,0.0,Ischemic
P01180,0.3377,0.0,0.0,0.0,0.0,0.0,1.0,0.0,0,0.2449,0.5467,0.2513,0.3942,0.3438,1.0,0.0,0.0,0.0,0.0,0.0,0.0,No Stroke
P01181,0.4805,0.0,1.0,0.0,0.0,1.0,0.0,1.0,0,0.6429,0.6,0.4256,0.4643,0.6384,0.0,0.0,0.0,1.0,1.0,0.0,1.0,Ischemic
P01182,0.1558,1.0,0.0,1.0,0.0,0.0,1.0,0.0,1,0.398,0.2667,0.1282,0.5891,0.2481,0.0,0.0,0.0,0.0,0.0,0.0,0.0,No Stroke
P01183,0.4416,1.0,0.0,1.0,0.0,0.0,0.0,1.0,0,0.2551,0.4,0.3692,0.5531,0.6732,1.0,0.0,0.0,0.0,1.0,0.0,0.0,No Stroke
P01184,0.6883,1.0,0.0,0.0,0.0,1.0,1.0,0.0,0,0.1122,0.4133,0.5538,0.3408,0.4569,0.0,0.0,0.0,0.0,0.0,0.0,1.0,No Stroke
P01185,0.4675,0.0,0.0,0.0,0.0,0.0,0.0,0.0,1,0.2041,0.4667,0.3385,0.2284,0.4528,0.0,0.0,0.0,0.0,0.0,0.0,0.0,No Stroke
P01186,0.5974,1.0,0.0,0.0,0.0,0.0,0.0,0.0,0,0.3367,0.28,0.4462,0.139,0.2289,1.0,0.0,0.0,0.0,0.0,0.0,0.0,No Stroke
P01187,0.4156,1.0,0.0,0.0,0.0,0.0,0.0,0.0,0,0.2653,0.5733,0.2821,0.193,0.3965,0.0,0.0,0.0,0.0,0.0,0.0,0.0,No Stroke
P01188,0.6494,1.0,0.0,0.0,0.0,0.0,1.0,0.0,1,0.3878,0.28,0.5385,0.3259,0.43,0.0,0.0,0.0,0.0,0.0,0.0,0.0,No Stroke
P01189,0.1299,0.0,0.0,0.0,0.0,0.0,0.0,0.0,1,0.0408,0.32,0.0,0.1012,0.4113,0.0,0.0,0.0,0.0,0.0,0.0,0.0,No Stroke
P01190,0.8182,1.0,1.0,0.0,0.0,0.0,0.0,1.0,0,0.6122,0.4667,0.7436,0.5146,0.3031,0.0,0.0,0.0,0.0,0.0,0.0,0.0,No Stroke
P01191,0.4545,1.0,1.0,0.0,0.0,0.0,0.0,0.0,1,0.3878,0.4267,0.359,0.2998,0.4184,0.0,0.0,0.0,0.0,0.0,1.0,1.0,Ischemic
P01192,0.6494,1.0,0.0,0.0,0.0,0.0,0.0,0.0,0,0.1327,0.2667,0.5179,0.3849,0.5302,0.0,0.0,0.0,1.0,0.0,1.0,1.0,Ischemic
P01193,0.4026,0.0,0.0,0.0,0.0,0.0,0.0,0.0,1,0.4694,0.56,0.3179,0.3191,0.5414,1.0,0.0,0.0,0.0,1.0,0.0,1.0,Ischemic
P01194,0.2597,0.0,1.0,0.0,0.0,0.0,0.0,0.0,0,0.449,0.32,0.1846,0.3476,0.5641,0.0,1.0,0.0,0.0,0.0,0.0,1.0,Ischemic
P01195,0.3896,0.0,0.0,0.0,0.0,0.0,0.0,0.0,1,0.3673,0.5333,0.3077,0.4277,0.084,0.0,0.0,0.0,0.0,0.0,0.0,0.0,No Stroke
P01196,0.7792,1.0,0.0,0.0,0.0,1.0,1.0,0.0,0,0.3469,0.4667,0.6359,0.2539,0.3147,1.0,0.0,0.0,0.0,0.0,0.0,0.0,No Stroke
P01197,0.4545,1.0,0.0,0.0,0.0,0.0,0.0,0.0,0,0.4082,0.3467,0.3333,0.1515,0.6191,1.0,0.0,0.0,0.0,0.0,0.0,0.0,No Stroke
P01198,0.2468,1.0,0.0,1.0,0.0,0.0,0.0,0.0,0,0.3367,0.5067,0.2,0.5388,0.6661,0.0,1.0,1.0,0.0,0.0,1.0,1.0,Ischemic
P01199,0.9351,1.0,1.0,0.0,1.0,0.0,0.0,0.0,0,0.5918,0.6267,0.8513,0.4804,0.4135,1.0,1.0,1.0,1.0,1.0,1.0,0.0,Hemorrhagic
P01200,0.6364,1.0,1.0,0.0,0.0,0.0,0.0,1.0,1,0.5714,0.44,0.5231,0.1986,0.3599,0.0,0.0,0.0,0.0,0.0,0.0,0.0,No Stroke
P01201,0.3766,0.0,0.0,0.0,0.0,0.0,0.0,0.0,0,0.449,0.3867,0.2872,0.2886,0.5217,0.0,0.0,0.0,0.0,0.0,0.0,0.0,No Stroke
P01202,0.4286,1.0,0.0,0.0,0.0,0.0,1.0,0.0,1,0.5204,0.4133,0.3333,0.2619,0.3536,0.0,0.0,0.0,0.0,0.0,0.0,0.0,No Stroke
P01203,0.3636,0.0,0.0,1.0,0.0,0.0,0.0,0.0,1,0.2449,0.2933,0.2872,0.4804,0.4828,0.0,1.0,1.0,0.0,0.0,1.0,0.0,Hemorrhagic
P01204,0.3117,1.0,0.0,0.0,0.0,0.0,0.0,1.0,1,0.3673,0.4667,0.2205,0.3147,0.3321,1.0,0.0,1.0,0.0,0.0,0.0,0.0,Ischemic
P01205,0.0909,0.0,0.0,0.0,0.0,0.0,1.0,0.0,0,0.3367,0.44,0.0051,0.2818,0.3456,0.0,0.0,0.0,0.0,0.0,0.0,0.0,No Stroke
P01206,0.6364,1.0,0.0,1.0,0.0,1.0,0.0,0.0,0,0.4082,0.6933,0.5641,0.5562,0.3192,1.0,1.0,1.0,0.0,1.0,1.0,0.0,Ischemic
P01207,0.6234,1.0,0.0,0.0,0.0,0.0,0.0,0.0,0,0.4286,0.4667,0.5026,0.2651,0.4189,0.0,0.0,0.0,0.0,0.0,0.0,0.0,No Stroke
P01208,0.7403,0.0,1.0,0.0,0.0,0.0,0.0,1.0,0,0.898,0.4533,0.6462,0.1937,0.6236,0.0,0.0,0.0,0.0,1.0,0.0,0.0,No Stroke
P01209,0.4026,1.0,1.0,0.0,0.0,1.0,0.0,0.0,1,0.4592,0.52,0.3333,0.4475,0.5405,0.0,0.0,0.0,0.0,0.0,0.0,0.0,No Stroke
P01210,0.2078,1.0,0.0,0.0,0.0,0.0,1.0,0.0,0,0.3061,0.4933,0.1128,0.2961,0.6741,0.0,0.0,0.0,0.0,0.0,0.0,0.0,No Stroke
P01211,0.6623,1.0,1.0,0.0,0.0,0.0,1.0,0.0,0,0.5612,0.6267,0.5744,0.3911,0.3236,0.0,0.0,0.0,0.0,0.0,0.0,0.0,No Stroke
P01212,0.3636,1.0,0.0,1.0,0.0,0.0,0.0,0.0,1,0.4286,0.3733,0.2769,0.3662,0.4318,1.0,0.0,0.0,1.0,0.0,0.0,0.0,No Stroke
P01213,0.7143,1.0,1.0,0.0,1.0,0.0,1.0,0.0,1,0.3367,0.6267,0.5949,0.3054,0.6093,0.0,0.0,0.0,0.0,0.0,1.0,1.0,Hemorrhagic
P01214,0.5065,0.0,0.0,0.0,0.0,0.0,0.0,0.0,0,0.3061,0.4933,0.3897,0.3035,0.4332,0.0,0.0,0.0,0.0,0.0,0.0,0.0,No Stroke
P01215,0.4026,0.0,0.0,0.0,0.0,0.0,0.0,0.0,0,0.5204,0.3467,0.2974,0.216,0.5767,0.0,0.0,0.0,0.0,0.0,0.0,0.0,No Stroke
P01216,0.4935,1.0,0.0,0.0,0.0,0.0,0.0,1.0,1,0.3673,0.48,0.3538,0.0751,0.5011,0.0,0.0,1.0,0.0,1.0,1.0,0.0,Ischemic
P01217,0.4935,1.0,1.0,0.0,0.0,0.0,0.0,0.0,1,0.3265,0.5333,0.4051,0.4804,0.3558,0.0,0.0,0.0,0.0,0.0,0.0,0.0,No Stroke
P01218,1.0,0.0,1.0,0.0,0.0,0.0,1.0,1.0,0,0.4286,0.4667,0.8769,0.4258,0.5436,0.0,0.0,0.0,0.0,0.0,0.0,0.0,No Stroke
P01219,0.5195,0.0,0.0,0.0,0.0,0.0,0.0,0.0,0,0.4286,0.4133,0.3692,0.0534,0.5565,0.0,0.0,0.0,0.0,0.0,0.0,0.0,No Stroke
P01220,0.2727,1.0,0.0,1.0,0.0,0.0,1.0,0.0,1,0.449,0.2667,0.2462,0.6834,0.7957,0.0,0.0,0.0,0.0,0.0,0.0,0.0,No Stroke
P01221,0.5714,0.0,1.0,0.0,0.0,0.0,0.0,1.0,0,0.8469,0.3733,0.5128,0.3681,0.203,0.0,0.0,0.0,1.0,1.0,0.0,0.0,Hemorrhagic
P01222,0.3636,1.0,0.0,0.0,0.0,0.0,0.0,1.0,1,0.1735,0.32,0.2308,0.2446,0.3987,0.0,0.0,0.0,0.0,0.0,0.0,0.0,No Stroke
P01223,0.4416,0.0,0.0,1.0,0.0,0.0,0.0,0.0,1,0.3265,0.44,0.3795,0.5512,0.1927,0.0,0.0,1.0,0.0,0.0,0.0,0.0,No Stroke
P01224,0.6364,0.0,1.0,0.0,0.0,0.0,0.0,1.0,0,0.4388,0.52,0.5692,0.5487,0.7953,0.0,0.0,1.0,0.0,0.0,1.0,0.0,Hemorrhagic
P01225,0.6234,1.0,0.0,0.0,1.0,0.0,1.0,0.0,1,0.4082,0.24,0.4821,0.1521,0.6071,0.0,0.0,0.0,1.0,0.0,0.0,0.0,No Stroke
P01226,0.4026,0.0,1.0,0.0,0.0,0.0,0.0,0.0,0,0.7143,0.4933,0.3385,0.3135,0.2329,0.0,0.0,0.0,0.0,0.0,0.0,0.0,No Stroke
P01227,0.7273,1.0,1.0,0.0,0.0,0.0,0.0,0.0,1,0.6327,0.6133,0.6205,0.234,0.4886,0.0,1.0,1.0,1.0,0.0,0.0,0.0,Ischemic
P01228,0.7,1.0,1.0,1.0,0.0,0.0,0.0,0.0,1,0.7,0.6,0.7,0.5,0.7,1.0,1.0,1.0,0.0,0.0,0.0,1.0,Hemorrhagic
P01229,0.1299,1.0,0.0,0.0,0.0,0.0,0.0,0.0,0,0.0306,0.2667,0.0103,0.27,0.515,1.0,0.0,0.0,0.0,0.0,0.0,0.0,No Stroke
P01230,0.6494,0.0,0.0,1.0,0.0,0.0,1.0,0.0,1,0.5102,0.4,0.6154,0.6952,0.5789,1.0,0.0,0.0,0.0,0.0,0.0,0.0,No Stroke
P01231,0.6623,0.0,1.0,0.0,0.0,0.0,0.0,1.0,0,0.7041,0.44,0.5744,0.3259,0.477,0.0,0.0,0.0,1.0,0.0,0.0,0.0,No Stroke
P01232,0.5714,0.0,0.0,1.0,0.0,0.0,0.0,0.0,1,0.2857,0.1867,0.4923,0.5854,0.215,1.0,0.0,0.0,0.0,1.0,0.0,0.0,No Stroke
P01233,0.6364,1.0,0.0,0.0,0.0,0.0,1.0,1.0,1,0.2755,0.5867,0.5179,0.3377,0.5056,0.0,0.0,0.0,0.0,0.0,0.0,0.0,No Stroke
P01234,0.5065,0.0,0.0,0.0,0.0,0.0,0.0,0.0,1,0.1122,0.1733,0.3897,0.4091,0.6066,0.0,0.0,0.0,0.0,0.0,0.0,1.0,Ischemic
P01235,0.6753,0.0,0.0,1.0,0.0,0.0,0.0,1.0,0,0.8878,0.4667,0.6667,0.6872,0.527,0.0,0.0,1.0,0.0,0.0,1.0,0.0,Ischemic
P01236,0.5325,1.0,0.0,1.0,0.0,0.0,1.0,0.0,1,0.2959,0.4667,0.441,0.455,0.8315,0.0,0.0,0.0,0.0,0.0,0.0,0.0,No Stroke
P01237,0.4416,1.0,1.0,0.0,0.0,0.0,0.0,1.0,0,0.4286,0.5067,0.359,0.4382,0.7537,0.0,1.0,1.0,1.0,1.0,1.0,0.0,Ischemic
P01238,0.4545,0.0,0.0,0.0,0.0,0.0,1.0,0.0,0,0.3571,0.28,0.3538,0.2893,0.2302,1.0,1.0,0.0,0.0,0.0,1.0,0.0,Hemorrhagic
P01239,0.8442,1.0,1.0,0.0,0.0,0.0,0.0,1.0,0,0.7653,0.4933,0.7538,0.2973,0.4743,0.0,0.0,0.0,0.0,0.0,0.0,0.0,No Stroke
P01240,0.8052,1.0,1.0,1.0,0.0,0.0,0.0,0.0,1,0.398,0.5733,0.7692,0.8771,0.2906,0.0,0.0,0.0,0.0,0.0,0.0,0.0,No Stroke
P01241,0.3636,0.0,0.0,0.0,0.0,0.0,0.0,0.0,0,0.2959,0.48,0.2513,0.211,0.3558,0.0,0.0,0.0,0.0,0.0,0.0,0.0,No Stroke
P01242,0.5584,1.0,0.0,0.0,0.0,0.0,1.0,0.0,0,0.2959,0.4667,0.4154,0.1924,0.5087,0.0,0.0,0.0,0.0,0.0,0.0,0.0,No Stroke
P01243,0.7922,0.0,1.0,0.0,0.0,0.0,1.0,1.0,0,0.6939,0.4133,0.7077,0.4252,0.2839,1.0,1.0,1.0,0.0,0.0,1.0,0.0,Hemorrhagic
P01244,0.6623,1.0,1.0,0.0,0.0,0.0,0.0,0.0,0,0.3469,0.6267,0.5333,0.2626,0.5847,0.0,0.0,0.0,0.0,0.0,0.0,0.0,No Stroke
P01245,0.4675,0.0,1.0,0.0,0.0,1.0,0.0,0.0,0,0.5612,0.48,0.359,0.1601,0.9101,0.0,0.0,0.0,0.0,1.0,0.0,0.0,No Stroke
P01246,0.6753,1.0,0.0,0.0,0.0,0.0,0.0,0.0,0,0.5408,0.4267,0.5641,0.2427,0.3438,0.0,0.0,1.0,0.0,0.0,1.0,0.0,Hemorrhagic
P01247,0.8831,1.0,1.0,0.0,0.0,0.0,0.0,0.0,1,0.8367,0.72,0.7949,0.3265,0.4417,0.0,1.0,1.0,1.0,1.0,0.0,1.0,Ischemic
P01248,0.5714,1.0,0.0,0.0,0.0,0.0,0.0,0.0,1,0.2959,0.64,0.4359,0.2222,0.4408,1.0,0.0,0.0,0.0,0.0,0.0,0.0,No Stroke
P01249,0.5714,0.0,0.0,0.0,0.0,0.0,1.0,0.0,0,0.3571,0.4667,0.4615,0.3352,0.3062,0.0,0.0,0.0,0.0,1.0,0.0,0.0,No Stroke
P01250,0.2208,1.0,0.0,0.0,0.0,0.0,1.0,0.0,0,0.3163,0.2667,0.0974,0.1341,0.6468,0.0,1.0,0.0,0.0,0.0,0.0,0.0,No Stroke
P01251,0.6623,1.0,1.0,0.0,0.0,0.0,0.0,1.0,0,0.3776,0.32,0.5231,0.2197,0.5382,0.0,1.0,1.0,0.0,1.0,0.0,0.0,Ischemic
P01252,0.5584,0.0,0.0,0.0,0.0,0.0,0.0,0.0,0,0.3469,0.4667,0.4564,0.4016,0.3567,1.0,0.0,0.0,0.0,0.0,0.0,0.0,No Stroke
P01253,0.2857,1.0,1.0,0.0,0.0,0.0,1.0,0.0,1,0.4592,0.32,0.2051,0.3321,0.2499,0.0,0.0,1.0,1.0,0.0,1.0,1.0,Ischemic
P01254,0.9481,0.0,0.0,1.0,0.0,0.0,0.0,0.0,1,0.4388,0.3067,0.8769,0.6958,0.6093,0.0,0.0,1.0,0.0,0.0,0.0,1.0,Ischemic
P01255,0.7143,0.0,1.0,0.0,1.0,1.0,1.0,1.0,0,0.7143,0.2933,0.6462,0.4264,0.734,0.0,1.0,0.0,0.0,0.0,0.0,0.0,Ischemic
P01256,0.2,0.0,0.0,1.0,0.0,0.0,1.0,0.0,1,0.3,0.4,0.2,0.5,0.7,0.0,1.0,0.0,0.0,0.0,0.0,1.0,Hemorrhagic
P01257,0.6883,0.0,1.0,0.0,0.0,0.0,0.0,0.0,1,0.3265,0.8133,0.5487,0.2682,0.5069,0.0,0.0,0.0,0.0,0.0,0.0,0.0,No Stroke
P01258,0.4286,0.0,0.0,0.0,0.0,0.0,0.0,1.0,0,0.4286,0.4267,0.2974,0.1179,0.4296,0.0,0.0,0.0,0.0,0.0,0.0,0.0,No Stroke
P01259,0.8701,0.0,0.0,0.0,0.0,0.0,1.0,1.0,1,0.4898,0.2533,0.7128,0.0956,0.7014,0.0,0.0,0.0,0.0,0.0,0.0,0.0,No Stroke
P01260,0.1558,0.0,0.0,0.0,0.0,0.0,0.0,0.0,0,0.2959,0.4,0.0769,0.3513,0.165,1.0,0.0,0.0,0.0,0.0,0.0,0.0,Ischemic
P01261,0.5065,0.0,0.0,0.0,0.0,0.0,1.0,0.0,1,0.4286,0.4,0.4,0.288,0.3764,0.0,0.0,0.0,0.0,0.0,0.0,0.0,No Stroke
P01262,0.5584,1.0,0.0,0.0,0.0,0.0,0.0,0.0,0,0.5204,0.5067,0.441,0.1993,0.5601,0.0,0.0,0.0,0.0,0.0,0.0,0.0,No Stroke
P01263,0.4545,1.0,0.0,0.0,0.0,0.0,1.0,0.0,1,0.5,0.7067,0.3846,0.406,0.4435,1.0,0.0,0.0,0.0,0.0,0.0,0.0,No Stroke
P01264,0.5195,1.0,0.0,0.0,0.0,0.0,0.0,1.0,0,0.5,0.2533,0.4256,0.3153,0.4761,0.0,0.0,0.0,0.0,0.0,0.0,0.0,No Stroke
P01265,0.5455,1.0,1.0,0.0,0.0,0.0,0.0,0.0,1,0.2347,0.5067,0.441,0.4339,0.4944,0.0,0.0,0.0,0.0,0.0,0.0,0.0,No Stroke
P01266,0.7922,1.0,1.0,0.0,0.0,0.0,0.0,1.0,1,0.449,0.6,0.6615,0.2377,0.5042,1.0,1.0,0.0,0.0,1.0,1.0,1.0,Ischemic
P01267,0.9221,1.0,1.0,0.0,0.0,0.0,0.0,1.0,1,0.4286,0.48,0.7641,0.1626,0.2973,1.0,0.0,0.0,0.0,0.0,0.0,0.0,Ischemic
P01268,0.2597,1.0,0.0,0.0,0.0,0.0,0.0,1.0,0,0.1531,0.56,0.1538,0.3097,0.3304,0.0,0.0,0.0,0.0,0.0,0.0,0.0,No Stroke
P01269,0.7922,0.0,0.0,0.0,0.0,1.0,0.0,1.0,0,0.4898,0.44,0.6308,0.0466,0.4806,0.0,1.0,1.0,1.0,1.0,0.0,0.0,Hemorrhagic
P01270,0.5974,1.0,1.0,0.0,0.0,0.0,0.0,0.0,1,0.3571,0.44,0.4821,0.3091,0.6558,0.0,0.0,0.0,0.0,0.0,0.0,0.0,No Stroke
P01271,0.5584,0.0,0.0,0.0,0.0,0.0,1.0,1.0,0,0.2449,0.3867,0.3795,0.0,0.6089,0.0,0.0,0.0,0.0,0.0,0.0,0.0,No Stroke
P01272,0.4026,1.0,0.0,1.0,0.0,0.0,0.0,0.0,0,0.4184,0.1867,0.359,0.599,0.4139,0.0,0.0,1.0,0.0,1.0,0.0,0.0,Ischemic
P01273,0.3506,1.0,1.0,0.0,0.0,0.0,1.0,0.0,0,0.7347,0.56,0.2923,0.3054,0.3813,0.0,1.0,1.0,0.0,1.0,0.0,0.0,Ischemic
P01274,0.5844,0.0,0.0,1.0,0.0,0.0,0.0,1.0,1,0.0612,0.5067,0.4769,0.5444,0.3804,0.0,0.0,0.0,0.0,0.0,1.0,0.0,Ischemic
P01275,0.2987,1.0,0.0,0.0,0.0,0.0,1.0,0.0,0,0.1735,0.4,0.1692,0.1837,0.392,1.0,1.0,0.0,0.0,0.0,0.0,0.0,No Stroke
P01276,0.7792,1.0,1.0,0.0,0.0,1.0,0.0,0.0,1,0.6633,0.5067,0.6821,0.2986,0.4005,0.0,1.0,1.0,1.0,0.0,1.0,0.0,Hemorrhagic
P01277,0.3117,0.0,1.0,0.0,0.0,0.0,0.0,0.0,1,0.6224,0.6133,0.2205,0.1583,0.5396,0.0,0.0,0.0,0.0,0.0,0.0,0.0,No Stroke
P01278,0.5325,0.0,1.0,0.0,0.0,0.0,0.0,0.0,0,0.449,0.5333,0.4205,0.2626,0.5431,0.0,0.0,0.0,0.0,0.0,0.0,0.0,No Stroke
P01279,0.3896,1.0,1.0,0.0,0.0,0.0,0.0,0.0,1,0.1735,0.5733,0.2462,0.1235,0.6097,0.0,1.0,1.0,0.0,0.0,1.0,0.0,Ischemic
P01280,0.6494,1.0,1.0,0.0,0.0,0.0,0.0,0.0,0,0.4592,0.6267,0.5487,0.3433,0.4426,0.0,1.0,0.0,0.0,0.0,0.0,0.0,Ischemic
P01281,0.8,0.0,0.0,0.0,0.0,0.0,0.0,0.0,0,0.4,0.5,0.7,0.5,0.4,0.0,1.0,0.0,1.0,0.0,0.0,1.0,Hemorrhagic
P01282,0.7403,0.0,1.0,0.0,0.0,0.0,1.0,0.0,0,0.8469,0.3333,0.6564,0.2775,0.5105,0.0,0.0,0.0,0.0,0.0,0.0,0.0,No Stroke
P01283,0.4545,1.0,0.0,0.0,1.0,0.0,1.0,1.0,0,0.449,0.36,0.3436,0.2129,0.3751,0.0,0.0,0.0,0.0,0.0,0.0,0.0,No Stroke
P01284,0.5844,0.0,1.0,0.0,0.0,0.0,0.0,1.0,1,0.2347,0.3733,0.4308,0.1502,0.4327,0.0,0.0,0.0,0.0,0.0,0.0,0.0,No Stroke
P01285,0.5195,1.0,0.0,0.0,0.0,0.0,1.0,0.0,1,0.0918,0.3333,0.359,0.1837,0.3192,1.0,1.0,1.0,0.0,0.0,0.0,0.0,Ischemic
P01286,0.7792,1.0,0.0,1.0,0.0,0.0,1.0,0.0,1,0.2449,0.6133,0.6256,0.2278,0.5762,1.0,0.0,0.0,1.0,1.0,1.0,1.0,Ischemic
P01287,0.7273,0.0,1.0,1.0,0.0,0.0,1.0,1.0,1,0.5204,0.7333,0.6923,0.7542,0.6361,0.0,1.0,0.0,1.0,1.0,1.0,0.0,Ischemic
P01288,0.5974,1.0,0.0,1.0,0.0,0.0,1.0,1.0,1,0.4286,0.72,0.5026,0.4078,0.802,0.0,0.0,0.0,0.0,0.0,0.0,1.0,No Stroke
P01289,0.8182,0.0,0.0,0.0,1.0,0.0,0.0,1.0,1,0.5,0.4667,0.7026,0.3097,0.1797,0.0,0.0,0.0,0.0,0.0,0.0,0.0,No Stroke
P01290,0.7922,1.0,0.0,1.0,0.0,0.0,0.0,0.0,1,0.6939,0.3067,0.7487,0.6319,0.274,0.0,1.0,1.0,0.0,0.0,0.0,0.0,Ischemic
P01291,0.6234,1.0,0.0,0.0,0.0,0.0,0.0,0.0,1,0.2041,0.4,0.4462,0.0074,0.4439,1.0,1.0,0.0,1.0,1.0,0.0,1.0,Ischemic
P01292,0.4286,1.0,0.0,0.0,0.0,0.0,0.0,0.0,1,0.3776,0.2533,0.3026,0.1477,0.464,0.0,0.0,0.0,0.0,0.0,0.0,0.0,No Stroke
P01293,0.3377,0.0,1.0,1.0,0.0,0.0,0.0,0.0,0,0.2245,0.2667,0.2872,0.6543,0.7269,0.0,0.0,0.0,0.0,0.0,0.0,0.0,No Stroke
P01294,0.4286,0.0,0.0,0.0,0.0,0.0,0.0,0.0,0,0.4184,0.32,0.3231,0.2632,0.3755,1.0,0.0,0.0,0.0,0.0,0.0,0.0,No Stroke
P01295,0.4545,0.0,1.0,1.0,0.0,0.0,0.0,0.0,0,0.5204,0.7333,0.4256,0.653,0.2396,0.0,1.0,1.0,1.0,1.0,1.0,0.0,Ischemic
P01296,0.5195,0.0,1.0,0.0,0.0,0.0,0.0,0.0,1,0.5816,0.68,0.4462,0.36,0.3996,0.0,1.0,0.0,0.0,1.0,0.0,1.0,Hemorrhagic
P01297,0.4545,0.0,1.0,0.0,0.0,0.0,1.0,0.0,1,0.5102,0.3067,0.3231,0.0509,0.6983,0.0,0.0,1.0,0.0,1.0,1.0,1.0,Ischemic
P01298,0.3636,1.0,0.0,1.0,0.0,0.0,0.0,1.0,1,0.0204,0.24,0.2667,0.527,0.1301,1.0,0.0,0.0,0.0,0.0,0.0,0.0,No Stroke
P01299,0.3896,1.0,1.0,0.0,0.0,0.0,0.0,1.0,0,0.3367,0.2933,0.3282,0.5512,0.338,0.0,0.0,0.0,0.0,0.0,0.0,0.0,No Stroke
P01300,0.4935,0.0,0.0,0.0,0.0,0.0,0.0,1.0,0,0.3265,0.4133,0.3949,0.3619,0.2392,0.0,0.0,0.0,0.0,0.0,0.0,0.0,No Stroke
P01301,0.5974,1.0,1.0,0.0,1.0,0.0,0.0,0.0,1,0.6633,0.3333,0.5077,0.3197,0.3634,0.0,1.0,0.0,0.0,1.0,1.0,0.0,Ischemic
P01302,0.5714,1.0,1.0,1.0,0.0,1.0,0.0,0.0,0,0.3878,0.4,0.4821,0.4674,0.5382,0.0,0.0,0.0,0.0,0.0,0.0,0.0,No Stroke
P01303,0.5974,1.0,0.0,0.0,1.0,0.0,0.0,0.0,1,0.3878,0.4933,0.4667,0.2228,0.4251,0.0,0.0,0.0,0.0,0.0,0.0,0.0,No Stroke
P01304,0.6494,0.0,1.0,0.0,0.0,0.0,0.0,1.0,0,0.398,0.88,0.5487,0.3805,0.3661,0.0,0.0,0.0,0.0,0.0,0.0,0.0,No Stroke
P01305,0.4935,1.0,0.0,0.0,0.0,0.0,0.0,0.0,0,0.2041,0.3467,0.3846,0.3855,0.599,0.0,1.0,1.0,1.0,1.0,0.0,0.0,Hemorrhagic
P01306,0.5195,0.0,0.0,0.0,0.0,0.0,0.0,0.0,0,0.3673,0.6,0.3692,0.0087,0.3706,0.0,0.0,0.0,0.0,0.0,0.0,0.0,No Stroke
P01307,0.5325,1.0,1.0,0.0,0.0,0.0,0.0,0.0,0,0.3367,0.52,0.4256,0.3619,0.5548,0.0,0.0,0.0,0.0,0.0,0.0,0.0,No Stroke
P01308,0.5584,1.0,1.0,0.0,0.0,0.0,0.0,0.0,0,0.5204,0.7333,0.4513,0.2421,0.4452,0.0,0.0,0.0,0.0,0.0,0.0,0.0,No Stroke
P01309,0.4805,1.0,1.0,0.0,0.0,0.0,0.0,1.0,1,0.6122,0.6,0.4103,0.4084,0.4135,0.0,0.0,0.0,0.0,0.0,0.0,0.0,No Stroke
P01310,0.5065,1.0,0.0,0.0,0.0,0.0,0.0,1.0,0,0.3673,0.56,0.3744,0.1707,0.4287,0.0,0.0,0.0,0.0,0.0,0.0,0.0,No Stroke
P01311,0.4286,0.0,1.0,0.0,0.0,0.0,0.0,1.0,1,0.4898,0.4533,0.3128,0.1316,0.1658,0.0,0.0,0.0,0.0,1.0,0.0,0.0,No Stroke
P01312,0.3117,0.0,0.0,0.0,0.0,0.0,1.0,0.0,0,0.4694,0.6533,0.2308,0.2706,0.4023,0.0,0.0,0.0,0.0,0.0,0.0,0.0,No Stroke
P01313,0.5195,1.0,1.0,1.0,0.0,0.0,1.0,1.0,0,0.5,0.5467,0.4718,0.6108,0.308,0.0,0.0,0.0,0.0,0.0,0.0,0.0,No Stroke
P01314,0.3247,0.0,1.0,0.0,0.0,0.0,0.0,0.0,0,0.2245,0.4533,0.2462,0.5115,0.5029,0.0,1.0,1.0,1.0,1.0,1.0,1.0,Ischemic
P01315,0.3377,0.0,0.0,0.0,0.0,0.0,0.0,0.0,0,0.0,0.4,0.2256,0.4295,0.3451,1.0,0.0,0.0,0.0,0.0,0.0,0.0,No Stroke
P01316,0.4416,1.0,0.0,0.0,0.0,0.0,0.0,0.0,0,0.4898,0.3067,0.359,0.3147,0.4604,0.0,0.0,0.0,0.0,0.0,0.0,0.0,No Stroke
P01317,0.4156,1.0,1.0,0.0,0.0,0.0,0.0,0.0,0,0.602,0.5067,0.3641,0.4755,0.0635,0.0,0.0,0.0,0.0,0.0,0.0,0.0,No Stroke
P01318,0.5714,1.0,1.0,0.0,0.0,0.0,0.0,0.0,0,0.3061,0.6267,0.441,0.2471,0.3844,0.0,1.0,0.0,1.0,1.0,0.0,0.0,Ischemic
P01319,0.7,0.0,1.0,0.0,1.0,0.0,1.0,0.0,1,0.5,0.5,0.6,0.2,0.3,0.0,1.0,0.0,1.0,0.0,0.0,0.0,Hemorrhagic
P01320,0.3636,0.0,1.0,1.0,0.0,0.0,0.0,1.0,1,0.7449,0.5333,0.3744,0.7263,0.5387,0.0,0.0,0.0,0.0,0.0,0.0,1.0,No Stroke
P01321,0.7013,1.0,1.0,0.0,0.0,0.0,1.0,1.0,1,0.6122,0.68,0.6359,0.4836,0.5373,0.0,0.0,0.0,0.0,0.0,0.0,0.0,No Stroke
P01322,0.2078,1.0,1.0,0.0,0.0,0.0,0.0,0.0,1,0.398,0.5067,0.1538,0.4705,0.3818,0.0,0.0,1.0,0.0,0.0,0.0,1.0,Ischemic
P01323,0.4026,1.0,0.0,0.0,0.0,0.0,0.0,0.0,0,0.3265,0.6,0.3077,0.3656,0.4238,0.0,0.0,0.0,0.0,0.0,0.0,0.0,No Stroke
P01324,0.8182,0.0,0.0,1.0,0.0,1.0,0.0,0.0,1,0.551,0.36,0.7128,0.3383,0.3885,0.0,0.0,1.0,0.0,1.0,0.0,1.0,Ischemic
P01325,0.6623,0.0,1.0,0.0,0.0,0.0,1.0,0.0,0,0.6735,0.4933,0.559,0.2458,0.5941,1.0,1.0,0.0,0.0,0.0,0.0,0.0,Hemorrhagic
P01326,0.2727,0.0,0.0,0.0,0.0,0.0,0.0,0.0,1,0.4286,0.4667,0.1949,0.3209,0.5087,1.0,0.0,0.0,0.0,1.0,0.0,0.0,No Stroke
P01327,0.3636,1.0,0.0,0.0,0.0,0.0,0.0,0.0,1,0.2143,0.2933,0.2359,0.2017,0.3183,0.0,0.0,0.0,0.0,0.0,0.0,0.0,No Stroke
P01328,0.6494,0.0,1.0,0.0,1.0,0.0,1.0,0.0,0,0.7551,0.5733,0.6,0.5022,0.4873,0.0,0.0,1.0,1.0,0.0,0.0,1.0,Ischemic
P01329,0.7013,1.0,0.0,0.0,0.0,0.0,1.0,0.0,0,0.6429,0.6133,0.5744,0.113,0.3169,1.0,0.0,0.0,0.0,0.0,0.0,0.0,No Stroke
P01330,0.6234,0.0,1.0,1.0,0.0,0.0,0.0,0.0,0,0.5102,0.5867,0.5436,0.4711,0.5811,0.0,1.0,0.0,0.0,0.0,1.0,1.0,Hemorrhagic
P01331,0.5714,1.0,0.0,0.0,0.0,0.0,0.0,0.0,0,0.0,0.5467,0.4256,0.3029,0.4341,1.0,0.0,0.0,0.0,0.0,0.0,0.0,No Stroke
P01332,0.4805,0.0,0.0,0.0,0.0,0.0,1.0,0.0,0,0.3163,0.28,0.3897,0.4209,0.283,1.0,0.0,1.0,0.0,1.0,0.0,1.0,Ischemic
P01333,0.4545,1.0,0.0,0.0,0.0,0.0,0.0,0.0,1,0.3061,0.5733,0.3179,0.1241,0.3147,1.0,0.0,0.0,0.0,0.0,0.0,0.0,No Stroke
P01334,0.8312,1.0,1.0,0.0,0.0,0.0,1.0,0.0,0,0.4592,0.7733,0.7128,0.3507,0.7479,1.0,0.0,0.0,0.0,0.0,0.0,0.0,No Stroke
P01335,0.7403,0.0,1.0,0.0,0.0,0.0,1.0,0.0,0,0.4796,0.6933,0.6256,0.2893,0.5333,0.0,1.0,0.0,0.0,0.0,1.0,0.0,Ischemic
P01336,0.7403,1.0,1.0,1.0,0.0,1.0,1.0,0.0,0,0.6633,0.3067,0.7026,0.6251,0.6933,0.0,0.0,0.0,0.0,0.0,1.0,1.0,Ischemic
P01337,0.2338,0.0,0.0,0.0,0.0,0.0,0.0,0.0,1,0.398,0.52,0.1128,0.0931,0.4345,0.0,0.0,0.0,0.0,0.0,0.0,0.0,No Stroke
P01338,0.5455,0.0,1.0,0.0,0.0,0.0,0.0,0.0,0,0.6224,0.4667,0.4615,0.3253,0.5208,0.0,0.0,0.0,0.0,0.0,0.0,0.0,No Stroke
P01339,0.5455,1.0,0.0,0.0,0.0,0.0,0.0,1.0,1,0.3571,0.24,0.4462,0.378,0.2289,1.0,1.0,0.0,0.0,0.0,1.0,1.0,Hemorrhagic
P01340,0.7662,1.0,0.0,0.0,0.0,0.0,1.0,0.0,1,0.5612,0.2267,0.641,0.193,0.447,0.0,0.0,0.0,0.0,0.0,0.0,0.0,No Stroke
P01341,0.4935,1.0,1.0,0.0,0.0,0.0,0.0,0.0,1,0.4082,0.6267,0.3897,0.2998,0.4555,0.0,0.0,0.0,0.0,0.0,0.0,0.0,No Stroke
P01342,0.4416,1.0,0.0,0.0,0.0,0.0,0.0,0.0,0,0.2551,0.5067,0.2923,0.1018,0.316,1.0,1.0,0.0,0.0,0.0,0.0,1.0,Ischemic
P01343,0.6234,1.0,1.0,1.0,0.0,0.0,1.0,0.0,0,0.6837,0.5867,0.5795,0.563,0.506,0.0,1.0,0.0,1.0,1.0,1.0,1.0,Ischemic
P01344,0.3636,1.0,0.0,0.0,0.0,0.0,0.0,0.0,0,0.051,0.3333,0.2205,0.1825,0.4908,0.0,0.0,0.0,0.0,0.0,0.0,0.0,No Stroke
P01345,0.3636,0.0,0.0,0.0,0.0,0.0,0.0,0.0,0,0.2347,0.4267,0.2564,0.3451,0.5945,1.0,0.0,0.0,0.0,0.0,0.0,0.0,No Stroke
P01346,0.2727,1.0,0.0,1.0,0.0,0.0,0.0,0.0,1,0.2143,0.44,0.1795,0.4196,0.4725,0.0,0.0,0.0,0.0,0.0,0.0,0.0,No Stroke
P01347,0.6104,1.0,0.0,0.0,0.0,0.0,0.0,1.0,1,0.4388,0.56,0.4462,0.0,0.1354,0.0,0.0,0.0,1.0,0.0,0.0,0.0,No Stroke
P01348,0.2857,0.0,0.0,0.0,0.0,0.0,0.0,1.0,1,0.2245,0.36,0.159,0.2073,0.6723,0.0,0.0,0.0,1.0,0.0,0.0,0.0,No Stroke
P01349,0.5195,1.0,1.0,0.0,0.0,1.0,0.0,1.0,0,0.3469,0.4667,0.3897,0.1608,0.2311,0.0,0.0,0.0,0.0,0.0,0.0,0.0,No Stroke
P01350,0.4935,0.0,0.0,0.0,0.0,0.0,1.0,0.0,1,0.0918,0.3733,0.3436,0.2284,0.3956,1.0,0.0,0.0,0.0,0.0,0.0,0.0,No Stroke
P01351,0.4805,1.0,1.0,0.0,0.0,0.0,1.0,1.0,0,0.1939,0.4667,0.3846,0.4724,0.3545,0.0,0.0,0.0,0.0,0.0,0.0,0.0,No Stroke
P01352,0.3506,0.0,0.0,0.0,0.0,0.0,1.0,0.0,0,0.2143,0.4133,0.241,0.3128,0.7626,0.0,0.0,0.0,0.0,0.0,0.0,0.0,No Stroke
P01353,0.6494,0.0,0.0,0.0,1.0,0.0,0.0,0.0,1,0.3878,0.6667,0.5641,0.5028,0.5525,0.0,0.0,0.0,0.0,0.0,0.0,0.0,No Stroke
P01354,0.4545,1.0,1.0,0.0,0.0,0.0,0.0,1.0,0,0.3367,0.5333,0.3333,0.2458,0.3679,0.0,0.0,0.0,0.0,0.0,0.0,0.0,No Stroke
P01355,0.3,1.0,0.0,0.0,0.0,0.0,1.0,0.0,0,0.5,0.5,0.2,0.0,0.6,1.0,1.0,1.0,0.0,1.0,0.0,1.0,Hemorrhagic
P01356,0.4416,0.0,0.0,0.0,0.0,0.0,1.0,1.0,0,0.102,0.3867,0.2923,0.1868,0.3402,0.0,1.0,0.0,0.0,0.0,0.0,0.0,No Stroke
P01357,0.6623,1.0,0.0,1.0,0.0,1.0,1.0,0.0,0,0.2551,0.44,0.5128,0.1651,0.4099,0.0,0.0,0.0,0.0,0.0,0.0,0.0,No Stroke
P01358,0.5455,0.0,1.0,1.0,0.0,0.0,1.0,0.0,0,0.4898,0.3867,0.5026,0.6052,0.5923,0.0,0.0,0.0,0.0,0.0,0.0,0.0,No Stroke
P01359,0.7013,1.0,1.0,1.0,0.0,0.0,0.0,0.0,1,0.4694,0.6667,0.7077,1.0,0.4493,0.0,0.0,0.0,0.0,0.0,0.0,0.0,No Stroke
P01360,0.7792,1.0,1.0,0.0,0.0,0.0,1.0,0.0,0,0.551,0.3733,0.6821,0.4314,0.578,0.0,1.0,1.0,1.0,0.0,0.0,0.0,Ischemic
P01361,0.7922,1.0,1.0,1.0,1.0,0.0,0.0,0.0,0,0.6735,0.3467,0.7077,0.4395,0.4761,1.0,0.0,0.0,0.0,0.0,1.0,0.0,Ischemic
P01362,0.5584,1.0,0.0,0.0,0.0,0.0,0.0,0.0,1,0.4082,0.4267,0.4308,0.1707,0.8739,0.0,0.0,0.0,0.0,0.0,0.0,0.0,No Stroke
P01363,0.5455,1.0,0.0,1.0,0.0,0.0,0.0,0.0,0,0.4082,0.5733,0.5077,0.7294,0.5539,0.0,1.0,0.0,0.0,0.0,1.0,0.0,Ischemic
P01364,0.7013,1.0,0.0,0.0,0.0,0.0,0.0,0.0,0,0.4694,0.4133,0.5333,0.0,0.5177,0.0,0.0,0.0,0.0,0.0,0.0,0.0,No Stroke
P01365,0.7922,1.0,0.0,0.0,0.0,0.0,1.0,0.0,0,0.7347,0.5067,0.7282,0.4854,0.5346,0.0,0.0,0.0,0.0,0.0,0.0,0.0,No Stroke
P01366,0.5714,0.0,0.0,1.0,0.0,0.0,0.0,0.0,1,0.5,0.36,0.4769,0.3619,0.5633,1.0,0.0,0.0,0.0,0.0,0.0,0.0,No Stroke
P01367,0.5584,0.0,0.0,0.0,0.0,0.0,0.0,0.0,0,0.2041,0.2667,0.3897,0.072,0.4238,1.0,0.0,0.0,0.0,0.0,0.0,0.0,No Stroke
P01368,0.0,1.0,0.0,0.0,0.0,0.0,0.0,0.0,0,0.0102,0.3067,0.0,0.0751,0.3241,0.0,0.0,0.0,0.0,0.0,0.0,0.0,No Stroke
P01369,0.6753,0.0,1.0,0.0,0.0,0.0,0.0,0.0,1,0.5918,0.48,0.5795,0.2948,0.4242,0.0,1.0,0.0,1.0,0.0,0.0,0.0,Ischemic
P01370,0.5455,1.0,0.0,0.0,0.0,0.0,0.0,0.0,1,0.102,0.6667,0.3897,0.2396,0.2919,0.0,0.0,0.0,0.0,0.0,0.0,0.0,No Stroke
P01371,0.6364,1.0,0.0,0.0,0.0,0.0,1.0,0.0,0,0.2347,0.4533,0.5128,0.3482,0.3751,1.0,0.0,0.0,0.0,0.0,0.0,0.0,No Stroke
P01372,0.5714,0.0,0.0,0.0,1.0,0.0,0.0,0.0,1,0.398,0.36,0.4205,0.0447,0.5668,1.0,1.0,0.0,0.0,1.0,1.0,1.0,Ischemic
P01373,0.6234,1.0,0.0,0.0,1.0,0.0,0.0,0.0,0,0.3367,0.4133,0.4923,0.2365,0.4779,1.0,0.0,0.0,0.0,0.0,0.0,0.0,No Stroke
P01374,0.7792,1.0,1.0,0.0,1.0,0.0,0.0,0.0,1,0.398,0.6933,0.6769,0.4637,0.4998,0.0,1.0,0.0,1.0,1.0,1.0,1.0,Hemorrhagic
P01375,0.5714,0.0,0.0,0.0,0.0,0.0,0.0,0.0,1,0.2551,0.3867,0.4564,0.3395,0.5118,1.0,0.0,0.0,0.0,0.0,0.0,0.0,No Stroke
P01376,0.4286,0.0,0.0,0.0,0.0,0.0,0.0,1.0,0,0.3265,0.4,0.2974,0.1664,0.5512,0.0,0.0,0.0,0.0,0.0,0.0,0.0,No Stroke
P01377,0.2727,1.0,0.0,0.0,0.0,0.0,0.0,0.0,1,0.2245,0.4533,0.1385,0.1515,0.5351,0.0,1.0,1.0,0.0,0.0,0.0,0.0,Ischemic
P01378,0.5584,1.0,0.0,1.0,0.0,0.0,1.0,1.0,0,0.3776,0.4533,0.5333,0.8616,0.6562,0.0,1.0,0.0,0.0,0.0,1.0,1.0,Ischemic
P01379,0.3,1.0,0.0,0.0,0.0,0.0,1.0,0.0,1,0.5,0.5,0.2,0.0,0.6,1.0,1.0,1.0,0.0,1.0,0.0,1.0,Hemorrhagic
P01380,0.4805,0.0,0.0,0.0,0.0,0.0,0.0,1.0,0,0.2755,0.56,0.3333,0.1459,0.4135,0.0,0.0,0.0,0.0,0.0,0.0,0.0,No Stroke
P01381,0.7273,1.0,0.0,0.0,0.0,0.0,0.0,0.0,1,0.3878,0.5733,0.5692,0.0559,0.3835,1.0,0.0,0.0,0.0,0.0,0.0,0.0,No Stroke
P01382,0.6,0.0,1.0,0.0,0.0,0.0,0.0,1.0,1,0.8,0.4,0.5,0.4,0.2,0.0,0.0,0.0,1.0,1.0,0.0,0.0,Hemorrhagic
P01383,0.4545,0.0,0.0,0.0,0.0,0.0,0.0,0.0,0,0.3061,0.5333,0.3692,0.4513,0.4819,0.0,0.0,0.0,0.0,1.0,0.0,1.0,No Stroke
P01384,0.5974,0.0,1.0,0.0,1.0,1.0,1.0,1.0,1,0.398,0.5333,0.4564,0.1099,0.6513,0.0,1.0,1.0,0.0,0.0,1.0,0.0,Ischemic
P01385,0.4156,1.0,0.0,1.0,0.0,0.0,0.0,1.0,0,0.0816,0.4267,0.3128,0.4643,0.6303,1.0,0.0,1.0,0.0,0.0,0.0,0.0,No Stroke
P01386,0.7,1.0,1.0,1.0,0.0,0.0,0.0,0.0,1,0.7,0.5,0.6,0.5,0.6,0.0,1.0,1.0,0.0,1.0,0.0,1.0,Hemorrhagic
P01387,0.4026,1.0,1.0,0.0,0.0,0.0,1.0,0.0,0,0.4694,0.76,0.2769,0.1049,0.5869,0.0,0.0,1.0,1.0,1.0,1.0,1.0,Ischemic
P01388,0.7403,1.0,0.0,0.0,0.0,0.0,0.0,1.0,1,0.3061,0.4533,0.6308,0.4196,0.0952,1.0,0.0,0.0,0.0,0.0,0.0,0.0,No Stroke
P01389,0.5974,1.0,0.0,0.0,0.0,0.0,0.0,1.0,0,0.4694,0.4533,0.4615,0.09,0.5945,1.0,0.0,0.0,0.0,0.0,0.0,0.0,No Stroke
P01390,0.6753,1.0,0.0,0.0,0.0,1.0,0.0,1.0,0,0.602,0.4933,0.5692,0.2663,0.0657,0.0,0.0,0.0,0.0,0.0,0.0,0.0,No Stroke
P01391,0.7143,1.0,1.0,0.0,0.0,1.0,1.0,0.0,1,0.7857,0.5067,0.6308,0.3153,0.776,0.0,0.0,0.0,0.0,0.0,1.0,0.0,No Stroke
P01392,0.4675,0.0,0.0,1.0,0.0,0.0,0.0,0.0,1,0.4286,0.3067,0.4308,0.6673,0.4797,1.0,1.0,0.0,1.0,0.0,0.0,1.0,Hemorrhagic
P01393,0.5455,1.0,0.0,0.0,0.0,0.0,0.0,0.0,1,0.3776,0.4933,0.4154,0.1515,0.5422,1.0,1.0,1.0,0.0,0.0,0.0,0.0,Ischemic
P01394,0.6234,0.0,0.0,1.0,0.0,0.0,0.0,0.0,1,0.5306,0.4267,0.6051,0.8293,0.4855,1.0,0.0,1.0,1.0,1.0,1.0,0.0,Ischemic
P01395,0.5714,0.0,1.0,0.0,0.0,0.0,0.0,0.0,1,0.5408,0.4,0.4256,0.0,0.6804,0.0,0.0,1.0,1.0,0.0,1.0,1.0,Ischemic
P01396,0.2987,0.0,0.0,0.0,0.0,0.0,1.0,0.0,0,0.1633,0.4933,0.1538,0.0695,0.6039,0.0,0.0,0.0,0.0,0.0,0.0,0.0,No Stroke
P01397,0.7,1.0,1.0,1.0,1.0,0.0,0.0,0.0,0,0.7,0.7,0.7,0.7,0.4,0.0,0.0,0.0,0.0,1.0,0.0,0.0,Hemorrhagic
P01398,0.5714,0.0,0.0,0.0,0.0,0.0,0.0,0.0,1,0.3571,0.3467,0.4513,0.2483,0.325,0.0,0.0,0.0,0.0,1.0,1.0,1.0,Ischemic
P01399,0.4286,0.0,0.0,0.0,0.0,0.0,1.0,1.0,0,0.0918,0.4933,0.3282,0.4494,0.4439,0.0,0.0,0.0,0.0,0.0,0.0,0.0,No Stroke
P01400,0.4026,1.0,1.0,0.0,0.0,0.0,0.0,1.0,0,0.3061,0.4533,0.3077,0.3625,0.4041,0.0,0.0,0.0,0.0,0.0,0.0,0.0,No Stroke
P01401,0.5974,1.0,0.0,0.0,0.0,0.0,0.0,0.0,1,0.6633,0.4,0.5282,0.4538,0.4774,1.0,1.0,1.0,1.0,1.0,1.0,1.0,Ischemic
P01402,0.6234,0.0,1.0,0.0,0.0,0.0,0.0,0.0,1,0.6327,0.5733,0.4872,0.0639,0.473,0.0,0.0,0.0,0.0,0.0,1.0,1.0,Ischemic
P01403,0.3377,0.0,0.0,0.0,0.0,0.0,0.0,0.0,1,0.2449,0.4267,0.2205,0.2142,0.565,0.0,0.0,0.0,0.0,0.0,0.0,0.0,No Stroke
P01404,0.8182,0.0,0.0,1.0,0.0,0.0,0.0,0.0,0,0.3469,0.36,0.6872,0.3321,0.6679,0.0,0.0,1.0,0.0,0.0,0.0,0.0,Ischemic
P01405,0.3,1.0,1.0,0.0,0.0,0.0,0.0,1.0,0,0.5,0.5,0.3,0.5,0.5,0.0,1.0,1.0,0.0,1.0,1.0,0.0,Hemorrhagic
P01406,0.6364,0.0,0.0,0.0,0.0,1.0,0.0,0.0,0,0.3878,0.32,0.4769,0.0366,0.3299,1.0,0.0,0.0,0.0,0.0,0.0,0.0,No Stroke
P01407,0.8831,0.0,1.0,0.0,0.0,0.0,0.0,0.0,0,0.4694,0.5333,0.7436,0.2359,0.4385,1.0,0.0,0.0,0.0,0.0,0.0,0.0,No Stroke
P01408,0.4675,1.0,0.0,0.0,0.0,0.0,0.0,1.0,0,0.102,0.32,0.3077,0.1198,0.367,0.0,0.0,0.0,0.0,0.0,1.0,0.0,Ischemic
P01409,0.6104,1.0,0.0,1.0,0.0,0.0,1.0,0.0,0,0.4694,0.28,0.5282,0.4829,0.4278,0.0,0.0,0.0,0.0,0.0,0.0,0.0,No Stroke
P01410,0.5065,1.0,0.0,1.0,0.0,1.0,0.0,0.0,0,0.3878,0.56,0.4256,0.4507,0.671,0.0,0.0,1.0,0.0,0.0,1.0,1.0,Ischemic
P01411,0.6494,0.0,1.0,0.0,0.0,0.0,0.0,1.0,1,0.3469,0.5333,0.5641,0.5102,0.2155,0.0,0.0,0.0,0.0,0.0,0.0,0.0,No Stroke
P01412,1.0,0.0,1.0,1.0,0.0,0.0,0.0,0.0,1,0.551,0.9867,0.9231,0.5177,0.5789,0.0,1.0,0.0,0.0,0.0,1.0,0.0,Hemorrhagic
P01413,0.5455,1.0,0.0,0.0,0.0,0.0,0.0,1.0,1,0.3061,0.48,0.4103,0.2104,0.1779,0.0,0.0,0.0,0.0,0.0,0.0,0.0,No Stroke
P01414,0.5844,0.0,0.0,1.0,0.0,0.0,0.0,1.0,1,0.4694,0.4933,0.5026,0.4327,0.5159,1.0,0.0,0.0,0.0,0.0,1.0,0.0,No Stroke
P01415,0.7,0.0,1.0,0.0,0.0,1.0,1.0,0.0,0,0.5,0.6,0.6,0.4,0.6,0.0,0.0,0.0,0.0,0.0,0.0,1.0,Hemorrhagic
P01416,0.5974,1.0,0.0,0.0,0.0,0.0,0.0,0.0,0,0.5,0.44,0.4821,0.1993,0.4627,1.0,0.0,0.0,0.0,0.0,0.0,0.0,No Stroke
P01417,0.4935,0.0,0.0,1.0,0.0,0.0,0.0,0.0,1,0.6122,0.4267,0.4564,0.6077,0.3943,1.0,0.0,0.0,0.0,0.0,0.0,0.0,No Stroke
P01418,0.7922,0.0,1.0,0.0,1.0,0.0,1.0,0.0,1,0.7041,0.5467,0.6821,0.2024,0.3688,0.0,1.0,1.0,0.0,1.0,1.0,1.0,Ischemic
P01419,0.1558,0.0,0.0,0.0,0.0,0.0,0.0,0.0,0,0.4082,0.5467,0.0872,0.3234,0.5154,0.0,0.0,0.0,0.0,1.0,0.0,1.0,No Stroke
P01420,0.7532,0.0,0.0,1.0,0.0,0.0,1.0,0.0,0,0.4184,0.48,0.7128,0.8063,0.6723,0.0,1.0,0.0,0.0,1.0,0.0,1.0,Hemorrhagic
P01421,0.6883,1.0,1.0,0.0,0.0,0.0,0.0,0.0,1,0.4796,0.4,0.5744,0.2607,0.5574,0.0,1.0,0.0,0.0,0.0,1.0,1.0,Ischemic
P01422,0.3506,1.0,0.0,0.0,0.0,0.0,0.0,0.0,0,0.1327,0.2667,0.2,0.1595,0.4989,1.0,0.0,0.0,0.0,0.0,0.0,0.0,No Stroke
P01423,0.4805,1.0,0.0,0.0,0.0,0.0,0.0,1.0,1,0.4694,0.5867,0.3641,0.1906,0.5664,1.0,0.0,0.0,0.0,0.0,0.0,0.0,No Stroke
P01424,0.5584,1.0,0.0,0.0,0.0,0.0,0.0,0.0,1,0.0918,0.3733,0.4308,0.388,0.4376,1.0,0.0,0.0,0.0,0.0,0.0,0.0,No Stroke
P01425,0.3896,1.0,0.0,0.0,0.0,0.0,1.0,1.0,0,0.2245,0.0933,0.2615,0.211,0.3518,0.0,1.0,0.0,1.0,1.0,0.0,1.0,Ischemic
P01426,0.8571,0.0,1.0,1.0,1.0,0.0,1.0,0.0,0,0.5408,0.6,0.7744,0.5016,0.4801,1.0,1.0,0.0,0.0,1.0,0.0,1.0,Ischemic
P01427,0.5325,0.0,0.0,0.0,0.0,0.0,0.0,0.0,1,0.6531,0.52,0.4462,0.2768,0.2043,1.0,0.0,0.0,0.0,0.0,0.0,0.0,No Stroke
P01428,0.5844,0.0,0.0,0.0,0.0,0.0,0.0,0.0,0,0.4694,0.6,0.4923,0.3625,0.3822,0.0,0.0,1.0,0.0,1.0,0.0,1.0,Ischemic
P01429,0.7,0.0,1.0,0.0,0.0,0.0,0.0,1.0,0,0.7,0.6,0.6,0.3,0.3,0.0,0.0,1.0,0.0,0.0,0.0,0.0,Hemorrhagic
P01430,0.3377,1.0,0.0,0.0,0.0,0.0,0.0,1.0,0,0.3673,0.48,0.2564,0.3799,0.4359,1.0,0.0,0.0,0.0,0.0,0.0,0.0,No Stroke
P01431,0.5714,0.0,0.0,0.0,1.0,0.0,1.0,0.0,0,0.4286,0.3733,0.4769,0.3681,0.5297,1.0,1.0,0.0,0.0,1.0,1.0,1.0,Hemorrhagic
P01432,0.5455,1.0,0.0,0.0,0.0,0.0,0.0,0.0,0,0.2959,0.3867,0.4667,0.5394,0.2633,0.0,0.0,0.0,0.0,0.0,0.0,1.0,No Stroke
P01433,0.4,1.0,1.0,0.0,0.0,0.0,0.0,1.0,0,0.7,0.3,0.4,0.3,0.5,0.0,1.0,0.0,0.0,0.0,0.0,0.0,Hemorrhagic
P01434,0.6234,0.0,1.0,1.0,0.0,1.0,0.0,0.0,0,0.3571,0.4133,0.5282,0.4277,0.6209,0.0,1.0,0.0,0.0,1.0,0.0,1.0,Ischemic
P01435,0.4286,0.0,1.0,0.0,1.0,0.0,1.0,0.0,1,0.5612,0.48,0.3436,0.2719,0.5101,0.0,1.0,1.0,0.0,1.0,0.0,0.0,Ischemic
P01436,0.7403,0.0,0.0,1.0,0.0,0.0,1.0,0.0,1,0.5612,0.28,0.6359,0.36,0.4958,0.0,1.0,0.0,0.0,1.0,1.0,0.0,Ischemic
P01437,0.6104,0.0,0.0,0.0,0.0,0.0,0.0,0.0,1,0.4592,0.6933,0.4769,0.1465,0.5686,1.0,0.0,1.0,0.0,0.0,0.0,1.0,Ischemic
P01438,0.7013,1.0,1.0,1.0,1.0,1.0,0.0,0.0,0,0.5102,0.8,0.6462,0.6307,0.7528,0.0,1.0,0.0,0.0,1.0,0.0,0.0,Ischemic
P01439,0.8182,1.0,1.0,0.0,0.0,0.0,0.0,0.0,1,0.602,0.6133,0.7487,0.5736,0.3867,0.0,1.0,1.0,1.0,0.0,1.0,1.0,Hemorrhagic
P01440,0.5844,1.0,0.0,1.0,0.0,0.0,0.0,0.0,0,0.602,0.4533,0.5538,0.6679,0.6835,1.0,0.0,1.0,0.0,0.0,0.0,0.0,No Stroke
P01441,0.6494,0.0,0.0,0.0,0.0,0.0,1.0,0.0,0,0.3061,0.68,0.5077,0.2222,0.5427,0.0,0.0,0.0,0.0,0.0,0.0,0.0,No Stroke
P01442,0.3377,0.0,0.0,0.0,0.0,0.0,0.0,0.0,1,0.3571,0.4267,0.2103,0.1515,0.5802,1.0,0.0,0.0,0.0,0.0,0.0,0.0,No Stroke
P01443,0.2987,0.0,0.0,0.0,0.0,0.0,1.0,0.0,0,0.2143,0.7867,0.1846,0.2365,0.3688,1.0,1.0,1.0,1.0,1.0,0.0,1.0,Ischemic
P01444,0.3247,1.0,0.0,0.0,0.0,0.0,1.0,0.0,1,0.5612,0.52,0.2513,0.3309,0.1596,0.0,0.0,0.0,0.0,0.0,0.0,0.0,No Stroke
P01445,0.7532,0.0,1.0,0.0,0.0,0.0,0.0,0.0,0,0.5714,0.5867,0.6462,0.3116,0.2405,0.0,0.0,0.0,0.0,1.0,1.0,0.0,Ischemic
P01446,0.3247,1.0,0.0,0.0,0.0,0.0,0.0,0.0,1,0.1735,0.1067,0.1641,0.0106,0.5963,0.0,0.0,0.0,0.0,0.0,0.0,0.0,No Stroke
P01447,0.4156,0.0,1.0,0.0,0.0,0.0,0.0,0.0,0,0.4184,0.3867,0.3231,0.2998,0.397,0.0,0.0,0.0,0.0,0.0,0.0,0.0,No Stroke
P01448,0.8182,0.0,0.0,1.0,1.0,0.0,0.0,0.0,0,0.2347,0.44,0.7282,0.6505,0.5002,0.0,0.0,0.0,0.0,0.0,0.0,0.0,No Stroke
P01449,0.5455,0.0,0.0,0.0,0.0,0.0,0.0,0.0,0,0.2245,0.52,0.4154,0.2371,0.4363,0.0,1.0,0.0,1.0,0.0,1.0,1.0,Hemorrhagic
P01450,0.2987,1.0,0.0,0.0,0.0,0.0,1.0,0.0,0,0.1939,0.4267,0.2051,0.4134,0.4966,0.0,0.0,0.0,0.0,0.0,0.0,0.0,No Stroke
P01451,0.4935,0.0,1.0,0.0,0.0,0.0,0.0,1.0,1,0.6735,0.8533,0.4051,0.2495,0.4148,0.0,1.0,1.0,1.0,0.0,1.0,1.0,Ischemic
P01452,0.8052,1.0,1.0,1.0,0.0,0.0,0.0,0.0,0,0.5102,0.6267,0.7333,0.5556,0.7152,1.0,0.0,1.0,1.0,1.0,1.0,1.0,Ischemic
P01453,0.7143,0.0,0.0,1.0,0.0,0.0,0.0,0.0,0,0.4796,0.5067,0.6462,0.6058,0.6433,0.0,1.0,0.0,0.0,1.0,0.0,0.0,Ischemic
P01454,0.8182,1.0,0.0,0.0,0.0,1.0,0.0,0.0,0,0.5102,0.32,0.6513,0.0161,0.3464,0.0,0.0,0.0,0.0,0.0,0.0,0.0,No Stroke
P01455,0.6883,1.0,0.0,0.0,0.0,0.0,0.0,1.0,1,0.449,0.48,0.5692,0.2595,0.511,0.0,1.0,1.0,1.0,0.0,0.0,0.0,Ischemic
P01456,0.6234,1.0,0.0,1.0,0.0,0.0,0.0,0.0,0,0.4184,0.36,0.5795,0.6996,0.4837,1.0,1.0,1.0,1.0,1.0,0.0,1.0,Ischemic
P01457,0.3896,1.0,0.0,0.0,0.0,0.0,1.0,0.0,0,0.5,0.1733,0.2974,0.27,0.3576,0.0,0.0,0.0,0.0,0.0,0.0,0.0,No Stroke
P01458,0.7662,1.0,1.0,0.0,0.0,0.0,1.0,0.0,0,0.7347,0.6267,0.6821,0.3917,0.4484,0.0,1.0,0.0,0.0,0.0,0.0,1.0,Ischemic
P01459,0.9481,1.0,1.0,0.0,1.0,0.0,0.0,0.0,1,0.5306,0.5067,0.8256,0.3476,0.5574,1.0,0.0,0.0,0.0,1.0,1.0,1.0,Ischemic
P01460,0.0,1.0,0.0,0.0,0.0,0.0,0.0,1.0,0,0.0,0.2667,0.0,0.1006,0.5414,0.0,0.0,0.0,0.0,0.0,0.0,0.0,No Stroke
P01461,0.3247,1.0,1.0,0.0,0.0,0.0,0.0,0.0,1,0.8265,0.5467,0.2615,0.1881,0.5118,0.0,0.0,0.0,0.0,0.0,0.0,1.0,No Stroke
P01462,0.3377,1.0,0.0,0.0,0.0,0.0,1.0,1.0,0,0.0918,0.4933,0.2256,0.3768,0.4238,0.0,0.0,0.0,0.0,0.0,0.0,0.0,No Stroke
P01463,0.7143,1.0,1.0,0.0,0.0,0.0,0.0,1.0,1,0.2551,0.72,0.5949,0.4345,0.5905,0.0,1.0,0.0,0.0,0.0,0.0,0.0,Hemorrhagic
P01464,0.6494,0.0,1.0,0.0,0.0,0.0,0.0,1.0,0,0.5714,0.36,0.5282,0.18,0.2964,0.0,0.0,0.0,0.0,0.0,1.0,0.0,No Stroke
P01465,0.4545,0.0,0.0,0.0,0.0,0.0,1.0,1.0,0,0.5918,0.4,0.359,0.2433,0.4443,0.0,1.0,0.0,0.0,1.0,0.0,1.0,Hemorrhagic
P01466,0.4416,0.0,0.0,0.0,0.0,0.0,1.0,0.0,1,0.2755,0.2267,0.3487,0.4091,0.4359,1.0,0.0,0.0,0.0,0.0,1.0,1.0,Ischemic
P01467,0.6364,0.0,1.0,0.0,0.0,0.0,0.0,0.0,0,0.4592,0.4,0.559,0.4848,0.2874,0.0,0.0,0.0,0.0,1.0,0.0,0.0,Ischemic
P01468,0.4935,0.0,0.0,0.0,0.0,0.0,0.0,0.0,1,0.4286,0.4533,0.3641,0.1347,0.4104,0.0,0.0,0.0,0.0,0.0,0.0,0.0,No Stroke
P01469,0.8961,0.0,1.0,0.0,0.0,0.0,1.0,0.0,0,0.6837,0.6667,0.8103,0.4531,0.5002,1.0,0.0,0.0,0.0,0.0,0.0,0.0,No Stroke
P01470,0.4156,0.0,0.0,0.0,0.0,0.0,0.0,1.0,0,0.5,0.4133,0.3077,0.1651,0.557,1.0,1.0,0.0,1.0,0.0,1.0,0.0,Hemorrhagic
P01471,0.4416,1.0,1.0,0.0,0.0,0.0,0.0,0.0,0,0.3776,0.52,0.3179,0.175,0.4712,0.0,1.0,0.0,0.0,0.0,0.0,0.0,Ischemic
P01472,0.6494,0.0,1.0,0.0,0.0,0.0,0.0,1.0,0,0.9286,0.5733,0.5846,0.2526,0.2906,0.0,0.0,0.0,0.0,0.0,0.0,0.0,No Stroke
P01473,0.3247,1.0,0.0,0.0,0.0,0.0,1.0,1.0,0,0.3163,0.6,0.2718,0.5574,0.4792,0.0,0.0,0.0,0.0,0.0,0.0,0.0,No Stroke
P01474,0.7273,1.0,1.0,1.0,1.0,0.0,0.0,0.0,0,0.602,0.4267,0.6974,0.7381,0.4019,0.0,1.0,1.0,0.0,0.0,0.0,1.0,Ischemic
P01475,0.5974,1.0,0.0,0.0,0.0,0.0,0.0,0.0,1,0.3776,0.7467,0.4359,0.0,0.1162,0.0,0.0,0.0,0.0,0.0,0.0,0.0,No Stroke
P01476,0.8312,1.0,1.0,0.0,0.0,0.0,0.0,0.0,0,0.398,0.76,0.6872,0.1788,0.527,1.0,1.0,1.0,1.0,0.0,0.0,1.0,Ischemic
P01477,0.5195,0.0,0.0,1.0,0.0,0.0,0.0,0.0,0,0.551,0.3467,0.441,0.383,0.5959,0.0,0.0,0.0,0.0,0.0,0.0,0.0,No Stroke
P01478,0.3506,1.0,0.0,1.0,0.0,0.0,0.0,0.0,0,0.2857,0.28,0.2462,0.3097,0.6013,0.0,1.0,0.0,1.0,0.0,1.0,1.0,Hemorrhagic
P01479,0.0,1.0,0.0,0.0,0.0,0.0,0.0,0.0,0,0.0,0.52,0.0,0.3935,0.4586,1.0,0.0,0.0,0.0,0.0,0.0,0.0,No Stroke
P01480,0.3377,0.0,0.0,0.0,0.0,0.0,1.0,1.0,1,0.4388,0.2533,0.241,0.2446,0.5172,0.0,0.0,0.0,0.0,0.0,0.0,0.0,No Stroke
P01481,0.7013,0.0,0.0,0.0,0.0,0.0,0.0,0.0,0,0.5408,0.52,0.5846,0.2514,0.3813,1.0,1.0,1.0,1.0,0.0,1.0,1.0,Ischemic
P01482,0.6753,1.0,1.0,0.0,0.0,0.0,0.0,0.0,1,0.7041,0.3733,0.6308,0.5469,0.7371,0.0,0.0,0.0,0.0,0.0,0.0,0.0,No Stroke
P01483,0.4026,1.0,1.0,0.0,0.0,0.0,0.0,0.0,0,0.6531,0.7733,0.3128,0.2079,0.4354,0.0,0.0,1.0,0.0,1.0,0.0,0.0,Ischemic
P01484,0.3506,1.0,0.0,1.0,0.0,0.0,1.0,0.0,1,0.2959,0.4,0.2667,0.4637,0.3447,1.0,0.0,0.0,0.0,0.0,1.0,1.0,Ischemic
P01485,0.4935,1.0,0.0,0.0,0.0,0.0,0.0,0.0,1,0.1735,0.16,0.3282,0.085,0.4868,0.0,0.0,0.0,0.0,0.0,0.0,0.0,No Stroke
P01486,0.3247,0.0,0.0,0.0,0.0,0.0,0.0,1.0,1,0.3878,0.4267,0.2103,0.1738,0.19,0.0,0.0,0.0,0.0,0.0,0.0,0.0,No Stroke
P01487,0.7013,0.0,0.0,0.0,0.0,0.0,0.0,1.0,1,0.2551,0.4533,0.5641,0.2663,0.511,1.0,0.0,0.0,0.0,0.0,0.0,0.0,No Stroke
P01488,1.0,0.0,0.0,0.0,0.0,0.0,0.0,0.0,0,0.6,0.6,1.0,0.4,0.4,0.0,1.0,1.0,0.0,0.0,1.0,0.0,Hemorrhagic
P01489,0.9091,1.0,0.0,0.0,0.0,0.0,0.0,0.0,1,0.398,0.5067,0.8,0.4612,0.3487,0.0,1.0,1.0,1.0,0.0,0.0,0.0,Hemorrhagic
P01490,0.2078,1.0,0.0,0.0,0.0,0.0,0.0,1.0,1,0.1633,0.56,0.0872,0.2222,0.0429,0.0,0.0,0.0,0.0,0.0,0.0,0.0,No Stroke
P01491,0.6494,1.0,1.0,0.0,0.0,0.0,1.0,0.0,1,0.4286,0.4267,0.5385,0.3066,0.473,0.0,0.0,0.0,0.0,0.0,0.0,0.0,No Stroke
P01492,0.2208,0.0,0.0,0.0,0.0,0.0,0.0,1.0,1,0.3163,0.4667,0.1282,0.2967,0.435,0.0,0.0,0.0,0.0,0.0,1.0,0.0,No Stroke
P01493,0.6364,1.0,0.0,1.0,1.0,0.0,0.0,1.0,1,0.3878,0.5333,0.5179,0.257,0.4752,1.0,1.0,1.0,1.0,0.0,0.0,1.0,Hemorrhagic
P01494,0.3636,1.0,0.0,0.0,0.0,0.0,0.0,0.0,1,0.5,0.5067,0.2718,0.2744,0.2065,1.0,0.0,1.0,1.0,0.0,1.0,0.0,Ischemic
P01495,0.3377,1.0,1.0,0.0,0.0,0.0,1.0,0.0,0,0.3571,0.5867,0.2667,0.4103,0.2468,0.0,1.0,0.0,0.0,0.0,0.0,0.0,No Stroke
P01496,0.5714,1.0,0.0,0.0,0.0,1.0,0.0,0.0,0,0.4388,0.48,0.4923,0.478,0.4734,1.0,1.0,0.0,0.0,1.0,0.0,1.0,Hemorrhagic
P01497,0.2468,0.0,1.0,0.0,0.0,0.0,0.0,0.0,0,0.0918,0.6267,0.1026,0.1328,0.3992,0.0,0.0,0.0,0.0,0.0,0.0,0.0,No Stroke
P01498,0.4675,1.0,0.0,0.0,0.0,0.0,0.0,0.0,0,0.1837,0.84,0.359,0.3892,0.4207,1.0,0.0,0.0,0.0,0.0,0.0,0.0,No Stroke
P01499,0.9351,1.0,1.0,0.0,0.0,0.0,0.0,0.0,1,0.6224,0.4533,0.8051,0.1974,0.3992,1.0,1.0,0.0,0.0,1.0,0.0,0.0,Hemorrhagic
P01500,0.6364,1.0,0.0,0.0,1.0,0.0,1.0,0.0,0,0.1837,0.2133,0.5026,0.3569,0.3974,1.0,0.0,0.0,0.0,0.0,0.0,0.0,No Stroke
P01501,0.3506,0.0,0.0,0.0,0.0,0.0,0.0,0.0,0,0.2143,0.2,0.2103,0.1235,0.6111,0.0,1.0,1.0,0.0,1.0,0.0,1.0,Ischemic
P01502,0.6104,1.0,0.0,0.0,0.0,0.0,0.0,0.0,0,0.3265,0.2267,0.4667,0.1539,0.3871,0.0,0.0,0.0,0.0,0.0,0.0,0.0,No Stroke
P01503,0.5455,0.0,1.0,1.0,1.0,0.0,0.0,0.0,1,0.6429,0.32,0.4769,0.3954,0.5239,0.0,1.0,0.0,0.0,1.0,0.0,0.0,Ischemic
P01504,0.4286,0.0,0.0,0.0,0.0,0.0,0.0,0.0,1,0.4184,0.4667,0.3385,0.3128,0.4837,1.0,0.0,0.0,0.0,0.0,0.0,1.0,No Stroke
P01505,0.1299,0.0,1.0,0.0,0.0,1.0,1.0,1.0,1,0.2857,0.4,0.0718,0.4581,0.4551,0.0,1.0,0.0,1.0,0.0,0.0,0.0,Ischemic
P01506,0.8052,0.0,0.0,0.0,0.0,0.0,1.0,0.0,1,0.5408,0.4267,0.6872,0.3042,0.6482,0.0,1.0,1.0,1.0,1.0,0.0,0.0,Ischemic
P01507,0.1558,0.0,0.0,0.0,0.0,0.0,0.0,0.0,0,0.2857,0.36,0.0718,0.3706,0.2477,0.0,0.0,0.0,0.0,0.0,0.0,0.0,No Stroke
P01508,0.7013,1.0,0.0,1.0,0.0,0.0,0.0,0.0,0,0.2041,0.36,0.5897,0.486,0.3567,0.0,0.0,0.0,0.0,0.0,0.0,0.0,No Stroke
P01509,0.8831,0.0,0.0,1.0,1.0,0.0,1.0,1.0,0,0.4796,0.7333,0.8154,0.658,0.3192,0.0,0.0,0.0,0.0,0.0,0.0,0.0,No Stroke
P01510,0.2468,0.0,0.0,0.0,0.0,0.0,0.0,0.0,0,0.0816,0.1867,0.0974,0.1068,0.359,0.0,0.0,0.0,0.0,0.0,0.0,1.0,No Stroke
P01511,0.4805,0.0,0.0,0.0,0.0,0.0,0.0,1.0,0,0.4796,0.5333,0.3385,0.0,0.3031,0.0,0.0,0.0,0.0,0.0,0.0,0.0,No Stroke
P01512,0.5584,1.0,0.0,1.0,0.0,0.0,0.0,0.0,0,0.1837,0.44,0.4615,0.5289,0.4318,1.0,0.0,0.0,0.0,1.0,0.0,0.0,No Stroke
P01513,0.4286,1.0,1.0,0.0,1.0,0.0,0.0,0.0,0,0.5,0.5067,0.3692,0.4842,0.5914,0.0,0.0,0.0,0.0,0.0,0.0,0.0,No Stroke
P01514,0.5065,0.0,0.0,0.0,0.0,0.0,1.0,0.0,1,0.5408,0.4,0.3744,0.0776,0.6831,0.0,0.0,0.0,0.0,0.0,0.0,0.0,No Stroke
P01515,0.5584,0.0,1.0,1.0,0.0,0.0,0.0,0.0,1,0.4082,0.4667,0.4923,0.545,0.4685,0.0,1.0,1.0,1.0,1.0,0.0,1.0,Hemorrhagic
P01516,0.6104,1.0,1.0,1.0,0.0,0.0,1.0,0.0,1,0.3878,0.5733,0.5333,0.5183,0.5807,0.0,0.0,0.0,0.0,0.0,0.0,0.0,No Stroke
P01517,0.3896,1.0,0.0,0.0,0.0,0.0,0.0,0.0,0,0.0612,0.3067,0.2821,0.4122,0.4631,0.0,0.0,0.0,0.0,0.0,0.0,0.0,No Stroke
P01518,0.8052,0.0,0.0,0.0,0.0,1.0,0.0,0.0,0,0.602,0.48,0.6974,0.3128,0.3473,0.0,0.0,0.0,0.0,1.0,1.0,1.0,Ischemic
P01519,0.3636,1.0,1.0,0.0,0.0,0.0,0.0,1.0,1,0.449,0.4,0.2923,0.4351,0.262,0.0,1.0,0.0,0.0,0.0,0.0,0.0,No Stroke
P01520,0.4156,0.0,0.0,0.0,0.0,0.0,1.0,0.0,0,0.2653,0.5867,0.2974,0.3035,0.4144,1.0,0.0,0.0,0.0,0.0,1.0,1.0,Ischemic
P01521,0.6364,0.0,0.0,1.0,0.0,0.0,1.0,0.0,1,0.3878,0.4,0.5128,0.3035,0.6303,0.0,0.0,0.0,0.0,0.0,0.0,0.0,No Stroke
P01522,0.3247,0.0,0.0,0.0,0.0,0.0,1.0,1.0,0,0.4898,0.36,0.2154,0.139,0.4363,0.0,0.0,0.0,0.0,0.0,0.0,0.0,No Stroke
P01523,0.6883,0.0,0.0,1.0,0.0,0.0,1.0,1.0,1,0.4286,0.68,0.5897,0.4482,0.5963,0.0,0.0,1.0,0.0,0.0,0.0,0.0,Ischemic
P01524,0.4675,0.0,1.0,0.0,0.0,0.0,0.0,1.0,1,0.5,0.5867,0.3641,0.1993,0.5713,0.0,1.0,1.0,0.0,0.0,1.0,0.0,Hemorrhagic
P01525,0.6623,0.0,0.0,0.0,0.0,0.0,1.0,0.0,0,0.4286,0.56,0.5128,0.1179,0.4756,0.0,1.0,1.0,0.0,1.0,0.0,1.0,Hemorrhagic
P01526,0.5584,0.0,1.0,0.0,0.0,0.0,0.0,0.0,1,0.4898,0.6667,0.4615,0.3091,0.5579,0.0,1.0,1.0,0.0,0.0,0.0,0.0,Ischemic
P01527,0.4545,0.0,1.0,0.0,0.0,0.0,0.0,0.0,1,0.5408,0.4533,0.3538,0.2024,0.4698,0.0,0.0,1.0,0.0,0.0,0.0,0.0,Ischemic
P01528,0.3506,1.0,0.0,0.0,0.0,0.0,0.0,0.0,1,0.3061,0.3733,0.2359,0.2123,0.2959,1.0,0.0,0.0,0.0,0.0,0.0,0.0,No Stroke
P01529,0.6883,1.0,0.0,0.0,1.0,0.0,1.0,0.0,0,0.3776,0.6267,0.5641,0.27,0.2781,0.0,0.0,0.0,0.0,0.0,0.0,0.0,Ischemic
P01530,0.3247,0.0,0.0,0.0,0.0,0.0,1.0,0.0,0,0.4694,0.5467,0.2513,0.3489,0.456,0.0,0.0,0.0,0.0,0.0,0.0,0.0,No Stroke
P01531,0.3766,0.0,0.0,0.0,0.0,0.0,0.0,0.0,1,0.2857,0.0933,0.2872,0.4178,0.4394,1.0,0.0,1.0,0.0,0.0,0.0,0.0,No Stroke
P01532,0.6364,0.0,0.0,0.0,0.0,0.0,0.0,0.0,0,0.5714,0.4133,0.5282,0.2694,0.5767,1.0,0.0,0.0,0.0,0.0,0.0,0.0,No Stroke
P01533,0.7662,1.0,0.0,0.0,0.0,0.0,1.0,0.0,0,0.5306,0.3467,0.6256,0.1732,0.3228,1.0,0.0,0.0,0.0,0.0,0.0,0.0,No Stroke
P01534,0.5065,1.0,0.0,1.0,0.0,0.0,0.0,0.0,1,0.398,0.48,0.4154,0.3818,0.5136,0.0,0.0,0.0,0.0,0.0,0.0,0.0,No Stroke
P01535,0.6104,1.0,0.0,0.0,0.0,0.0,0.0,1.0,1,0.2857,0.3467,0.4923,0.3799,0.3335,0.0,0.0,0.0,0.0,0.0,0.0,0.0,No Stroke
P01536,0.8,0.0,0.0,0.0,0.0,0.0,0.0,0.0,1,0.3,0.2,0.6,0.0,0.2,1.0,1.0,0.0,1.0,1.0,0.0,1.0,Hemorrhagic
P01537,0.4675,1.0,0.0,0.0,0.0,0.0,0.0,0.0,1,0.5204,0.6133,0.3538,0.1459,0.4658,1.0,0.0,0.0,0.0,0.0,0.0,0.0,No Stroke
P01538,0.5195,1.0,0.0,1.0,0.0,0.0,1.0,0.0,0,0.551,0.4133,0.5128,0.7728,0.5843,0.0,0.0,0.0,0.0,0.0,1.0,1.0,Ischemic
P01539,0.7273,0.0,1.0,0.0,0.0,0.0,0.0,0.0,1,0.5204,0.3867,0.6308,0.36,0.3581,0.0,1.0,0.0,1.0,0.0,0.0,1.0,Ischemic
P01540,0.6364,1.0,0.0,0.0,0.0,0.0,0.0,0.0,0,0.6327,0.2267,0.4923,0.0,0.397,0.0,1.0,0.0,0.0,0.0,1.0,0.0,Ischemic
P01541,0.4416,0.0,1.0,1.0,1.0,0.0,0.0,1.0,0,0.5204,0.4533,0.3231,0.1204,0.3254,0.0,1.0,1.0,0.0,0.0,0.0,0.0,Ischemic
P01542,0.4156,1.0,0.0,0.0,0.0,0.0,0.0,0.0,1,0.3367,0.5333,0.3231,0.3544,0.4689,0.0,1.0,0.0,0.0,0.0,1.0,0.0,Ischemic
P01543,0.7662,0.0,1.0,1.0,0.0,0.0,0.0,0.0,0,0.6122,0.72,0.7436,0.797,0.5364,0.0,1.0,1.0,0.0,1.0,0.0,0.0,Hemorrhagic
P01544,0.7532,1.0,1.0,0.0,0.0,0.0,1.0,0.0,1,1.0,0.7467,0.6821,0.2992,0.5118,0.0,0.0,0.0,0.0,0.0,0.0,1.0,No Stroke
P01545,0.4935,0.0,0.0,1.0,0.0,0.0,0.0,0.0,0,0.2245,0.56,0.3949,0.4351,0.3657,0.0,1.0,1.0,1.0,1.0,0.0,1.0,Ischemic
P01546,0.7273,0.0,0.0,0.0,0.0,0.0,0.0,1.0,0,0.6224,0.4933,0.6359,0.3693,0.5217,1.0,1.0,1.0,0.0,1.0,0.0,1.0,Ischemic
P01547,0.8312,1.0,0.0,1.0,0.0,0.0,0.0,0.0,0,0.3163,0.2933,0.7436,0.6338,0.4828,0.0,0.0,0.0,0.0,0.0,0.0,0.0,Ischemic
P01548,0.5065,1.0,0.0,1.0,1.0,1.0,0.0,0.0,0,0.3367,0.64,0.4359,0.5736,0.6969,0.0,1.0,1.0,0.0,1.0,0.0,0.0,Hemorrhagic
P01549,0.7403,1.0,1.0,0.0,0.0,0.0,1.0,0.0,1,0.7245,0.5467,0.6513,0.2961,0.5422,0.0,1.0,1.0,0.0,0.0,1.0,1.0,Ischemic
P01550,0.4675,0.0,0.0,0.0,0.0,0.0,0.0,1.0,0,0.449,0.08,0.359,0.2533,0.2409,0.0,0.0,0.0,0.0,0.0,0.0,0.0,No Stroke
P01551,0.8312,0.0,1.0,0.0,0.0,0.0,0.0,0.0,0,0.7959,0.5867,0.7436,0.3346,0.6974,1.0,0.0,0.0,1.0,1.0,1.0,1.0,Hemorrhagic
P01552,0.7662,0.0,1.0,0.0,0.0,0.0,1.0,0.0,0,0.9286,0.44,0.6769,0.2384,0.3196,0.0,0.0,0.0,0.0,1.0,0.0,1.0,Ischemic
P01553,0.5325,0.0,0.0,0.0,0.0,0.0,1.0,0.0,0,0.3673,0.48,0.4103,0.2495,0.3934,0.0,1.0,1.0,1.0,0.0,0.0,1.0,Ischemic
P01554,0.4805,0.0,1.0,0.0,0.0,0.0,1.0,0.0,0,0.2857,0.4667,0.3641,0.257,0.6576,0.0,0.0,0.0,0.0,0.0,0.0,0.0,No Stroke
P01555,0.5455,1.0,1.0,1.0,0.0,0.0,1.0,0.0,1,0.7347,0.56,0.5436,0.7269,0.5186,0.0,0.0,0.0,0.0,0.0,0.0,0.0,No Stroke
P01556,0.5714,0.0,0.0,0.0,0.0,0.0,0.0,0.0,1,0.602,0.4267,0.4769,0.28,0.6777,1.0,1.0,1.0,1.0,1.0,0.0,1.0,Ischemic
P01557,0.5584,0.0,0.0,0.0,0.0,1.0,0.0,0.0,0,0.4184,0.4,0.4615,0.3849,0.2432,0.0,0.0,0.0,1.0,1.0,0.0,0.0,Ischemic
P01558,0.4805,0.0,1.0,0.0,0.0,0.0,1.0,0.0,0,0.5102,0.48,0.3538,0.0869,0.4296,0.0,0.0,0.0,0.0,0.0,0.0,0.0,No Stroke
P01559,0.2987,1.0,0.0,1.0,0.0,0.0,1.0,0.0,0,0.2041,0.4667,0.2051,0.3799,0.4685,0.0,1.0,1.0,0.0,1.0,0.0,0.0,Ischemic
P01560,0.9221,0.0,0.0,1.0,0.0,0.0,1.0,0.0,0,0.4898,0.6267,0.8051,0.3799,0.3639,0.0,1.0,1.0,0.0,1.0,1.0,1.0,Ischemic
P01561,0.5195,0.0,0.0,0.0,0.0,0.0,1.0,0.0,1,0.5612,0.3467,0.4,0.1552,0.2047,0.0,0.0,0.0,0.0,1.0,0.0,0.0,No Stroke
P01562,0.7792,1.0,1.0,0.0,1.0,0.0,0.0,0.0,1,0.3571,0.4667,0.6513,0.2868,0.359,0.0,0.0,0.0,0.0,1.0,0.0,0.0,No Stroke
P01563,0.5584,0.0,0.0,1.0,0.0,0.0,0.0,0.0,0,0.2551,0.28,0.4103,0.1577,0.3675,0.0,0.0,0.0,0.0,0.0,0.0,0.0,No Stroke
P01564,0.6494,0.0,1.0,0.0,0.0,0.0,1.0,0.0,1,0.7653,0.56,0.6103,0.5531,0.3746,0.0,1.0,1.0,0.0,0.0,0.0,1.0,Ischemic
P01565,0.7143,1.0,1.0,0.0,0.0,0.0,1.0,0.0,0,0.2449,0.5333,0.5846,0.3277,0.7796,0.0,0.0,1.0,0.0,0.0,0.0,1.0,Ischemic
P01566,0.5584,1.0,1.0,0.0,0.0,0.0,0.0,1.0,0,0.5408,0.4933,0.441,0.1887,0.1676,0.0,0.0,1.0,0.0,0.0,0.0,0.0,Ischemic
P01567,0.5584,0.0,0.0,0.0,0.0,0.0,0.0,0.0,0,0.2041,0.2533,0.4513,0.4233,0.4966,1.0,0.0,0.0,0.0,0.0,0.0,0.0,Ischemic
P01568,0.8,1.0,0.0,1.0,0.0,0.0,0.0,0.0,1,0.5,0.3,0.6,0.3,0.7,0.0,1.0,0.0,1.0,0.0,0.0,1.0,Hemorrhagic
P01569,0.6364,0.0,1.0,0.0,0.0,0.0,0.0,0.0,0,0.7755,0.6533,0.5385,0.1974,0.498,0.0,1.0,0.0,0.0,1.0,0.0,1.0,Ischemic
P01570,0.6104,0.0,0.0,0.0,0.0,0.0,0.0,1.0,0,0.6633,0.52,0.5179,0.2396,0.4005,1.0,1.0,1.0,0.0,0.0,0.0,0.0,Ischemic
P01571,0.4675,1.0,0.0,1.0,0.0,0.0,0.0,0.0,0,0.2551,0.5067,0.4,0.581,0.2356,0.0,1.0,1.0,1.0,1.0,0.0,0.0,Ischemic
P01572,0.5065,0.0,1.0,0.0,1.0,0.0,0.0,0.0,1,0.6633,0.5333,0.4205,0.2291,0.713,0.0,1.0,1.0,0.0,0.0,0.0,1.0,Ischemic
P01573,0.7403,1.0,1.0,0.0,0.0,0.0,0.0,0.0,0,0.8265,0.5733,0.7026,0.5903,0.2709,0.0,0.0,0.0,0.0,1.0,1.0,0.0,Ischemic
P01574,0.7013,1.0,0.0,0.0,0.0,0.0,0.0,1.0,0,0.4388,0.4267,0.5385,0.0304,0.266,1.0,0.0,1.0,1.0,1.0,0.0,1.0,Hemorrhagic
P01575,0.4026,1.0,0.0,1.0,0.0,0.0,0.0,0.0,1,0.3571,0.4133,0.3538,0.604,0.6245,1.0,0.0,1.0,0.0,0.0,0.0,0.0,Hemorrhagic
P01576,0.0,1.0,0.0,0.0,0.0,0.0,1.0,0.0,1,0.2551,0.48,0.0,0.4115,0.4792,0.0,0.0,0.0,0.0,0.0,0.0,0.0,No Stroke
P01577,0.3117,0.0,0.0,0.0,0.0,0.0,0.0,0.0,1,0.1327,0.2933,0.2051,0.3619,0.2611,0.0,0.0,0.0,0.0,0.0,0.0,0.0,No Stroke
P01578,0.4026,1.0,0.0,0.0,0.0,0.0,0.0,0.0,0,0.3265,0.8267,0.3026,0.3284,0.4135,0.0,0.0,0.0,0.0,0.0,0.0,0.0,No Stroke
P01579,0.5974,1.0,1.0,1.0,0.0,0.0,0.0,0.0,0,0.3061,0.36,0.5436,0.694,0.7631,0.0,0.0,0.0,0.0,0.0,0.0,0.0,No Stroke
P01580,0.5065,1.0,0.0,0.0,0.0,0.0,1.0,0.0,0,0.5,0.24,0.3846,0.1006,0.359,0.0,0.0,0.0,0.0,0.0,0.0,0.0,No Stroke
P01581,0.3896,0.0,0.0,0.0,0.0,0.0,0.0,1.0,1,0.3061,0.24,0.2564,0.1484,0.2937,0.0,0.0,0.0,0.0,0.0,0.0,0.0,No Stroke
P01582,0.3636,0.0,1.0,0.0,0.0,0.0,0.0,0.0,1,0.2041,0.6267,0.2872,0.5587,0.418,0.0,1.0,1.0,1.0,0.0,0.0,1.0,Ischemic
P01583,0.4545,0.0,1.0,0.0,1.0,0.0,0.0,0.0,0,0.4898,0.28,0.4,0.5028,0.5686,0.0,1.0,0.0,1.0,1.0,1.0,0.0,Ischemic
P01584,0.5455,0.0,0.0,1.0,0.0,0.0,1.0,0.0,0,0.5816,0.3067,0.4718,0.4432,0.873,1.0,0.0,1.0,0.0,0.0,0.0,0.0,Ischemic
P01585,0.5584,0.0,0.0,0.0,0.0,0.0,1.0,0.0,0,0.2857,0.3867,0.4308,0.2731,0.5709,0.0,0.0,0.0,0.0,0.0,0.0,0.0,No Stroke
P01586,0.6753,1.0,0.0,0.0,0.0,0.0,0.0,0.0,1,0.6327,0.3867,0.5487,0.1061,0.3563,1.0,1.0,0.0,0.0,0.0,1.0,1.0,Ischemic
P01587,0.2857,1.0,0.0,0.0,0.0,0.0,0.0,0.0,0,0.3878,0.2533,0.1846,0.2173,0.4099,1.0,0.0,0.0,0.0,0.0,0.0,1.0,No Stroke
P01588,0.6753,1.0,0.0,1.0,0.0,0.0,0.0,1.0,1,0.3776,0.4667,0.5692,0.4035,0.6933,1.0,0.0,1.0,0.0,0.0,0.0,0.0,Ischemic
P01589,0.3896,0.0,0.0,0.0,0.0,0.0,0.0,0.0,1,0.4592,0.64,0.2769,0.1831,0.2651,1.0,0.0,0.0,0.0,0.0,0.0,0.0,No Stroke
P01590,0.5714,0.0,0.0,1.0,0.0,0.0,0.0,0.0,0,0.3776,0.5867,0.5333,0.7734,0.5069,0.0,1.0,0.0,0.0,0.0,0.0,0.0,Hemorrhagic
P01591,0.8442,0.0,1.0,0.0,1.0,0.0,1.0,0.0,0,0.5102,0.3067,0.7333,0.3464,0.532,1.0,1.0,0.0,0.0,0.0,0.0,0.0,Ischemic
P01592,0.5455,0.0,0.0,0.0,0.0,0.0,0.0,0.0,0,0.4898,0.3067,0.4256,0.2216,0.2669,1.0,0.0,0.0,0.0,0.0,0.0,0.0,No Stroke
P01593,0.5325,1.0,0.0,0.0,0.0,1.0,0.0,0.0,1,0.2857,0.5067,0.3949,0.1409,0.4171,0.0,0.0,0.0,0.0,0.0,0.0,0.0,No Stroke
P01594,0.1039,1.0,1.0,0.0,0.0,0.0,1.0,0.0,1,0.1531,0.56,0.0,0.2222,0.6571,0.0,0.0,0.0,0.0,0.0,0.0,0.0,No Stroke
P01595,0.1818,1.0,0.0,0.0,0.0,0.0,0.0,0.0,0,0.3571,0.32,0.0974,0.2793,0.5284,0.0,0.0,0.0,0.0,0.0,0.0,0.0,No Stroke
P01596,0.5714,1.0,1.0,0.0,1.0,0.0,0.0,0.0,0,0.7245,0.3733,0.4923,0.3079,0.4645,0.0,1.0,1.0,1.0,1.0,1.0,1.0,Ischemic
P01597,0.5065,1.0,0.0,0.0,0.0,0.0,0.0,0.0,1,0.4898,0.3733,0.4564,0.5872,0.544,0.0,0.0,0.0,0.0,0.0,0.0,0.0,No Stroke
P01598,0.4675,0.0,0.0,0.0,0.0,0.0,0.0,0.0,1,0.4286,0.56,0.359,0.2651,0.5007,0.0,0.0,0.0,0.0,0.0,0.0,0.0,No Stroke
P01599,0.3636,1.0,1.0,0.0,0.0,0.0,0.0,1.0,1,0.4592,0.52,0.3026,0.4742,0.5244,0.0,1.0,1.0,0.0,1.0,1.0,0.0,Hemorrhagic
P01600,0.8182,1.0,1.0,1.0,0.0,0.0,0.0,0.0,0,0.6429,0.8133,0.7436,0.4904,0.2262,1.0,0.0,0.0,1.0,0.0,0.0,1.0,Ischemic
P01601,0.6234,0.0,0.0,0.0,0.0,0.0,0.0,0.0,1,0.3163,0.48,0.4718,0.1397,0.5038,0.0,0.0,0.0,0.0,0.0,0.0,0.0,No Stroke
P01602,0.7143,0.0,1.0,0.0,0.0,0.0,1.0,1.0,1,0.8061,0.7733,0.6462,0.4264,0.6826,0.0,1.0,1.0,0.0,1.0,0.0,0.0,Ischemic
P01603,0.4156,1.0,0.0,0.0,0.0,0.0,0.0,0.0,1,0.4184,0.56,0.3333,0.3979,0.4202,0.0,1.0,1.0,1.0,0.0,0.0,0.0,Ischemic
P01604,0.7922,1.0,0.0,0.0,0.0,0.0,0.0,1.0,1,0.6224,0.48,0.6359,0.0,0.3,0.0,0.0,0.0,0.0,0.0,0.0,0.0,No Stroke
P01605,0.5584,0.0,0.0,0.0,0.0,0.0,0.0,0.0,1,0.2041,0.6533,0.4103,0.1583,0.1453,0.0,0.0,0.0,0.0,0.0,0.0,0.0,No Stroke
P01606,0.5195,1.0,0.0,0.0,0.0,0.0,0.0,0.0,0,0.5408,0.5733,0.4256,0.2905,0.5941,0.0,0.0,0.0,0.0,0.0,0.0,0.0,No Stroke
P01607,0.5584,0.0,0.0,0.0,0.0,0.0,0.0,0.0,1,0.3776,0.3467,0.4359,0.2129,0.515,0.0,0.0,0.0,0.0,0.0,0.0,0.0,No Stroke
P01608,0.4805,1.0,0.0,1.0,0.0,0.0,0.0,0.0,0,0.2653,0.48,0.3949,0.4643,0.1498,0.0,0.0,0.0,0.0,0.0,0.0,0.0,No Stroke
P01609,0.3766,1.0,0.0,0.0,0.0,0.0,0.0,0.0,1,0.6939,0.48,0.3026,0.2905,0.4059,1.0,0.0,0.0,0.0,0.0,0.0,0.0,No Stroke
P01610,0.9091,0.0,1.0,1.0,0.0,0.0,0.0,0.0,0,0.4184,0.6,0.8513,0.7436,0.5749,1.0,1.0,1.0,0.0,0.0,1.0,1.0,Hemorrhagic
P01611,0.4805,0.0,1.0,0.0,0.0,0.0,1.0,1.0,0,0.2755,0.5333,0.3846,0.3985,0.523,0.0,1.0,1.0,0.0,0.0,1.0,1.0,Ischemic
P01612,0.4805,0.0,0.0,0.0,0.0,0.0,1.0,1.0,0,0.4592,0.4267,0.3846,0.311,0.5807,0.0,1.0,1.0,0.0,1.0,0.0,1.0,Ischemic
P01613,0.6883,0.0,1.0,0.0,0.0,0.0,0.0,1.0,0,0.6429,0.7333,0.5949,0.2893,0.4126,0.0,0.0,0.0,0.0,0.0,0.0,0.0,No Stroke
P01614,0.3247,1.0,0.0,0.0,0.0,0.0,1.0,0.0,1,0.5102,0.48,0.1949,0.0,0.557,1.0,1.0,1.0,0.0,1.0,0.0,1.0,Hemorrhagic
P01615,0.4026,0.0,0.0,1.0,0.0,0.0,0.0,0.0,1,0.3265,0.4,0.3333,0.527,0.713,0.0,0.0,0.0,0.0,0.0,0.0,0.0,No Stroke
P01616,0.4286,0.0,1.0,0.0,0.0,1.0,0.0,1.0,0,0.7755,0.4,0.3744,0.3377,0.2901,0.0,0.0,0.0,0.0,0.0,0.0,0.0,No Stroke
P01617,0.8312,0.0,1.0,0.0,0.0,0.0,0.0,1.0,0,0.5102,0.64,0.6974,0.1955,0.3844,0.0,0.0,0.0,1.0,0.0,0.0,1.0,Ischemic
P01618,0.4286,0.0,1.0,1.0,0.0,0.0,1.0,0.0,0,0.6939,0.72,0.4359,0.7697,0.6482,0.0,0.0,0.0,0.0,0.0,0.0,0.0,No Stroke
P01619,0.8571,1.0,0.0,0.0,0.0,0.0,0.0,0.0,0,0.3061,0.5467,0.7077,0.2533,0.5767,0.0,0.0,0.0,0.0,0.0,0.0,0.0,No Stroke
P01620,0.5325,0.0,1.0,0.0,0.0,0.0,0.0,1.0,0,0.3571,0.3467,0.4,0.2092,0.5338,0.0,0.0,0.0,0.0,0.0,0.0,0.0,No Stroke
P01621,0.5065,0.0,1.0,0.0,0.0,0.0,0.0,1.0,0,0.6735,0.76,0.4256,0.2613,0.6603,0.0,0.0,0.0,0.0,0.0,0.0,0.0,No Stroke
P01622,0.4675,1.0,1.0,0.0,0.0,0.0,1.0,0.0,1,0.4796,0.4667,0.3897,0.4196,0.4318,0.0,1.0,1.0,0.0,0.0,1.0,1.0,Hemorrhagic
P01623,0.6494,0.0,1.0,1.0,0.0,0.0,0.0,0.0,0,0.2959,0.3467,0.5641,0.594,0.4819,0.0,0.0,0.0,0.0,0.0,0.0,0.0,No Stroke
P01624,0.3377,1.0,0.0,0.0,0.0,0.0,0.0,0.0,0,0.3265,0.3467,0.2256,0.2191,0.5199,0.0,0.0,0.0,0.0,0.0,0.0,0.0,No Stroke
P01625,0.6364,0.0,1.0,1.0,0.0,0.0,0.0,0.0,1,0.4286,0.4933,0.5692,0.5736,0.6705,0.0,0.0,0.0,0.0,0.0,0.0,1.0,Ischemic
P01626,0.6753,1.0,1.0,0.0,0.0,0.0,0.0,0.0,0,0.3367,0.3867,0.5641,0.3985,0.3768,0.0,1.0,0.0,0.0,0.0,1.0,0.0,Ischemic
P01627,0.7532,0.0,0.0,0.0,0.0,0.0,0.0,0.0,1,0.7143,0.4133,0.6256,0.0912,0.4247,1.0,0.0,0.0,0.0,0.0,0.0,0.0,No Stroke
P01628,0.6623,1.0,0.0,0.0,0.0,0.0,0.0,0.0,0,0.3878,0.4533,0.5487,0.3451,0.2606,0.0,0.0,0.0,0.0,0.0,0.0,0.0,No Stroke
P01629,0.2338,0.0,0.0,0.0,0.0,0.0,1.0,0.0,1,0.2347,0.52,0.1487,0.378,0.6245,0.0,0.0,0.0,0.0,0.0,0.0,0.0,No Stroke
P01630,0.7792,0.0,1.0,0.0,0.0,1.0,0.0,0.0,0,0.5,0.4933,0.6308,0.1446,0.4144,0.0,0.0,0.0,0.0,0.0,0.0,0.0,No Stroke
P01631,0.6364,1.0,1.0,0.0,0.0,0.0,1.0,1.0,0,0.6327,0.6933,0.5436,0.298,0.3344,0.0,1.0,0.0,0.0,0.0,1.0,1.0,Ischemic
P01632,0.6364,1.0,1.0,0.0,1.0,0.0,0.0,1.0,1,0.5816,0.28,0.5026,0.0615,0.5382,0.0,0.0,0.0,0.0,0.0,0.0,0.0,No Stroke
P01633,0.5195,1.0,1.0,0.0,0.0,0.0,1.0,1.0,0,0.602,0.5467,0.4308,0.2607,0.2892,0.0,0.0,0.0,0.0,0.0,0.0,0.0,No Stroke
P01634,0.4545,1.0,0.0,0.0,0.0,0.0,0.0,1.0,0,0.1735,0.2933,0.3077,0.1881,0.5391,0.0,0.0,0.0,0.0,0.0,0.0,0.0,No Stroke
P01635,0.6364,1.0,0.0,0.0,0.0,0.0,0.0,0.0,0,0.6122,0.6,0.5487,0.306,0.0116,1.0,0.0,1.0,1.0,1.0,1.0,0.0,Ischemic
P01636,0.4416,1.0,0.0,0.0,0.0,0.0,0.0,1.0,1,0.3673,0.52,0.3128,0.1744,0.3903,1.0,0.0,0.0,0.0,0.0,0.0,0.0,No Stroke
P01637,0.0649,1.0,0.0,0.0,0.0,0.0,0.0,0.0,1,0.4184,0.3867,0.0,0.2142,0.19,1.0,0.0,0.0,0.0,0.0,0.0,0.0,No Stroke
P01638,0.4156,0.0,0.0,0.0,0.0,0.0,1.0,0.0,1,0.3673,0.3733,0.3385,0.4345,0.4193,0.0,0.0,0.0,0.0,0.0,0.0,0.0,No Stroke
P01639,0.1688,0.0,0.0,0.0,0.0,0.0,0.0,1.0,0,0.2449,0.52,0.041,0.0627,0.2973,1.0,1.0,0.0,0.0,0.0,0.0,0.0,No Stroke
P01640,0.2078,0.0,0.0,1.0,0.0,0.0,1.0,1.0,0,0.1633,0.4133,0.1026,0.288,0.418,1.0,0.0,0.0,0.0,0.0,0.0,0.0,No Stroke
P01641,0.7662,0.0,1.0,1.0,0.0,0.0,1.0,0.0,0,0.8061,0.4933,0.7282,0.5872,0.3214,0.0,0.0,1.0,1.0,0.0,0.0,0.0,Ischemic
P01642,0.6104,0.0,0.0,1.0,0.0,0.0,0.0,0.0,0,0.4898,0.3467,0.5692,0.676,0.6156,1.0,0.0,1.0,0.0,1.0,1.0,0.0,Ischemic
P01643,0.5325,0.0,0.0,0.0,0.0,0.0,1.0,0.0,0,0.3571,0.6267,0.4051,0.1856,0.4385,0.0,0.0,1.0,0.0,0.0,0.0,1.0,Ischemic
P01644,0.7013,1.0,1.0,0.0,0.0,1.0,0.0,0.0,0,0.7959,0.48,0.6256,0.3495,0.3764,0.0,0.0,1.0,1.0,1.0,1.0,1.0,Ischemic
P01645,0.4416,1.0,0.0,0.0,0.0,0.0,1.0,1.0,1,0.4388,0.3067,0.3333,0.2042,0.4233,0.0,0.0,0.0,0.0,0.0,0.0,0.0,No Stroke
P01646,0.3766,0.0,1.0,1.0,1.0,0.0,1.0,0.0,0,0.2245,0.5467,0.3231,0.6151,0.6804,0.0,1.0,0.0,0.0,0.0,1.0,0.0,Ischemic
P01647,0.6104,0.0,0.0,0.0,1.0,0.0,1.0,1.0,1,0.102,0.4267,0.441,0.1546,0.2749,1.0,0.0,1.0,0.0,0.0,1.0,1.0,Ischemic
P01648,0.7143,0.0,0.0,0.0,0.0,0.0,1.0,0.0,0,0.4082,0.0933,0.5692,0.1813,0.3116,1.0,0.0,0.0,1.0,0.0,0.0,0.0,No Stroke
P01649,0.5974,0.0,0.0,0.0,0.0,0.0,0.0,0.0,0,0.4898,0.36,0.5179,0.4146,0.5624,0.0,0.0,0.0,0.0,0.0,0.0,0.0,No Stroke
P01650,0.5974,1.0,0.0,0.0,1.0,0.0,1.0,1.0,0,0.2551,0.28,0.4872,0.4351,0.0018,0.0,0.0,0.0,0.0,0.0,0.0,0.0,No Stroke
P01651,0.6234,0.0,1.0,0.0,0.0,0.0,0.0,1.0,1,0.7347,0.3867,0.5436,0.298,0.262,0.0,1.0,0.0,0.0,1.0,1.0,1.0,Ischemic
P01652,0.5844,1.0,0.0,0.0,0.0,0.0,1.0,0.0,1,0.5102,0.5867,0.4872,0.306,0.7175,1.0,0.0,1.0,0.0,0.0,1.0,0.0,Ischemic
P01653,0.4935,0.0,0.0,0.0,0.0,1.0,0.0,0.0,1,0.5918,0.5467,0.3692,0.0559,0.4868,0.0,0.0,0.0,0.0,0.0,0.0,0.0,No Stroke
P01654,0.1818,0.0,0.0,0.0,0.0,1.0,1.0,0.0,1,0.4184,0.48,0.1077,0.2843,0.3008,0.0,0.0,0.0,0.0,0.0,0.0,0.0,No Stroke
P01655,0.6364,1.0,1.0,0.0,0.0,0.0,0.0,0.0,1,0.602,0.6933,0.5487,0.3687,0.4077,0.0,0.0,0.0,0.0,0.0,0.0,0.0,No Stroke
P01656,0.4286,1.0,0.0,0.0,0.0,0.0,0.0,1.0,0,0.3469,0.36,0.3077,0.1726,0.6232,1.0,0.0,0.0,0.0,1.0,0.0,1.0,No Stroke
P01657,0.4416,1.0,1.0,0.0,0.0,0.0,1.0,0.0,0,0.398,0.32,0.3436,0.3048,0.3505,0.0,0.0,0.0,0.0,0.0,0.0,0.0,No Stroke
P01658,0.2208,1.0,0.0,0.0,0.0,0.0,0.0,1.0,1,0.2449,0.6133,0.0974,0.1782,0.43,0.0,0.0,0.0,0.0,0.0,0.0,0.0,No Stroke
P01659,0.5844,0.0,1.0,0.0,0.0,0.0,0.0,1.0,1,0.602,0.6,0.5436,0.6294,0.3397,0.0,1.0,0.0,0.0,0.0,0.0,0.0,Ischemic
P01660,0.6104,1.0,0.0,0.0,0.0,0.0,1.0,0.0,1,0.2245,0.4533,0.4615,0.2235,0.3044,1.0,0.0,0.0,0.0,0.0,0.0,0.0,No Stroke
P01661,0.6104,1.0,0.0,0.0,0.0,0.0,0.0,0.0,0,0.6531,0.6267,0.5179,0.2948,0.4296,0.0,0.0,0.0,0.0,0.0,0.0,0.0,No Stroke
P01662,0.4545,0.0,0.0,0.0,0.0,0.0,0.0,0.0,0,0.0612,0.3067,0.3333,0.3855,0.4707,1.0,0.0,0.0,0.0,0.0,0.0,0.0,No Stroke
P01663,0.3506,1.0,0.0,0.0,0.0,0.0,0.0,1.0,0,0.4082,0.4933,0.2564,0.3085,0.6907,0.0,0.0,0.0,0.0,0.0,0.0,0.0,No Stroke
P01664,0.2727,1.0,0.0,0.0,0.0,0.0,1.0,1.0,0,0.5,0.4,0.2308,0.4792,0.3567,0.0,1.0,0.0,0.0,0.0,0.0,0.0,No Stroke
P01665,0.6104,0.0,0.0,0.0,0.0,0.0,0.0,0.0,0,0.4082,0.5067,0.4974,0.2874,0.3464,1.0,0.0,1.0,1.0,1.0,0.0,1.0,Ischemic
P01666,0.4545,0.0,1.0,0.0,0.0,0.0,1.0,0.0,0,0.449,0.2533,0.4051,0.5543,0.8878,0.0,1.0,0.0,1.0,0.0,1.0,1.0,Ischemic
P01667,0.8571,1.0,0.0,0.0,0.0,0.0,0.0,1.0,1,0.2551,0.4267,0.6872,0.1341,0.1511,0.0,1.0,0.0,0.0,0.0,0.0,1.0,No Stroke
P01668,0.5,1.0,1.0,0.0,0.0,0.0,1.0,1.0,0,0.6,0.6,0.4,0.3,0.6,0.0,1.0,0.0,0.0,0.0,1.0,0.0,Hemorrhagic
P01669,0.7403,1.0,0.0,1.0,0.0,0.0,1.0,0.0,1,0.5306,0.6533,0.6564,0.4867,0.5114,0.0,0.0,0.0,0.0,0.0,0.0,0.0,No Stroke
P01670,0.6494,1.0,0.0,0.0,0.0,0.0,0.0,1.0,0,0.4694,0.4533,0.5641,0.4587,0.5311,0.0,0.0,0.0,0.0,0.0,0.0,0.0,No Stroke
P01671,0.3117,0.0,1.0,0.0,0.0,0.0,0.0,0.0,1,0.3163,0.5467,0.2154,0.3309,0.4595,0.0,0.0,0.0,0.0,0.0,0.0,0.0,No Stroke
P01672,0.8442,0.0,1.0,0.0,0.0,0.0,1.0,0.0,0,0.449,0.72,0.6872,0.1173,0.4658,0.0,0.0,0.0,0.0,0.0,0.0,0.0,No Stroke
P01673,0.3377,0.0,0.0,0.0,0.0,0.0,0.0,0.0,0,0.4286,0.4133,0.2308,0.1688,0.3344,0.0,0.0,0.0,1.0,0.0,0.0,0.0,No Stroke
P01674,0.7143,0.0,1.0,0.0,0.0,0.0,0.0,1.0,0,0.6837,0.5733,0.6256,0.2862,0.2664,0.0,0.0,1.0,0.0,0.0,0.0,0.0,Hemorrhagic
P01675,0.5325,0.0,0.0,1.0,0.0,0.0,0.0,0.0,0,0.5,0.2667,0.4359,0.3054,0.4533,0.0,0.0,0.0,0.0,0.0,0.0,0.0,No Stroke
P01676,0.4156,1.0,1.0,0.0,0.0,0.0,0.0,0.0,1,0.4184,0.16,0.3385,0.3991,0.4139,0.0,0.0,0.0,0.0,0.0,0.0,0.0,No Stroke
P01677,0.5195,0.0,1.0,0.0,0.0,0.0,0.0,0.0,1,0.551,0.3867,0.4359,0.342,0.3925,0.0,0.0,0.0,0.0,0.0,0.0,0.0,No Stroke
P01678,0.8052,1.0,0.0,0.0,0.0,0.0,0.0,0.0,1,0.449,0.6533,0.6974,0.4097,0.4694,0.0,1.0,1.0,0.0,1.0,0.0,0.0,Ischemic
P01679,0.8571,0.0,1.0,1.0,0.0,0.0,1.0,0.0,1,0.6633,0.5333,0.8564,0.9168,0.5726,0.0,0.0,0.0,0.0,0.0,1.0,1.0,Ischemic
P01680,0.4545,0.0,0.0,0.0,0.0,0.0,0.0,0.0,0,0.1837,0.3867,0.359,0.4451,0.3737,0.0,0.0,0.0,0.0,0.0,0.0,0.0,No Stroke
P01681,1.0,0.0,0.0,0.0,0.0,1.0,1.0,1.0,1,0.2449,0.44,0.8154,0.1539,0.1408,0.0,1.0,1.0,1.0,1.0,1.0,0.0,Ischemic
P01682,0.6883,1.0,1.0,0.0,1.0,0.0,1.0,0.0,0,0.7143,0.68,0.5949,0.2582,0.7877,0.0,1.0,0.0,0.0,0.0,0.0,1.0,Ischemic
P01683,0.8701,0.0,1.0,0.0,1.0,0.0,0.0,0.0,0,0.3776,0.6267,0.6974,0.1192,0.6781,1.0,0.0,0.0,0.0,0.0,1.0,1.0,Ischemic
P01684,0.8182,1.0,1.0,1.0,0.0,0.0,0.0,1.0,0,0.6327,0.84,0.7385,0.4724,0.5163,0.0,0.0,1.0,0.0,1.0,0.0,1.0,Ischemic
P01685,0.6753,0.0,1.0,0.0,1.0,0.0,1.0,0.0,1,0.5,0.5067,0.559,0.2315,0.2691,0.0,1.0,0.0,1.0,0.0,0.0,0.0,Hemorrhagic
P01686,0.5325,1.0,1.0,1.0,0.0,0.0,0.0,1.0,0,0.6837,0.6667,0.4872,0.4991,0.6097,0.0,1.0,0.0,0.0,1.0,0.0,1.0,Ischemic
P01687,0.2727,1.0,0.0,0.0,0.0,0.0,0.0,1.0,0,0.398,0.32,0.2051,0.3948,0.2557,0.0,0.0,0.0,0.0,0.0,0.0,0.0,No Stroke
P01688,0.5714,1.0,0.0,0.0,0.0,0.0,1.0,0.0,0,0.3878,0.1867,0.4667,0.3563,0.5284,0.0,0.0,0.0,0.0,0.0,0.0,0.0,No Stroke
P01689,1.0,1.0,0.0,0.0,0.0,0.0,0.0,1.0,0,0.4388,0.4533,0.8154,0.0639,0.468,0.0,0.0,0.0,0.0,0.0,0.0,0.0,No Stroke
P01690,0.4156,0.0,1.0,0.0,0.0,0.0,0.0,0.0,0,0.4694,0.44,0.3333,0.3346,0.3357,0.0,0.0,0.0,0.0,0.0,0.0,0.0,No Stroke
P01691,0.8701,0.0,0.0,1.0,0.0,0.0,1.0,1.0,1,0.6633,0.6933,0.7692,0.3613,0.7975,0.0,1.0,1.0,0.0,0.0,0.0,1.0,Ischemic
P01692,0.4416,1.0,1.0,0.0,0.0,0.0,1.0,1.0,0,0.6633,0.4667,0.3641,0.275,0.2472,0.0,1.0,1.0,1.0,0.0,1.0,1.0,Ischemic
P01693,0.7,0.0,0.0,0.0,0.0,1.0,1.0,1.0,1,0.3,0.4,0.5,0.2,0.5,0.0,0.0,0.0,1.0,0.0,1.0,0.0,Hemorrhagic
P01694,0.6364,0.0,0.0,1.0,0.0,0.0,0.0,0.0,1,0.1429,0.6267,0.5077,0.4165,0.5856,1.0,1.0,0.0,0.0,0.0,0.0,0.0,Ischemic
P01695,0.5065,1.0,1.0,0.0,0.0,0.0,0.0,0.0,1,0.4082,0.5333,0.4205,0.3892,0.4654,0.0,0.0,0.0,0.0,0.0,0.0,0.0,No Stroke
P01696,0.4026,1.0,1.0,0.0,0.0,0.0,0.0,0.0,1,0.4082,0.7467,0.3436,0.5164,0.4117,0.0,1.0,1.0,0.0,0.0,0.0,0.0,Ischemic
P01697,0.2597,1.0,0.0,0.0,0.0,0.0,0.0,0.0,1,0.1735,0.5067,0.1128,0.0621,0.4215,1.0,0.0,0.0,0.0,0.0,0.0,0.0,No Stroke
P01698,0.4675,1.0,1.0,0.0,0.0,0.0,1.0,1.0,1,0.551,0.2,0.3385,0.0298,0.5387,0.0,1.0,0.0,0.0,0.0,0.0,0.0,No Stroke
P01699,0.5195,0.0,1.0,0.0,1.0,0.0,0.0,1.0,0,0.8163,0.4267,0.441,0.2284,0.4904,0.0,1.0,1.0,0.0,1.0,0.0,1.0,Ischemic
P01700,0.6104,1.0,0.0,0.0,0.0,0.0,1.0,0.0,0,0.3367,0.4267,0.4615,0.1161,0.4966,1.0,0.0,0.0,0.0,0.0,0.0,0.0,No Stroke
P01701,0.6883,1.0,0.0,1.0,0.0,0.0,1.0,0.0,0,0.4388,0.48,0.6051,0.5028,0.4636,0.0,0.0,0.0,0.0,0.0,0.0,0.0,No Stroke
P01702,0.1558,0.0,0.0,0.0,0.0,0.0,0.0,0.0,1,0.0714,0.3467,0.0872,0.5562,0.3196,1.0,1.0,0.0,0.0,0.0,0.0,0.0,No Stroke
P01703,0.2338,0.0,0.0,0.0,0.0,0.0,1.0,0.0,1,0.4082,0.6267,0.1077,0.0,0.3616,0.0,0.0,0.0,0.0,0.0,0.0,0.0,No Stroke
P01704,0.4286,1.0,0.0,0.0,0.0,0.0,1.0,0.0,0,0.1531,0.44,0.2821,0.1701,0.3764,0.0,0.0,0.0,0.0,0.0,0.0,0.0,No Stroke
P01705,0.5455,1.0,0.0,1.0,0.0,0.0,0.0,1.0,1,0.2551,0.4,0.4564,0.4891,0.7112,1.0,0.0,0.0,0.0,0.0,0.0,0.0,No Stroke
P01706,0.6753,0.0,1.0,1.0,0.0,0.0,0.0,0.0,1,0.8061,0.5333,0.6359,0.527,0.6781,0.0,1.0,1.0,1.0,1.0,0.0,0.0,Ischemic
P01707,0.4416,1.0,0.0,0.0,0.0,0.0,0.0,0.0,0,0.4286,0.3733,0.3436,0.3147,0.3603,0.0,1.0,0.0,0.0,0.0,0.0,0.0,No Stroke
P01708,0.6623,1.0,1.0,0.0,0.0,0.0,1.0,1.0,1,0.3776,0.4,0.5333,0.2626,0.3335,0.0,0.0,0.0,0.0,0.0,0.0,0.0,No Stroke
P01709,0.1558,1.0,0.0,0.0,0.0,0.0,0.0,0.0,0,0.2857,0.3733,0.0256,0.0546,0.3084,0.0,0.0,0.0,0.0,0.0,0.0,0.0,No Stroke
P01710,0.2727,1.0,0.0,0.0,0.0,0.0,0.0,0.0,0,0.3571,0.4667,0.1641,0.1993,0.5315,1.0,0.0,0.0,0.0,0.0,0.0,0.0,No Stroke
P01711,0.2857,1.0,0.0,0.0,0.0,0.0,1.0,0.0,1,0.3878,0.3467,0.1692,0.1564,0.4841,1.0,1.0,0.0,1.0,0.0,0.0,0.0,Ischemic
P01712,0.4675,0.0,0.0,0.0,0.0,0.0,0.0,1.0,1,0.398,0.36,0.3179,0.0329,0.3746,1.0,0.0,1.0,0.0,0.0,1.0,1.0,Ischemic
P01713,0.7143,0.0,0.0,0.0,0.0,0.0,1.0,1.0,0,0.5408,0.6,0.5949,0.2464,0.2034,1.0,1.0,1.0,0.0,0.0,1.0,0.0,Ischemic
P01714,0.6234,0.0,0.0,0.0,0.0,0.0,0.0,1.0,0,0.3367,0.4667,0.5179,0.3836,0.2302,0.0,0.0,0.0,0.0,0.0,0.0,0.0,No Stroke
P01715,0.3636,1.0,0.0,1.0,0.0,0.0,0.0,0.0,1,0.3469,0.4933,0.3077,0.5326,0.4618,0.0,1.0,0.0,0.0,0.0,0.0,1.0,Ischemic
P01716,0.4286,1.0,1.0,1.0,0.0,0.0,1.0,1.0,0,0.551,0.6267,0.3949,0.6195,0.5731,0.0,1.0,0.0,1.0,0.0,1.0,1.0,Hemorrhagic
P01717,0.4805,1.0,0.0,1.0,0.0,0.0,1.0,0.0,1,0.449,0.3467,0.4462,0.6859,0.5472,0.0,0.0,0.0,0.0,0.0,0.0,0.0,No Stroke
P01718,1.0,1.0,0.0,0.0,1.0,0.0,0.0,0.0,0,0.7,0.4,0.8,0.1,0.4,0.0,1.0,0.0,1.0,1.0,0.0,1.0,Hemorrhagic
P01719,0.8182,0.0,0.0,0.0,0.0,0.0,0.0,0.0,0,0.2143,0.32,0.641,0.1092,0.3384,0.0,0.0,0.0,0.0,0.0,0.0,1.0,No Stroke
P01720,0.5584,1.0,1.0,1.0,0.0,0.0,0.0,0.0,1,0.398,0.5467,0.4821,0.5227,0.3885,0.0,0.0,0.0,0.0,0.0,0.0,0.0,No Stroke
P01721,0.4805,1.0,0.0,0.0,0.0,0.0,0.0,0.0,1,0.4694,0.4,0.3949,0.3389,0.1703,1.0,0.0,0.0,0.0,0.0,0.0,0.0,No Stroke
P01722,0.7273,1.0,0.0,0.0,0.0,0.0,1.0,0.0,1,0.4898,0.3467,0.6205,0.3321,0.249,1.0,0.0,0.0,0.0,0.0,0.0,0.0,No Stroke
P01723,0.3896,1.0,1.0,0.0,0.0,0.0,0.0,0.0,1,0.398,0.4267,0.3333,0.5369,0.2401,0.0,0.0,0.0,0.0,0.0,0.0,0.0,No Stroke
P01724,0.7273,1.0,1.0,1.0,0.0,0.0,0.0,0.0,1,0.5204,0.5067,0.6615,0.6102,0.4157,0.0,0.0,0.0,1.0,0.0,1.0,1.0,Ischemic
P01725,0.3377,0.0,0.0,0.0,0.0,0.0,1.0,0.0,0,0.3469,0.3333,0.2462,0.3042,0.5239,0.0,1.0,1.0,0.0,0.0,0.0,0.0,Hemorrhagic
P01726,0.3377,1.0,0.0,1.0,0.0,0.0,0.0,1.0,1,0.2551,0.3333,0.3077,0.797,0.6607,0.0,0.0,0.0,0.0,0.0,0.0,0.0,No Stroke
P01727,0.5844,0.0,1.0,0.0,0.0,0.0,0.0,0.0,0,0.5,0.5067,0.4872,0.3414,0.5096,0.0,0.0,0.0,0.0,0.0,1.0,0.0,Ischemic
P01728,0.3636,0.0,1.0,0.0,0.0,0.0,1.0,1.0,0,0.551,0.3467,0.2872,0.2843,0.5534,0.0,0.0,0.0,1.0,0.0,0.0,0.0,No Stroke
P01729,0.5065,0.0,1.0,0.0,0.0,0.0,0.0,0.0,0,0.551,0.5333,0.4051,0.2092,0.54,0.0,0.0,1.0,0.0,1.0,0.0,0.0,Hemorrhagic
P01730,0.5974,0.0,0.0,0.0,0.0,1.0,0.0,0.0,0,0.5816,0.4533,0.4564,0.0273,0.4904,1.0,0.0,0.0,0.0,0.0,0.0,0.0,No Stroke
P01731,0.1818,1.0,0.0,0.0,0.0,0.0,1.0,0.0,1,0.3265,0.2533,0.1282,0.5301,0.329,0.0,0.0,0.0,0.0,0.0,0.0,0.0,No Stroke
P01732,0.5584,0.0,0.0,0.0,0.0,0.0,0.0,0.0,0,0.4592,0.4,0.4359,0.1881,0.5324,1.0,0.0,0.0,0.0,0.0,0.0,0.0,No Stroke
P01733,0.4416,1.0,0.0,1.0,0.0,0.0,0.0,0.0,0,0.6633,0.44,0.3436,0.1061,0.5145,0.0,0.0,0.0,0.0,0.0,0.0,0.0,No Stroke
P01734,0.4805,1.0,0.0,0.0,0.0,0.0,0.0,0.0,1,0.4286,0.4933,0.3487,0.1316,0.392,1.0,1.0,1.0,1.0,0.0,0.0,1.0,Ischemic
P01735,0.2597,1.0,0.0,0.0,0.0,0.0,0.0,1.0,1,0.4082,0.2667,0.159,0.2005,0.4412,0.0,0.0,0.0,1.0,1.0,0.0,0.0,No Stroke
P01736,0.6753,1.0,1.0,0.0,0.0,0.0,0.0,0.0,0,0.6224,0.4,0.6103,0.5227,0.5449,0.0,1.0,1.0,0.0,1.0,0.0,0.0,Ischemic
P01737,0.6364,1.0,0.0,0.0,0.0,0.0,0.0,0.0,1,0.6224,0.4,0.5538,0.3402,0.5624,0.0,0.0,0.0,0.0,0.0,0.0,0.0,No Stroke
P01738,0.3117,0.0,0.0,0.0,0.0,0.0,1.0,0.0,1,0.1327,0.48,0.1744,0.1912,0.3232,0.0,0.0,0.0,0.0,0.0,0.0,0.0,No Stroke
P01739,0.5195,0.0,0.0,0.0,0.0,0.0,0.0,0.0,1,0.5816,0.5067,0.4308,0.3048,0.3549,0.0,1.0,0.0,0.0,1.0,1.0,0.0,Ischemic
P01740,0.2338,1.0,0.0,0.0,0.0,0.0,0.0,0.0,1,0.4082,0.36,0.1128,0.0881,0.6285,0.0,0.0,0.0,0.0,0.0,0.0,0.0,No Stroke
P01741,0.5325,1.0,0.0,1.0,0.0,0.0,0.0,0.0,0,0.3367,0.3867,0.4923,0.7387,0.6513,1.0,0.0,0.0,0.0,0.0,1.0,0.0,No Stroke
P01742,0.3896,0.0,0.0,0.0,0.0,0.0,0.0,0.0,0,0.4592,0.32,0.2923,0.2632,0.5749,1.0,1.0,0.0,0.0,0.0,1.0,0.0,Ischemic
P01743,0.7922,0.0,1.0,0.0,0.0,0.0,1.0,0.0,0,0.5102,0.4933,0.6923,0.4122,0.4189,0.0,0.0,0.0,0.0,0.0,0.0,0.0,Ischemic
P01744,0.7143,0.0,0.0,1.0,0.0,0.0,0.0,0.0,1,0.4898,0.64,0.6205,0.432,0.6236,0.0,0.0,0.0,0.0,0.0,0.0,0.0,No Stroke
P01745,0.3506,0.0,0.0,0.0,0.0,0.0,0.0,0.0,1,0.4796,0.56,0.2154,0.0211,0.6723,0.0,0.0,0.0,0.0,0.0,1.0,0.0,No Stroke
P01746,0.4805,0.0,0.0,0.0,0.0,0.0,0.0,0.0,1,0.5,0.2533,0.3897,0.3321,0.3523,0.0,1.0,0.0,1.0,0.0,1.0,1.0,Ischemic
P01747,0.7662,0.0,0.0,0.0,0.0,0.0,0.0,0.0,1,0.3367,0.2533,0.5795,0.0068,0.2468,1.0,1.0,0.0,1.0,1.0,0.0,1.0,Hemorrhagic
P01748,0.3506,1.0,1.0,1.0,0.0,0.0,0.0,1.0,1,0.5102,0.64,0.3333,0.6996,0.3031,0.0,0.0,0.0,0.0,0.0,0.0,0.0,No Stroke
P01749,0.4026,0.0,1.0,0.0,0.0,0.0,0.0,0.0,0,0.5612,0.5467,0.3487,0.4916,0.5834,0.0,1.0,0.0,0.0,1.0,0.0,0.0,Hemorrhagic
P01750,0.6104,0.0,0.0,0.0,0.0,0.0,0.0,0.0,1,0.3776,0.4267,0.4821,0.2415,0.4783,1.0,0.0,0.0,0.0,0.0,0.0,0.0,No Stroke
P01751,0.3377,0.0,1.0,0.0,0.0,0.0,0.0,0.0,0,0.4082,0.3067,0.2359,0.2365,0.439,0.0,1.0,0.0,0.0,0.0,0.0,1.0,Ischemic
P01752,0.3896,1.0,0.0,0.0,0.0,0.0,0.0,1.0,1,0.4796,0.4933,0.2923,0.2377,0.2937,1.0,1.0,0.0,1.0,1.0,0.0,1.0,Ischemic
P01753,0.3506,1.0,0.0,0.0,0.0,0.0,1.0,0.0,1,0.3061,0.1467,0.2308,0.1993,0.2485,0.0,0.0,0.0,0.0,0.0,0.0,0.0,No Stroke
P01754,0.4935,1.0,1.0,1.0,0.0,0.0,0.0,0.0,1,0.4694,0.7333,0.4256,0.4953,0.5932,0.0,1.0,0.0,0.0,1.0,0.0,1.0,Ischemic
P01755,0.1688,1.0,0.0,0.0,0.0,0.0,0.0,1.0,0,0.2041,0.2267,0.0564,0.2421,0.2401,1.0,0.0,0.0,0.0,0.0,0.0,0.0,No Stroke
P01756,0.7273,0.0,0.0,1.0,0.0,0.0,0.0,0.0,0,0.5102,0.52,0.6308,0.4091,0.3071,0.0,0.0,0.0,1.0,0.0,1.0,1.0,Ischemic
P01757,0.6883,0.0,1.0,1.0,0.0,0.0,0.0,0.0,0,0.6327,0.4,0.641,0.5779,0.6321,0.0,0.0,0.0,0.0,0.0,0.0,0.0,No Stroke
P01758,0.6494,1.0,0.0,0.0,0.0,0.0,0.0,1.0,1,0.1224,0.5467,0.4769,0.1254,0.4604,1.0,0.0,0.0,1.0,0.0,0.0,0.0,No Stroke
P01759,0.8312,1.0,0.0,0.0,0.0,0.0,1.0,1.0,1,0.449,0.5333,0.6718,0.1167,0.43,0.0,1.0,1.0,0.0,0.0,1.0,1.0,Hemorrhagic
P01760,0.5844,0.0,1.0,1.0,0.0,0.0,0.0,0.0,0,0.4898,0.7867,0.5436,0.6816,0.6495,0.0,1.0,1.0,1.0,1.0,1.0,1.0,Ischemic
P01761,0.4,1.0,1.0,0.0,0.0,0.0,0.0,1.0,0,0.5,0.5,0.3,0.5,0.5,0.0,1.0,1.0,0.0,1.0,1.0,0.0,Hemorrhagic
P01762,0.3117,1.0,0.0,0.0,0.0,0.0,0.0,1.0,0,0.2959,0.28,0.2256,0.4302,0.3871,0.0,1.0,1.0,0.0,1.0,0.0,1.0,Ischemic
P01763,0.7922,1.0,1.0,1.0,0.0,0.0,0.0,0.0,1,0.4898,0.4533,0.7538,0.7654,0.5136,0.0,1.0,0.0,0.0,1.0,0.0,1.0,Ischemic
P01764,0.5195,0.0,1.0,0.0,0.0,1.0,0.0,0.0,1,0.8367,0.72,0.4462,0.2464,0.7595,0.0,1.0,0.0,1.0,0.0,1.0,1.0,Ischemic
P01765,0.2208,0.0,0.0,0.0,0.0,0.0,0.0,1.0,1,0.2143,0.68,0.1436,0.4264,0.4466,0.0,0.0,0.0,0.0,0.0,0.0,0.0,No Stroke
P01766,1.0,1.0,1.0,0.0,0.0,0.0,0.0,0.0,1,0.6122,0.5333,1.0,0.3606,0.485,1.0,1.0,1.0,0.0,0.0,0.0,1.0,Ischemic
P01767,0.2987,1.0,0.0,0.0,0.0,0.0,1.0,0.0,0,0.2857,0.4533,0.1897,0.2346,0.3652,0.0,1.0,0.0,0.0,1.0,1.0,1.0,Ischemic
