class_weight,criterion,max_depth,min_samples_leaf,min_samples_split,n_estimators,f1_macro_cv,precision_macro_cv,recall_macro_cv,f1_class2_cv,precision_class2_cv,recall_class2_cv,accuracy_cv,selection_score
,gini,10,1,2,200,0.6828911636403643,0.681036065878636,0.6860158031932225,0.2546362787539258,0.2532251082251082,0.2581818181818182,0.8768331374853113,0.42593823270850123
,gini,10,1,2,300,0.6802119205199928,0.6797205763048071,0.683583860882248,0.24428537776666728,0.24734709734709734,0.2481818181818182,0.8779171562867216,0.41865599486799754
,gini,10,1,2,500,0.6798004477665149,0.6807635410637095,0.6807796280780152,0.2434944409772785,0.2528846153846154,0.2381818181818182,0.8779112808460635,0.4180168436929731
,gini,10,1,5,200,0.6691757688856158,0.6673366081653741,0.6735356444630638,0.22048192450824028,0.2186111111111111,0.2281818181818182,0.8719418331374854,0.39995946225919043
,gini,10,1,5,300,0.6683837929665453,0.6673762936552718,0.6723933846917718,0.2130832557535344,0.2152579365079365,0.2181818181818182,0.8741069330199766,0.39520347063873873
,gini,10,1,5,500,0.671684000727912,0.6713530915107452,0.6743615106518331,0.21850485170144615,0.22422799422799425,0.2181818181818182,0.8768213866039953,0.3997765113120325
,gini,10,1,10,200,0.6822987763639985,0.6803640786213806,0.6864561513755063,0.2601468706731865,0.25680555555555556,0.2681818181818182,0.8724853113983547,0.4290076329495113
,gini,10,1,10,300,0.6810326171360392,0.6797109442049117,0.6845938455212648,0.2524621982764398,0.2519047619047619,0.2581818181818182,0.8746562867215042,0.42389036582027956
,gini,10,1,10,500,0.6771569540035302,0.6771944235245296,0.6811615191857128,0.23492010248168543,0.24149725274725276,0.2381818181818182,0.8768213866039953,0.4118148430904234
,gini,10,2,2,200,0.6818197583743172,0.6813449408136445,0.6854952365436235,0.2513618509188572,0.25242868242868244,0.2581818181818182,0.8762925969447709,0.42354501390104127
,gini,10,2,2,300,0.6747297382692751,0.6732269056807517,0.6788371037564584,0.2314679115249178,0.23086302586302584,0.2381818181818182,0.8752027027027026,0.4087726422226607
,gini,10,2,2,500,0.6711399820301618,0.6712583326958891,0.6746100598923179,0.2174678709289693,0.22561660561660563,0.21818181818181817,0.8768301997649823,0.3989367153694463
,gini,10,2,5,200,0.6848095962098129,0.6843658822309483,0.687033468323791,0.25925784157363096,0.2637373737373737,0.2581818181818182,0.8773707403055229,0.42947854342810377
,gini,10,2,5,300,0.6813047168106985,0.6817373728760223,0.6834686535089761,0.2497533860226012,0.25704184704184707,0.2481818181818182,0.8768301997649826,0.4223739183378401
,gini,10,2,5,500,0.6799136467472561,0.6789066135748042,0.6839079349563221,0.24853578241503937,0.2463239538239539,0.2581818181818182,0.8746650998824912,0.42108692814792603
,gini,10,2,10,200,0.6771201747482717,0.6777605953705781,0.679531548200903,0.2405417331206805,0.24972222222222223,0.23818181818181822,0.8751880141010577,0.415173109771717
,gini,10,2,10,300,0.6787921479814534,0.6770618763749165,0.6832209576564415,0.24907310783471778,0.24623556998557,0.2581818181818182,0.8730199764982374,0.420960723893412
,gini,10,2,10,500,0.678150006493806,0.6764931568250613,0.6819720243913793,0.24455790099133753,0.24529581529581534,0.2481818181818182,0.8741069330199766,0.41799474319232494
,gini,10,4,2,200,0.6842149381209984,0.682810347658133,0.6894907989262828,0.26134532134532135,0.25426226551226555,0.2781818181818182,0.8746504112808461,0.4304931680555922
,gini,10,4,2,300,0.6811614258829348,0.6801490684814923,0.6859259841114679,0.2511959906353499,0.2439718451483157,0.2681818181818182,0.8741157461809635,0.42318216473438386
,gini,10,4,2,500,0.6812821722319021,0.6792071979369545,0.6875312068457229,0.2559655746356514,0.24416554034201093,0.2781818181818182,0.8719447708578144,0.42609221367415173
,gini,10,4,5,200,0.6842149381209984,0.682810347658133,0.6894907989262828,0.26134532134532135,0.25426226551226555,0.2781818181818182,0.8746504112808461,0.4304931680555922
,gini,10,4,5,300,0.6811614258829348,0.6801490684814923,0.6859259841114679,0.2511959906353499,0.2439718451483157,0.2681818181818182,0.8741157461809635,0.42318216473438386
,gini,10,4,5,500,0.6812821722319021,0.6792071979369545,0.6875312068457229,0.2559655746356514,0.24416554034201093,0.2781818181818182,0.8719447708578144,0.42609221367415173
,gini,10,4,10,200,0.6759868148766747,0.6743638197665243,0.681046738506416,0.2489348885660637,0.2383319295084001,0.2681818181818182,0.868692714453584,0.4197556590903081
,gini,10,4,10,300,0.6727724002608841,0.6705982766739196,0.6781849020155472,0.2395043603739256,0.22837161204808262,0.2581818181818182,0.8681492361927144,0.412811576328709
,gini,10,4,10,500,0.6717947203222354,0.6703001695692888,0.6764559380285187,0.23345893872209658,0.22661435786435785,0.2481818181818182,0.8692303172737956,0.40879325136215217
,gini,15,1,2,200,0.6868656619597583,0.7025392824493821,0.6840615447873512,0.24417452946090717,0.3147330447330447,0.2081818181818182,0.8909312573443007,0.4212509824604477
,gini,15,1,2,300,0.6892041729023392,0.7035931767008357,0.6860134563763596,0.25476890756302517,0.3208441558441558,0.2181818181818182,0.8898384253819035,0.4285430136987508
,gini,15,1,2,500,0.6832253420233175,0.6958760337229772,0.6799505616844327,0.2356651432502826,0.2972222222222222,0.19818181818181818,0.8898443008225616,0.4146892227594966
,gini,15,1,5,200,0.6869864809962141,0.7024052936345695,0.6836231167279554,0.24943977591036415,0.32175324675324674,0.2081818181818182,0.889292009400705,0.42445845794470416
,gini,15,1,5,300,0.6821530144550149,0.6921940772516137,0.6808282711911746,0.24119867404697123,0.295,0.2081818181818182,0.8854964747356051,0.41758041021018866
,gini,15,1,5,500,0.6875137947037826,0.7053704510541865,0.6831430860059893,0.2506965944272446,0.3288961038961039,0.2081818181818182,0.8892890716803759,0.42542347453785984
,gini,15,1,10,200,0.6845532249556042,0.6915876262306295,0.6839885801176125,0.25092277261781903,0.28900793650793655,0.22818181818181818,0.8827937720329025,0.4243749535529331
,gini,15,1,10,300,0.6742460943136719,0.6801061488918494,0.673294135673168,0.2215710510679551,0.25630952380952376,0.19818181818181818,0.8811721504112808,0.4026410683662418
,gini,15,1,10,500,0.6743969711220669,0.6807517207554704,0.6742456632375988,0.2238304093567251,0.2640151515151515,0.19818181818181818,0.8811692126909518,0.40405703406286186
,gini,15,2,2,200,0.6843871688055041,0.6979914820129618,0.6811350641592578,0.2591601552901862,0.31785714285714284,0.2281818181818182,0.8806227967097531,0.42925096069631336
,gini,15,2,2,300,0.683026502343142,0.6963103924634083,0.6796461155332123,0.25105263157894736,0.31007936507936507,0.21818181818181817,0.8817009400705051,0.42384217988462525
,gini,15,2,2,500,0.686520290495408,0.6972237921394064,0.6838723060094027,0.25692879256965945,0.30646825396825395,0.2281818181818182,0.8838719153936545,0.42876539173995887
,gini,15,2,5,200,0.6769897867655661,0.6895357281096028,0.674467544104641,0.22928746632138744,0.2870115995115995,0.19818181818181818,0.883331374853114,0.40836839449905893
,gini,15,2,5,300,0.6902219634691118,0.7037361850828967,0.6864356700647023,0.2631103158966936,0.3238095238095238,0.22818181818181818,0.8876792009400706,0.43395497492566093
,gini,15,2,5,500,0.6866364993549123,0.7005704857121963,0.6827961838042483,0.25266204727505037,0.314047619047619,0.2181818181818182,0.8865834312573444,0.42625182810699513
,gini,15,2,10,200,0.6958800095638075,0.7030268657486772,0.6946508091669383,0.2899599488918374,0.3262301587301587,0.2681818181818182,0.8822444183313749,0.45232797316062545
,gini,15,2,10,300,0.6875885532520918,0.6939237431967584,0.6863213160793806,0.2611632341723874,0.2959401709401709,0.2381818181818182,0.8827878965922444,0.4317333618042692
,gini,15,2,10,500,0.6916121522003874,0.697903181742034,0.6904237653027976,0.27137426900584793,0.3065079365079365,0.2481818181818182,0.8838719153936545,0.43946942228366376
,gini,15,4,2,200,0.6914255501488678,0.6914219391341014,0.6968105207218109,0.27871861471861475,0.28287878787878784,0.2881818181818182,0.8790070505287897,0.44380138889071596
,gini,15,4,2,300,0.6975424184656105,0.6997800543233433,0.699010128163354,0.29392272347535503,0.30803030303030304,0.28818181818181815,0.8817185663924795,0.45537060147145725
,gini,15,4,2,500,0.6960004872558454,0.6985617643884058,0.6981748747071327,0.29124431399354,0.30620490620490626,0.28818181818181815,0.8806316098707402,0.4531467832984622
,gini,15,4,5,200,0.6914255501488678,0.6914219391341014,0.6968105207218109,0.27871861471861475,0.28287878787878784,0.2881818181818182,0.8790070505287897,0.44380138889071596
,gini,15,4,5,300,0.6975424184656105,0.6997800543233433,0.699010128163354,0.29392272347535503,0.30803030303030304,0.28818181818181815,0.8817185663924795,0.45537060147145725
,gini,15,4,5,500,0.6960004872558454,0.6985617643884058,0.6981748747071327,0.29124431399354,0.30620490620490626,0.28818181818181815,0.8806316098707402,0.4531467832984622
,gini,15,4,10,200,0.6950185465136955,0.6993210647054745,0.6951882302285528,0.28822453191803044,0.30915584415584413,0.2781818181818182,0.8811662749706228,0.4509421377562965
,gini,15,4,10,300,0.6945780636144102,0.6955691772577921,0.6965214355536936,0.2901021984551396,0.2984126984126984,0.28818181818181815,0.8784665099882492,0.45189254451884786
,gini,15,4,10,500,0.6893770698801367,0.6917455960030984,0.6907561599093858,0.27313395342187907,0.28715728715728717,0.2681818181818182,0.8790070505287897,0.43963120000518213
,gini,20,1,2,200,0.6725740678158494,0.6815894513923949,0.6723739701159055,0.2069691497013478,0.25817460317460317,0.1781818181818182,0.8871239717978849,0.39321111694714844
,gini,20,1,2,300,0.6722855075534178,0.6829310447362774,0.6721501691259756,0.19843752652576183,0.25642857142857145,0.16818181818181818,0.8909195064629847,0.38797671893682417
,gini,20,1,2,500,0.6819751466808174,0.6994072179692078,0.6782130638179026,0.22977591036414569,0.308538961038961,0.18818181818181817,0.8909165687426558,0.4106556048908144
,gini,20,1,5,200,0.6708103068292754,0.6867329824391761,0.6689339632888022,0.20732047364400302,0.28309523809523807,0.16818181818181818,0.885499412455934,0.392716406918112
,gini,20,1,5,300,0.6828561589216136,0.6988653680199108,0.6797692167450232,0.23781533825651474,0.3111904761904762,0.19818181818181818,0.8882197414806111,0.4158316665225542
,gini,20,1,5,500,0.6814421540489566,0.7034640621605692,0.6772540691089078,0.2327803242509125,0.3257142857142857,0.18818181818181817,0.8887485311398355,0.4122450561701302
,gini,20,1,10,200,0.6863424730432794,0.6976316298874592,0.6838725193563903,0.25229946524064173,0.30821428571428566,0.21818181818181817,0.8855023501762632,0.42591666836169684
,gini,20,1,10,300,0.686822373083435,0.6992131354351097,0.6834010225139259,0.2551097105508871,0.3147294372294372,0.21818181818181817,0.8855082256169213,0.4277947755639062
,gini,20,1,10,500,0.6837346056926977,0.6981780405344682,0.6811344241182951,0.24540735752036064,0.31309523809523804,0.2081818181818182,0.8860428907168038,0.4207382567892955
,gini,20,2,2,200,0.6791268212959309,0.6896166502169174,0.6764855932597869,0.2389969115029688,0.2903052503052503,0.2081818181818182,0.8827937720329025,0.4150488754201537
,gini,20,2,2,300,0.6815252086394772,0.6896151753068385,0.6797783906654875,0.24546061979330253,0.2887576312576312,0.21818181818181817,0.8827908343125734,0.4198864553317724
,gini,20,2,2,500,0.6988617950676697,0.7124415396314452,0.6938714526214527,0.2859697357203751,0.3464560439560439,0.24818181818181823,0.8892949471210342,0.4511265594592929
,gini,20,2,5,200,0.6807321118531405,0.6913764401120495,0.6790585579295256,0.2388506917918683,0.2928571428571428,0.2081818181818182,0.884418331374853,0.41560325981637714
,gini,20,2,5,300,0.6781009216766074,0.686246540180756,0.676668004934134,0.2348273535889635,0.278531746031746,0.2081818181818182,0.8822473560517039,0.41213678082402105
,gini,20,2,5,500,0.6894349358096328,0.7013234959536093,0.6865519441729119,0.26130138179673784,0.31797619047619047,0.22818181818181818,0.8865863689776733,0.43255480340189584
,gini,20,2,10,200,0.6852205530021791,0.6973965297998336,0.6824418144579436,0.25680618212197165,0.31,0.22818181818181818,0.8817009400705054,0.42817193047405466
,gini,20,2,10,300,0.6939656120250196,0.7026544250552,0.6928557076137721,0.28243776106934,0.3255555555555556,0.2581818181818182,0.8827849588719154,0.44704890145161186
,gini,20,2,10,500,0.6871177337667415,0.6955674901460107,0.6854860626231594,0.26398452012383905,0.3066666666666667,0.2381818181818182,0.8817068155111633,0.433237805581
,gini,20,4,2,200,0.6869686400087653,0.6895560187056269,0.6884639598752502,0.26591478696741855,0.28306998556998564,0.2581818181818182,0.8795446533490011,0.4343363281839573
,gini,20,4,2,300,0.7009190620431069,0.7066588951058266,0.7003659482691741,0.3011128310973512,0.3268109668109668,0.2881818181818182,0.88334312573443,0.46103532347565357
,gini,20,4,2,500,0.6977710865469956,0.7031953949140745,0.6975126456578069,0.2927984176126591,0.3202380952380952,0.2781818181818182,0.8827967097532314,0.4547874851863937
,gini,20,4,5,200,0.6869686400087653,0.6895560187056269,0.6884639598752502,0.26591478696741855,0.28306998556998564,0.2581818181818182,0.8795446533490011,0.4343363281839573
,gini,20,4,5,300,0.7009190620431069,0.7066588951058266,0.7003659482691741,0.3011128310973512,0.3268109668109668,0.2881818181818182,0.88334312573443,0.46103532347565357
,gini,20,4,5,500,0.6977710865469956,0.7031953949140745,0.6975126456578069,0.2927984176126591,0.3202380952380952,0.2781818181818182,0.8827967097532314,0.4547874851863937
,gini,20,4,10,200,0.695917639622101,0.7000830076544482,0.6951882302285529,0.29174357462283157,0.31339105339105344,0.2781818181818182,0.8811662749706228,0.4534132006225393
,gini,20,4,10,300,0.6885788773431544,0.6917804588862551,0.6901353201756427,0.27360659223817113,0.29055555555555557,0.2681818181818182,0.8779171562867216,0.4395955062801644
,gini,20,4,10,500,0.696116922670244,0.7011887371290376,0.6959744138776396,0.29089407341884116,0.3159307359307359,0.27818181818181814,0.8817185663924795,0.4529832131194023
,entropy,10,1,2,200,0.6846254997942968,0.6865667118225541,0.6857427190491707,0.259724638393369,0.26874883286647994,0.2581818181818182,0.878457696827262,0.42968498295374014
,entropy,10,1,2,300,0.6814580479131264,0.682651049143845,0.6828638147992986,0.24874326338722624,0.2554804345980816,0.2481818181818182,0.8779054054054054,0.4218291771975863
,entropy,10,1,2,500,0.6840553726545603,0.6867682044639928,0.6850634222408416,0.25187375490007063,0.2651118326118326,0.2481818181818182,0.8806227967097531,0.42474640200186653
,entropy,10,1,5,200,0.6719323221893891,0.672843720365689,0.6746013126658288,0.22621386800334173,0.23356060606060605,0.22818181818181818,0.8751997649823737,0.4045012496777607
,entropy,10,1,5,300,0.6727470526761318,0.6733709916497831,0.6745437089791928,0.22929835901972123,0.2361525974025974,0.22818181818181818,0.8746592244418331,0.4066778364822855
,entropy,10,1,5,500,0.6742803307785648,0.6761516430319957,0.6756765814830331,0.23053884711779443,0.24110665478312537,0.22818181818181818,0.8762867215041128,0.4080354405821026
,entropy,10,1,10,200,0.6766622313005002,0.6798292795319048,0.6767347825412342,0.23611732952290226,0.25202380952380954,0.2281818181818182,0.8773648648648648,0.41233529023394144
,entropy,10,1,10,300,0.6803517016372843,0.6837392309768474,0.6803081312355507,0.24664364531237593,0.2631349206349206,0.2381818181818182,0.8779054054054054,0.4201268678423393
,entropy,10,1,10,500,0.6758747847281746,0.6786736346641932,0.6774046920821114,0.23057852965747702,0.24409727527374586,0.2281818181818182,0.8789923619271445,0.4086970316857561
,entropy,10,2,2,200,0.6961737348959643,0.7013636854342222,0.6952535144067402,0.28216387671496024,0.3068037518037518,0.2681818181818182,0.8855229142185663,0.4477678199873619
,entropy,10,2,2,300,0.6946296785236651,0.6992415350200998,0.6931605804589676,0.2806441829210708,0.30082944832944836,0.2681818181818182,0.8838836662749706,0.4462383811621085
,entropy,10,2,2,500,0.6910799405824487,0.6943135376500047,0.692333860882248,0.27199695316723177,0.28741702741702746,0.2681818181818182,0.8827996474735607,0.4396301481333186
,entropy,10,2,5,200,0.6674104877860975,0.6695021469699345,0.6695974724200531,0.21807926851270504,0.22899531024531025,0.21818181818181817,0.872485311398355,0.397811756222062
,entropy,10,2,5,300,0.6789981733211186,0.6819430313816245,0.6812765132119971,0.24743842672635244,0.26056192173839227,0.2481818181818182,0.8762925969447709,0.42006232536425886
,entropy,10,2,5,500,0.6763094992419348,0.6805599192232779,0.6765118349392543,0.23457811194653297,0.2525460487225193,0.22818181818181818,0.877370740305523,0.4112706668646937
,entropy,10,2,10,200,0.6788610194256625,0.6791440201235208,0.6811924544989061,0.2382460317460317,0.24411616161616165,0.2381818181818182,0.8795358401880142,0.414492026817884
,entropy,10,2,10,300,0.677466893486346,0.6761311439809979,0.6815079946934786,0.2390310881144102,0.23625444000444001,0.2481818181818182,0.8762837837837838,0.41440541026318456
,entropy,10,2,10,500,0.6866601853991746,0.6862530616544402,0.6897203602848765,0.2605882593498693,0.25926587301587295,0.2681818181818182,0.8806286721504112,0.43101702976959144
,entropy,10,4,2,200,0.6736586633276993,0.6761477755159824,0.6753126115222889,0.23379149454664333,0.24033993783993784,0.2381818181818182,0.873575205640423,0.4097383620590657
,entropy,10,4,2,300,0.6844352155624834,0.6852830072824165,0.6869700266877686,0.26545152698066954,0.2623132423132423,0.2772727272727273,0.8741128084606344,0.4330450024133951
,entropy,10,4,2,500,0.683928028562281,0.6862799103354184,0.6846503824729632,0.25794106478317,0.265515873015873,0.2581818181818182,0.8773648648648649,0.42833585029481447
,entropy,10,4,5,200,0.6736586633276993,0.6761477755159824,0.6753126115222889,0.23379149454664333,0.24033993783993784,0.2381818181818182,0.873575205640423,0.4097383620590657
,entropy,10,4,5,300,0.6844352155624834,0.6852830072824165,0.6869700266877686,0.26545152698066954,0.2623132423132423,0.2772727272727273,0.8741128084606344,0.4330450024133951
,entropy,10,4,5,500,0.683928028562281,0.6862799103354184,0.6846503824729632,0.25794106478317,0.265515873015873,0.2581818181818182,0.8773648648648649,0.42833585029481447
,entropy,10,4,10,200,0.6937999407816102,0.6941971618035849,0.6956755147480954,0.28180601235709596,0.2812987012987013,0.28818181818181815,0.8817097532314924,0.4466035837269017
,entropy,10,4,10,300,0.6876467908234354,0.6896682238610249,0.6895878718056138,0.27108035239614187,0.2748043459808166,0.27818181818181814,0.8778995299647473,0.43770692776705933
,entropy,10,4,10,500,0.6872088050919876,0.6881891203473268,0.6891165883101367,0.2654172463243671,0.2702958152958153,0.2681818181818182,0.8795329024676851,0.43413386983141533
,entropy,15,1,2,200,0.6939167454235293,0.7103635558731349,0.6895865917236886,0.27290849673202616,0.34119047619047616,0.2381818181818182,0.8887514688601644,0.4413117962086275
,entropy,15,1,2,300,0.6936631569322163,0.7102924127988142,0.6887014150723827,0.2675248650184711,0.3389102564102564,0.22818181818181818,0.8909283196239718,0.4379801817839692
,entropy,15,1,2,500,0.6859856784295729,0.7055770414426562,0.681141891262859,0.24770914925848295,0.32815628815628817,0.2081818181818182,0.888213866039953,0.42301976092691895
,entropy,15,1,5,200,0.6720012928503797,0.6798204959516667,0.6710766070846715,0.21634555271383915,0.26157509157509157,0.18818181818181817,0.8822414806110459,0.3986078487684554
,entropy,15,1,5,300,0.6710022066724739,0.6809518167243486,0.6699428811928813,0.20847440425445543,0.26181318681318677,0.17818181818181816,0.8844124559341952,0.39348552522166286
,entropy,15,1,5,500,0.6856268737868565,0.6987968568106067,0.682449494949495,0.2522463340790168,0.31292429792429793,0.2181818181818182,0.8854935370152761,0.4255985499621527
,entropy,15,1,10,200,0.6859802727209319,0.6999379557322489,0.6816142414932738,0.25380718954248366,0.31476190476190474,0.21818181818181817,0.884418331374853,0.426676422813863
,entropy,15,1,10,300,0.6837327688249769,0.6976344176910712,0.679952268460333,0.25250326797385625,0.31357142857142856,0.21818181818181817,0.8822473560517039,0.42499506831430456
,entropy,15,1,10,500,0.6872711041771953,0.701437101923096,0.6832856017936663,0.26348832866479927,0.3259523809523809,0.2281818181818182,0.8827849588719154,0.4330014388697577
,entropy,15,2,2,200,0.6861819799607558,0.6972690286993642,0.6830445196977455,0.25657160804825363,0.3060592185592186,0.22818181818181818,0.8849706227967097,0.4284157568132545
,entropy,15,2,2,300,0.6874203222709092,0.6964292780044954,0.6856087371409952,0.26025873507297653,0.30138888888888893,0.23818181818181813,0.8849764982373678,0.4311233699521496
,entropy,15,2,2,500,0.6837355312289861,0.6950715298564869,0.6813240895902186,0.24593468966533982,0.2976190476190476,0.2181818181818182,0.8860546415981199,0.42105502629079833
,entropy,15,2,5,200,0.6934207233613195,0.707126207712499,0.6878832293751649,0.26782212885154066,0.329491341991342,0.2281818181818182,0.8898472385428906,0.43806156665545226
,entropy,15,2,5,300,0.69558432620418,0.707690203901694,0.6912741663951342,0.2721137067267098,0.32726190476190475,0.2381818181818182,0.8909341950646299,0.4415019545176979
,entropy,15,2,5,500,0.6902533400151075,0.7014465765220884,0.6865103415103415,0.2607961972667855,0.31357142857142856,0.2281818181818182,0.888216803760282,0.4325790543661143
,entropy,15,2,10,200,0.6771831863062249,0.6841222963346751,0.6766773922015858,0.23856711915535445,0.27541666666666664,0.2181818181818182,0.878445945945946,0.4140135460157026
,entropy,15,2,10,300,0.6840453637679444,0.692725548147063,0.6822594027835962,0.25290264877880975,0.295515873015873,0.2281818181818182,0.8822444183313749,0.42535973477446365
,entropy,15,2,10,500,0.6886573514008132,0.6988974520058993,0.6864365234526525,0.26403267973856204,0.3113095238095238,0.23818181818181822,0.8838748531139837,0.4338825484034625
,entropy,15,4,2,200,0.6970004122870603,0.702049165995009,0.6947658031932226,0.2944461644306845,0.31761904761904763,0.2781818181818182,0.8817185663924795,0.4554678635732348
,entropy,15,4,2,300,0.6934388600882057,0.700039735117565,0.690894835451287,0.28751805985552115,0.31682539682539684,0.2681818181818182,0.8806227967097533,0.4498863799485949
,entropy,15,4,2,500,0.6983731455749702,0.7049306303475472,0.696676325466648,0.2951772814388913,0.32465728715728714,0.2781818181818182,0.8838836662749706,0.4564556270933229
,entropy,15,4,5,200,0.6970004122870603,0.702049165995009,0.6947658031932226,0.2944461644306845,0.31761904761904763,0.2781818181818182,0.8817185663924795,0.4554678635732348
,entropy,15,4,5,300,0.6934388600882057,0.700039735117565,0.690894835451287,0.28751805985552115,0.31682539682539684,0.2681818181818182,0.8806227967097533,0.4498863799485949
,entropy,15,4,5,500,0.6983731455749702,0.7049306303475472,0.696676325466648,0.2951772814388913,0.32465728715728714,0.2781818181818182,0.8838836662749706,0.4564556270933229
,entropy,15,4,10,200,0.6845937600287322,0.6895454065287301,0.6833958246055021,0.26384332042226777,0.2798701298701298,0.25727272727272726,0.8773619271445359,0.4321434962648535
,entropy,15,4,10,300,0.693992552123962,0.7005493818498069,0.6916169374233889,0.2816900584795321,0.30702380952380953,0.2672727272727272,0.883334312573443,0.4466110559373041
,entropy,15,4,10,500,0.6850713937149158,0.6917151065438858,0.6837643524337074,0.2539020825721593,0.2839102564102564,0.2381818181818182,0.883334312573443,0.42636980702926186
,entropy,20,1,2,200,0.6776646724389928,0.6961204180679053,0.6737146425856103,0.22580905588780134,0.3039896214896215,0.1881818181818182,0.8865893066980025,0.40655130250827787
,entropy,20,1,2,300,0.6750428947417134,0.6935551681947895,0.6710256171546494,0.21643705967235377,0.29547619047619045,0.1781818181818182,0.8876821386603997,0.3998793937000976
,entropy,20,1,2,500,0.6783270925484761,0.6963462185584842,0.6747728436438114,0.22554540656842445,0.3030769230769231,0.1881818181818182,0.8876792009400706,0.40665808096044515
,entropy,20,1,5,200,0.6836045839950187,0.6955364624629289,0.6803642414932738,0.2407886457405235,0.29633699633699634,0.2081818181818182,0.8876703877790835,0.4179150210423216
,entropy,20,1,5,300,0.6685555211944466,0.6799373586274411,0.6667332891123214,0.19917235009946008,0.25526556776556775,0.16818181818181815,0.8849559341950647,0.38692561853745466
,entropy,20,1,5,500,0.6786569183348206,0.6878678569306867,0.6769647705938029,0.22807155890578965,0.27705128205128204,0.19818181818181818,0.8865863689776734,0.40830570267740196
,entropy,20,1,10,200,0.6819338952172113,0.6923242041474033,0.6808536594826917,0.2449346896653398,0.2961904761904762,0.2181818181818182,0.8838807285546416,0.4197343718860884
,entropy,20,1,10,300,0.6991554783632893,0.7104502765439606,0.6960804473304473,0.28798176814585486,0.33936507936507937,0.2581818181818182,0.8882226792009401,0.45245125223282867
,entropy,20,1,10,500,0.6807218233411201,0.6906450597585557,0.6800004848795171,0.23440247678018578,0.2845238095238095,0.2081818181818182,0.8865834312573444,0.41293021540455954
,entropy,20,2,2,200,0.681575920535315,0.694251030563152,0.6775779298359944,0.24310011883541288,0.3013095238095238,0.2081818181818182,0.8838836662749706,0.41849043951537374
,entropy,20,2,2,300,0.6879530198695891,0.697850261390462,0.684302200189297,0.25990438440128844,0.3079365079365079,0.22818181818181818,0.8855111633372502,0.4311238385886087
,entropy,20,2,2,500,0.6857768035324858,0.6995907683835071,0.6809688668559637,0.2540977108546768,0.31460317460317455,0.2181818181818182,0.8849764982373678,0.42676934792580046
,entropy,20,2,5,200,0.6861771563240113,0.6998690730963741,0.6816302425173394,0.2537311736288718,0.31443223443223445,0.2181818181818182,0.8865922444183314,0.4267095667069276
,entropy,20,2,5,300,0.6865854612530957,0.7007482856248498,0.6832269313720926,0.2584286697134994,0.3185714285714286,0.22818181818181818,0.884421269095182,0.4296913863293379
,entropy,20,2,5,500,0.6802452840809909,0.689767624659934,0.678818329221555,0.24124649859943975,0.28654761904761905,0.2181818181818182,0.8827878965922444,0.41684601279206024
,entropy,20,2,10,200,0.6835139152693007,0.6901850700260566,0.6824503483374451,0.25094419766381,0.28771978021978023,0.22818181818181818,0.8817038777908344,0.42397208470600634
,entropy,20,2,10,300,0.6918074124206075,0.7000013673936165,0.6891660848112461,0.2751915439221941,0.31619047619047624,0.24818181818181814,0.883334312573443,0.4418378913215595
,entropy,20,2,10,500,0.6792303303364007,0.6846898483897961,0.6794807716178685,0.23799958122074152,0.27220390720390725,0.2181818181818182,0.8822473560517038,0.41449188086700517
,entropy,20,4,2,200,0.6969554067946518,0.7067474251813998,0.6925162725565952,0.2950280112044818,0.336038961038961,0.2681818181818182,0.8822620446533491,0.4557989694405499
,entropy,20,4,2,300,0.6932228818056163,0.6989175824434323,0.6911348508122701,0.28509391124871,0.31126984126984125,0.2681818181818182,0.8806227967097533,0.4483454994714725
,entropy,20,4,2,500,0.6930182543924602,0.7021460383606128,0.6900181926794831,0.2807516339869281,0.31976190476190475,0.2581818181818182,0.8827967097532315,0.44565828214914094
,entropy,20,4,5,200,0.6969554067946518,0.7067474251813998,0.6925162725565952,0.2950280112044818,0.336038961038961,0.2681818181818182,0.8822620446533491,0.4557989694405499
,entropy,20,4,5,300,0.6932228818056163,0.6989175824434323,0.6911348508122701,0.28509391124871,0.31126984126984125,0.2681818181818182,0.8806227967097533,0.4483454994714725
,entropy,20,4,5,500,0.6930182543924602,0.7021460383606128,0.6900181926794831,0.2807516339869281,0.31976190476190475,0.2581818181818182,0.8827967097532315,0.44565828214914094
,entropy,20,4,10,200,0.6842723951314158,0.6933771037470224,0.6818461496687303,0.263504690871564,0.29579365079365083,0.2481818181818182,0.877367802585194,0.43181177257550474
,entropy,20,4,10,300,0.6908954129237788,0.7006258541728025,0.6881567402131918,0.277140522875817,0.3147077922077922,0.2581818181818182,0.8811662749706228,0.4426424788950017
,entropy,20,4,10,500,0.6940469295389159,0.7011466056430528,0.6922847910751138,0.28412089046144773,0.3142135642135643,0.2681818181818182,0.8822532314923619,0.44809130609243497
balanced,gini,10,1,2,200,0.6833201153892008,0.6823011310875728,0.6881842619745846,0.25779502597580406,0.2566307303807304,0.2681818181818182,0.8751968272620447,0.4280050617411628
balanced,gini,10,1,2,300,0.6872599322562654,0.6871655012993114,0.6899614423807974,0.26509649964758325,0.26843253968253966,0.2681818181818182,0.8784606345475912,0.4339618726910561
balanced,gini,10,1,2,500,0.6867597381147112,0.6852865735336768,0.6905076106689011,0.26099953207827753,0.25930708180708184,0.2681818181818182,0.8789982373678026,0.43130361449285104
balanced,gini,10,1,5,200,0.6815967993748848,0.6829921664635825,0.6829130979534206,0.2448197208708045,0.2575865800865801,0.2381818181818182,0.8800705052878965,0.41953055227243663
balanced,gini,10,1,5,300,0.6761792531862018,0.6755927318842829,0.6791347228040776,0.23550769079561648,0.23829365079365078,0.23818181818181813,0.8757461809635723,0.4117763157518506
balanced,gini,10,1,5,500,0.6759461483243656,0.6753805278240337,0.6790771191174418,0.2349013726286576,0.2378002553002553,0.23818181818181822,0.8751997649823735,0.4113192829069408
balanced,gini,10,1,10,200,0.6744905074766688,0.6744412401658881,0.678473347142702,0.23158893102829028,0.23396367521367525,0.2381818181818182,0.8741128084606344,0.4087495616076417
balanced,gini,10,1,10,300,0.6813284307150643,0.6802636262757904,0.6862728863132088,0.24830859457020446,0.2475821237585943,0.2581818181818182,0.8768213866039953,0.4215165290281484
balanced,gini,10,1,10,500,0.6816996655919607,0.6795959422209819,0.6859667333860883,0.24902097902097897,0.2441919191919192,0.2581818181818182,0.8762779083431258,0.42209245364937165
balanced,gini,10,2,2,200,0.6948982931846468,0.6933362094428592,0.6996584120777668,0.284380384037673,0.27973942723942724,0.29727272727272724,0.8800822561692128,0.4485875476964626
balanced,gini,10,2,2,300,0.6887151891704052,0.6870712828846084,0.694356952784372,0.27250481884517425,0.26828102453102454,0.28727272727272724,0.8768301997649826,0.4389889669752666
balanced,gini,10,2,2,500,0.686882617838694,0.6852277841922567,0.6915581312355507,0.2671794253218402,0.2636778499278499,0.2781818181818182,0.8762808460634549,0.43506070232858174
balanced,gini,10,2,5,200,0.6862838188599214,0.6857706476422445,0.6893406026470543,0.2645408798288055,0.26675324675324674,0.2681818181818182,0.8773619271445359,0.4332380554412518
balanced,gini,10,2,5,300,0.6806062959015113,0.6787533090738169,0.684891464568884,0.2507568542568543,0.24888888888888888,0.2581818181818182,0.8751909518213867,0.4226966309147171
balanced,gini,10,2,5,500,0.6827304834677324,0.682544395872253,0.6868766582879486,0.2519150612029869,0.25575577200577204,0.2581818181818182,0.8779083431257344,0.4242412301088851
balanced,gini,10,2,10,200,0.6746311015055833,0.6723427583875091,0.679109974553523,0.23612165612165614,0.22859848484848486,0.2481818181818182,0.8719330199764983,0.411525434275227
balanced,gini,10,2,10,300,0.6770829431392925,0.6760612022341587,0.6809052894536765,0.24326299431562587,0.24430555555555555,0.2481818181818182,0.8730170387779083,0.41679097384509256
balanced,gini,10,2,10,500,0.6844171081883411,0.6817047913209047,0.6902023111297304,0.26123733246158876,0.251766550443021,0.27818181818181814,0.8746533490011752,0.43050924275228974
balanced,gini,10,4,2,200,0.6837589175388413,0.6813673149062766,0.6901530279756086,0.2666598333390634,0.2554881066645773,0.2881818181818182,0.8724941245593418,0.43349946701897457
balanced,gini,10,4,2,300,0.6833618112985849,0.680406062892491,0.6903930433365917,0.2636273515449717,0.24953031445678509,0.28818181818181815,0.8724941245593418,0.431521135446417
balanced,gini,10,4,2,500,0.6858214331095301,0.6833825725460112,0.6925926507781346,0.2650451906717891,0.25341739959387016,0.28818181818181815,0.8751997649823737,0.4333556876468855
balanced,gini,10,4,5,200,0.6837589175388413,0.6813673149062766,0.6901530279756086,0.2666598333390634,0.2554881066645773,0.2881818181818182,0.8724941245593418,0.43349946701897457
balanced,gini,10,4,5,300,0.6833618112985849,0.680406062892491,0.6903930433365917,0.2636273515449717,0.24953031445678509,0.28818181818181815,0.8724941245593418,0.431521135446417
balanced,gini,10,4,5,500,0.6858214331095301,0.6833825725460112,0.6925926507781346,0.2650451906717891,0.25341739959387016,0.28818181818181815,0.8751997649823737,0.4333556876468855
balanced,gini,10,4,10,200,0.6873857779067452,0.6836049299639781,0.694825967043709,0.27988404806482614,0.2606909756909757,0.30818181818181817,0.8708548766157461,0.4428847400015937
balanced,gini,10,4,10,300,0.6882109900828689,0.6852669137335431,0.6944784248010054,0.27558327637275004,0.26126984126984126,0.29818181818181816,0.8735663924794359,0.4406343618567976
balanced,gini,10,4,10,500,0.684260876961398,0.681870544572201,0.6903759755775886,0.2665873015873016,0.2544516594516595,0.28818181818181815,0.8724882491186838,0.4336567317369402
balanced,gini,15,1,2,200,0.6868746932842236,0.7064716001703578,0.6820187473816507,0.25240217299040824,0.3364285714285714,0.2081818181818182,0.8876645123384254,0.4261911811079344
balanced,gini,15,1,2,300,0.6876033648505014,0.7019047991594228,0.6838138489348167,0.2564482284141727,0.32246753246753246,0.2181818181818182,0.8871269095182139,0.42891028298870415
balanced,gini,15,1,2,500,0.6840350917646478,0.7038378754179887,0.6798844241182952,0.23927269153275343,0.32341991341991344,0.19818181818181818,0.889294947121034,0.41717765162551124
balanced,gini,15,1,5,200,0.6923247076459329,0.7030466933728606,0.6898767436267437,0.26939563704269587,0.3214285714285714,0.23818181818181822,0.8871239717978849,0.4385672652839907
balanced,gini,15,1,5,300,0.6852097258954813,0.696869891120858,0.6834586262005617,0.24980413377472202,0.3069047619047619,0.2181818181818182,0.8860428907168038,0.4239663706230257
balanced,gini,15,1,5,500,0.6821536614142305,0.6958193904975831,0.6790577045415755,0.23509825142178084,0.29976190476190473,0.19818181818181818,0.888213866039953,0.4139204154187607
balanced,gini,15,1,10,200,0.6796744353417407,0.6884251231355575,0.6793647108566463,0.23394085704457224,0.28068181818181814,0.2081818181818182,0.8849559341950645,0.4122342883634396
balanced,gini,15,1,10,300,0.6860575469508879,0.6977540154300209,0.6829785954785955,0.25094771241830066,0.3058333333333333,0.2181818181818182,0.8860340775558168,0.42499164623133556
balanced,gini,15,1,10,500,0.6827188564582658,0.6948365805882244,0.6798276738196093,0.24317561807331628,0.30157509157509155,0.2081818181818182,0.8849500587544066,0.41899291342729605
balanced,gini,15,2,2,200,0.6949975715654266,0.7019637785016134,0.6935254038076619,0.2847309941520468,0.31555555555555553,0.2681818181818182,0.8827996474735607,0.4488376251173987
balanced,gini,15,2,2,300,0.6985674562312588,0.7064969569708952,0.6972227071017393,0.29112430479438145,0.3310531135531135,0.2681818181818182,0.8860517038777909,0.4541015653691324
balanced,gini,15,2,2,500,0.690991664877152,0.7035486207600592,0.6872047859547858,0.26151358789129686,0.31797619047619047,0.22818181818181818,0.888210928319624,0.43330481868563897
balanced,gini,15,2,5,200,0.6868314307119932,0.698125540703918,0.6854361394280749,0.25637087113093304,0.3102380952380952,0.22818181818181818,0.8849588719153936,0.4285550949633571
balanced,gini,15,2,5,300,0.688244096768112,0.701860719437089,0.685973773836677,0.2603399277918056,0.32252747252747255,0.22818181818181818,0.8855052878965923,0.4315015953823282
balanced,gini,15,2,5,500,0.6915185325826276,0.7066422228106191,0.6876762827972506,0.2657504947752626,0.3333333333333333,0.22818181818181818,0.888210928319624,0.43605770989820863
balanced,gini,15,2,10,200,0.6868900656579795,0.6900889392812117,0.6887039752362332,0.26681961313540264,0.28787698412698415,0.2581818181818182,0.8795299647473559,0.43484779414443336
balanced,gini,15,2,10,300,0.6881814132838466,0.6954214780181804,0.6872064927306865,0.26939215686274515,0.30654761904761907,0.24818181818181823,0.8806257344300823,0.4369078594311857
balanced,gini,15,2,10,500,0.6913985540732467,0.7010619039622918,0.6895383753045043,0.27275664651825643,0.3182936507936508,0.24818181818181814,0.8844300822561693,0.44021340954025256
balanced,gini,15,4,2,200,0.6936339673962124,0.695444214522521,0.6946676635789539,0.2842802192647394,0.29651875901875896,0.27818181818181814,0.8806316098707404,0.44802171851732864
balanced,gini,15,4,2,300,0.6893249400526928,0.6907537426517318,0.691565811727102,0.2706932102984735,0.2818831168831169,0.2681818181818182,0.8800881316098706,0.43814590220016125
balanced,gini,15,4,2,500,0.6948929296969669,0.6990881051501656,0.6948321541063476,0.2807319022193164,0.3033294483294483,0.2681818181818182,0.8838807285546416,0.4463963132103766
balanced,gini,15,4,5,200,0.6936339673962124,0.695444214522521,0.6946676635789539,0.2842802192647394,0.29651875901875896,0.27818181818181814,0.8806316098707404,0.44802171851732864
balanced,gini,15,4,5,300,0.6893249400526928,0.6907537426517318,0.691565811727102,0.2706932102984735,0.2818831168831169,0.2681818181818182,0.8800881316098706,0.43814590220016125
balanced,gini,15,4,5,500,0.6948929296969669,0.6990881051501656,0.6948321541063476,0.2807319022193164,0.3033294483294483,0.2681818181818182,0.8838807285546416,0.4463963132103766
balanced,gini,15,4,10,200,0.6992521686003522,0.7037073855479414,0.6992992133314714,0.3009104132881223,0.324978354978355,0.28818181818181815,0.8822473560517039,0.4602471154130142
balanced,gini,15,4,10,300,0.6983500213323752,0.702470612110858,0.6987701128023709,0.2986670598063787,0.32003607503607506,0.28818181818181815,0.8817097532314924,0.4585402444167773
balanced,gini,15,4,10,500,0.7025326398303432,0.7069129552132382,0.7029386995919256,0.3066922112974745,0.32711940836940834,0.29818181818181816,0.8833401880141011,0.46502838271062197
balanced,gini,20,1,2,200,0.6855496979404854,0.7023901967300772,0.6825649156697543,0.24592122356188853,0.32105311355311356,0.2081818181818182,0.888213866039953,0.42177261331332727
balanced,gini,20,1,2,300,0.6953845242615607,0.7158645851686772,0.6895782711911744,0.2746466768525592,0.3613095238095238,0.2281818181818182,0.8903819036427733,0.44294181581615977
balanced,gini,20,1,2,500,0.6870858560113206,0.7058529793845628,0.6826139854768888,0.25154061624649865,0.33365800865800865,0.2081818181818182,0.8887485311398354,0.42575871215242744
balanced,gini,20,1,5,200,0.6905607493384982,0.7103364198462866,0.6855430262688327,0.26337068160597576,0.34818181818181815,0.2181818181818182,0.8876674500587545,0.43424670869898474
balanced,gini,20,1,5,300,0.7011819451049717,0.7222540508247159,0.6938716659684402,0.2897712418300654,0.3783333333333333,0.23818181818181822,0.8909312573443009,0.4543355231400279
balanced,gini,20,1,5,500,0.6838672271991594,0.6993162647897782,0.6803068511536254,0.23883986928104575,0.31056277056277054,0.19818181818181818,0.8887573443008225,0.41685081244829125
balanced,gini,20,1,10,200,0.6919499216044549,0.7040799315723761,0.6901338267467299,0.2682502077871575,0.3249023199023199,0.2381818181818182,0.8871269095182139,0.4377300933140764
balanced,gini,20,1,10,300,0.690859825835744,0.7028898118987242,0.6887686193734581,0.25933027756557164,0.3163095238095238,0.2281818181818182,0.8893008225616921,0.4319420968736406
balanced,gini,20,1,10,500,0.6853994305234665,0.7029486035474645,0.6817296622135331,0.24968275188863426,0.3279761904761905,0.20818181818181816,0.8871210340775558,0.42396942334256715
balanced,gini,20,2,2,200,0.6960363182508497,0.7050173436533415,0.6933346716008006,0.2845528035775714,0.3269047619047619,0.2581818181818182,0.8849676850763807,0.4491462094468827
balanced,gini,20,2,2,300,0.6958964026724095,0.7064250910525838,0.6921433420223743,0.2810025956155987,0.33107142857142857,0.2481818181818182,0.8865922444183314,0.446960118438323
balanced,gini,20,2,2,500,0.6921568142845601,0.7008476396492109,0.6902405002405002,0.26490188600230324,0.30894993894993894,0.23818181818181813,0.888216803760282,0.435803857315206
balanced,gini,20,2,5,200,0.686525842392959,0.6958355666126906,0.6851385203804558,0.25372273821809427,0.29964285714285716,0.2281818181818182,0.884418331374853,0.4268439798880402
balanced,gini,20,2,5,300,0.6948224378848951,0.7070887440322035,0.6918534034663066,0.2705985552115583,0.3278571428571429,0.2381818181818182,0.8898443008225616,0.44028810828089304
balanced,gini,20,2,5,500,0.6850882444236516,0.6992227517085317,0.6813157690577045,0.24612766318648674,0.31166666666666665,0.2081818181818182,0.8876674500587545,0.42171189568135264
balanced,gini,20,2,10,200,0.6861545549156364,0.6920178322685915,0.6853121848283138,0.2591651588865211,0.2923015873015873,0.23818181818181822,0.882253231492362,0.4299609172981672
balanced,gini,20,2,10,300,0.6963957734678186,0.7060638386035645,0.6930541203121848,0.2873242248844618,0.33256715506715506,0.2581818181818182,0.8844300822561693,0.4509528443178045
balanced,gini,20,2,10,500,0.6961573849276321,0.711665523991985,0.6921433420223744,0.2839953899766795,0.3512179487179487,0.2481818181818182,0.8865893066980023,0.44886018795706056
balanced,gini,20,4,2,200,0.6982636744441103,0.7007148966977333,0.7004905429098978,0.3003399697997221,0.31411976911976913,0.29818181818181816,0.8806257344300823,0.45950945165747736
balanced,gini,20,4,2,300,0.6975766771351635,0.7003896018210145,0.6987615789228692,0.2942986633249791,0.31022727272727274,0.28818181818181815,0.8817126909518216,0.45560986884905286
balanced,gini,20,4,2,500,0.6975973080220339,0.6999169659386407,0.6982239445142671,0.29551801071305717,0.3097763347763348,0.28818181818181815,0.8811692126909518,0.4563497296366479
balanced,gini,20,4,5,200,0.6982636744441103,0.7007148966977333,0.7004905429098978,0.3003399697997221,0.31411976911976913,0.29818181818181816,0.8806257344300823,0.45950945165747736
balanced,gini,20,4,5,300,0.6975766771351635,0.7003896018210145,0.6987615789228692,0.2942986633249791,0.31022727272727274,0.28818181818181815,0.8817126909518216,0.45560986884905286
balanced,gini,20,4,5,500,0.6975973080220339,0.6999169659386407,0.6982239445142671,0.29551801071305717,0.3097763347763348,0.28818181818181815,0.8811692126909518,0.4563497296366479
balanced,gini,20,4,10,200,0.6954298893025541,0.6989377412976217,0.6960320175642757,0.28824787458843193,0.3081926406926407,0.2781818181818182,0.8822561692126909,0.4511206804740808
balanced,gini,20,4,10,300,0.6960052267714574,0.6984334689120881,0.6980009969122871,0.29122095092804473,0.3050885225885226,0.28818181818181815,0.8811692126909518,0.4531346612654098
balanced,gini,20,4,10,500,0.6988973403099321,0.7026391175597249,0.7003830160281774,0.2953192071086808,0.3156926406926407,0.28818181818181815,0.8833372502937721,0.4567504603891813
balanced,entropy,10,1,2,200,0.6697114596697517,0.6723541372836533,0.6711348508122702,0.21360579479000533,0.22931372549019607,0.2081818181818182,0.8773619271445359,0.39604806074190385
balanced,entropy,10,1,2,300,0.6734034485256207,0.676838636026367,0.6744596502661019,0.22414094677252572,0.24180555555555555,0.2181818181818182,0.8779024676850764,0.4038459474737637
balanced,entropy,10,1,2,500,0.6761593240324536,0.6782589794798021,0.6767433164207358,0.23425458442486305,0.24678571428571425,0.22818181818181818,0.877367802585194,0.4110164802678993
balanced,entropy,10,1,5,200,0.6587181644008026,0.6633851944982342,0.659481411658831,0.18964932126696832,0.2152056277056277,0.17818181818181816,0.8735663924794359,0.377276858520502
balanced,entropy,10,1,5,300,0.6717147824848121,0.6744404485894638,0.6731208979192851,0.22439062399588713,0.24105880230880233,0.2181818181818182,0.8762837837837838,0.40332028739145714
balanced,entropy,10,1,5,500,0.6742733366179395,0.677670364839405,0.6748319407593601,0.22735624884231695,0.24660714285714289,0.2181818181818182,0.8789952996474735,0.406123083952566
balanced,entropy,10,1,10,200,0.6775964634031764,0.6802556081977131,0.6785791672485222,0.23711337166445526,0.2549386724386724,0.22818181818181818,0.8789776733254993,0.4133066083599437
balanced,entropy,10,1,10,300,0.680962729866825,0.6837303561999815,0.6813748661732533,0.2481974864697977,0.2657994782994783,0.2381818181818182,0.8789806110458285,0.42130358382860866
balanced,entropy,10,1,10,500,0.6793025372302571,0.6798835463186462,0.6807881619575168,0.24261044768784706,0.2513672438672438,0.2381818181818182,0.8779024676850764,0.41728728350481115
balanced,entropy,10,2,2,200,0.6749833436108477,0.6785227069551303,0.6757256512901674,0.23290039492671072,0.24914141414141416,0.2281818181818182,0.8768272620446533,0.4097335744003655
balanced,entropy,10,2,2,300,0.6772134927713191,0.6785583957052533,0.6790013809368649,0.23874310776942353,0.2471717171717172,0.2381818181818182,0.8768243243243244,0.4141312617701818
balanced,entropy,10,2,2,500,0.6772677700685998,0.6781296058442087,0.6792904661049823,0.23680936297964159,0.24292207792207793,0.2381818181818182,0.8773648648648649,0.4129927258152249
balanced,entropy,10,2,5,200,0.6757161879180162,0.6785967987874426,0.6763134222408416,0.23815806673546608,0.2565873015873016,0.2281818181818182,0.875731492361927,0.4131813152084861
balanced,entropy,10,2,5,300,0.676133826658113,0.6786229055742037,0.6770238677093515,0.2347199370976461,0.2496969696969697,0.2281818181818182,0.8779054054054054,0.4112854929218328
balanced,entropy,10,2,5,500,0.6740669575968895,0.6767227913990486,0.6750634222408416,0.22617406260749914,0.24341269841269844,0.2181818181818182,0.8789864864864866,0.4053312206032553
balanced,entropy,10,2,10,200,0.6682924161103083,0.6690446516599835,0.6707068767552639,0.2148829180795125,0.21904677022324082,0.2181818181818182,0.8735810810810811,0.3962467172918308
balanced,entropy,10,2,10,300,0.6670121593748286,0.6671954739146917,0.6699121592266754,0.21227519556466926,0.213732917409388,0.2181818181818182,0.8730258519388954,0.394169981088733
balanced,entropy,10,2,10,500,0.6818947332921323,0.6827384990889029,0.6837652058216575,0.24719309586182653,0.25266774891774896,0.24818181818181814,0.8795329024676851,0.4210737508339489
balanced,entropy,10,4,2,200,0.6797421762515155,0.681098357606911,0.6822278274294402,0.2517193149202841,0.25521187146187146,0.2581818181818182,0.8746592244418331,0.42292845945277663
balanced,entropy,10,4,2,300,0.6938746829687179,0.6942557698002022,0.6963294232649072,0.2816250315395557,0.2824875124875125,0.28818181818181815,0.8811692126909518,0.4465248921112206
balanced,entropy,10,4,2,500,0.6917301075119606,0.6919943709103364,0.6952712222067061,0.27677701830333407,0.2753896103896104,0.2881818181818182,0.8800851938895417,0.4427582539867847
balanced,entropy,10,4,5,200,0.6797421762515155,0.681098357606911,0.6822278274294402,0.2517193149202841,0.25521187146187146,0.2581818181818182,0.8746592244418331,0.42292845945277663
balanced,entropy,10,4,5,300,0.6938746829687179,0.6942557698002022,0.6963294232649072,0.2816250315395557,0.2824875124875125,0.28818181818181815,0.8811692126909518,0.4465248921112206
balanced,entropy,10,4,5,500,0.6917301075119606,0.6919943709103364,0.6952712222067061,0.27677701830333407,0.2753896103896104,0.2881818181818182,0.8800851938895417,0.4427582539867847
balanced,entropy,10,4,10,200,0.684070976270639,0.6811004960312331,0.6901274263371037,0.2647888826149696,0.24928653046300106,0.28818181818181815,0.8724823736780258,0.4325017200772373
balanced,entropy,10,4,10,300,0.6863390637353101,0.6853566566987123,0.6906596494902946,0.2733331806316058,0.2676336163836164,0.28727272727272724,0.8735634547591069,0.4385355338730875
balanced,entropy,10,4,10,500,0.6791132970201416,0.6767169698204054,0.6849659226675355,0.2489237885549637,0.23847527472527474,0.2681818181818182,0.8741157461809635,0.42099959194103487
balanced,entropy,15,1,2,200,0.6773147816679314,0.6936382881448926,0.674400553150553,0.22318495514147685,0.29478937728937726,0.18818181818181817,0.8865746180963573,0.4048368857520587
balanced,entropy,15,1,2,300,0.6719926911142899,0.6850005583238655,0.6708357383357384,0.20990495142971924,0.27380952380952384,0.17818181818181816,0.8860458284371328,0.3947400473035475
balanced,entropy,15,1,2,500,0.6694023444075007,0.6811976520723462,0.6682800547719903,0.20162231559290383,0.2634199134199134,0.16818181818181815,0.8860370152761459,0.3887343271187426
balanced,entropy,15,1,5,200,0.6884289688520552,0.6988860303846692,0.684302200189297,0.26198277556636695,0.3122294372294372,0.22818181818181818,0.8855052878965923,0.4325612528806423
balanced,entropy,15,1,5,300,0.6847065319164732,0.7002822508837384,0.679520454157551,0.24917833800186745,0.3184199134199134,0.20818181818181816,0.8865863689776733,0.4233896155677098
balanced,entropy,15,1,5,500,0.6735741653976882,0.6851702376355568,0.6711333573833574,0.21154783125371363,0.26928571428571424,0.1781818181818182,0.8865863689776733,0.3963583649113035
balanced,entropy,15,1,10,200,0.6808395957333839,0.6950663692612011,0.6775608620769911,0.24012113617376776,0.30198412698412697,0.2081818181818182,0.8838748531139835,0.4164085199976142
balanced,entropy,15,1,10,300,0.6833429223198919,0.6955168323179073,0.6802405002405003,0.24161671228369305,0.2987912087912088,0.2081818181818182,0.8865893066980023,0.4183071962981726
balanced,entropy,15,1,10,500,0.6819028219046015,0.696251598102259,0.6777338864838864,0.23635175282234105,0.3019047619047619,0.19818181818181818,0.8871239717978849,0.41457218045524524
balanced,entropy,15,2,2,200,0.6931990542712221,0.7038740631630098,0.6898274604726218,0.27588738059326295,0.32303571428571426,0.2481818181818182,0.8849676850763808,0.4428120500644466
balanced,entropy,15,2,2,300,0.6946335283281984,0.7071457369966498,0.6907117837359772,0.27809843235539833,0.33154761904761904,0.24818181818181814,0.8865951821386604,0.44471247074451836
balanced,entropy,15,2,2,500,0.6821648669924077,0.6978020820738651,0.6781561001722293,0.24319934640522875,0.31047619047619046,0.2081818181818182,0.8849618096357228,0.41878555464010037
balanced,entropy,15,2,5,200,0.6845924361856389,0.6924538505161373,0.6826892969634906,0.2523437750386196,0.29212454212454214,0.22818181818181818,0.8838866039952997,0.42524323949742737
balanced,entropy,15,2,5,300,0.6933617152051168,0.7030482699019532,0.6902488207730144,0.27542599038089677,0.32010073260073263,0.24818181818181814,0.8866069330199764,0.44260028031058474
balanced,entropy,15,2,5,500,0.6861626083422314,0.7019462248318642,0.681613174758336,0.25345488614973066,0.31998168498168494,0.2181818181818182,0.8865951821386606,0.42653797502673096
balanced,entropy,15,2,10,200,0.688399521636408,0.6968451807940665,0.685965026610188,0.26249759201926387,0.30234126984126986,0.23818181818181813,0.8838807285546416,0.43285836386612153
balanced,entropy,15,2,10,300,0.6829018872253176,0.6919596371588577,0.6809027292898261,0.2448047815617475,0.28984126984126984,0.2181818181818182,0.8844124559341949,0.4200436238271756
balanced,entropy,15,2,10,500,0.6795977676679236,0.6897074233486449,0.677023227668389,0.23751121195999375,0.2865750915750916,0.2081818181818182,0.883334312573443,0.41434583424316573
balanced,entropy,15,4,2,200,0.681540180861307,0.6865965334644859,0.681458071498394,0.2499942163100058,0.27458333333333335,0.23818181818181813,0.8795475910693303,0.42261260213052626
balanced,entropy,15,4,2,300,0.6830167107014387,0.6872535061797688,0.6831870354854226,0.25756725146198833,0.2781818181818182,0.24818181818181814,0.878466509988249,0.42774703515776846
balanced,entropy,15,4,2,500,0.6802425377536501,0.684159679101443,0.6803828026811898,0.24787224471434993,0.26759920634920636,0.2381818181818182,0.878457696827262,0.42082036193007
balanced,entropy,15,4,5,200,0.681540180861307,0.6865965334644859,0.681458071498394,0.2499942163100058,0.27458333333333335,0.23818181818181813,0.8795475910693303,0.42261260213052626
balanced,entropy,15,4,5,300,0.6830167107014387,0.6872535061797688,0.6831870354854226,0.25756725146198833,0.2781818181818182,0.24818181818181814,0.878466509988249,0.42774703515776846
balanced,entropy,15,4,5,500,0.6802425377536501,0.684159679101443,0.6803828026811898,0.24787224471434993,0.26759920634920636,0.2381818181818182,0.878457696827262,0.42082036193007
balanced,entropy,15,4,10,200,0.6879154680217383,0.6930501229277979,0.6877686620428556,0.2598015135878913,0.2844300144300145,0.2481818181818182,0.8833401880141011,0.4310470953614301
balanced,entropy,15,4,10,300,0.6915064598068585,0.6989194941594963,0.6912758731710344,0.27307661310138087,0.30689393939393944,0.2581818181818182,0.8833401880141011,0.440448551783572
balanced,entropy,15,4,10,500,0.6848891963329098,0.6921607633822645,0.6845108535431117,0.2608115448363127,0.29208333333333336,0.24818181818181814,0.8795505287896592,0.43044260543495155
balanced,entropy,20,1,2,200,0.6642404178493231,0.6765796841525297,0.6626223060094028,0.18951914098972925,0.25,0.15818181818181817,0.8838660399529965,0.37940765173356683
balanced,entropy,20,1,2,300,0.676428034143371,0.691571288843131,0.6733508859718537,0.22341838184549184,0.2919322344322344,0.18818181818181817,0.8855023501762631,0.40462224276464354
balanced,entropy,20,1,2,500,0.6831079907128131,0.6990385879345771,0.6789337499418144,0.2442516831293921,0.31261904761904763,0.2081818181818182,0.8854994124559342,0.41979420616276053
balanced,entropy,20,1,5,200,0.6806614852752203,0.6955222329806765,0.6761879742121678,0.24589423648247175,0.31166666666666665,0.20818181818181816,0.8822473560517039,0.41980113599957114
balanced,entropy,20,1,5,300,0.6849407097286739,0.7013063949934952,0.6805381192881194,0.24805576776165011,0.32047619047619047,0.2081818181818182,0.8871239717978849,0.42280974454845965
balanced,entropy,20,1,5,500,0.6819194683419174,0.6997560744622195,0.6769647705938029,0.23901361994072992,0.31562271062271063,0.19818181818181818,0.8865834312573444,0.41617595930120493
balanced,entropy,20,1,10,200,0.6872341008844526,0.7003278505566893,0.6835247637666992,0.2527937811280118,0.3120512820512821,0.21818181818181817,0.8865922444183314,0.4265699090305881
balanced,entropy,20,1,10,300,0.6823352452538067,0.6970177891444574,0.6788270764480442,0.2438161900915973,0.3091941391941392,0.2081818181818182,0.884421269095182,0.4192238121564811
balanced,entropy,20,1,10,500,0.6876188214416618,0.701063486050493,0.6846491023910379,0.2528684776732966,0.3153846153846154,0.21818181818181817,0.888216803760282,0.4267686151806427
balanced,entropy,20,2,2,200,0.6901102946303475,0.7003825054646442,0.6860311641763255,0.2688231928927177,0.31597985347985347,0.23818181818181822,0.8844271445358401,0.4373380335877696
balanced,entropy,20,2,2,300,0.6936033693044592,0.7141019080890519,0.6872538557619203,0.2716271963330787,0.35464285714285715,0.2281818181818182,0.8887544065804935,0.44041766552163086
balanced,entropy,20,2,2,500,0.6825871738303068,0.6963122206461165,0.6786937345808315,0.24345623756749077,0.30569597069597065,0.2081818181818182,0.8855023501762632,0.4191086120726172
balanced,entropy,20,2,5,200,0.677650341684292,0.6908033939614315,0.6753283991993669,0.22924701459531183,0.2897619047619048,0.1981818181818182,0.8844300822561693,0.4086083454309039
balanced,entropy,20,2,5,300,0.6865219456867976,0.7049087197977851,0.6809594795885119,0.2494693094629156,0.3264102564102564,0.2081818181818182,0.8887661574618096,0.4242903639524684
balanced,entropy,20,2,5,500,0.6791868470038847,0.697311004549831,0.6748803705255318,0.23507155035927413,0.3106959706959707,0.1981818181818182,0.8849588719153937,0.4127176690171183
balanced,entropy,20,2,10,200,0.6836504020185742,0.6947519625553019,0.6808941954103244,0.2476437908496732,0.29928571428571427,0.2181818181818182,0.8844183313748533,0.4220464353172336
balanced,entropy,20,2,10,300,0.6878102356753807,0.6987584558561954,0.6853027975608621,0.25697127622979016,0.3082539682539683,0.22818181818181818,0.8860428907168038,0.42930686000802637
balanced,entropy,20,2,10,500,0.6806164873840381,0.6919718883333914,0.6786361308941954,0.23723996265172737,0.2911904761904762,0.2081818181818182,0.8849588719153937,0.4145905725446517
balanced,entropy,20,4,2,200,0.6794542354479128,0.6824169447518953,0.6800851836335706,0.24559154295996405,0.26232142857142854,0.23818181818181813,0.8779171562867216,0.41913661995514356
balanced,entropy,20,4,2,300,0.6822963316900094,0.6866066990723485,0.682360315908703,0.256201155225923,0.27602272727272725,0.2481818181818182,0.877370740305523,0.42663922581155755
balanced,entropy,20,4,2,500,0.6827133990478924,0.690386442958742,0.6810849276171858,0.24903495541266438,0.28577380952380954,0.22818181818181818,0.882250293772033,0.4225063328667556
balanced,entropy,20,4,5,200,0.6794542354479128,0.6824169447518953,0.6800851836335706,0.24559154295996405,0.26232142857142854,0.23818181818181813,0.8779171562867216,0.41913661995514356
balanced,entropy,20,4,5,300,0.6822963316900094,0.6866066990723485,0.682360315908703,0.256201155225923,0.27602272727272725,0.2481818181818182,0.877370740305523,0.42663922581155755
balanced,entropy,20,4,5,500,0.6827133990478924,0.690386442958742,0.6810849276171858,0.24903495541266438,0.28577380952380954,0.22818181818181818,0.882250293772033,0.4225063328667556
balanced,entropy,20,4,10,200,0.6923119339734919,0.6983032463208609,0.6919295683408586,0.2797080843133475,0.30575577200577203,0.2681818181818182,0.8811692126909518,0.44474962417740527
balanced,entropy,20,4,10,300,0.6862180765853471,0.6935905404524517,0.6858005360827942,0.2621286549707602,0.29453102453102453,0.24818181818181814,0.8806286721504113,0.43176442361659495
balanced,entropy,20,4,10,500,0.6878463828446884,0.6937498881219819,0.6880756683579266,0.26879120879120877,0.29550324675324674,0.2581818181818182,0.8800940070505288,0.4364132784126006
"{0: 1, 1: 1, 2: 1.5}",gini,10,1,2,200,0.6739561457365455,0.6691329852101607,0.6853068511536253,0.23587977079281428,0.2013382695735637,0.28818181818181815,0.8654259694477087,0.41111032077030674
"{0: 1, 1: 1, 2: 1.5}",gini,10,1,2,300,0.6744216094175777,0.670598461142568,0.6841153082282114,0.23922720457952842,0.20631561421035105,0.2881818181818182,0.8654259694477087,0.41330496651474813
"{0: 1, 1: 1, 2: 1.5}",gini,10,1,2,500,0.6746286913399322,0.6705175597458054,0.6846614765163153,0.23828953355490085,0.20476841141314828,0.2881818181818182,0.8659753231492362,0.4128251966689134
"{0: 1, 1: 1, 2: 1.5}",gini,10,1,5,200,0.6757261135469902,0.6724485422991202,0.6894014065385033,0.24995100271397605,0.20991064491064487,0.3181818181818182,0.8610869565217392,0.4202610470471817
"{0: 1, 1: 1, 2: 1.5}",gini,10,1,5,300,0.6782082081652456,0.6733949017381302,0.69079136216233,0.2578605307735743,0.2189316239316239,0.3181818181818182,0.8627173913043478,0.4259996017302428
"{0: 1, 1: 1, 2: 1.5}",gini,10,1,5,500,0.67999567477976,0.6749454629106278,0.6921151802200189,0.2616690990169251,0.22417582417582418,0.3181818181818182,0.8638043478260871,0.4289997293220591
"{0: 1, 1: 1, 2: 1.5}",gini,10,1,10,200,0.6753952152511882,0.6703668518325029,0.6881695410324442,0.24787761674718198,0.20880736910148676,0.3081818181818182,0.8621739130434782,0.41888465614878445
"{0: 1, 1: 1, 2: 1.5}",gini,10,1,10,300,0.6735298145375517,0.6689792776420987,0.687450348337445,0.25039613526570054,0.2080790777849601,0.3181818181818182,0.8583725029377204,0.419649606974441
"{0: 1, 1: 1, 2: 1.5}",gini,10,1,10,500,0.672104192060134,0.6683246216394514,0.6842407562568853,0.24588331475288,0.2061543848308554,0.30818181818181817,0.8589159811985898,0.41637166567578165
"{0: 1, 1: 1, 2: 1.5}",gini,10,2,2,200,0.6765188029480268,0.6719995005212636,0.6891464568883923,0.2558162787293222,0.21551712992889463,0.3181818181818182,0.8605640423031728,0.42409728841680405
"{0: 1, 1: 1, 2: 1.5}",gini,10,2,2,300,0.6774441125277824,0.6728277937938104,0.6902793293922326,0.25554486897965156,0.21535229476405945,0.3181818181818182,0.8621886016451235,0.4243045663989039
"{0: 1, 1: 1, 2: 1.5}",gini,10,2,2,500,0.6795025156946121,0.6759098929266146,0.6911807204145914,0.2588033126293996,0.2213025863025863,0.3181818181818182,0.8638160987074031,0.42708299385548454
"{0: 1, 1: 1, 2: 1.5}",gini,10,2,5,200,0.6686840103685927,0.6657529546245688,0.6799729631181244,0.23758533285321506,0.19959859584859582,0.2981818181818182,0.8583842538190364,0.4100248038593661
"{0: 1, 1: 1, 2: 1.5}",gini,10,2,5,300,0.6764389207969959,0.6722693071950887,0.6903697885149498,0.2578797051475873,0.2142017704517704,0.32818181818181813,0.8594623971797886,0.42530339140735074
"{0: 1, 1: 1, 2: 1.5}",gini,10,2,5,500,0.6767575698216566,0.6731034938514928,0.6890707187078154,0.25414981185247665,0.2135164835164835,0.3181818181818182,0.8621797884841363,0.4231929150401486
"{0: 1, 1: 1, 2: 1.5}",gini,10,2,10,200,0.6695478887555588,0.6659715270268984,0.6844816250058186,0.243524364954275,0.1996669094579311,0.3181818181818182,0.8551175088131611,0.4139337744747885
"{0: 1, 1: 1, 2: 1.5}",gini,10,2,10,300,0.6707926450469712,0.6669120130784469,0.6853830160281772,0.24552142574582966,0.20209859584859582,0.3181818181818182,0.8567508813160988,0.4156299134662863
"{0: 1, 1: 1, 2: 1.5}",gini,10,2,10,500,0.6765416219092855,0.6719613595969051,0.6914450573321541,0.25523437914742264,0.21033685268979388,0.3281818181818182,0.8605464159811987,0.4237572762521678
"{0: 1, 1: 1, 2: 1.5}",gini,10,4,2,200,0.6766898190553382,0.6743263165359987,0.6951467633322471,0.2691986066913764,0.21390099022064962,0.3672727272727273,0.8535076380728555,0.4321950916369611
"{0: 1, 1: 1, 2: 1.5}",gini,10,4,2,300,0.6763890206666522,0.6737647279939754,0.6945429913575076,0.2724668760975769,0.21830618212197156,0.3672727272727273,0.8524177438307874,0.434035733925207
"{0: 1, 1: 1, 2: 1.5}",gini,10,4,2,500,0.6794872806399808,0.6758203663373009,0.6963950565563468,0.2702941069147966,0.2187065703474372,0.35727272727272724,0.8578466509988247,0.43397137640487027
"{0: 1, 1: 1, 2: 1.5}",gini,10,4,5,200,0.6766898190553382,0.6743263165359987,0.6951467633322471,0.2691986066913764,0.21390099022064962,0.3672727272727273,0.8535076380728555,0.4321950916369611
"{0: 1, 1: 1, 2: 1.5}",gini,10,4,5,300,0.6763890206666522,0.6737647279939754,0.6945429913575076,0.2724668760975769,0.21830618212197156,0.3672727272727273,0.8524177438307874,0.434035733925207
"{0: 1, 1: 1, 2: 1.5}",gini,10,4,5,500,0.6794872806399808,0.6758203663373009,0.6963950565563468,0.2702941069147966,0.2187065703474372,0.35727272727272724,0.8578466509988247,0.43397137640487027
"{0: 1, 1: 1, 2: 1.5}",gini,10,4,10,200,0.6773747607111301,0.6740604058582618,0.6988403621468138,0.27693031106824206,0.21720382584765408,0.38636363636363635,0.8496974148061106,0.43710809092539726
"{0: 1, 1: 1, 2: 1.5}",gini,10,4,10,300,0.6772623546186006,0.6735478880935541,0.6960406872100421,0.27078413540482504,0.21550278883483215,0.36727272727272725,0.8529553466509988,0.4333754230903353
"{0: 1, 1: 1, 2: 1.5}",gini,10,4,10,500,0.6773362639688725,0.6737814777948197,0.6966359253052802,0.26834256305224047,0.21275326797385619,0.36727272727272725,0.85403642773208,0.43194004341889325
"{0: 1, 1: 1, 2: 1.5}",gini,15,1,2,200,0.6798900861295714,0.6787601867004789,0.6832294915359433,0.2514068387752598,0.24915404040404038,0.2581818181818182,0.8730287896592245,0.42280013771698444
"{0: 1, 1: 1, 2: 1.5}",gini,15,1,2,300,0.6903584913347697,0.6894554274040828,0.6940724254837158,0.27145942590336186,0.2713655788655789,0.27818181818181814,0.879538777908343,0.439019052075925
"{0: 1, 1: 1, 2: 1.5}",gini,15,1,2,500,0.6864617170275035,0.6886471599041232,0.6901024647395615,0.2564933744109945,0.2698901098901099,0.2581818181818182,0.8811721504112808,0.42848071145759814
"{0: 1, 1: 1, 2: 1.5}",gini,15,1,5,200,0.6816243126678533,0.683053369397468,0.6837257366289624,0.2524595579858738,0.2647402597402597,0.2481818181818182,0.8768243243243244,0.42412545985866557
"{0: 1, 1: 1, 2: 1.5}",gini,15,1,5,300,0.6810103989005769,0.6812229056603066,0.682873415413738,0.250578111946533,0.25656565656565655,0.2481818181818182,0.8757344300822562,0.42275102672815057
"{0: 1, 1: 1, 2: 1.5}",gini,15,1,5,500,0.6851796044504479,0.6855637196569978,0.6875134990457572,0.26062381443805593,0.26816738816738817,0.2581818181818182,0.8773619271445359,0.4304461304430127
"{0: 1, 1: 1, 2: 1.5}",gini,15,1,10,200,0.6800093688242288,0.6773222984425091,0.6857774946081399,0.2590828025267385,0.2468300980065686,0.27818181818181814,0.8692273795534666,0.4274534290457346
"{0: 1, 1: 1, 2: 1.5}",gini,15,1,10,300,0.6857246011542608,0.6813822294681174,0.6927993840090615,0.27172834411964847,0.2519734432234432,0.29818181818181816,0.8713954171562868,0.43732684693349344
"{0: 1, 1: 1, 2: 1.5}",gini,15,1,10,500,0.6887845216122538,0.6846800073844304,0.6966788856304984,0.2787035441040018,0.2589679601444307,0.30818181818181817,0.8724823736780258,0.4427359351073026
"{0: 1, 1: 1, 2: 1.5}",gini,15,2,2,200,0.688745433434343,0.6867398345287931,0.6933532327887166,0.2743698838664514,0.26651263768910827,0.2881818181818182,0.8757461809635723,0.44012010369360804
"{0: 1, 1: 1, 2: 1.5}",gini,15,2,2,300,0.6891990415113691,0.6875207399962674,0.6934599062824869,0.27266081871345027,0.26326033443680497,0.28818181818181815,0.8768272620446534,0.43927610783261783
"{0: 1, 1: 1, 2: 1.5}",gini,15,2,2,500,0.6837664936221002,0.6817191772815476,0.6888955608310446,0.2606383906474651,0.25039264828738517,0.2781818181818182,0.873572267920094,0.4298896318373191
"{0: 1, 1: 1, 2: 1.5}",gini,15,2,5,200,0.6831333887137399,0.6820727911129865,0.6877454072212137,0.27004591809679973,0.2606815406815407,0.28818181818181815,0.8703202115158637,0.43528090634357575
"{0: 1, 1: 1, 2: 1.5}",gini,15,2,5,300,0.6953004158180955,0.6932040740502506,0.7010071917329982,0.30412660108769946,0.2897177658942365,0.32727272727272727,0.872491186839013,0.4605961269798579
"{0: 1, 1: 1, 2: 1.5}",gini,15,2,5,500,0.6926026223724815,0.6893665234000513,0.6993007067603842,0.29193824482154,0.2740792540792541,0.3181818181818182,0.8730376028202116,0.4522039958419166
"{0: 1, 1: 1, 2: 1.5}",gini,15,2,10,200,0.6904284384839338,0.687369054790356,0.6975757187853961,0.2866704805491991,0.2661310911310911,0.31727272727272726,0.8708636897767332,0.448173663723093
"{0: 1, 1: 1, 2: 1.5}",gini,15,2,10,300,0.6827474899565101,0.679138337009839,0.6901944172911916,0.2664153961980049,0.24415251415251418,0.2981818181818182,0.8692332549941245,0.432948233701407
"{0: 1, 1: 1, 2: 1.5}",gini,15,2,10,500,0.6885045213009953,0.6854621512770099,0.6959353713789198,0.27817201105530626,0.2589277389277389,0.3081818181818182,0.8719506462984723,0.4423050151535819
"{0: 1, 1: 1, 2: 1.5}",gini,15,4,2,200,0.6802937841825187,0.676036801825043,0.6931902356902356,0.26783627666686133,0.23100393242808104,0.32818181818181813,0.8632696827262045,0.4328192796731243
"{0: 1, 1: 1, 2: 1.5}",gini,15,4,2,300,0.6827548951933309,0.67808084123844,0.695439766326863,0.27807102742335127,0.2392967996915365,0.33818181818181814,0.862732079905993,0.43994457453134306
"{0: 1, 1: 1, 2: 1.5}",gini,15,4,2,500,0.6900850121677846,0.6848816480227836,0.7031848244348244,0.295964380447139,0.25564669979143667,0.3572727272727273,0.8654494712103409,0.4536126331353973
"{0: 1, 1: 1, 2: 1.5}",gini,15,4,5,200,0.6802937841825187,0.676036801825043,0.6931902356902356,0.26783627666686133,0.23100393242808104,0.32818181818181813,0.8632696827262045,0.4328192796731243
"{0: 1, 1: 1, 2: 1.5}",gini,15,4,5,300,0.6827548951933309,0.67808084123844,0.695439766326863,0.27807102742335127,0.2392967996915365,0.33818181818181814,0.862732079905993,0.43994457453134306
"{0: 1, 1: 1, 2: 1.5}",gini,15,4,5,500,0.6900850121677846,0.6848816480227836,0.7031848244348244,0.295964380447139,0.25564669979143667,0.3572727272727273,0.8654494712103409,0.4536126331353973
"{0: 1, 1: 1, 2: 1.5}",gini,15,4,10,200,0.6806523888571158,0.6760666788000529,0.6919188234107588,0.263174909048972,0.22667317331791015,0.31727272727272726,0.8648913043478261,0.4301659009722295
"{0: 1, 1: 1, 2: 1.5}",gini,15,4,10,300,0.6825746546480121,0.6783281521309656,0.6938792688792688,0.2719031662989684,0.23470805510279194,0.32727272727272727,0.863810223266745,0.43617176163858584
"{0: 1, 1: 1, 2: 1.5}",gini,15,4,10,500,0.6938728190107881,0.6887257361925033,0.7084030784030784,0.29913927962203823,0.25573695267580715,0.3672727272727273,0.8681551116333726,0.4570326953775382
"{0: 1, 1: 1, 2: 1.5}",gini,20,1,2,200,0.6766592630028626,0.681916326548231,0.6765611180933762,0.23261897390535163,0.25933982683982687,0.21818181818181817,0.8795475910693302,0.41023508954435606
"{0: 1, 1: 1, 2: 1.5}",gini,20,1,2,300,0.6801650667934321,0.6847646178231648,0.681152131918261,0.24157415597818072,0.26862914862914866,0.22818181818181818,0.8806257344300821,0.41701052030428126
"{0: 1, 1: 1, 2: 1.5}",gini,20,1,2,500,0.6781361669172824,0.6824375263828424,0.6784140366801656,0.23324905400756793,0.25936507936507935,0.2181818181818182,0.8811721504112807,0.4112038991714537
"{0: 1, 1: 1, 2: 1.5}",gini,20,1,5,200,0.6915138362066718,0.6968120619709902,0.6923029255690547,0.2799418555300908,0.3069588744588745,0.2681818181818182,0.8800851938895417,0.4445706478007232
"{0: 1, 1: 1, 2: 1.5}",gini,20,1,5,300,0.6894400791851722,0.6953022781525098,0.6887295768747382,0.2730495758111857,0.3006926406926407,0.2581818181818182,0.8795446533490011,0.4396057771607803
"{0: 1, 1: 1, 2: 1.5}",gini,20,1,5,500,0.6838017832394117,0.6877892202311024,0.684791618178715,0.25007929136566903,0.27411255411255414,0.23818181818181813,0.8817068155111633,0.4235682881151661
"{0: 1, 1: 1, 2: 1.5}",gini,20,1,10,200,0.6880452410248182,0.6903488489451114,0.6895486159599062,0.2735045948203843,0.2876218062982768,0.2681818181818182,0.8768331374853113,0.43932085330215787
"{0: 1, 1: 1, 2: 1.5}",gini,20,1,10,300,0.6904726064207753,0.6903308503775373,0.6926910037393909,0.27718719876614617,0.28059343434343437,0.2781818181818182,0.8779112808460635,0.4425013618279979
"{0: 1, 1: 1, 2: 1.5}",gini,20,1,10,500,0.6945577809512934,0.6937515193585894,0.6988200359974553,0.28713148445010067,0.28460676578323635,0.29818181818181816,0.8784488836662749,0.4501020030505778
"{0: 1, 1: 1, 2: 1.5}",gini,20,2,2,200,0.6820749118547835,0.6813018037495626,0.6869927190491707,0.25481087532440344,0.2516724778489484,0.2681818181818182,0.8752085781433607,0.4257164899365554
"{0: 1, 1: 1, 2: 1.5}",gini,20,2,2,300,0.689307248896075,0.6896173340331317,0.6916989402473274,0.27246507534433234,0.2730294542059247,0.2781818181818182,0.8773795534665101,0.4392019447650294
"{0: 1, 1: 1, 2: 1.5}",gini,20,2,2,500,0.6849207177680707,0.685264635665711,0.6878194386258902,0.26099397334691454,0.26151430269077325,0.2681818181818182,0.8762837837837839,0.430564671115377
"{0: 1, 1: 1, 2: 1.5}",gini,20,2,5,200,0.6925323957201561,0.6946716516136975,0.6951218793154277,0.28180000680908124,0.2883147262094631,0.2881818181818182,0.8790041128084607,0.44609296237351115
"{0: 1, 1: 1, 2: 1.5}",gini,20,2,5,300,0.6866966493616469,0.6882498410361212,0.6895228009744139,0.2723801929065087,0.2783541295306001,0.2781818181818182,0.8752027027027027,0.438106775488564
"{0: 1, 1: 1, 2: 1.5}",gini,20,2,5,500,0.6903182464526064,0.6919043407950639,0.6926248661732533,0.2760488865842768,0.28356725146198825,0.27818181818181814,0.8773707403055229,0.44175663053160863
"{0: 1, 1: 1, 2: 1.5}",gini,20,2,10,200,0.6920330699396046,0.6882485869190954,0.6987054686651459,0.2933628207541251,0.2748964760729467,0.3181818181818181,0.8719506462984723,0.4528309204283169
"{0: 1, 1: 1, 2: 1.5}",gini,20,2,10,300,0.6897219103255982,0.6889754818746658,0.6936922411519185,0.28486961805039607,0.2789160839160839,0.29818181818181816,0.8730258519388954,0.4468105349604769
"{0: 1, 1: 1, 2: 1.5}",gini,20,2,10,500,0.6938075519292137,0.6922418916898879,0.6984731337957144,0.2909530083443127,0.28118881118881117,0.3081818181818181,0.8757491186839012,0.4520948257782731
"{0: 1, 1: 1, 2: 1.5}",gini,20,4,2,200,0.6923865625497887,0.6867702766686554,0.706744227994228,0.3001065601065601,0.2572764245558363,0.36636363636363634,0.866521739130435,0.4570185610838515
"{0: 1, 1: 1, 2: 1.5}",gini,20,4,2,300,0.6914468743063362,0.6866707368642027,0.7040200778910456,0.2989212207083271,0.26095847135320815,0.35727272727272724,0.866533490011751,0.45593148214753076
"{0: 1, 1: 1, 2: 1.5}",gini,20,4,2,500,0.6916961168410052,0.6859797733474653,0.7057405079985724,0.30167239706819915,0.2582794836742205,0.3672727272727273,0.8654494712103409,0.45768188497732154
"{0: 1, 1: 1, 2: 1.5}",gini,20,4,5,200,0.6923865625497887,0.6867702766686554,0.706744227994228,0.3001065601065601,0.2572764245558363,0.36636363636363634,0.866521739130435,0.4570185610838515
"{0: 1, 1: 1, 2: 1.5}",gini,20,4,5,300,0.6914468743063362,0.6866707368642027,0.7040200778910456,0.2989212207083271,0.26095847135320815,0.35727272727272724,0.866533490011751,0.45593148214753076
"{0: 1, 1: 1, 2: 1.5}",gini,20,4,5,500,0.6916961168410052,0.6859797733474653,0.7057405079985724,0.30167239706819915,0.2582794836742205,0.3672727272727273,0.8654494712103409,0.45768188497732154
"{0: 1, 1: 1, 2: 1.5}",gini,20,4,10,200,0.6917951365602777,0.6865454327828464,0.7050612111902435,0.29577362916943123,0.255503232147969,0.35727272727272724,0.8676057579318449,0.4541822321257698
"{0: 1, 1: 1, 2: 1.5}",gini,20,4,10,300,0.6933048996653886,0.6880944148607241,0.7060212726341758,0.3008880236316518,0.26375393569279015,0.35727272727272724,0.867608695652174,0.4578547740451465
"{0: 1, 1: 1, 2: 1.5}",gini,20,4,10,500,0.6979652122346758,0.6917271731981491,0.7113227319275705,0.30804809383520027,0.26767508806982493,0.3672727272727273,0.8708666274970623,0.4640149411949904
"{0: 1, 1: 1, 2: 1.5}",entropy,10,1,2,200,0.6735844427533444,0.6699747983919051,0.6846783309283309,0.24540076201624378,0.21236370011137815,0.29818181818181816,0.8643507638072856,0.416674234311084
"{0: 1, 1: 1, 2: 1.5}",entropy,10,1,2,300,0.6819072997902186,0.678400580865668,0.6909803875932907,0.26290895760910754,0.23221762886236572,0.30818181818181817,0.8681521739130436,0.4305082944815519
"{0: 1, 1: 1, 2: 1.5}",entropy,10,1,2,500,0.6799647960235738,0.6770574341541516,0.6888460643299353,0.2524363173058825,0.22229562104562106,0.29818181818181816,0.869776733254994,0.423447708792959
"{0: 1, 1: 1, 2: 1.5}",entropy,10,1,5,200,0.674290360448208,0.6701508294523337,0.6843145743145743,0.2477526821005082,0.21346153846153845,0.29818181818181816,0.8632696827262045,0.4183677534395881
"{0: 1, 1: 1, 2: 1.5}",entropy,10,1,5,300,0.6838183422624764,0.6797908343304332,0.694131309252277,0.26624583811990105,0.2313938692886061,0.3181818181818182,0.8692361927144535,0.4332748397769312
"{0: 1, 1: 1, 2: 1.5}",entropy,10,1,5,500,0.6750969605077619,0.6718091549439716,0.683478467470403,0.24677922077922076,0.2192857142857143,0.28818181818181815,0.8659811985898942,0.41810631667063725
"{0: 1, 1: 1, 2: 1.5}",entropy,10,1,10,200,0.6738599457713781,0.6706580550218308,0.6835689265931201,0.24566007905138337,0.21045787545787542,0.29818181818181816,0.8632608695652173,0.41694002573938127
"{0: 1, 1: 1, 2: 1.5}",entropy,10,1,10,300,0.6758918883575104,0.6722423757277842,0.6863240895902185,0.25355651295231507,0.21725176139649824,0.30818181818181817,0.8627232667450059,0.4224906631143932
"{0: 1, 1: 1, 2: 1.5}",entropy,10,1,10,500,0.6757431852980583,0.6719185170458655,0.6865726388307033,0.252263808655113,0.21539835164835167,0.30818181818181817,0.8627232667450059,0.42165555931229115
"{0: 1, 1: 1, 2: 1.5}",entropy,10,2,2,200,0.6761121901859262,0.6731133549812698,0.6878301059752673,0.25551981152281,0.21571668097983884,0.31818181818181823,0.8616451233842538,0.4237567629880564
"{0: 1, 1: 1, 2: 1.5}",entropy,10,2,2,300,0.677441084691168,0.6751162674016619,0.6890705053608279,0.26267716784021133,0.22189922006098475,0.3281818181818182,0.8605581668625147,0.42858273458059404
"{0: 1, 1: 1, 2: 1.5}",entropy,10,2,2,500,0.6828106988055638,0.679881875027452,0.6940743456066036,0.27582636557250856,0.23517776341305754,0.33818181818181814,0.8632696827262045,0.4386200988657306
"{0: 1, 1: 1, 2: 1.5}",entropy,10,2,5,200,0.6678339203035055,0.6669918818857016,0.674139629784791,0.2241392440088092,0.19373204409969116,0.2681818181818182,0.8643595769682726,0.4016171145266877
"{0: 1, 1: 1, 2: 1.5}",entropy,10,2,5,300,0.6745889798702056,0.672316531903099,0.6852157519899456,0.24680662171966522,0.20721584787761257,0.30818181818181817,0.8632696827262045,0.41791956497988136
"{0: 1, 1: 1, 2: 1.5}",entropy,10,2,5,500,0.6752493468746494,0.6722293681667341,0.684544989061118,0.24497584541062803,0.20848954966602024,0.29818181818181816,0.8654377203290247,0.4170852459962366
"{0: 1, 1: 1, 2: 1.5}",entropy,10,2,10,200,0.6716593742096902,0.6688638289112995,0.6843066804760353,0.24865380633858897,0.2056815406815407,0.3181818181818182,0.8578495887191538,0.4178560334870295
"{0: 1, 1: 1, 2: 1.5}",entropy,10,2,10,300,0.6802552153993724,0.6764138658699014,0.695208071498394,0.27278008326284187,0.22722059158591668,0.34818181818181815,0.8611045828437133,0.4357701361174541
"{0: 1, 1: 1, 2: 1.5}",entropy,10,2,10,500,0.6808050856268951,0.6772100525120105,0.6951995376188924,0.27219828440480615,0.2252890247007894,0.34818181818181815,0.861101645123384,0.43564100489364177
"{0: 1, 1: 1, 2: 1.5}",entropy,10,4,2,200,0.6853071868979312,0.6815593197839412,0.7018967710903194,0.28842816442816444,0.2349031279178338,0.37636363636363634,0.8600029377203292,0.4471797734160712
"{0: 1, 1: 1, 2: 1.5}",entropy,10,4,2,300,0.6818581213170452,0.6782957786729719,0.6971414800850285,0.28515181115181115,0.23497899159663865,0.36636363636363634,0.8572914218566392,0.4438343352179048
"{0: 1, 1: 1, 2: 1.5}",entropy,10,4,2,500,0.6826160455036554,0.6785677522977862,0.6996395599621406,0.28814834463110317,0.23457332055629268,0.37636363636363634,0.8567508813160988,0.44593542498012406
"{0: 1, 1: 1, 2: 1.5}",entropy,10,4,5,200,0.6853071868979312,0.6815593197839412,0.7018967710903194,0.28842816442816444,0.2349031279178338,0.37636363636363634,0.8600029377203292,0.4471797734160712
"{0: 1, 1: 1, 2: 1.5}",entropy,10,4,5,300,0.6818581213170452,0.6782957786729719,0.6971414800850285,0.28515181115181115,0.23497899159663865,0.36636363636363634,0.8572914218566392,0.4438343352179048
"{0: 1, 1: 1, 2: 1.5}",entropy,10,4,5,500,0.6826160455036554,0.6785677522977862,0.6996395599621406,0.28814834463110317,0.23457332055629268,0.37636363636363634,0.8567508813160988,0.44593542498012406
"{0: 1, 1: 1, 2: 1.5}",entropy,10,4,10,200,0.6822863607459732,0.6786670236945748,0.69734551738584,0.2794811117924722,0.23235473676650145,0.35727272727272724,0.8600235017626321,0.4406032113738726
"{0: 1, 1: 1, 2: 1.5}",entropy,10,4,10,300,0.6861743451695579,0.6817930477191043,0.7029198474762991,0.29135061115706273,0.2386764705882353,0.37727272727272726,0.8600117508813161,0.4492801047620608
"{0: 1, 1: 1, 2: 1.5}",entropy,10,4,10,500,0.6887790582195706,0.684214283989566,0.708577382891899,0.297985347985348,0.23963489941431115,0.3972727272727273,0.8605611045828437,0.454302832079037
"{0: 1, 1: 1, 2: 1.5}",entropy,15,1,2,200,0.6771695106099813,0.6805003867584841,0.6784637465282627,0.241687552213868,0.25731877599524655,0.2381818181818182,0.8762837837837839,0.4158803355723133
"{0: 1, 1: 1, 2: 1.5}",entropy,15,1,2,300,0.6820958912076659,0.6873712488282664,0.6819786381479931,0.25101551956815116,0.2776388888888889,0.2381818181818182,0.8800822561692128,0.4234476682239571
"{0: 1, 1: 1, 2: 1.5}",entropy,15,1,2,500,0.6886669016884356,0.6944298007571865,0.6880492133314714,0.26247750787224466,0.29041666666666666,0.24818181818181814,0.8838777908343127,0.43295326539872103
"{0: 1, 1: 1, 2: 1.5}",entropy,15,1,5,200,0.6805898087181328,0.6817854132720415,0.6816904063678259,0.2521381886087768,0.26097402597402597,0.2481818181818182,0.8757461809635723,0.4235188366525192
"{0: 1, 1: 1, 2: 1.5}",entropy,15,1,5,300,0.6780217057055865,0.6782224202710729,0.6805746016229887,0.24686274509803918,0.2517460317460317,0.24818181818181823,0.8741245593419507,0.41932632934105807
"{0: 1, 1: 1, 2: 1.5}",entropy,15,1,5,500,0.6879126325132415,0.6902876811359777,0.6895637635960217,0.260379459721565,0.27279040404040406,0.2581818181818182,0.8828084606345475,0.43139272883823565
"{0: 1, 1: 1, 2: 1.5}",entropy,15,1,10,200,0.684899273469971,0.6834864715279088,0.6889392193827677,0.26601346216637645,0.26114912864912865,0.2772727272727273,0.8746562867215042,0.43356778668781426
"{0: 1, 1: 1, 2: 1.5}",entropy,15,1,10,300,0.6814700084045106,0.6798960327406642,0.6862735263541715,0.2617103383895684,0.2534471084471085,0.2781818181818182,0.8714012925969449,0.42961420639554526
"{0: 1, 1: 1, 2: 1.5}",entropy,15,1,10,500,0.6922030226352247,0.691002645360089,0.6957350385576191,0.2865656565656566,0.28090463458110515,0.29818181818181816,0.8762896592244418,0.44882060299348386
"{0: 1, 1: 1, 2: 1.5}",entropy,15,2,2,200,0.6865920935015722,0.6893480046795923,0.6873884777110584,0.2690288220551379,0.278732917409388,0.2681818181818182,0.8768272620446533,0.4360541306337116
"{0: 1, 1: 1, 2: 1.5}",entropy,15,2,2,300,0.6854710935350007,0.6874787590526317,0.686636429579978,0.2666330710912755,0.2731304643069349,0.2681818181818182,0.8762867215041128,0.43416828006876557
"{0: 1, 1: 1, 2: 1.5}",entropy,15,2,2,500,0.6876253196816486,0.6885071956824966,0.6888283565299694,0.27496240601503763,0.2766369578134284,0.2781818181818182,0.8752056404230316,0.44002757148168203
"{0: 1, 1: 1, 2: 1.5}",entropy,15,2,5,200,0.685971282863201,0.6863307414550162,0.6890107682043165,0.27034051260057457,0.27095153212800266,0.27818181818181814,0.8746562867215042,0.4365928207056251
"{0: 1, 1: 1, 2: 1.5}",entropy,15,2,5,300,0.6958447102145875,0.6946728649916618,0.7002713579729709,0.3001993785517813,0.2918667443667443,0.31727272727272726,0.8757461809635723,0.45845751121690376
"{0: 1, 1: 1, 2: 1.5}",entropy,15,2,5,500,0.6868670487226709,0.6854161630589555,0.6916856351533771,0.2780143540669856,0.26765873015873015,0.29727272727272724,0.8724823736780258,0.4415554319292597
"{0: 1, 1: 1, 2: 1.5}",entropy,15,2,10,200,0.6788328005940608,0.6773666542106994,0.6839661786839205,0.2539774667234621,0.23915721533368592,0.27818181818181814,0.8697796709753233,0.4239196002717016
"{0: 1, 1: 1, 2: 1.5}",entropy,15,2,10,300,0.6812733397962513,0.6783664358426614,0.6869933590901333,0.2622942402118603,0.2433741095505801,0.28818181818181815,0.869776733254994,0.4298858800456167
"{0: 1, 1: 1, 2: 1.5}",entropy,15,2,10,500,0.6893390631608414,0.686468225838953,0.6953305326692424,0.28137058720582747,0.26269423387070445,0.30818181818181817,0.8730376028202116,0.444557977587833
"{0: 1, 1: 1, 2: 1.5}",entropy,15,4,2,200,0.6930220007271258,0.688358074516336,0.7067408920231502,0.31094788031085674,0.269169237195553,0.37727272727272726,0.8643537015276145,0.46377752847736436
"{0: 1, 1: 1, 2: 1.5}",entropy,15,4,2,300,0.6883441275827925,0.685290582616294,0.6984253440705054,0.29632869503578885,0.26303924833336595,0.34818181818181815,0.8643625146886016,0.45313486805459036
"{0: 1, 1: 1, 2: 1.5}",entropy,15,4,2,500,0.6853147557578372,0.6818334937540581,0.6959272641933932,0.28540283115711185,0.25178328980960557,0.3381818181818182,0.8648971797884842,0.445367600997402
"{0: 1, 1: 1, 2: 1.5}",entropy,15,4,5,200,0.6930220007271258,0.688358074516336,0.7067408920231502,0.31094788031085674,0.269169237195553,0.37727272727272726,0.8643537015276145,0.46377752847736436
"{0: 1, 1: 1, 2: 1.5}",entropy,15,4,5,300,0.6883441275827925,0.685290582616294,0.6984253440705054,0.29632869503578885,0.26303924833336595,0.34818181818181815,0.8643625146886016,0.45313486805459036
"{0: 1, 1: 1, 2: 1.5}",entropy,15,4,5,500,0.6853147557578372,0.6818334937540581,0.6959272641933932,0.28540283115711185,0.25178328980960557,0.3381818181818182,0.8648971797884842,0.445367600997402
"{0: 1, 1: 1, 2: 1.5}",entropy,15,4,10,200,0.6915095420263837,0.6871390460900659,0.7041983002063648,0.2975566354351961,0.25901038847633273,0.35818181818181816,0.8676204465334901,0.4551377980716712
"{0: 1, 1: 1, 2: 1.5}",entropy,15,4,10,300,0.6904573939118881,0.6863122438810846,0.7025138481590093,0.2971851674895153,0.25799558284852403,0.35727272727272724,0.8659870740305525,0.45449405805846443
"{0: 1, 1: 1, 2: 1.5}",entropy,15,4,10,500,0.6901302778075973,0.685750672424952,0.7034075586898167,0.30001366449642314,0.25652179691653376,0.3672727272727273,0.8638219741480612,0.45606030982089274
"{0: 1, 1: 1, 2: 1.5}",entropy,20,1,2,200,0.6925942392927438,0.7025605191122735,0.689662969945228,0.279451192082771,0.32009920634920636,0.2581818181818182,0.8817185663924795,0.44470841096676017
"{0: 1, 1: 1, 2: 1.5}",entropy,20,1,2,300,0.6979801725890981,0.7081211036008421,0.6954188583220842,0.2912846974147284,0.33482142857142855,0.2681818181818182,0.8849647473560516,0.45396288748447633
"{0: 1, 1: 1, 2: 1.5}",entropy,20,1,2,500,0.6941109788974524,0.7074289305440512,0.6899426678458938,0.2781640866873065,0.33349206349206356,0.2481818181818182,0.8860517038777909,0.44454284357136487
"{0: 1, 1: 1, 2: 1.5}",entropy,20,1,5,200,0.6899775190196367,0.690888360646572,0.691325796366119,0.27157924222320506,0.2796897546897547,0.2681818181818182,0.8800910693301999,0.4389385529417777
"{0: 1, 1: 1, 2: 1.5}",entropy,20,1,5,300,0.6830611727276314,0.6863617562610294,0.6842452365436237,0.25327036396695835,0.26985569985569985,0.24818181818181814,0.8795475910693302,0.42518668747122756
"{0: 1, 1: 1, 2: 1.5}",entropy,20,1,5,500,0.6904379921233896,0.6949115267407888,0.6903243456066038,0.27038410419989367,0.29388888888888887,0.2581818181818182,0.8833519388954171,0.4384056593692921
"{0: 1, 1: 1, 2: 1.5}",entropy,20,1,10,200,0.683672820966893,0.6848411005699864,0.6865126883272045,0.26397006502269665,0.2703156565656566,0.2681818181818182,0.8752027027027027,0.4318511674003752
"{0: 1, 1: 1, 2: 1.5}",entropy,20,1,10,300,0.682153073477708,0.6796577097654244,0.6867450231966361,0.2647933353196511,0.2562752525252525,0.27818181818181814,0.8714012925969448,0.43173723058287383
"{0: 1, 1: 1, 2: 1.5}",entropy,20,1,10,500,0.6902778153652835,0.6905261435959328,0.6931217513072352,0.2827432030137643,0.2849676712176712,0.28818181818181815,0.8757461809635723,0.445757047954372
"{0: 1, 1: 1, 2: 1.5}",entropy,20,2,2,200,0.6916732379036191,0.6922862820614303,0.6937916608481125,0.2843496701620271,0.2873883061383061,0.28818181818181815,0.8773736780258519,0.44727909725866394
"{0: 1, 1: 1, 2: 1.5}",entropy,20,2,2,300,0.6905581356871637,0.6905733545844243,0.6939567914164689,0.28574714415271696,0.28217808335455397,0.29818181818181816,0.8752085781433608,0.4476715407664956
"{0: 1, 1: 1, 2: 1.5}",entropy,20,2,2,500,0.6893046194497836,0.6904458724388078,0.6913426507781347,0.2757364062329737,0.28164335664335666,0.27818181818181814,0.8784635722679202,0.44116369151969764
"{0: 1, 1: 1, 2: 1.5}",entropy,20,2,5,200,0.6913438153159167,0.6921772251457753,0.6959696426631911,0.2824989630252788,0.28218434343434345,0.29727272727272724,0.8768272620446534,0.44603690394153395
"{0: 1, 1: 1, 2: 1.5}",entropy,20,2,5,300,0.6910283831741889,0.6905524112536912,0.6957381611817095,0.2815934383440104,0.2770361582861583,0.29727272727272724,0.8768331374853113,0.4453674162760818
"{0: 1, 1: 1, 2: 1.5}",entropy,20,2,5,500,0.6928504137056268,0.6955899880910515,0.6946129691694207,0.2843359996220408,0.2933731546231546,0.28727272727272724,0.8790041128084607,0.4477417652554752
"{0: 1, 1: 1, 2: 1.5}",entropy,20,2,10,200,0.6888219969203118,0.6865594616067171,0.6953796024763766,0.27769563896566185,0.2584920634920635,0.30818181818181817,0.8735810810810811,0.44214618214752177
"{0: 1, 1: 1, 2: 1.5}",entropy,20,2,10,300,0.6909994494504992,0.6883146400176493,0.6963887337274434,0.2864508438421482,0.27141162758809817,0.3081818181818181,0.8741216216216217,0.4482702860854886
"{0: 1, 1: 1, 2: 1.5}",entropy,20,2,10,500,0.6826289928566772,0.678476098472072,0.6911627992676379,0.27071139971139974,0.24457346574993633,0.30818181818181817,0.8676175088131609,0.4354784369695107
"{0: 1, 1: 1, 2: 1.5}",entropy,20,4,2,200,0.6887330166884804,0.6860945280383137,0.699238118512312,0.2961881028888701,0.26646282638929697,0.3472727272727273,0.8659841363102234,0.45320606840871425
"{0: 1, 1: 1, 2: 1.5}",entropy,20,4,2,300,0.6907861398681278,0.6871681834251396,0.7007848841719809,0.2990043222308668,0.26767905297317063,0.34727272727272723,0.8670681551116335,0.45571704928577117
"{0: 1, 1: 1, 2: 1.5}",entropy,20,4,2,500,0.6883647085378861,0.6849134588304865,0.6969053825505439,0.2943151257590617,0.2647924297924298,0.3372727272727273,0.8659782608695652,0.45193495887059154
"{0: 1, 1: 1, 2: 1.5}",entropy,20,4,5,200,0.6887330166884804,0.6860945280383137,0.699238118512312,0.2961881028888701,0.26646282638929697,0.3472727272727273,0.8659841363102234,0.45320606840871425
"{0: 1, 1: 1, 2: 1.5}",entropy,20,4,5,300,0.6907861398681278,0.6871681834251396,0.7007848841719809,0.2990043222308668,0.26767905297317063,0.34727272727272723,0.8670681551116335,0.45571704928577117
"{0: 1, 1: 1, 2: 1.5}",entropy,20,4,5,500,0.6883647085378861,0.6849134588304865,0.6969053825505439,0.2943151257590617,0.2647924297924298,0.3372727272727273,0.8659782608695652,0.45193495887059154
"{0: 1, 1: 1, 2: 1.5}",entropy,20,4,10,200,0.6957378694918435,0.6911451066055482,0.7068149234278267,0.30301477932362497,0.2662381916329285,0.35727272727272724,0.8703319623971797,0.4601040153909124
"{0: 1, 1: 1, 2: 1.5}",entropy,20,4,10,300,0.6936630812728007,0.6906835092528303,0.703878202144331,0.3052839817187643,0.2727014652014652,0.35727272727272724,0.867614571092832,0.46063562154037885
"{0: 1, 1: 1, 2: 1.5}",entropy,20,4,10,500,0.6976066279353974,0.6925980446970159,0.709966698474763,0.3167200191113234,0.2760697635697636,0.3772727272727273,0.867623384253819,0.46907466264095304
"{0: 1, 1: 1, 2: 2}",gini,10,1,2,200,0.664794771775964,0.6631889881755344,0.6837632856987695,0.23723753476367487,0.18400437367929628,0.3381818181818182,0.8475264394829611,0.40826042956859054
"{0: 1, 1: 1, 2: 2}",gini,10,1,2,300,0.6649807276115717,0.6632986623390437,0.68429238622787,0.23689302725454003,0.18388180532917375,0.33818181818181814,0.8480669800235019,0.4081281073973527
"{0: 1, 1: 1, 2: 2}",gini,10,1,2,500,0.6595310558401988,0.659583125992843,0.6748876243231081,0.2195133388246993,0.1725655716832187,0.30818181818181817,0.8475146886016451,0.3955204256308991
"{0: 1, 1: 1, 2: 2}",gini,10,1,5,200,0.6587709506248316,0.6586564319729177,0.678462679793325,0.2299083181783404,0.17505335307966885,0.33818181818181814,0.8404700352526439,0.4014533711569369
"{0: 1, 1: 1, 2: 2}",gini,10,1,5,300,0.660438694318682,0.6603365896291128,0.6806708211143695,0.22822433962033517,0.1732818789397737,0.3381818181818182,0.8431903642773207,0.40111008149967387
"{0: 1, 1: 1, 2: 2}",gini,10,1,5,500,0.6643355265019886,0.6633335944221775,0.6853685084330245,0.23664840227131662,0.18039073454775434,0.34818181818181815,0.8453554641598121,0.4077232519635854
"{0: 1, 1: 1, 2: 2}",gini,10,1,10,200,0.6602812746081161,0.6592781260800314,0.6816146681872488,0.23567992753754713,0.17926126858065877,0.34818181818181815,0.8393918918918921,0.40552046636577477
"{0: 1, 1: 1, 2: 2}",gini,10,1,10,300,0.662107580630148,0.661055969394411,0.6815562111126627,0.23387132033294433,0.17993321820788505,0.33818181818181814,0.8426468860164512,0.4051658244518258
"{0: 1, 1: 1, 2: 2}",gini,10,1,10,500,0.6624318414358947,0.6613881441115633,0.6821599830874024,0.23227734919058612,0.17802845630312314,0.33818181818181814,0.8437309048178612,0.4043391460887096
"{0: 1, 1: 1, 2: 2}",gini,10,2,2,200,0.6655391894744164,0.6650881133703047,0.6893640708156837,0.24354234597159743,0.1832878653853886,0.36818181818181817,0.8437250293772032,0.412341083372725
"{0: 1, 1: 1, 2: 2}",gini,10,2,2,300,0.6633237927114719,0.6635966060521382,0.6858483258080031,0.23755292718990945,0.1793106540861959,0.35818181818181816,0.8437162162162162,0.40786127339853445
"{0: 1, 1: 1, 2: 2}",gini,10,2,2,500,0.6635754729273652,0.6642407058527835,0.6860883411689862,0.23736580837961602,0.17959752904698387,0.35818181818181816,0.8437191539365452,0.40784967419871565
"{0: 1, 1: 1, 2: 2}",gini,10,2,5,200,0.6592780998430909,0.6602771232489676,0.6838981209948951,0.23795491099665672,0.17743434343434344,0.36818181818181817,0.8372150411280845,0.40648418653523044
"{0: 1, 1: 1, 2: 2}",gini,10,2,5,300,0.662422333253333,0.6625604133635873,0.684955468665146,0.23790649543263553,0.17936062158030122,0.35818181818181816,0.8421004700352526,0.4077128305609145
"{0: 1, 1: 1, 2: 2}",gini,10,2,5,500,0.664696826112598,0.6648940938586443,0.6873460216605378,0.23900900712191034,0.1812708064881978,0.3581818181818182,0.8442714453584019,0.40928413471818537
"{0: 1, 1: 1, 2: 2}",gini,10,2,10,200,0.6664632199531384,0.6658721563270578,0.6921808135114585,0.25547832960513717,0.19248920377867748,0.38727272727272727,0.8404847238542891,0.41987228574433766
"{0: 1, 1: 1, 2: 2}",gini,10,2,10,300,0.666969779268846,0.6661969251906349,0.6925736628962437,0.24784128609702777,0.1860546131528094,0.3781818181818181,0.8431874265569916,0.41549268336575507
"{0: 1, 1: 1, 2: 2}",gini,10,2,10,500,0.6653168410712256,0.6651787398710687,0.6904316591413365,0.24756298003072197,0.18523232323232325,0.3781818181818182,0.8410135135135134,0.41466452444692337
"{0: 1, 1: 1, 2: 2}",gini,10,4,2,200,0.6610596427555634,0.6657837408903581,0.6908189421092646,0.25456246202213945,0.18408724270051505,0.4163636363636364,0.8307021151586369,0.41716133431550906
"{0: 1, 1: 1, 2: 2}",gini,10,4,2,300,0.6618596609332976,0.6669110045606825,0.6919027448059706,0.2529503869666142,0.1825826379739423,0.4163636363636363,0.831792009400705,0.4165140965532875
"{0: 1, 1: 1, 2: 2}",gini,10,4,2,500,0.6664275578569975,0.6702970738637721,0.6974356855808469,0.2618700287438428,0.19018570555143446,0.4263636363636363,0.8350470035252645,0.4236930403891047
"{0: 1, 1: 1, 2: 2}",gini,10,4,5,200,0.6610596427555634,0.6657837408903581,0.6908189421092646,0.25456246202213945,0.18408724270051505,0.4163636363636364,0.8307021151586369,0.41716133431550906
"{0: 1, 1: 1, 2: 2}",gini,10,4,5,300,0.6618596609332976,0.6669110045606825,0.6919027448059706,0.2529503869666142,0.1825826379739423,0.4163636363636363,0.831792009400705,0.4165140965532875
"{0: 1, 1: 1, 2: 2}",gini,10,4,5,500,0.6664275578569975,0.6702970738637721,0.6974356855808469,0.2618700287438428,0.19018570555143446,0.4263636363636363,0.8350470035252645,0.4236930403891047
"{0: 1, 1: 1, 2: 2}",gini,10,4,10,200,0.6585638260186244,0.6629882006568913,0.6888849516672096,0.25252201503125304,0.18202438865482345,0.4163636363636363,0.8280023501762633,0.4149387394262016
"{0: 1, 1: 1, 2: 2}",gini,10,4,10,300,0.663586635414609,0.6665281128916127,0.695204076091173,0.260608935656374,0.18823339703774486,0.4263636363636364,0.8318037602820212,0.421800015559668
"{0: 1, 1: 1, 2: 2}",gini,10,4,10,500,0.6727881280437106,0.6756555540650171,0.7094302665673633,0.2817880246609881,0.20297620093272267,0.4663636363636363,0.8355992949471212,0.4381880660140771
"{0: 1, 1: 1, 2: 2}",gini,15,1,2,200,0.6737014452871667,0.6702570330545586,0.680029286722835,0.23578788361397054,0.220255994005994,0.2581818181818182,0.8697737955346652,0.41095330828324905
"{0: 1, 1: 1, 2: 2}",gini,15,1,2,300,0.6712306011587778,0.6683594095935901,0.677647267606945,0.2325376022401194,0.21597485847485848,0.2581818181818182,0.8676028202115159,0.40801480180758276
"{0: 1, 1: 1, 2: 2}",gini,15,1,2,500,0.6770754901334739,0.6739652920411922,0.6831802083818213,0.24463830855135202,0.2291133866133866,0.2681818181818182,0.8708607520564042,0.41761318118420077
"{0: 1, 1: 1, 2: 2}",gini,15,1,5,200,0.6758371751250036,0.6723875092872764,0.6828164517680647,0.2387102877132862,0.2181220533852113,0.2681818181818182,0.8697708578143362,0.41356104267797317
"{0: 1, 1: 1, 2: 2}",gini,15,1,5,300,0.6771636104201872,0.6747723860558699,0.6835277506245248,0.2495668354020757,0.23110195360195357,0.2781818181818182,0.8681433607520563,0.42060554540932027
"{0: 1, 1: 1, 2: 2}",gini,15,1,5,500,0.6826630583615152,0.6780118747087699,0.6912206163012615,0.26217485413137587,0.2364502164502164,0.2981818181818182,0.8697737955346649,0.43037013582343164
"{0: 1, 1: 1, 2: 2}",gini,15,1,10,200,0.6785193566321769,0.6738579236096875,0.6881610071529426,0.26511045176712345,0.23453947368421052,0.30818181818181817,0.8621739130434782,0.43047401371314487
"{0: 1, 1: 1, 2: 2}",gini,15,1,10,300,0.6789176646649925,0.6739000701186774,0.6901214526214526,0.26681056324984365,0.2318609022556391,0.3181818181818182,0.8610869565217392,0.43165340381590317
"{0: 1, 1: 1, 2: 2}",gini,15,1,10,500,0.676705334905016,0.6722744811724809,0.6875070986361309,0.255870882740448,0.22053113553113554,0.30818181818181817,0.8627115158636899,0.4242046636062752
"{0: 1, 1: 1, 2: 2}",gini,15,2,2,200,0.6744835368685514,0.6714722526686576,0.6823455949665627,0.24766207405787616,0.21970805510279195,0.2881818181818182,0.8643478260869566,0.41839065918214624
"{0: 1, 1: 1, 2: 2}",gini,15,2,2,300,0.673329477961583,0.6701728958487638,0.6827507408959022,0.24921085860666067,0.21640677305150988,0.29818181818181816,0.8621797884841363,0.41885830634862964
"{0: 1, 1: 1, 2: 2}",gini,15,2,2,500,0.6804115648116513,0.6764170884654667,0.6915018076308399,0.2659748367574455,0.2320687645687646,0.3181818181818182,0.864894242068155,0.43174952797912786
"{0: 1, 1: 1, 2: 2}",gini,15,2,5,200,0.6776278530699277,0.6744524546750503,0.6872926849136527,0.26127769845862414,0.2313598901098901,0.30818181818181817,0.8627173913043478,0.42781776030314556
"{0: 1, 1: 1, 2: 2}",gini,15,2,5,300,0.6780222367856304,0.6741611956166064,0.6881279383698737,0.259718799940689,0.22779413568887255,0.30818181818181817,0.8638043478260868,0.4270401746786656
"{0: 1, 1: 1, 2: 2}",gini,15,2,5,500,0.682455432396455,0.6780457014899637,0.6931147108566462,0.2692455340761188,0.23642134181607868,0.3181818181818182,0.8665158636897768,0.4345294934042533
"{0: 1, 1: 1, 2: 2}",gini,15,2,10,200,0.6750739646308519,0.6711641923598982,0.688244852519046,0.26164206164206166,0.22019162210338683,0.32818181818181813,0.8572972972972973,0.42701482283757775
"{0: 1, 1: 1, 2: 2}",gini,15,2,10,300,0.6816225471188349,0.6765632627198217,0.695732827507021,0.2779041248606466,0.23292582417582416,0.34727272727272723,0.8600088131609871,0.4393914937639219
"{0: 1, 1: 1, 2: 2}",gini,15,2,10,500,0.679055008578114,0.6743365129645812,0.6924539752362333,0.27210033444816056,0.229235347985348,0.33818181818181814,0.8594682726204464,0.4348822041001419
"{0: 1, 1: 1, 2: 2}",gini,15,4,2,200,0.6903893512462008,0.6862436104179784,0.7122795155859671,0.3074986522150037,0.24666936950218682,0.4163636363636364,0.8567655699177438,0.46065493182748257
"{0: 1, 1: 1, 2: 2}",gini,15,4,2,300,0.6891231311519384,0.6856080768932378,0.709839039395491,0.3025025227007986,0.24474270569471807,0.40636363636363637,0.8578525264394831,0.4571507660812545
"{0: 1, 1: 1, 2: 2}",gini,15,4,2,500,0.6868352804108825,0.6827938343892115,0.7104981458207265,0.30001188122016814,0.2358472663387524,0.4172727272727273,0.855132197414806,0.45474124089645385
"{0: 1, 1: 1, 2: 2}",gini,15,4,5,200,0.6903893512462008,0.6862436104179784,0.7122795155859671,0.3074986522150037,0.24666936950218682,0.4163636363636364,0.8567655699177438,0.46065493182748257
"{0: 1, 1: 1, 2: 2}",gini,15,4,5,300,0.6891231311519384,0.6856080768932378,0.709839039395491,0.3025025227007986,0.24474270569471807,0.40636363636363637,0.8578525264394831,0.4571507660812545
"{0: 1, 1: 1, 2: 2}",gini,15,4,5,500,0.6868352804108825,0.6827938343892115,0.7104981458207265,0.30001188122016814,0.2358472663387524,0.4172727272727273,0.855132197414806,0.45474124089645385
"{0: 1, 1: 1, 2: 2}",gini,15,4,10,200,0.6846106182897456,0.6799015998453356,0.706141949448401,0.2910634986679611,0.23174369747899157,0.39636363636363636,0.8562103407755582,0.4484823465166749
"{0: 1, 1: 1, 2: 2}",gini,15,4,10,300,0.6902928337142986,0.6852967598576907,0.7143637023072507,0.3100009978074494,0.24512605042016808,0.4263636363636364,0.8567538190364278,0.46211773217018914
"{0: 1, 1: 1, 2: 2}",gini,15,4,10,500,0.6835213401855387,0.6801258702312853,0.7066132329438781,0.29067045342907416,0.22758665365459682,0.40636363636363637,0.8545828437132785,0.44781080813165997
"{0: 1, 1: 1, 2: 2}",gini,20,1,2,200,0.6801773628779026,0.6796800038100492,0.6834769740414902,0.2492256629716584,0.24735431235431235,0.2581818181818182,0.8752056404230316,0.4216063429341561
"{0: 1, 1: 1, 2: 2}",gini,20,1,2,300,0.6885967055449717,0.6868854219789579,0.6926246528262656,0.2756518569150148,0.268989898989899,0.2881818181818182,0.8757432432432433,0.4408297963669976
"{0: 1, 1: 1, 2: 2}",gini,20,1,2,500,0.691570972521082,0.6895818024697514,0.6960904746388616,0.27753883818280106,0.27302308802308806,0.2881818181818182,0.8790011750881316,0.44315169191811343
"{0: 1, 1: 1, 2: 2}",gini,20,1,5,200,0.6833861119804712,0.6809327230906126,0.6883003227358067,0.2633761852182904,0.2545779220779221,0.2781818181818182,0.872485311398355,0.4313801559231627
"{0: 1, 1: 1, 2: 2}",gini,20,1,5,300,0.6773345401438712,0.6753141122461092,0.6816741919967726,0.24423064688510907,0.23580705242469951,0.2581818181818182,0.8719359576968273,0.41747220418861386
"{0: 1, 1: 1, 2: 2}",gini,20,1,5,500,0.6911578356741026,0.6890402611140756,0.696273739701159,0.2828852434115592,0.2748737373737374,0.2981818181818182,0.8746592244418331,0.44619428031657654
"{0: 1, 1: 1, 2: 2}",gini,20,1,10,200,0.6834699131155331,0.6787163111166842,0.6921559294946392,0.2724543572369659,0.24617049617049616,0.3081818181818182,0.8659694477085781,0.43686057958839275
"{0: 1, 1: 1, 2: 2}",gini,20,1,10,300,0.6846374792723966,0.6805169699318359,0.6920311215069279,0.27742079176861784,0.2545668057432763,0.3081818181818182,0.8670564042303173,0.44030746677012933
"{0: 1, 1: 1, 2: 2}",gini,20,1,10,500,0.6842808431126566,0.6800600482516174,0.6922626029884094,0.274884246188594,0.2508974358974359,0.3081818181818182,0.8670505287896593,0.438642884958219
"{0: 1, 1: 1, 2: 2}",gini,20,2,2,200,0.6797903744529552,0.6761213188723666,0.6877547944886654,0.2631338776166362,0.23955029619503304,0.29818181818181816,0.8665246768507637,0.4297964763511638
"{0: 1, 1: 1, 2: 2}",gini,20,2,2,300,0.6839358346666858,0.6799882382784306,0.6919895188443574,0.27175230566534914,0.2461155511155511,0.30818181818181817,0.868692714453584,0.43662571726588384
"{0: 1, 1: 1, 2: 2}",gini,20,2,2,500,0.6813379521872333,0.6769016837840806,0.6902528743657775,0.26874536757595224,0.2411507790455159,0.30818181818181817,0.8659753231492363,0.43378240142046465
"{0: 1, 1: 1, 2: 2}",gini,20,2,5,200,0.6779819883937654,0.6744335836858417,0.6864309764309764,0.2576977225672878,0.23004995004995005,0.29818181818181816,0.8654289071680376,0.4258114288978788
"{0: 1, 1: 1, 2: 2}",gini,20,2,5,300,0.6856471469517647,0.6814546704096991,0.6946614765163153,0.2781483154526633,0.2507459207459207,0.3181818181818182,0.8676057579318449,0.44114784805230384
"{0: 1, 1: 1, 2: 2}",gini,20,2,5,500,0.6905462578170167,0.6859024854307245,0.699905332123074,0.28789485876442394,0.2603205128205128,0.32818181818181813,0.8703202115158637,0.44895541838546105
"{0: 1, 1: 1, 2: 2}",gini,20,2,10,200,0.6875228084102571,0.6816955426020515,0.7028264790764791,0.2871670489541554,0.24136882080767527,0.35818181818181816,0.8638160987074031,0.4473093527365961
"{0: 1, 1: 1, 2: 2}",gini,20,2,10,300,0.6837650363818605,0.6786190777957187,0.6979463800834769,0.279917057399816,0.23579552155790545,0.34818181818181815,0.8621827262044655,0.4414562489926338
"{0: 1, 1: 1, 2: 2}",gini,20,2,10,500,0.6885467314324695,0.6827733191895471,0.7013866002575678,0.28962621136983957,0.24977715267188955,0.34818181818181815,0.8654347826086957,0.4491944193948915
"{0: 1, 1: 1, 2: 2}",gini,20,4,2,200,0.6973570084086468,0.6910116700074709,0.7230742331145558,0.32647625956606946,0.2597628687102372,0.4463636363636364,0.8589453584018802,0.4748285591031004
"{0: 1, 1: 1, 2: 2}",gini,20,4,2,300,0.6934745101898386,0.6882465142494768,0.7170689421092648,0.31436726081403743,0.2522151532677848,0.4263636363636364,0.8594800235017626,0.4660101605643579
"{0: 1, 1: 1, 2: 2}",gini,20,4,2,500,0.6893912467280081,0.6840959016060931,0.7109228420921969,0.30273399014778324,0.2430416728094747,0.40636363636363637,0.858933607520564,0.4573968927798732
"{0: 1, 1: 1, 2: 2}",gini,20,4,5,200,0.6973570084086468,0.6910116700074709,0.7230742331145558,0.32647625956606946,0.2597628687102372,0.4463636363636364,0.8589453584018802,0.4748285591031004
"{0: 1, 1: 1, 2: 2}",gini,20,4,5,300,0.6934745101898386,0.6882465142494768,0.7170689421092648,0.31436726081403743,0.2522151532677848,0.4263636363636364,0.8594800235017626,0.4660101605643579
"{0: 1, 1: 1, 2: 2}",gini,20,4,5,500,0.6893912467280081,0.6840959016060931,0.7109228420921969,0.30273399014778324,0.2430416728094747,0.40636363636363637,0.858933607520564,0.4573968927798732
"{0: 1, 1: 1, 2: 2}",gini,20,4,10,200,0.6840946266554206,0.6801455463433694,0.704678389113873,0.29286676286676283,0.2339774388016076,0.39636363636363636,0.8556698002350176,0.449357908382226
"{0: 1, 1: 1, 2: 2}",gini,20,4,10,300,0.6867375939576587,0.6826049283988296,0.7077492280718087,0.29940081119391465,0.2382309941520468,0.4054545454545454,0.8567508813160988,0.45433552429941226
"{0: 1, 1: 1, 2: 2}",gini,20,4,10,500,0.6825814391265113,0.6787829802757368,0.7006913606107155,0.2829804499459672,0.22803436286795414,0.37636363636363634,0.8573002350176262,0.4428208456181848
"{0: 1, 1: 1, 2: 2}",entropy,10,1,2,200,0.6609167274946388,0.6606237802019799,0.674952695154308,0.22449005305039788,0.1775858206121364,0.30818181818181817,0.8502408930669801,0.39906072282809424
"{0: 1, 1: 1, 2: 2}",entropy,10,1,2,300,0.663535573574477,0.6634655240154718,0.6784012358609133,0.2310680497663256,0.1827782889624995,0.3181818181818182,0.8518713278495887,0.4040550592895862
"{0: 1, 1: 1, 2: 2}",entropy,10,1,2,500,0.6675362145110278,0.6668764410417395,0.683698137286847,0.2448301698301698,0.19312751187431493,0.3372727272727273,0.8518654524089306,0.41391258770251305
"{0: 1, 1: 1, 2: 2}",entropy,10,1,5,200,0.6734595383788504,0.6719350553932102,0.6939435639032413,0.2593831557969489,0.20155661211853163,0.36818181818181817,0.8529553466509988,0.4250137088297095
"{0: 1, 1: 1, 2: 2}",entropy,10,1,5,300,0.6617618137061569,0.661749524061059,0.679775830501637,0.23674548440065682,0.18347869674185463,0.3381818181818182,0.8458960047003525,0.40675201612285683
"{0: 1, 1: 1, 2: 2}",entropy,10,1,5,500,0.667468243585846,0.6666265168413719,0.6866901930208382,0.24394951128393516,0.18923350041771095,0.3481818181818182,0.8507784958871916,0.4133570042046995
"{0: 1, 1: 1, 2: 2}",entropy,10,1,10,200,0.6683656007386607,0.6685060435271318,0.6858324605502024,0.2465961538461538,0.19285858585858584,0.3472727272727273,0.8502291421856638,0.41530393260315657
"{0: 1, 1: 1, 2: 2}",entropy,10,1,10,300,0.6624532666865494,0.6626458261980404,0.6789482575369672,0.232333321932877,0.1811927730665111,0.3281818181818182,0.8486192714453583,0.404381299834346
"{0: 1, 1: 1, 2: 2}",entropy,10,1,10,500,0.6592806564147348,0.6610501793018583,0.6759710003258389,0.22771540793898967,0.17576876295209853,0.3281818181818182,0.8453554641598119,0.40034150732928775
"{0: 1, 1: 1, 2: 2}",entropy,10,2,2,200,0.6704267774119685,0.6697231567246165,0.6917052630762308,0.2618344363171949,0.20101733447001985,0.3772727272727272,0.8469800235017626,0.4252713727551044
"{0: 1, 1: 1, 2: 2}",entropy,10,2,2,300,0.6684432285628769,0.6685090973321466,0.6879751043460721,0.2568741335704628,0.19813488324391543,0.36727272727272725,0.8469800235017626,0.4215017715674284
"{0: 1, 1: 1, 2: 2}",entropy,10,2,2,500,0.6669579735501884,0.6670645857026455,0.6863262230600939,0.24929012716292695,0.19206852916605238,0.35818181818181816,0.8480728554641598,0.4163572657178315
"{0: 1, 1: 1, 2: 2}",entropy,10,2,5,200,0.668551510218664,0.6673080927504309,0.689134645223355,0.25631284424387873,0.19772915077548942,0.36727272727272725,0.8464453584018802,0.4212083106337928
"{0: 1, 1: 1, 2: 2}",entropy,10,2,5,300,0.6748021775528867,0.6737762329410819,0.6992313495942528,0.2783234059907488,0.21329291365669073,0.40545454545454546,0.8464424206815512,0.43691491461560394
"{0: 1, 1: 1, 2: 2}",entropy,10,2,5,500,0.6666757416713115,0.667767232851972,0.6869083694083693,0.25266397555190656,0.19374731056697,0.3672727272727273,0.8458989424206814,0.4182686819996685
"{0: 1, 1: 1, 2: 2}",entropy,10,2,10,200,0.6708054908770233,0.6714928210474086,0.6916316583655293,0.2607708758612541,0.2005771056428951,0.37727272727272726,0.8480728554641598,0.4247847218675618
"{0: 1, 1: 1, 2: 2}",entropy,10,2,10,300,0.6734904729840709,0.6732475097214745,0.6964946895995283,0.26482228021021126,0.20228910963178698,0.38727272727272727,0.8497003525264395,0.42828955731975515
"{0: 1, 1: 1, 2: 2}",entropy,10,2,10,500,0.6684316050466992,0.669036889578708,0.6904241144160499,0.25666272141939545,0.19537066990307667,0.37727272727272726,0.8459018801410106,0.4213702748703169
"{0: 1, 1: 1, 2: 2}",entropy,10,4,2,200,0.6681128289553987,0.6716658682603224,0.697873046905305,0.26705275626053615,0.19605464101116274,0.4263636363636364,0.8388396004700353,0.4274767853384812
"{0: 1, 1: 1, 2: 2}",entropy,10,4,2,300,0.6682226085606773,0.6727733852365219,0.6968094345916926,0.2677114633732281,0.19665079379273753,0.4254545454545454,0.8383019976498238,0.4279159214482078
"{0: 1, 1: 1, 2: 2}",entropy,10,4,2,500,0.6696393817559836,0.6739084182657538,0.6981652546975127,0.2695076579018704,0.1984745352686529,0.4254545454545454,0.8399265569917743,0.4295603474435157
"{0: 1, 1: 1, 2: 2}",entropy,10,4,5,200,0.6681128289553987,0.6716658682603224,0.697873046905305,0.26705275626053615,0.19605464101116274,0.4263636363636364,0.8388396004700353,0.4274767853384812
"{0: 1, 1: 1, 2: 2}",entropy,10,4,5,300,0.6682226085606773,0.6727733852365219,0.6968094345916926,0.2677114633732281,0.19665079379273753,0.4254545454545454,0.8383019976498238,0.4279159214482078
"{0: 1, 1: 1, 2: 2}",entropy,10,4,5,500,0.6696393817559836,0.6739084182657538,0.6981652546975127,0.2695076579018704,0.1984745352686529,0.4254545454545454,0.8399265569917743,0.4295603474435157
"{0: 1, 1: 1, 2: 2}",entropy,10,4,10,200,0.6693082746144919,0.6742814336259043,0.7004863341556891,0.2674528835866597,0.19339956500826067,0.43636363636363634,0.83939776733255,0.4281950399977926
"{0: 1, 1: 1, 2: 2}",entropy,10,4,10,300,0.6697485304872594,0.6741363575999227,0.7021982303837142,0.2751902961476249,0.2000559319907146,0.4463636363636363,0.8383049353701528,0.4330135898834787
"{0: 1, 1: 1, 2: 2}",entropy,10,4,10,500,0.6677954104207784,0.6722680924884117,0.69720207062949,0.26678905127966174,0.19500567065784452,0.4263636363636364,0.8393889541715629,0.42719159493610837
"{0: 1, 1: 1, 2: 2}",entropy,15,1,2,200,0.6742263470852009,0.6735040280426772,0.6781091638349702,0.2432695394224537,0.23594265211912271,0.2581818181818182,0.869767920094007,0.4156522624875526
"{0: 1, 1: 1, 2: 2}",entropy,15,1,2,300,0.6719729607925713,0.6723201670283923,0.6745272812611522,0.23526857327772657,0.229020979020979,0.24818181818181814,0.8692215041128085,0.40995032828366446
"{0: 1, 1: 1, 2: 2}",entropy,15,1,2,500,0.6814367756395467,0.6810769129027643,0.683873586091328,0.25672974368626544,0.2498038073038073,0.2681818181818182,0.8730229142185664,0.42661255646757795
"{0: 1, 1: 1, 2: 2}",entropy,15,1,5,200,0.6833597068402172,0.6813155426267994,0.6885721267979332,0.26443805779953494,0.2487420766368135,0.28818181818181815,0.8713924794359578,0.4320067174158079
"{0: 1, 1: 1, 2: 2}",entropy,15,1,5,300,0.6816385295141939,0.6800597430053191,0.6870253611382644,0.2614483342744212,0.24474829092476152,0.28818181818181815,0.8703084606345476,0.42952441237033034
"{0: 1, 1: 1, 2: 2}",entropy,15,1,5,500,0.6807977738299139,0.6794043190577037,0.6861986415615448,0.2612287470983123,0.24494172494172495,0.28818181818181815,0.8692303172737956,0.42905635779095297
"{0: 1, 1: 1, 2: 2}",entropy,15,1,10,200,0.6801275141773329,0.6760616591675271,0.691617868392062,0.26906729502381677,0.23023351648351648,0.3281818181818182,0.8621797884841363,0.43349138268522325
"{0: 1, 1: 1, 2: 2}",entropy,15,1,10,300,0.6728230403766785,0.6689282996820805,0.6849605889928472,0.25585804716689275,0.21575643482764226,0.3181818181818182,0.8573031727379554,0.42264404445080705
"{0: 1, 1: 1, 2: 2}",entropy,15,1,10,500,0.6740525831064792,0.6699380425717586,0.6849021319182609,0.2535237936587261,0.21717926036811486,0.30818181818181817,0.8605522914218569,0.42173530943782733
"{0: 1, 1: 1, 2: 2}",entropy,15,2,2,200,0.6797374548630943,0.6762607630659263,0.6891850726931372,0.25918866157996595,0.2258109782374488,0.30818181818181817,0.8670593419506464,0.42740817889321736
"{0: 1, 1: 1, 2: 2}",entropy,15,2,2,300,0.6847727215650188,0.6809309259822189,0.6970110668900992,0.2763239723239723,0.2364779093455564,0.33818181818181814,0.8659870740305522,0.43970347202039095
"{0: 1, 1: 1, 2: 2}",entropy,15,2,2,500,0.6788605671701908,0.6757651509953648,0.6889715123586091,0.2636894409937889,0.22748473748473746,0.3181818181818182,0.8632755581668625,0.4297578914643496
"{0: 1, 1: 1, 2: 2}",entropy,15,2,5,200,0.6917052029593705,0.6861906717779569,0.7050164859035826,0.29555424446728795,0.2541564644505821,0.3581818181818182,0.8686956521739131,0.45401462786412095
"{0: 1, 1: 1, 2: 2}",entropy,15,2,5,300,0.6918586298220432,0.686680077296596,0.7049674160964483,0.2961689180384833,0.25558025308025306,0.3581818181818182,0.8681551116333726,0.45444480275190724
"{0: 1, 1: 1, 2: 2}",entropy,15,2,5,500,0.684404738802543,0.6802219438686528,0.6953896297847912,0.2830039994432798,0.24573599774838167,0.3381818181818182,0.8643595769682726,0.4435642951869851
"{0: 1, 1: 1, 2: 2}",entropy,15,2,10,200,0.686941328971633,0.6811452225275214,0.7024125859206504,0.28648817227527873,0.24166239977772488,0.3581818181818182,0.8643537015276145,0.4466694349538204
"{0: 1, 1: 1, 2: 2}",entropy,15,2,10,300,0.6761729439766746,0.6727118570401577,0.688657678939937,0.26370185370185373,0.22356792717086832,0.3281818181818182,0.858924794359577,0.4286902898117821
"{0: 1, 1: 1, 2: 2}",entropy,15,2,10,500,0.6748339105529066,0.6707081296384048,0.6883024562056821,0.261243426682707,0.21959283535521928,0.3281818181818182,0.8578378378378378,0.42667962023078687
"{0: 1, 1: 1, 2: 2}",entropy,15,4,2,200,0.6966143362230062,0.6918777878265148,0.7221054244441343,0.33212287716403405,0.2631156108515107,0.45636363636363636,0.8573178613396006,0.47791946078762293
"{0: 1, 1: 1, 2: 2}",entropy,15,4,2,300,0.6872043038437534,0.6825592423953301,0.7111464297351395,0.3086591606875583,0.24305125558995525,0.4263636363636364,0.8535076380728555,0.46007721795003637
"{0: 1, 1: 1, 2: 2}",entropy,15,4,2,500,0.6873821558349469,0.6830187148435969,0.7129415312883055,0.3102910052910053,0.24141711229946522,0.43636363636363634,0.852970035252644,0.4611274655085819
"{0: 1, 1: 1, 2: 2}",entropy,15,4,5,200,0.6966143362230062,0.6918777878265148,0.7221054244441343,0.33212287716403405,0.2631156108515107,0.45636363636363636,0.8573178613396006,0.47791946078762293
"{0: 1, 1: 1, 2: 2}",entropy,15,4,5,300,0.6872043038437534,0.6825592423953301,0.7111464297351395,0.3086591606875583,0.24305125558995525,0.4263636363636364,0.8535076380728555,0.46007721795003637
"{0: 1, 1: 1, 2: 2}",entropy,15,4,5,500,0.6873821558349469,0.6830187148435969,0.7129415312883055,0.3102910052910053,0.24141711229946522,0.43636363636363634,0.852970035252644,0.4611274655085819
"{0: 1, 1: 1, 2: 2}",entropy,15,4,10,200,0.6882105009341588,0.6853914201457466,0.7148934428773138,0.3128820365458297,0.24277038364112666,0.4463636363636364,0.8518830787309047,0.4630134223011613
"{0: 1, 1: 1, 2: 2}",entropy,15,4,10,300,0.6905636657158621,0.6858955710789377,0.7187473428602462,0.32053822295201606,0.24842449260405916,0.45636363636363636,0.8529641598119859,0.4685484000575545
"{0: 1, 1: 1, 2: 2}",entropy,15,4,10,500,0.6937783750532488,0.6889056741782065,0.722270768359478,0.31975916803503013,0.24746818025455797,0.45636363636363636,0.856765569917744,0.46936685084231755
"{0: 1, 1: 1, 2: 2}",entropy,20,1,2,200,0.682200414792246,0.6819508455786487,0.6844112204999302,0.2607913723703198,0.2580510992275698,0.2681818181818182,0.8735693301997649,0.4293549893390903
"{0: 1, 1: 1, 2: 2}",entropy,20,1,2,300,0.6850614862229208,0.684279153592497,0.687810691399401,0.26650565808460547,0.25946524064171117,0.2781818181818182,0.8746621621621621,0.4339279893399316
"{0: 1, 1: 1, 2: 2}",entropy,20,1,2,500,0.6897361033280107,0.6894182428308391,0.6924593089109218,0.278951165793271,0.2756773618538324,0.28818181818181815,0.8762837837837838,0.44326514080716684
"{0: 1, 1: 1, 2: 2}",entropy,20,1,5,200,0.6929474890879789,0.6908252482370498,0.6975802766528573,0.291988931485499,0.2819671831436537,0.3081818181818181,0.8741216216216217,0.45237235452649094
"{0: 1, 1: 1, 2: 2}",entropy,20,1,5,300,0.6913991532510825,0.6891393329377122,0.6959003824729632,0.28419127020957685,0.2755293317793318,0.29818181818181816,0.8757403055229144,0.4470744234261791
"{0: 1, 1: 1, 2: 2}",entropy,20,1,5,500,0.6942031535058824,0.691941814484618,0.6995492560008689,0.29952568661950807,0.2885868298368298,0.3181818181818182,0.8730376028202116,0.45739667337405776
"{0: 1, 1: 1, 2: 2}",entropy,20,1,10,200,0.6865072167631283,0.6831153383925705,0.6953313860571925,0.276491820240104,0.24973033502445263,0.3181818181818182,0.8692420681551118,0.44049797884931374
"{0: 1, 1: 1, 2: 2}",entropy,20,1,10,300,0.6816568099680148,0.6775840073186229,0.6917503568713246,0.2706358760317571,0.2394761447702624,0.3181818181818182,0.8649001175088132,0.4350442496062602
"{0: 1, 1: 1, 2: 2}",entropy,20,1,10,500,0.6770521730862524,0.673072931164674,0.6867550505050505,0.2615320752322251,0.23046597365482815,0.30818181818181817,0.8621856639247945,0.4277401143738361
"{0: 1, 1: 1, 2: 2}",entropy,20,2,2,200,0.6916341045031797,0.6867155884520911,0.6998241826870858,0.2904197252023339,0.2622877122877123,0.32727272727272727,0.872488249118684,0.45090547692267224
"{0: 1, 1: 1, 2: 2}",entropy,20,2,2,300,0.6913327624815631,0.6864825612968557,0.7010038557619203,0.29334952004517223,0.26087412587412584,0.33818181818181814,0.8703172737955347,0.45254281701972854
"{0: 1, 1: 1, 2: 2}",entropy,20,2,2,500,0.6880435771662926,0.683810519771102,0.6967893217893218,0.2860154338415207,0.25645188145188147,0.32727272727272727,0.8686868390129259,0.4468266911714295
"{0: 1, 1: 1, 2: 2}",entropy,20,2,5,200,0.6937093806052084,0.6889767725631157,0.7047741819112787,0.3026112398346281,0.2653383458646617,0.3563636363636364,0.8697737955346652,0.45905049614286025
"{0: 1, 1: 1, 2: 2}",entropy,20,2,5,300,0.6890868169602391,0.6844767648537831,0.699731240981241,0.28723188405797095,0.2523393273393273,0.3381818181818182,0.8692391304347826,0.4479738572188783
"{0: 1, 1: 1, 2: 2}",entropy,20,2,5,500,0.6895211775451097,0.6849361650312847,0.7002027378237056,0.2888565174890561,0.2556726606726607,0.3381818181818182,0.8692361927144535,0.44912238151147754
"{0: 1, 1: 1, 2: 2}",entropy,20,2,10,200,0.6947359264982464,0.6889786434189039,0.7114471132213067,0.3078712616163891,0.2578570200009828,0.38727272727272727,0.866524676850764,0.4626171275691321
"{0: 1, 1: 1, 2: 2}",entropy,20,2,10,300,0.6818453360162319,0.6772564554752327,0.6970564322177226,0.2820592342569902,0.23572074983839686,0.35727272727272724,0.8594712103407757,0.44197367496068685
"{0: 1, 1: 1, 2: 2}",entropy,20,2,10,500,0.6805257778757297,0.676045290168564,0.693678586944716,0.2730071637507919,0.2313644542591911,0.33818181818181814,0.8616451233842539,0.43601460940076703
"{0: 1, 1: 1, 2: 2}",entropy,20,4,2,200,0.6920407377891873,0.6872957572220193,0.7161448587255039,0.31706151319944426,0.25053964568283454,0.43545454545454537,0.8567626321974148,0.4670532030353415
"{0: 1, 1: 1, 2: 2}",entropy,20,4,2,300,0.6870567963397868,0.6818657351849549,0.7108433994321091,0.30903933869451106,0.24306716546267632,0.4254545454545454,0.8535076380728555,0.46024632175262137
"{0: 1, 1: 1, 2: 2}",entropy,20,4,2,500,0.6913775385666917,0.68635264175627,0.7156126355723129,0.31901225211570033,0.2528947368421053,0.43636363636363634,0.8556756756756757,0.4679583666960969
"{0: 1, 1: 1, 2: 2}",entropy,20,4,5,200,0.6920407377891873,0.6872957572220193,0.7161448587255039,0.31706151319944426,0.25053964568283454,0.43545454545454537,0.8567626321974148,0.4670532030353415
"{0: 1, 1: 1, 2: 2}",entropy,20,4,5,300,0.6870567963397868,0.6818657351849549,0.7108433994321091,0.30903933869451106,0.24306716546267632,0.4254545454545454,0.8535076380728555,0.46024632175262137
"{0: 1, 1: 1, 2: 2}",entropy,20,4,5,500,0.6913775385666917,0.68635264175627,0.7156126355723129,0.31901225211570033,0.2528947368421053,0.43636363636363634,0.8556756756756757,0.4679583666960969
"{0: 1, 1: 1, 2: 2}",entropy,20,4,10,200,0.6879914252254598,0.6849652654207016,0.7140712811680553,0.3086572911700832,0.24130959752321984,0.4372727272727273,0.854048178613396,0.46039094479223386
"{0: 1, 1: 1, 2: 2}",entropy,20,4,10,300,0.6902450445095946,0.6863255931983876,0.7161417361014134,0.30850624471314125,0.23955332705164442,0.43636363636363634,0.8562191539365454,0.4612017646317226
"{0: 1, 1: 1, 2: 2}",entropy,20,4,10,500,0.6936719564194226,0.6891877139254051,0.7226259910937332,0.3171517334476177,0.2440928087482132,0.45636363636363636,0.857846650998825,0.46775982263633964
"{0: 1, 1: 1, 2: 3}",gini,10,1,2,200,0.6400863281732562,0.6540764906805471,0.6721769732656829,0.21948798277745646,0.15138466154232944,0.40727272727272723,0.8111780258519389,0.38772732093577633
"{0: 1, 1: 1, 2: 3}",gini,10,1,2,300,0.640602004534259,0.6538091653147337,0.6731946383962513,0.2188871151371151,0.1506026044517424,0.40727272727272723,0.8117273795534665,0.3875730708959727
"{0: 1, 1: 1, 2: 3}",gini,10,1,2,500,0.641106424491986,0.6539021600790159,0.6715979495414979,0.21711331518332416,0.15035181928266636,0.3972727272727273,0.8138983548766158,0.3867105589067889
"{0: 1, 1: 1, 2: 3}",gini,10,1,5,200,0.6507457091061345,0.6637858863715278,0.6906695216372636,0.24830667811299084,0.1699903259701828,0.46545454545454545,0.8128084606345476,0.40928229051024834
"{0: 1, 1: 1, 2: 3}",gini,10,1,5,300,0.6441301515109205,0.6582455724987395,0.6781714417601513,0.22805845840750633,0.1565438522722461,0.4254545454545455,0.8117185663924793,0.39448713564887194
"{0: 1, 1: 1, 2: 3}",gini,10,1,5,500,0.6465500108419702,0.6607556091721725,0.6804831339508758,0.23016873156796133,0.15829213000570064,0.4263636363636364,0.8149706227967097,0.39672124327756486
"{0: 1, 1: 1, 2: 3}",gini,10,1,10,200,0.6448009843824627,0.6615467508290166,0.687544841657745,0.24332438803027037,0.16467481332862982,0.47545454545454546,0.806301410105758,0.4039150265711473
"{0: 1, 1: 1, 2: 3}",gini,10,1,10,300,0.6454960964831599,0.6639401258498674,0.6895628908128909,0.24540136530314755,0.165038877981952,0.48545454545454547,0.8057520564042303,0.4054392577751525
"{0: 1, 1: 1, 2: 3}",gini,10,1,10,500,0.6465316457015625,0.6637597441769236,0.6883544934754611,0.24495521814147359,0.16573853864176444,0.47545454545454546,0.80737955346651,0.40558578916550914
"{0: 1, 1: 1, 2: 3}",gini,10,2,2,200,0.6483792056595445,0.6661186864615091,0.6954839097581033,0.2556788363275511,0.1718169129720854,0.5054545454545455,0.8068419506462984,0.4127589840603485
"{0: 1, 1: 1, 2: 3}",gini,10,2,2,300,0.6458315535957946,0.6625679593822448,0.6879726023677637,0.2461939621857542,0.16694584501649717,0.4754545454545454,0.808460634547591,0.4060489987497704
"{0: 1, 1: 1, 2: 3}",gini,10,2,2,500,0.6455943954468999,0.662567276486128,0.6879374776955423,0.24517008586776026,0.1659620910698497,0.4763636363636364,0.807382491186839,0.40533980969941613
"{0: 1, 1: 1, 2: 3}",gini,10,2,5,200,0.6421296110518101,0.6618825171843816,0.6832173113624727,0.23388134093533522,0.1567868469642663,0.46545454545454545,0.8057549941245593,0.3971806489819252
"{0: 1, 1: 1, 2: 3}",gini,10,2,5,300,0.6437151677221163,0.6612196312692123,0.6814523693152725,0.2298843895189134,0.15544290834613414,0.4463636363636364,0.8095505287896593,0.39541670080019453
"{0: 1, 1: 1, 2: 3}",gini,10,2,5,500,0.6428626264858441,0.6591634540467954,0.6798340548340548,0.23472698946741394,0.16029632558456253,0.4454545454545455,0.808457696827262,0.39798124427478604
"{0: 1, 1: 1, 2: 3}",gini,10,2,10,200,0.6378083740152504,0.6595283338815511,0.6821277482971031,0.23970739549686915,0.15987657227642013,0.48545454545454547,0.7987162162162162,0.3989477869042216
"{0: 1, 1: 1, 2: 3}",gini,10,2,10,300,0.6399721621536129,0.6615823018687046,0.6859731144005337,0.24484201171686792,0.16368838413806858,0.4954545454545454,0.7997855464159812,0.4028940718915659
"{0: 1, 1: 1, 2: 3}",gini,10,2,10,500,0.6408752789480598,0.6601223492188438,0.685310885351208,0.24258026064993848,0.16224141449947901,0.48545454545454547,0.8019623971797885,0.40189826796918704
"{0: 1, 1: 1, 2: 3}",gini,10,4,2,200,0.6382518335771195,0.6645964629249894,0.691195984421791,0.25110522423723736,0.16456703624753907,0.5345454545454544,0.793821974148061,0.4059638679731902
"{0: 1, 1: 1, 2: 3}",gini,10,4,2,300,0.6389259899126702,0.6663753896203545,0.6915512071560459,0.2510639989048211,0.16479600572979183,0.5345454545454545,0.7949001175088132,0.4062087953079607
"{0: 1, 1: 1, 2: 3}",gini,10,4,2,500,0.636825524793783,0.6651852929046805,0.6898807002436035,0.24783997916976638,0.161946783520393,0.5345454545454545,0.7927262044653349,0.40343419741937303
"{0: 1, 1: 1, 2: 3}",gini,10,4,5,200,0.6382518335771195,0.6645964629249894,0.691195984421791,0.25110522423723736,0.16456703624753907,0.5345454545454544,0.793821974148061,0.4059638679731902
"{0: 1, 1: 1, 2: 3}",gini,10,4,5,300,0.6389259899126702,0.6663753896203545,0.6915512071560459,0.2510639989048211,0.16479600572979183,0.5345454545454545,0.7949001175088132,0.4062087953079607
"{0: 1, 1: 1, 2: 3}",gini,10,4,5,500,0.636825524793783,0.6651852929046805,0.6898807002436035,0.24783997916976638,0.161946783520393,0.5345454545454545,0.7927262044653349,0.40343419741937303
"{0: 1, 1: 1, 2: 3}",gini,10,4,10,200,0.6330988595942804,0.665466281653322,0.691193501838663,0.24795583462641485,0.1601766867449605,0.5554545454545454,0.7878466509988249,0.402013044613561
"{0: 1, 1: 1, 2: 3}",gini,10,4,10,300,0.6308375308136498,0.6642978866524558,0.687314000217226,0.24218670608559098,0.15615707711049284,0.5454545454545455,0.7867538190364277,0.3976470359768145
"{0: 1, 1: 1, 2: 3}",gini,10,4,10,500,0.6276490409467035,0.6609701544922802,0.6825672430914367,0.23812876675214217,0.15370507791560423,0.5354545454545454,0.7840481786133959,0.39393687642996666
"{0: 1, 1: 1, 2: 3}",gini,15,1,2,200,0.6723843873816787,0.6689782647555602,0.6867964398206333,0.24421662149349918,0.2001678829426507,0.3181818181818182,0.8589159811985899,0.41548372784877097
"{0: 1, 1: 1, 2: 3}",gini,15,1,2,300,0.6744674178712945,0.6710414288552561,0.6904773153966701,0.2562075947679396,0.20800778426939415,0.33818181818181814,0.8567450058754407,0.42351152400928155
"{0: 1, 1: 1, 2: 3}",gini,15,1,2,500,0.671132073761944,0.6682088860755739,0.685481155642446,0.24312500734941125,0.19889948287007111,0.3181818181818182,0.8578290246768507,0.41432783391442435
"{0: 1, 1: 1, 2: 3}",gini,15,1,5,200,0.6706810039639669,0.6684081035779501,0.688579303014787,0.25208473678301263,0.19912569972167493,0.34727272727272723,0.8513278495887191,0.4195232436553944
"{0: 1, 1: 1, 2: 3}",gini,15,1,5,300,0.6761503142698323,0.6725946297504317,0.694010128163354,0.2576388407867829,0.20599072625001416,0.34818181818181815,0.8567508813160988,0.4250434301800027
"{0: 1, 1: 1, 2: 3}",gini,15,1,5,500,0.6692094390512037,0.6669067668372,0.6854244053437601,0.24220094241645965,0.19354226999350838,0.32818181818181813,0.8534900117508813,0.4130043410703572
"{0: 1, 1: 1, 2: 3}",gini,15,1,10,200,0.6673932838561261,0.6661295327820058,0.6921683036199165,0.2528461868772358,0.19172714394682358,0.3781818181818182,0.8437191539365452,0.41866502566879193
"{0: 1, 1: 1, 2: 3}",gini,15,1,10,300,0.6670760566309695,0.6653124672944373,0.6904478735123897,0.2503395610822341,0.19153306617702903,0.36818181818181817,0.8448090481786135,0.41703415930172827
"{0: 1, 1: 1, 2: 3}",gini,15,1,10,500,0.667378324044389,0.6661542233739637,0.6922344411860542,0.25218333020335243,0.19079260175370016,0.3781818181818182,0.8442714453584019,0.4182613277397671
"{0: 1, 1: 1, 2: 3}",gini,15,2,2,200,0.6717891261697837,0.6707762496857278,0.6955987098325809,0.26472985347985345,0.20203208556149735,0.3881818181818182,0.8475264394829611,0.42755356255582555
"{0: 1, 1: 1, 2: 3}",gini,15,2,2,300,0.6676326237883836,0.6685886173535924,0.6903633881053237,0.2541642671538634,0.19271126345274953,0.3781818181818182,0.8448149236192716,0.4195516098076715
"{0: 1, 1: 1, 2: 3}",gini,15,2,2,500,0.6759921943539206,0.6748069154125851,0.7004819314496735,0.2705806823979794,0.20631880503397532,0.3972727272727273,0.8496974148061105,0.4327452871803559
"{0: 1, 1: 1, 2: 3}",gini,15,2,5,200,0.6719954113992443,0.6713879338084479,0.6958418478176542,0.26221950092917834,0.199296066252588,0.38727272727272727,0.8480728554641598,0.42612986511720474
"{0: 1, 1: 1, 2: 3}",gini,15,2,5,300,0.6718910492889563,0.67103709509896,0.6955442287700352,0.263596376926744,0.20143859649122806,0.3872727272727273,0.8475264394829611,0.42691424587162885
"{0: 1, 1: 1, 2: 3}",gini,15,2,5,500,0.6699128128924592,0.669866467586406,0.6911558170025912,0.2599381098240942,0.2000412534474992,0.37636363636363634,0.8464453584018802,0.4239279910514402
"{0: 1, 1: 1, 2: 3}",gini,15,2,10,200,0.6761764331499234,0.6774457335743167,0.7100277738987416,0.28453198395290913,0.20803856644245658,0.45545454545454545,0.8410252643948295,0.4411897636317148
"{0: 1, 1: 1, 2: 3}",gini,15,2,10,300,0.6704395092585108,0.671865119167173,0.7011223991062701,0.2695915888349475,0.19834773495898816,0.42727272727272725,0.8394036427732081,0.4299307570043728
"{0: 1, 1: 1, 2: 3}",gini,15,2,10,500,0.675063309160657,0.6757071846055578,0.7077751206380238,0.2815500026484454,0.20681748660696025,0.4463636363636364,0.8410252643948297,0.43895532525333003
"{0: 1, 1: 1, 2: 3}",gini,15,4,2,200,0.6745073973353561,0.6793214555413521,0.7144197349842512,0.2943790442651923,0.20997955104476845,0.4954545454545455,0.835605170387779,0.44643038549325786
"{0: 1, 1: 1, 2: 3}",gini,15,4,2,300,0.6725872417719851,0.6784125802709926,0.7147758111064563,0.29438645714025224,0.20824011093576314,0.5054545454545455,0.8328936545240893,0.4456667709929454
"{0: 1, 1: 1, 2: 3}",gini,15,4,2,500,0.6690302339631673,0.6761627370356663,0.711723882449689,0.2901766091804042,0.20426542772569758,0.5054545454545455,0.8290863689776733,0.4417180590935095
"{0: 1, 1: 1, 2: 3}",gini,15,4,5,200,0.6745073973353561,0.6793214555413521,0.7144197349842512,0.2943790442651923,0.20997955104476845,0.4954545454545455,0.835605170387779,0.44643038549325786
"{0: 1, 1: 1, 2: 3}",gini,15,4,5,300,0.6725872417719851,0.6784125802709926,0.7147758111064563,0.29438645714025224,0.20824011093576314,0.5054545454545455,0.8328936545240893,0.4456667709929454
"{0: 1, 1: 1, 2: 3}",gini,15,4,5,500,0.6690302339631673,0.6761627370356663,0.711723882449689,0.2901766091804042,0.20426542772569758,0.5054545454545455,0.8290863689776733,0.4417180590935095
"{0: 1, 1: 1, 2: 3}",gini,15,4,10,200,0.6650188298412797,0.6738487469184696,0.7085492792750857,0.28454768142074643,0.1988747878807849,0.5054545454545455,0.8258431257344301,0.4367361407889597
"{0: 1, 1: 1, 2: 3}",gini,15,4,10,300,0.6667815270029657,0.6745699184226955,0.7079446539123959,0.284607857918554,0.2002340429296951,0.4954545454545454,0.8285546415981198,0.43747732555231866
"{0: 1, 1: 1, 2: 3}",gini,15,4,10,500,0.6655657497532321,0.6733288599171986,0.7069941930829027,0.28331794158013673,0.19930754478890092,0.4954545454545454,0.8263807285546416,0.43621706484937495
"{0: 1, 1: 1, 2: 3}",gini,20,1,2,200,0.6810212898533736,0.6785359124682079,0.6895498960418316,0.2654383763215926,0.23767855682329367,0.3081818181818181,0.8659841363102234,0.431671541734305
"{0: 1, 1: 1, 2: 3}",gini,20,1,2,300,0.6789738237502728,0.6759895873218166,0.6896574229235519,0.2629564638260291,0.22730644355644353,0.3181818181818182,0.8632667450058754,0.42936340779572657
"{0: 1, 1: 1, 2: 3}",gini,20,1,2,500,0.6782050858847809,0.6745706728478669,0.6884084896584897,0.258855009724575,0.22620350237997294,0.30818181818181817,0.8643478260869564,0.42659504018865735
"{0: 1, 1: 1, 2: 3}",gini,20,1,5,200,0.6780877890962873,0.6732616170670334,0.6917426763797732,0.26228460459596503,0.21981684981684985,0.3281818181818182,0.861089894242068,0.428605878396094
"{0: 1, 1: 1, 2: 3}",gini,20,1,5,300,0.6764811811953879,0.6717030905780306,0.690005178513243,0.25300255331391375,0.21136446886446886,0.3181818181818182,0.8621739130434782,0.42239400446650344
"{0: 1, 1: 1, 2: 3}",gini,20,1,5,500,0.6751644855052669,0.6704975010655383,0.6881117239988208,0.2556536123997554,0.21533882783882782,0.3181818181818182,0.8600029377203292,0.42345796164196003
"{0: 1, 1: 1, 2: 3}",gini,20,1,10,200,0.6728715258770959,0.6688624135031963,0.6933088566153083,0.26752852964198903,0.21149007511236612,0.36818181818181817,0.84915687426557,0.42966572813603177
"{0: 1, 1: 1, 2: 3}",gini,20,1,10,300,0.6714416768514319,0.6682107452522091,0.690570761377213,0.2615481864802366,0.20769816698609267,0.35818181818181816,0.8497003525264395,0.4255055826287147
"{0: 1, 1: 1, 2: 3}",gini,20,1,10,500,0.6728010057719642,0.6697045659216122,0.6913974809539326,0.26321485314690324,0.21007911936704504,0.35818181818181816,0.8507843713278497,0.4270493141969276
"{0: 1, 1: 1, 2: 3}",gini,20,2,2,200,0.6793668152431496,0.6762780194133624,0.7028138140234914,0.2809361865424157,0.21921147978642255,0.3972727272727273,0.8535017626321973,0.44030843802270925
"{0: 1, 1: 1, 2: 3}",gini,20,2,2,300,0.6758057984996076,0.6728186518380282,0.6976993242719048,0.2687898179046677,0.20996694052421608,0.3781818181818182,0.8529641598119859,0.4315962101426437
"{0: 1, 1: 1, 2: 3}",gini,20,2,2,500,0.6810309691964374,0.6770530448137618,0.701520368818756,0.2771292395473853,0.2205216472553934,0.3781818181818182,0.8573002350176264,0.4386899314070061
"{0: 1, 1: 1, 2: 3}",gini,20,2,5,200,0.6752879604995337,0.6731766712666399,0.6955720996446803,0.2705248161460947,0.2130513784461153,0.37636363636363634,0.8518742655699179,0.43243007388747023
"{0: 1, 1: 1, 2: 3}",gini,20,2,5,300,0.6795659672019029,0.6761144330681044,0.7007466950612112,0.28069483637840636,0.2220077767949285,0.3872727272727273,0.8534988249118683,0.44024328870780494
"{0: 1, 1: 1, 2: 3}",gini,20,2,5,500,0.6772435368743336,0.6740587282066022,0.6971072088007573,0.27622549863929174,0.22040765933786527,0.3772727272727273,0.8524118683901293,0.4366327139333085
"{0: 1, 1: 1, 2: 3}",gini,20,2,10,200,0.6729791814408548,0.6716546500272272,0.7008644625983336,0.2760432017381732,0.20725493886619203,0.4172727272727273,0.8431962397179789,0.4348175936192458
"{0: 1, 1: 1, 2: 3}",gini,20,2,10,300,0.6798179446582985,0.6775249729738582,0.7088270570528634,0.2910609282645205,0.2190658464342675,0.4354545454545454,0.8464512338425383,0.4465637348220317
"{0: 1, 1: 1, 2: 3}",gini,20,2,10,500,0.6773968825031635,0.674906809112324,0.7043248731555184,0.2823805818661214,0.21475592802823923,0.4163636363636364,0.8469917743830788,0.44038710212093823
"{0: 1, 1: 1, 2: 3}",gini,20,4,2,200,0.6735613969708348,0.6790009061096658,0.7139077022141539,0.29244482595289045,0.20819760915413088,0.4954545454545455,0.8350675675675676,0.44489145436006816
"{0: 1, 1: 1, 2: 3}",gini,20,4,2,300,0.6699147139111594,0.6755670876399655,0.7106274146999955,0.28926534762248335,0.20496023782980305,0.4945454545454545,0.8318125734430082,0.44152509413795377
"{0: 1, 1: 1, 2: 3}",gini,20,4,2,500,0.6698258475819506,0.6753380232085089,0.710610346940992,0.2892365391416625,0.20488906737107637,0.4945454545454545,0.8318037602820212,0.4414722625177777
"{0: 1, 1: 1, 2: 3}",gini,20,4,5,200,0.6735613969708348,0.6790009061096658,0.7139077022141539,0.29244482595289045,0.20819760915413088,0.4954545454545455,0.8350675675675676,0.44489145436006816
"{0: 1, 1: 1, 2: 3}",gini,20,4,5,300,0.6699147139111594,0.6755670876399655,0.7106274146999955,0.28926534762248335,0.20496023782980305,0.4945454545454545,0.8318125734430082,0.44152509413795377
"{0: 1, 1: 1, 2: 3}",gini,20,4,5,500,0.6698258475819506,0.6753380232085089,0.710610346940992,0.2892365391416625,0.20488906737107637,0.4945454545454545,0.8318037602820212,0.4414722625177777
"{0: 1, 1: 1, 2: 3}",gini,20,4,10,200,0.6647477135450307,0.6716980835481804,0.7065717660475725,0.28512444868432085,0.20093101343101344,0.4954545454545454,0.8269242068155112,0.43697375462860477
"{0: 1, 1: 1, 2: 3}",gini,20,4,10,300,0.6628222967428382,0.6707940299896333,0.7032384327142391,0.27806684986051805,0.19534452584452583,0.48545454545454547,0.8263866039952996,0.4319690286134461
"{0: 1, 1: 1, 2: 3}",gini,20,4,10,500,0.6660054809020477,0.6729021205817719,0.7074070195037937,0.2860926826871099,0.20179407548972766,0.4954545454545454,0.8280111633372502,0.438057801973085
"{0: 1, 1: 1, 2: 3}",entropy,10,1,2,200,0.6468786693709779,0.658263994623653,0.6763126270384335,0.23282175517469636,0.16365766572813048,0.40636363636363637,0.8193096357226792,0.398444520853209
"{0: 1, 1: 1, 2: 3}",entropy,10,1,2,300,0.6477873211354787,0.6602159911976753,0.6788768444816833,0.23516355247779397,0.16430625746068023,0.4163636363636364,0.8193155111633373,0.40021305994086787
"{0: 1, 1: 1, 2: 3}",entropy,10,1,2,500,0.6501975811019,0.6609552594237771,0.681668567394374,0.2385968597965502,0.16795181134654819,0.4172727272727273,0.8225616921269095,0.40323714831869006
"{0: 1, 1: 1, 2: 3}",entropy,10,1,5,200,0.6520698884432901,0.6642401700235308,0.6854232610280997,0.2390689853278488,0.16663636363636364,0.42727272727272725,0.8247356051703878,0.40426934657402525
"{0: 1, 1: 1, 2: 3}",entropy,10,1,5,300,0.6547610533316113,0.6661374915358608,0.6912546742385453,0.24964935357084098,0.17403363661428178,0.44727272727272727,0.8247444183313748,0.4116940334751491
"{0: 1, 1: 1, 2: 3}",entropy,10,1,5,500,0.6536994361819761,0.6649316325306065,0.6882445615913358,0.24624142454363168,0.172266885161622,0.4372727272727272,0.8247414806110458,0.4092246291989695
"{0: 1, 1: 1, 2: 3}",entropy,10,1,10,200,0.6521538583446165,0.6664590152533273,0.6904679087340378,0.25338265969844914,0.17453695984730466,0.4654545454545455,0.8176850763807286,0.4128911391569161
"{0: 1, 1: 1, 2: 3}",entropy,10,1,10,300,0.6429049871269588,0.6599860405478161,0.6761448005399617,0.2302620789368505,0.15825585928408512,0.42727272727272725,0.8138954171562867,0.39531924221289383
"{0: 1, 1: 1, 2: 3}",entropy,10,1,10,500,0.6542816009858969,0.6686299208297275,0.6945788918369563,0.25624460850467046,0.17605485924620107,0.4754545454545454,0.8187690951821388,0.41545940549716104
"{0: 1, 1: 1, 2: 3}",entropy,10,2,2,200,0.6496223424428482,0.6649847838275028,0.6888635393877329,0.2506074035791622,0.17235131908764448,0.46545454545454545,0.8160546415981198,0.4102133791246366
"{0: 1, 1: 1, 2: 3}",entropy,10,2,2,300,0.646171300354072,0.6618599546030979,0.6821883388415647,0.24187541314306396,0.16682552955634156,0.44545454545454544,0.8149706227967097,0.40359376802746716
"{0: 1, 1: 1, 2: 3}",entropy,10,2,2,500,0.6498328485741129,0.6643898166321625,0.6869862992443637,0.2491856994905776,0.17233109740339997,0.45545454545454545,0.8176909518213865,0.40944455912399175
"{0: 1, 1: 1, 2: 3}",entropy,10,2,5,200,0.6501278802067634,0.6643714630054823,0.6905839694952598,0.2565766981556455,0.17599595806492357,0.4754545454545454,0.8149735605170388,0.4139971709760927
"{0: 1, 1: 1, 2: 3}",entropy,10,2,5,300,0.6531558870791959,0.6677728600737736,0.6930897298639234,0.25772773062246745,0.17713755912031776,0.4754545454545454,0.8182285546415982,0.41589899320515883
"{0: 1, 1: 1, 2: 3}",entropy,10,2,5,500,0.65166231694507,0.6667942245021832,0.6917253758786016,0.2565089730879205,0.1762966662966663,0.4754545454545454,0.8165981198589896,0.4145703106307803
"{0: 1, 1: 1, 2: 3}",entropy,10,2,10,200,0.6541962527913405,0.6707850568601738,0.7011715270989465,0.2689253276416305,0.18285552708939806,0.5154545454545454,0.8138836662749706,0.42303369770151455
"{0: 1, 1: 1, 2: 3}",entropy,10,2,10,300,0.6504318315562739,0.6691973087207511,0.6981281323216808,0.2634501926182392,0.17789242355815685,0.5154545454545454,0.8100763807285547,0.4182428481934531
"{0: 1, 1: 1, 2: 3}",entropy,10,2,10,500,0.6539350272967078,0.6702735740308401,0.6991534779438004,0.2656908815169256,0.18086597154339087,0.5054545454545455,0.8144271445358401,0.42098853982883855
"{0: 1, 1: 1, 2: 3}",entropy,10,4,2,200,0.6543678606377336,0.6768596462165846,0.7142779950038014,0.28651622673228927,0.19062998590892327,0.5845454545454546,0.8073678025851938,0.43365688029446703
"{0: 1, 1: 1, 2: 3}",entropy,10,4,2,300,0.649213371340425,0.6741821617032485,0.7080164742664743,0.2778940461466862,0.18390566955168966,0.5745454545454546,0.8041098707403055,0.42642177622418176
"{0: 1, 1: 1, 2: 3}",entropy,10,4,2,500,0.6452849121680713,0.670979346448715,0.701132271253239,0.26819944789655004,0.17763969565068008,0.5554545454545455,0.8024911868390129,0.41903363360515855
"{0: 1, 1: 1, 2: 3}",entropy,10,4,5,200,0.6543678606377336,0.6768596462165846,0.7142779950038014,0.28651622673228927,0.19062998590892327,0.5845454545454546,0.8073678025851938,0.43365688029446703
"{0: 1, 1: 1, 2: 3}",entropy,10,4,5,300,0.649213371340425,0.6741821617032485,0.7080164742664743,0.2778940461466862,0.18390566955168966,0.5745454545454546,0.8041098707403055,0.42642177622418176
"{0: 1, 1: 1, 2: 3}",entropy,10,4,5,500,0.6452849121680713,0.670979346448715,0.701132271253239,0.26819944789655004,0.17763969565068008,0.5554545454545455,0.8024911868390129,0.41903363360515855
"{0: 1, 1: 1, 2: 3}",entropy,10,4,10,200,0.6536923355273665,0.6782757390617721,0.720225468975469,0.2895330902379165,0.18986056424963219,0.6145454545454545,0.8046562867215041,0.43519678835369646
"{0: 1, 1: 1, 2: 3}",entropy,10,4,10,300,0.6512547270372705,0.6760041104198253,0.7160078123787802,0.2858389654233296,0.1877213865791452,0.6045454545454546,0.802494124559342,0.432005270068906
"{0: 1, 1: 1, 2: 3}",entropy,10,4,10,500,0.6541716845684874,0.6771997948325659,0.7143526664494406,0.28362844276652266,0.18795618827386154,0.5845454545454546,0.8079171562867214,0.43184573948730853
"{0: 1, 1: 1, 2: 3}",entropy,15,1,2,200,0.668794970244693,0.666259150066449,0.679559923350246,0.24816598208903667,0.21001349527665317,0.3081818181818181,0.8551321974148062,0.41641757735129925
"{0: 1, 1: 1, 2: 3}",entropy,15,1,2,300,0.668661636057599,0.6664104076294695,0.6793113741097612,0.2481053226300603,0.21019260538223383,0.3081818181818181,0.8551292596944771,0.4163278480010758
"{0: 1, 1: 1, 2: 3}",entropy,15,1,2,500,0.680393337023464,0.6765200355312901,0.6934215038247296,0.2705766104071951,0.22780460724346172,0.33818181818181814,0.8616451233842538,0.4345033010537027
"{0: 1, 1: 1, 2: 3}",entropy,15,1,5,200,0.6745249609519133,0.6720689138943667,0.6922347902993063,0.2645362812114759,0.21257953991313122,0.3572727272727273,0.8545887191539364,0.4285317531076508
"{0: 1, 1: 1, 2: 3}",entropy,15,1,5,300,0.673477535574379,0.6714986522571631,0.69341302813077,0.27297228729662104,0.21766414141414142,0.37636363636363634,0.8496915393654524,0.4331743866077242
"{0: 1, 1: 1, 2: 3}",entropy,15,1,5,500,0.6769579437913013,0.6737037512149694,0.6963988192213999,0.27705135177104034,0.22149620374465578,0.37636363636363634,0.8529612220916569,0.43701398857914475
"{0: 1, 1: 1, 2: 3}",entropy,15,1,10,200,0.6764707045887842,0.6751902444325106,0.7051141212431535,0.28351160565426414,0.21337977354453325,0.42727272727272725,0.8458960047003525,0.4406952452280722
"{0: 1, 1: 1, 2: 3}",entropy,15,1,10,300,0.6771389527451463,0.6751614140854162,0.7051226551226552,0.28794003762334586,0.2181267747373549,0.42727272727272725,0.8459106933019976,0.4436196036720661
"{0: 1, 1: 1, 2: 3}",entropy,15,1,10,500,0.6734047629485679,0.6723772892711829,0.6993083096712128,0.27507113082196505,0.20909339471868074,0.40727272727272723,0.8459048178613395,0.43440458367260615
"{0: 1, 1: 1, 2: 3}",entropy,15,2,2,200,0.6825074998317989,0.6796098869804259,0.7062833985011404,0.2951055155346034,0.22968064099643043,0.4163636363636363,0.851886016451234,0.4500663092534816
"{0: 1, 1: 1, 2: 3}",entropy,15,2,2,300,0.6712983159788111,0.6702066640024305,0.6916316583655293,0.2677251637251637,0.2089328340031665,0.37727272727272726,0.8480787309048179,0.4291544246266227
"{0: 1, 1: 1, 2: 3}",entropy,15,2,2,500,0.6735336213743028,0.6717642922358662,0.6955026261074648,0.2732275466469015,0.21288941663621969,0.38727272727272727,0.8491627497062281,0.43334997653786206
"{0: 1, 1: 1, 2: 3}",entropy,15,2,5,200,0.6797050932823501,0.6790989816473221,0.7103032824403792,0.2929516040750746,0.21916153341580719,0.4463636363636363,0.8469976498237368,0.4476529997579848
"{0: 1, 1: 1, 2: 3}",entropy,15,2,5,300,0.6810898414738589,0.6804183846476869,0.709186624307592,0.29347593338972644,0.22265464579840671,0.43636363636363634,0.849168625146886,0.4485214966233794
"{0: 1, 1: 1, 2: 3}",entropy,15,2,5,500,0.6814537998520819,0.6813709737395406,0.7090212803922481,0.294839068977,0.2249052712479486,0.43636363636363634,0.8497091656874266,0.44948496132703275
"{0: 1, 1: 1, 2: 3}",entropy,15,2,10,200,0.6760843242171551,0.677466331027702,0.7102377849152043,0.29452844265724587,0.21646183420782963,0.4663636363636364,0.8410223266745007,0.4471507952812096
"{0: 1, 1: 1, 2: 3}",entropy,15,2,10,300,0.6768198167970358,0.6782226237055583,0.7107263495166721,0.2956675253168045,0.21775832862789385,0.4663636363636363,0.8410311398354876,0.44812844190889706
"{0: 1, 1: 1, 2: 3}",entropy,15,2,10,500,0.6797073509946648,0.6807425987395931,0.7163838849322721,0.30570961985540274,0.2246667436301304,0.48636363636363633,0.8415628672150411,0.4553087123111076
"{0: 1, 1: 1, 2: 3}",entropy,15,4,2,200,0.6702763905254578,0.6778748824499367,0.7142550311098699,0.2962776498805911,0.2087428931222035,0.5154545454545454,0.8307168037602819,0.4458771461385378
"{0: 1, 1: 1, 2: 3}",entropy,15,4,2,300,0.6694201322486782,0.6764216789804165,0.7130996795916151,0.2968825183801964,0.2090760663624232,0.5145454545454545,0.82963866039953,0.44589756392758917
"{0: 1, 1: 1, 2: 3}",entropy,15,4,2,500,0.6685630202908789,0.677748968237865,0.7126079923660569,0.29298689330404204,0.20524840724700474,0.5154545454545454,0.8290893066980024,0.4432173440987768
"{0: 1, 1: 1, 2: 3}",entropy,15,4,5,200,0.6702763905254578,0.6778748824499367,0.7142550311098699,0.2962776498805911,0.2087428931222035,0.5154545454545454,0.8307168037602819,0.4458771461385378
"{0: 1, 1: 1, 2: 3}",entropy,15,4,5,300,0.6694201322486782,0.6764216789804165,0.7130996795916151,0.2968825183801964,0.2090760663624232,0.5145454545454545,0.82963866039953,0.44589756392758917
"{0: 1, 1: 1, 2: 3}",entropy,15,4,5,500,0.6685630202908789,0.677748968237865,0.7126079923660569,0.29298689330404204,0.20524840724700474,0.5154545454545454,0.8290893066980024,0.4432173440987768
"{0: 1, 1: 1, 2: 3}",entropy,15,4,10,200,0.6610965226678515,0.6732639992378665,0.708813402845661,0.2860521109437518,0.19748921692999657,0.5254545454545455,0.8209430082256169,0.4360698756333917
"{0: 1, 1: 1, 2: 3}",entropy,15,4,10,300,0.6569895424974265,0.6699375312894909,0.6996401224223805,0.27251430472754945,0.18860626404273934,0.4954545454545454,0.8204054054054055,0.4263043998355003
"{0: 1, 1: 1, 2: 3}",entropy,15,4,10,500,0.6654443249240305,0.6754425159503195,0.7101769034430325,0.2898136658662975,0.20223890252675858,0.5154545454545454,0.8263777908343126,0.4400659294893907
"{0: 1, 1: 1, 2: 3}",entropy,20,1,2,200,0.6778982070648402,0.6746713275568254,0.6880615874567486,0.2654013377926422,0.2308799533799534,0.3181818181818182,0.8616451233842538,0.4304000855015214
"{0: 1, 1: 1, 2: 3}",entropy,20,1,2,300,0.6786687565773175,0.6750425867755256,0.689550536082794,0.27182963113847675,0.23418538333012018,0.32818181818181813,0.8605581668625147,0.43456528131401306
"{0: 1, 1: 1, 2: 3}",entropy,20,1,2,500,0.6788207951987968,0.6749924268905716,0.6906258048999984,0.2674180572051637,0.22764650554124238,0.32818181818181813,0.8616392479435959,0.431979152402617
"{0: 1, 1: 1, 2: 3}",entropy,20,1,5,200,0.6895238872421734,0.6848975284638111,0.7081582918276468,0.2959480346675297,0.2429761904761905,0.38636363636363635,0.8632520564042304,0.4533783756973872
"{0: 1, 1: 1, 2: 3}",entropy,20,1,5,300,0.6865985076970678,0.6813806654879964,0.7053072778476004,0.29026129426129427,0.23886554621848738,0.3781818181818181,0.8616333725029378,0.4487961796356037
"{0: 1, 1: 1, 2: 3}",entropy,20,1,5,500,0.6866938207250767,0.6812378802773958,0.7056048968952194,0.28919036519036523,0.2366306977336389,0.3781818181818182,0.8621739130434782,0.44819174740424983
"{0: 1, 1: 1, 2: 3}",entropy,20,1,10,200,0.6848091410260867,0.6807182791863915,0.7123995523592297,0.3011719545646131,0.23116398733406401,0.4354545454545454,0.8507931844888367,0.45462682914920255
"{0: 1, 1: 1, 2: 3}",entropy,20,1,10,300,0.6745694488904088,0.6715155468915424,0.7003633881053236,0.28079224055308594,0.21492121569520947,0.4081818181818182,0.8464541715628673,0.43830312388801507
"{0: 1, 1: 1, 2: 3}",entropy,20,1,10,500,0.6754281789942205,0.6732837274501903,0.701273313007184,0.27889283449628277,0.21336794720661995,0.4081818181818182,0.8480846063454759,0.4375069722954579
"{0: 1, 1: 1, 2: 3}",entropy,20,2,2,200,0.6787427736599053,0.6780461105973858,0.7036122942171329,0.2888873141055304,0.22480645881541023,0.4163636363636363,0.8491627497062281,0.44482949792728044
"{0: 1, 1: 1, 2: 3}",entropy,20,2,2,300,0.6708081507435882,0.6692639386560917,0.6925339027758383,0.2722515237615349,0.21107985538713092,0.38727272727272727,0.8459136310223266,0.4316741745543562
"{0: 1, 1: 1, 2: 3}",entropy,20,2,2,500,0.6787422541631207,0.6759961668857641,0.7015601095439805,0.2885799035965888,0.2245835176175733,0.40636363636363637,0.8497003525264395,0.4446448438232016
"{0: 1, 1: 1, 2: 3}",entropy,20,2,5,200,0.6803524880162655,0.6788702639026948,0.7060402605160669,0.285805756113042,0.21850618078172257,0.4172727272727273,0.8513425381903644,0.4436244488743314
"{0: 1, 1: 1, 2: 3}",entropy,20,2,5,300,0.6851081516870179,0.6830570168837367,0.7112616371084113,0.29547930283224405,0.2276589423648247,0.4263636363636364,0.8545916568742655,0.45133084237415355
"{0: 1, 1: 1, 2: 3}",entropy,20,2,5,500,0.691538184068174,0.6880331392661272,0.7207154688203075,0.3159557391481752,0.243631646785335,0.45636363636363636,0.8556698002350178,0.4661887171161747
"{0: 1, 1: 1, 2: 3}",entropy,20,2,10,200,0.6675353420558552,0.6709429495740917,0.6975666806311966,0.2774497937454327,0.20500064584463562,0.43636363636363634,0.8366774383078731,0.4334840130696017
"{0: 1, 1: 1, 2: 3}",entropy,20,2,10,300,0.6742136973251747,0.6757651333768954,0.7088072933637449,0.2929960673954818,0.2148420039998987,0.4663636363636363,0.8388542890716805,0.44548311936735896
"{0: 1, 1: 1, 2: 3}",entropy,20,2,10,500,0.6763621654601943,0.6773452031600262,0.7104948680351906,0.29601628693184673,0.21846029162653205,0.4663636363636364,0.8410282021151586,0.4481546383431858
"{0: 1, 1: 1, 2: 3}",entropy,20,4,2,200,0.6724113194269663,0.6794408622829257,0.7192511908640941,0.30612904568399923,0.21482506876210022,0.5354545454545454,0.82963866039953,0.4526419551811861
"{0: 1, 1: 1, 2: 3}",entropy,20,4,2,300,0.6714871192079938,0.6783608468082629,0.7164874939874941,0.3026943330890699,0.21315996885562102,0.5254545454545455,0.8301703877790834,0.45021144753663944
"{0: 1, 1: 1, 2: 3}",entropy,20,4,2,500,0.6698664470412414,0.6776050888839882,0.7149492622073266,0.3015963749013285,0.21211741481906402,0.5254545454545455,0.8290951821386605,0.4489044037572937
"{0: 1, 1: 1, 2: 3}",entropy,20,4,5,200,0.6724113194269663,0.6794408622829257,0.7192511908640941,0.30612904568399923,0.21482506876210022,0.5354545454545454,0.82963866039953,0.4526419551811861
"{0: 1, 1: 1, 2: 3}",entropy,20,4,5,300,0.6714871192079938,0.6783608468082629,0.7164874939874941,0.3026943330890699,0.21315996885562102,0.5254545454545455,0.8301703877790834,0.45021144753663944
"{0: 1, 1: 1, 2: 3}",entropy,20,4,5,500,0.6698664470412414,0.6776050888839882,0.7149492622073266,0.3015963749013285,0.21211741481906402,0.5254545454545455,0.8290951821386605,0.4489044037572937
"{0: 1, 1: 1, 2: 3}",entropy,20,4,10,200,0.6672441960826425,0.6773196081258678,0.7168614912566525,0.30088184054109446,0.20866469948938393,0.5454545454545455,0.8236662749706228,0.44742678275771364
"{0: 1, 1: 1, 2: 3}",entropy,20,4,10,300,0.6650470998170802,0.6748532485510738,0.7114790958742572,0.29201415468424463,0.20297102029945285,0.5245454545454545,0.8242009400705053,0.4412273327373789
"{0: 1, 1: 1, 2: 3}",entropy,20,4,10,500,0.6670241480684652,0.6754456667097779,0.7115007215007215,0.2928735859153816,0.20550076296628017,0.5154545454545455,0.8274588719153936,0.442533810776615
