รหัสผู้ป่วย,อายุ,เพศ,ดัชนีมวลกาย (BMI),ความดันโลหิตสูง,โรคเบาหวาน,ไขมันในเลือดผิดปกติ,ภาวะหัวใจห้องบนสั่นพลิ้ว,โรคหัวใจ,ประวัติโรคหลอดเลือดสมองหรือ TIA,โรคไตเรื้อรัง,โรคหลอดเลือดแดงคาโรติด,ประวัติครอบครัวโรคหลอดเลือดสมอง,การสูบบุหรี่,การดื่มแอลกอฮอล์,ความดันโลหิตตัวบน (mmHg),ความดันโลหิตตัวล่าง (mmHg),อัตราการเต้นของหัวใจ (ครั้ง/นาที),ใบหน้าอ่อนแรง,แขนอ่อนแรง,พูดลำบาก,ปัญหาด้านการมองเห็น,ปวดศีรษะรุนแรง,เวียนศีรษะ,เสียการทรงตัว,อาการชา,ประเภทโรคหลอดเลือดสมอง
STK20260001,0.623376623,1,0.387096774,0,0,0,0,0,0,0,0,0,0,1,0.394736842,0.405797101,0.462686567,0,0,0,0,0,0,0,0,0
STK20260002,0.571428571,1,0.391705069,0,0,0,0,0,0,0,0,1,0,0,0.210526316,0.420289855,0.298507463,0,0,0,1,0,0,0,0,0
STK20260003,0.376623377,0,0.368663594,0,0,0,0,0,0,0,0,0,1,0,0.254385965,0.202898551,0.52238806,0,0,0,0,0,0,1,0,0
STK20260004,0.415584416,1,0.442396313,1,0,0,0,0,0,0,0,0,0,0,0.587719298,0.797101449,0.358208955,0,0,0,0,0,0,0,0,0
STK20260005,0.298701299,1,0.373271889,0,0,0,0,0,0,0,0,0,0,1,0.394736842,0.202898551,0.47761194,0,0,0,0,0,0,0,0,0
STK20260006,0.987012987,0,0.396313364,1,1,0,1,0,0,0,1,0,0,0,0.710526316,0.753623188,0.507462687,1,0,0,0,0,0,1,1,1
STK20260007,0.506493506,0,0.156682028,0,0,1,0,0,0,0,0,0,0,0,0.359649123,0.347826087,0.343283582,0,0,0,0,0,0,0,0,0
STK20260008,0.844155844,0,0.193548387,1,0,1,0,1,1,0,0,0,0,0,0.412280702,0.405797101,0.373134328,1,1,0,0,0,1,0,1,1
STK20260009,0.493506494,0,0.539170507,1,1,0,0,0,0,0,0,0,0,0,0.50877193,0.376811594,0.52238806,1,0,1,0,0,1,1,0,2
STK20260010,0.428571429,0,0.622119816,0,0,0,0,0,0,0,0,0,1,0,0.096491228,0.275362319,0.492537313,0,0,0,0,0,0,0,0,0
STK20260011,0.935064935,0,0.31797235,0,1,0,0,0,0,0,0,1,0,0,0.719298246,0.304347826,0.23880597,1,0,0,1,0,0,0,0,1
STK20260012,0.415584416,0,0.368663594,0,0,1,0,0,0,0,0,0,0,1,0.307017544,0.463768116,0.537313433,0,0,0,0,0,0,0,0,0
STK20260013,0.766233766,1,0.451612903,1,1,0,0,1,0,0,0,0,0,0,0.754385965,0.608695652,0.567164179,1,1,0,1,0,1,0,0,1
STK20260014,0.623376623,1,0.447004608,0,0,0,0,0,1,0,0,0,0,0,0.263157895,0.420289855,0.223880597,0,0,0,0,0,1,0,0,0
STK20260015,0.545454545,1,0.33640553,0,0,0,0,0,0,0,0,0,0,0,0.149122807,0.376811594,0.402985075,0,0,0,0,1,1,1,0,0
STK20260016,0.558441558,0,0.543778802,1,0,1,0,0,1,0,0,0,1,0,0.473684211,0.52173913,0.432835821,1,1,0,0,0,1,1,0,1
STK20260017,0.324675325,0,0.741935484,0,0,1,0,0,0,0,0,0,0,0,0.271929825,0.362318841,0.52238806,0,0,0,0,0,0,0,0,0
STK20260018,0.519480519,1,0.622119816,0,0,0,0,0,0,0,0,0,0,0,0.342105263,0.52173913,0.343283582,0,0,0,0,0,0,0,0,0
STK20260019,0.805194805,0,0.67281106,1,0,0,0,0,0,1,0,0,0,0,0.48245614,0.47826087,0.582089552,0,0,0,0,0,0,1,1,1
STK20260020,0.571428571,0,0.488479263,0,0,0,0,0,0,0,0,1,0,0,0.315789474,0.391304348,0.71641791,0,0,0,0,0,0,0,0,0
STK20260021,0.701298701,0,0.004608295,1,0,0,0,0,0,0,0,1,0,0,0.666666667,0.637681159,0.417910448,0,1,1,0,1,1,1,1,2
STK20260022,0.636363636,1,0.368663594,1,0,0,0,0,0,0,0,1,0,1,0.666666667,0.565217391,0.223880597,0,1,1,0,0,1,0,1,2
STK20260023,0.675324675,0,0.617511521,0,0,1,0,1,0,0,0,0,0,0,0.271929825,0.289855072,0.298507463,0,0,0,0,1,0,1,1,1
STK20260024,0.558441558,1,0.732718894,0,0,1,0,0,0,0,1,1,0,1,0.412280702,0.449275362,0.253731343,1,0,0,0,0,0,0,0,2
STK20260025,0.480519481,0,0.529953917,0,0,0,0,0,0,0,0,0,0,0,0.228070175,0.405797101,0.417910448,0,0,0,0,0,0,0,0,0
STK20260026,0.779220779,0,0.235023041,0,0,0,0,0,0,0,0,0,0,0,0.614035088,0.188405797,0.417910448,0,0,0,0,0,0,1,0,0
STK20260027,0.675324675,1,0.101382488,0,0,0,0,0,0,0,0,1,0,0,0.473684211,0.434782609,0.417910448,0,0,0,0,0,0,0,0,0
STK20260028,0.324675325,0,0.350230415,0,0,0,0,0,0,0,0,0,0,0,0.078947368,0.347826087,0.656716418,0,0,1,0,0,0,0,0,0
STK20260029,0.87012987,1,0.437788018,0,0,0,0,0,0,0,0,0,0,0,0.464912281,0.463768116,0.552238806,0,1,0,0,1,1,0,0,0
STK20260030,0.649350649,1,0.405529954,1,0,0,0,0,0,0,0,0,0,0,0.5,0.536231884,0.611940299,0,1,1,0,0,0,1,0,1
STK20260031,0.545454545,0,0.30875576,1,0,0,0,0,0,0,0,0,0,0,0.631578947,0.391304348,0.656716418,0,0,0,0,1,0,0,0,0
STK20260032,0.558441558,1,0.599078341,0,0,0,0,0,0,0,0,0,0,0,0.271929825,0.463768116,0.223880597,0,0,0,0,0,0,1,0,0
STK20260033,0.948051948,1,0.700460829,0,0,0,0,0,1,0,0,0,0,0,0.412280702,0.420289855,0.507462687,1,0,0,1,0,0,0,0,1
STK20260034,0.597402597,0,0.359447005,0,0,0,0,0,0,0,0,0,0,0,0.307017544,0.449275362,0.268656716,0,0,0,0,0,0,0,0,0
STK20260035,0.818181818,0,0.216589862,1,0,1,0,0,1,0,0,0,0,0,0.596491228,0.405797101,0.47761194,0,0,0,0,0,0,1,1,1
STK20260036,0.324675325,1,0.221198157,0,0,0,0,0,0,0,0,0,1,1,0.535087719,0.391304348,0.164179104,0,0,0,0,0,0,0,0,0
STK20260037,0.454545455,0,0,0,0,1,0,0,0,0,0,0,1,1,0.210526316,0.275362319,0.597014925,0,0,0,0,0,1,0,0,0
STK20260038,0.714285714,0,0.258064516,1,0,0,0,0,0,0,0,0,0,0,0.412280702,0.594202899,0.223880597,1,1,0,1,0,0,1,0,1
STK20260039,0.441558442,1,0.594470046,0,0,0,0,0,0,0,0,0,1,0,0.385964912,0.52173913,0.179104478,0,0,0,0,0,0,0,0,0
STK20260040,0.558441558,1,0.626728111,1,0,1,0,1,1,0,0,0,1,0,0.368421053,0.811594203,0.552238806,0,1,1,0,0,0,1,0,1
STK20260041,0.74025974,0,0.442396313,1,0,0,0,0,0,0,0,0,0,0,0.649122807,0.637681159,0.388059701,0,1,1,1,0,1,0,1,1
STK20260042,0.402597403,0,0.35483871,0,0,0,0,0,0,0,0,0,0,0,0.289473684,0.246376812,0.089552239,0,0,0,0,0,0,0,0,0
STK20260043,0.792207792,1,0.34562212,1,0,0,0,1,0,0,0,0,0,1,0.596491228,0.652173913,0.641791045,0,0,0,0,0,1,0,0,2
STK20260044,0.636363636,0,0.465437788,0,0,0,0,0,0,0,0,0,0,0,0.447368421,0.449275362,0.47761194,0,0,0,0,0,0,0,0,0
STK20260045,0.506493506,1,0.373271889,0,0,1,0,0,0,1,0,0,0,0,0.429824561,0.391304348,0.253731343,0,0,0,0,1,0,0,0,0
STK20260046,0.558441558,0,0.341013825,1,0,0,0,0,0,0,0,0,0,0,0.605263158,0.652173913,0.47761194,0,0,0,1,0,0,0,0,0
STK20260047,0.87012987,1,0.451612903,1,1,0,0,0,1,0,0,1,0,0,0.701754386,0.449275362,0.447761194,1,0,1,0,1,0,0,1,2
STK20260048,0.506493506,1,0.907834101,0,0,0,0,0,0,0,0,1,0,0,0.342105263,0.260869565,0.328358209,0,0,0,0,0,1,1,1,1
STK20260049,0.545454545,1,0.34562212,1,0,0,0,0,0,0,0,0,1,0,0.51754386,0.449275362,0.402985075,1,0,1,0,0,1,1,0,1
STK20260050,0.675324675,1,0.184331797,0,0,0,0,0,0,0,0,1,0,0,0.429824561,0.463768116,0.507462687,0,0,0,0,0,0,0,0,0
STK20260051,1,1,0.184331797,1,0,0,0,0,0,0,0,0,0,0,0.745614035,1,0.313432836,0,0,1,0,1,1,0,0,1
STK20260052,0.753246753,1,0.576036866,0,0,0,0,0,0,0,0,0,0,0,0.657894737,0.666666667,0.298507463,0,1,1,0,0,0,0,0,1
STK20260053,0.402597403,0,0.410138249,0,0,0,0,0,0,0,0,0,0,0,0.684210526,0.347826087,0.402985075,0,0,0,0,0,0,0,0,0
STK20260054,0.636363636,1,0.506912442,0,0,1,0,0,0,0,0,0,0,0,0.456140351,0.434782609,0.328358209,0,0,0,0,0,0,0,1,0
STK20260055,0.584415584,0,0.552995392,0,0,0,0,0,0,0,0,0,1,0,0.368421053,0.47826087,0.343283582,0,0,0,0,1,0,0,0,0
STK20260056,0.571428571,1,0.188940092,0,0,1,0,0,0,0,0,0,0,0,0.473684211,0.260869565,0.28358209,0,0,0,0,1,0,0,0,0
STK20260057,0.584415584,0,0.493087558,1,0,0,0,0,0,0,0,0,0,0,0.48245614,0.594202899,0.47761194,0,0,0,0,0,0,1,0,1
STK20260058,0.194805195,0,0.649769585,0,0,1,0,0,0,0,0,0,0,0,0.228070175,0.405797101,0.313432836,0,0,0,0,0,0,0,0,0
STK20260059,0.779220779,0,0.175115207,1,0,1,0,0,0,0,0,0,0,0,0.640350877,0.637681159,0.52238806,0,1,0,0,1,0,0,0,1
STK20260060,0.454545455,1,0.631336406,1,0,0,0,0,0,0,0,0,0,0,0.666666667,0.463768116,0.567164179,1,0,0,0,0,0,1,0,1
STK20260061,0.701298701,0,0.68202765,0,1,0,0,0,0,0,0,0,0,0,0.473684211,0.31884058,0.194029851,1,0,0,1,0,0,0,0,1
STK20260062,0.220779221,0,0.442396313,0,0,0,0,0,0,0,0,1,0,1,0.359649123,0.31884058,0.313432836,0,0,0,0,0,0,0,0,0
STK20260063,0.545454545,0,0.603686636,0,0,1,0,0,0,0,0,0,0,0,0.052631579,0.47826087,0.343283582,0,0,0,0,0,0,0,0,0
STK20260064,0.584415584,1,0.631336406,0,0,0,0,0,0,0,0,0,1,0,0.184210526,0.231884058,0.208955224,1,1,1,1,1,0,0,0,2
STK20260065,0,0,0.35483871,0,0,0,0,0,0,0,0,0,0,0,0.201754386,0.420289855,0.537313433,0,0,0,0,0,0,0,0,0
STK20260066,0,0,0.322580645,0,0,0,0,0,0,0,0,1,0,0,0.061403509,0.376811594,0.402985075,0,0,0,0,0,1,0,1,0
STK20260067,0.38961039,0,0.723502304,0,0,0,0,0,0,0,0,0,0,0,0.456140351,0.333333333,0.402985075,0,0,0,0,0,0,1,0,0
STK20260068,0.558441558,1,0.437788018,0,0,0,0,0,0,0,0,0,0,0,0.192982456,0.463768116,0.328358209,0,0,0,0,0,0,0,0,0
STK20260069,0.688311688,0,0.571428571,0,0,0,0,1,0,0,0,0,0,0,0.368421053,0.391304348,0.432835821,1,1,1,0,0,0,1,0,1
STK20260070,0.558441558,1,0.640552995,1,0,1,0,0,0,0,0,0,0,1,0.473684211,0.652173913,0.447761194,1,0,0,0,0,1,0,1,1
STK20260071,0.701298701,1,0.152073733,1,0,0,0,1,0,0,0,0,0,0,0.464912281,0.507246377,0.328358209,1,0,1,1,0,1,1,0,1
STK20260072,0.428571429,0,0.718894009,0,0,0,0,0,0,0,0,0,0,0,0.429824561,0.536231884,0.328358209,0,0,0,0,1,0,0,0,0
STK20260073,0.298701299,0,0.3640553,0,0,0,0,0,0,0,0,0,0,0,0.184210526,0.47826087,0.343283582,0,0,0,0,0,0,1,0,0
STK20260074,0.636363636,1,0.368663594,1,0,0,0,0,0,0,0,0,1,1,0.614035088,0.565217391,0.47761194,0,1,0,0,0,1,1,0,1
STK20260075,0.25974026,0,0.548387097,0,0,0,0,0,0,0,0,0,0,0,0.438596491,0.391304348,0.298507463,0,0,0,0,0,0,0,0,0
STK20260076,0.311688312,0,0.557603687,0,0,0,0,0,0,0,0,1,0,0,0.166666667,0.391304348,0.194029851,0,0,0,0,0,0,0,0,0
STK20260077,0.792207792,1,0.442396313,0,0,0,0,1,0,0,1,0,0,0,0.447368421,0.405797101,0.462686567,1,1,1,0,0,0,0,0,1
STK20260078,0.363636364,0,0.788018433,0,0,0,0,1,0,0,0,0,0,0,0.228070175,0.304347826,0.52238806,0,0,0,0,0,0,0,0,0
STK20260079,0.480519481,1,0.801843318,0,0,1,0,0,0,0,0,1,0,0,0.394736842,0.231884058,0.28358209,0,1,1,1,0,0,1,0,1
STK20260080,0.493506494,0,0.262672811,1,0,1,0,0,0,0,0,1,0,1,0.438596491,0.507246377,0.417910448,1,0,1,0,1,1,0,1,1
STK20260081,0.376623377,1,0.105990783,0,0,0,0,0,0,0,0,0,0,0,0.333333333,0.492753623,0.462686567,0,0,0,0,0,0,0,0,0
STK20260082,0.155844156,1,0.465437788,0,0,0,0,0,0,0,0,0,0,1,0.131578947,0.275362319,0.417910448,0,1,0,0,0,0,0,0,0
STK20260083,0.636363636,0,0.096774194,0,0,0,0,0,0,0,0,0,0,0,0.342105263,0.492753623,0.447761194,0,0,0,0,0,1,0,0,0
STK20260084,0.857142857,1,0.668202765,1,1,1,0,0,0,0,0,0,1,0,0.543859649,0.52173913,0.641791045,1,0,0,1,0,0,0,1,1
STK20260085,0.753246753,1,0.350230415,1,0,1,0,0,0,0,0,0,0,0,0.578947368,0.405797101,0.208955224,0,0,0,1,1,1,0,1,1
STK20260086,0.207792208,0,0.34562212,0,0,0,0,0,0,0,0,1,0,0,0.114035088,0.449275362,0.388059701,0,0,0,0,0,0,0,0,0
STK20260087,0.363636364,1,0.552995392,0,0,0,0,0,0,0,0,1,0,0,0.280701754,0.507246377,0.23880597,0,0,0,0,1,0,0,0,0
STK20260088,0.480519481,1,0.870967742,0,0,0,0,0,0,0,0,1,0,0,0.184210526,0.536231884,0.552238806,1,1,1,0,0,1,1,1,1
STK20260089,0.545454545,0,0.470046083,1,0,0,0,0,0,0,0,0,0,0,0.456140351,0.608695652,0.417910448,0,0,0,0,0,0,0,0,0
STK20260090,0.337662338,0,0.33640553,0,0,0,0,0,0,0,0,0,0,0,0.298245614,0.275362319,0.507462687,0,1,0,0,0,0,0,0,0
STK20260091,0.454545455,0,0.493087558,0,0,0,0,0,0,0,0,0,1,0,0.280701754,0.391304348,0.343283582,0,0,0,0,1,0,0,0,0
STK20260092,0.467532468,1,0.442396313,0,0,1,0,0,0,0,0,1,0,0,0.570175439,0.391304348,0.611940299,0,0,0,0,0,0,1,0,0
STK20260093,0.454545455,1,0.442396313,0,0,0,0,0,0,0,0,0,0,1,0.429824561,0.420289855,0.611940299,0,0,0,0,1,0,0,0,0
STK20260094,0.766233766,1,0.534562212,1,1,0,0,0,1,0,0,0,0,0,0.596491228,0.666666667,0.358208955,0,0,1,0,1,0,1,0,1
STK20260095,0.571428571,1,0.470046083,0,0,0,0,0,0,0,0,1,0,0,0.210526316,0.405797101,0.402985075,0,0,0,0,0,0,0,0,0
STK20260096,0.12987013,1,0.599078341,0,0,0,0,0,0,0,0,0,0,0,0.236842105,0.15942029,0.253731343,0,0,0,0,0,0,0,0,0
STK20260097,0.415584416,1,0.460829493,0,0,0,0,0,0,0,0,1,0,1,0.412280702,0.260869565,0.253731343,0,0,0,0,0,0,0,0,0
STK20260098,0.961038961,1,0.152073733,1,0,0,0,0,0,0,0,1,0,1,0.657894737,0.855072464,0.373134328,0,0,1,0,0,0,0,0,1
STK20260099,0.532467532,0,0.626728111,1,0,1,0,0,1,0,0,0,0,0,0.48245614,0.594202899,0.373134328,1,0,1,0,0,0,1,0,1
STK20260100,0.714285714,1,0.658986175,1,0,0,0,0,1,1,0,0,0,0,0.412280702,0.579710145,0.52238806,0,0,1,0,1,1,0,1,1
STK20260101,0.727272727,1,0.30875576,1,0,1,0,0,0,0,0,0,1,0,0.754385965,0.536231884,0.402985075,0,1,1,0,0,0,0,1,1
STK20260102,0.480519481,1,0.248847926,0,0,0,0,0,0,0,0,0,0,0,0.368421053,0.434782609,0.223880597,0,0,0,0,0,0,0,0,0
STK20260103,0.480519481,0,0.359447005,0,0,0,0,0,0,0,0,1,1,0,0.324561404,0.507246377,0.388059701,0,0,0,1,0,0,0,0,0
STK20260104,0.415584416,0,0.506912442,0,0,0,0,0,0,0,0,0,0,0,0.114035088,0.449275362,0.432835821,0,0,0,0,0,0,0,0,0
STK20260105,0.87012987,0,0,0,0,1,0,0,0,1,0,0,0,0,0.49122807,0.565217391,0.492537313,0,1,0,0,1,1,0,0,1
STK20260106,0.506493506,0,0.442396313,0,0,0,0,0,0,0,0,0,0,0,0.350877193,0.347826087,0.402985075,0,0,0,0,0,0,0,0,0
STK20260107,0.532467532,0,0.67281106,0,0,0,0,0,0,0,0,0,0,0,0.175438596,0.608695652,0.47761194,0,0,0,0,0,0,1,0,0
STK20260108,0.675324675,0,0.405529954,1,0,0,0,0,1,0,0,0,0,0,0.51754386,0.536231884,0.462686567,0,1,1,0,0,1,0,0,1
STK20260109,0.168831169,0,0.414746544,0,0,0,0,0,0,0,0,1,0,0,0.070175439,0.420289855,0.104477612,0,1,0,0,0,0,0,0,0
STK20260110,0.831168831,0,0.502304147,0,1,1,0,0,1,0,0,0,0,0,0.456140351,0.492753623,0.223880597,0,1,0,1,0,0,0,1,1
STK20260111,0.714285714,0,0.433179724,1,0,0,0,0,1,0,0,0,0,0,0.570175439,0.579710145,0.447761194,0,0,1,0,0,0,0,0,1
STK20260112,0.558441558,1,0.898617512,0,0,0,0,0,0,0,0,0,1,0,0.385964912,0.579710145,0.313432836,0,0,0,0,1,0,0,0,1
STK20260113,0.493506494,1,0.382488479,1,0,0,0,0,1,0,0,0,1,0,0.289473684,0.536231884,0.626865672,0,1,0,0,0,1,1,0,1
STK20260114,0.597402597,1,0.31797235,0,0,0,0,0,0,1,0,0,0,0,0.421052632,0.405797101,0.462686567,0,0,0,0,0,0,0,0,0
STK20260115,0.701298701,1,0.824884793,0,1,0,1,0,1,1,0,0,0,0,0.385964912,0.449275362,0.298507463,0,1,1,0,0,0,1,1,1
STK20260116,0.168831169,1,0.474654378,0,0,1,0,0,0,0,0,0,0,0,0.289473684,0.550724638,0.462686567,0,0,0,0,0,0,0,0,0
STK20260117,0.779220779,0,0.276497696,0,0,1,0,0,0,0,0,1,1,0,0.219298246,0.463768116,0.417910448,0,1,1,0,0,0,1,0,1
STK20260118,0.831168831,1,0.290322581,1,0,1,0,0,0,0,0,1,0,0,0.824561404,0.710144928,0.194029851,0,1,1,1,0,1,1,0,2
STK20260119,0.415584416,0,0.359447005,0,0,1,0,0,0,0,0,0,0,0,0.280701754,0.637681159,0.507462687,0,0,0,0,0,0,0,0,0
STK20260120,0.61038961,1,0.207373272,0,0,1,0,0,0,0,0,0,0,0,0.114035088,0.260869565,0.328358209,0,0,0,0,0,0,0,0,0
STK20260121,0.415584416,0,0.387096774,0,0,1,0,0,0,0,0,0,0,0,0.464912281,0.52173913,0.432835821,1,0,0,0,0,0,0,0,0
STK20260122,0.727272727,1,0.6359447,0,0,0,0,0,1,0,0,0,0,0,0.692982456,0.376811594,0.208955224,1,1,0,1,1,1,0,1,1
STK20260123,0.402597403,1,0.631336406,1,0,0,0,0,0,0,0,0,0,0,0.473684211,0.579710145,0.23880597,0,1,0,0,0,1,0,0,1
STK20260124,0.363636364,0,0.239631336,0,0,0,0,0,0,0,0,1,0,1,0.245614035,0.333333333,0.402985075,0,0,0,0,0,0,0,0,0
STK20260125,0.688311688,1,0.396313364,0,1,1,0,0,0,0,0,0,0,0,0.50877193,0.463768116,0.388059701,1,0,1,0,0,0,0,1,1
STK20260126,0.350649351,1,0.6359447,0,0,0,0,0,0,0,0,0,0,0,0.166666667,0.289855072,0.447761194,0,0,0,0,0,0,0,0,0
STK20260127,0.207792208,0,0.382488479,1,0,0,0,0,0,0,0,1,0,0,0.49122807,0.579710145,0.671641791,0,0,0,0,0,0,0,0,0
STK20260128,0.519480519,0,0.442396313,0,0,0,0,0,0,0,0,0,0,0,0.385964912,0.130434783,0.432835821,0,0,0,0,0,0,0,0,0
STK20260129,0.974025974,1,0.244239631,1,0,1,0,0,0,0,1,1,0,0,0.859649123,0.550724638,0.552238806,1,1,0,0,0,0,0,0,2
STK20260130,0.662337662,0,0,0,0,0,0,0,0,0,0,1,0,0,0.429824561,0,0.552238806,0,0,1,0,0,0,0,0,0
STK20260131,0.584415584,0,0.474654378,0,1,0,0,0,0,0,0,0,0,0,0.473684211,0.463768116,0.343283582,0,1,0,0,0,0,0,0,0
STK20260132,0.584415584,0,0.520737327,0,0,0,0,0,0,0,0,0,0,0,0.50877193,0.536231884,0.28358209,0,0,1,0,0,0,0,0,0
STK20260133,0.428571429,1,0.788018433,1,0,0,0,0,0,0,0,1,1,0,0.622807018,0.405797101,0.417910448,1,1,0,0,0,0,0,1,1
STK20260134,0.506493506,0,0.419354839,0,0,0,0,0,0,0,0,0,0,0,0.456140351,0.275362319,0.492537313,1,0,0,0,0,0,0,0,0
STK20260135,0.376623377,0,0.603686636,0,0,1,0,0,0,0,0,0,0,0,0.350877193,0.362318841,0.492537313,0,0,0,0,0,0,0,0,0
STK20260136,0.688311688,1,0.497695853,0,0,1,1,0,0,0,0,0,1,0,0.447368421,0.449275362,0.208955224,1,0,1,0,0,0,1,0,1
STK20260137,0.675324675,1,0.594470046,1,0,0,0,0,0,0,0,0,0,1,0.552631579,0.710144928,0.313432836,1,1,0,0,0,0,1,0,1
STK20260138,0.506493506,1,0.640552995,0,0,0,0,0,0,0,0,1,0,0,0.447368421,0.52173913,0.298507463,0,0,0,0,0,0,0,0,0
STK20260139,0.194805195,1,0.774193548,0,0,0,0,0,0,0,0,0,0,0,0.175438596,0.47826087,0.537313433,0,0,0,1,0,0,0,0,0
STK20260140,0.428571429,0,0.437788018,0,0,0,0,0,0,0,0,1,0,0,0.263157895,0.463768116,0.641791045,0,0,0,0,0,0,0,0,0
STK20260141,0.584415584,1,0.235023041,1,0,0,0,0,0,0,0,0,0,1,0.675438596,0.623188406,0.417910448,0,0,0,0,1,0,0,0,2
STK20260142,0.545454545,1,0.069124424,0,0,0,0,0,0,0,0,0,0,0,0.228070175,0.623188406,0.268656716,0,0,0,0,0,0,0,0,0
STK20260143,0.467532468,0,0.589861751,0,0,0,0,0,0,0,0,0,0,0,0.394736842,0.246376812,0.47761194,0,0,0,0,0,0,0,0,0
STK20260144,0.883116883,0,0.442396313,0,0,1,0,0,0,0,0,1,0,0,0.526315789,0.463768116,0.28358209,1,0,1,1,0,0,1,0,2
STK20260145,0.350649351,0,0.797235023,0,0,0,0,0,0,0,0,0,0,0,0.280701754,0.550724638,0.373134328,0,0,0,0,0,0,0,0,0
STK20260146,0.584415584,1,0.34562212,1,0,0,0,0,0,0,0,0,0,0,0.552631579,0.463768116,0.373134328,0,0,0,0,0,0,0,0,0
STK20260147,0.649350649,1,0.548387097,0,0,0,0,0,0,0,0,0,0,0,0.684210526,0.304347826,0.373134328,0,0,0,0,1,0,0,0,0
STK20260148,0.571428571,1,0.142857143,0,0,0,0,0,0,0,0,0,1,0,0.368421053,0.333333333,0.462686567,0,0,1,0,0,1,0,0,0
STK20260149,0.792207792,1,0.608294931,0,1,0,0,0,0,0,0,0,0,0,0.631578947,0.652173913,0.313432836,1,1,0,0,0,0,1,0,1
STK20260150,0.571428571,1,0.34562212,0,1,1,0,0,0,0,0,0,0,0,0.403508772,0.405797101,0.417910448,0,0,0,0,0,0,0,0,0
STK20260151,0.402597403,1,0.239631336,1,0,0,0,0,0,0,0,1,0,0,0.429824561,0.739130435,0.447761194,0,0,0,0,0,0,0,0,0
STK20260152,0.350649351,0,0.230414747,0,0,0,0,0,0,0,0,0,0,1,0.412280702,0.420289855,0.343283582,0,0,1,0,0,0,0,0,0
STK20260153,0.753246753,1,0.341013825,0,0,0,0,0,0,0,0,0,0,0,0.421052632,0.217391304,0.28358209,0,0,0,0,0,0,0,0,0
STK20260154,0.077922078,1,0.253456221,0,0,0,0,0,0,0,0,0,1,0,0.447368421,0.405797101,0.164179104,0,0,0,0,0,1,0,0,0
STK20260155,0.597402597,0,0.806451613,0,0,0,0,0,0,0,0,0,0,0,0.324561404,0.550724638,0.447761194,0,0,1,0,1,1,0,1,1
STK20260156,0.311688312,0,0.557603687,0,0,0,0,0,0,0,0,0,0,0,0.385964912,0.376811594,0.417910448,0,0,0,0,0,0,0,0,0
STK20260157,0.779220779,1,0.847926267,0,0,0,0,0,0,0,0,0,0,0,0.307017544,0.260869565,0.432835821,0,1,1,0,0,0,0,0,1
STK20260158,0.909090909,0,0.447004608,1,0,0,0,0,1,0,0,0,0,0,0.657894737,0.666666667,0.492537313,0,1,1,0,0,1,0,1,1
STK20260159,0.519480519,1,0.405529954,0,0,0,0,0,0,0,0,0,0,1,0.236842105,0.449275362,0.552238806,0,0,0,0,0,0,0,0,0
STK20260160,0.805194805,1,0.451612903,1,0,0,0,0,0,0,0,0,0,0,0.824561404,0.420289855,0.582089552,0,0,0,1,0,0,0,1,1
STK20260161,0.662337662,1,0.543778802,1,0,0,0,0,1,0,0,0,0,1,0.675438596,0.492753623,0.298507463,1,1,1,0,0,0,1,0,1
STK20260162,0.909090909,1,0.502304147,0,1,0,0,0,0,0,1,1,1,0,0.552631579,0.536231884,0.462686567,1,1,0,0,0,0,0,1,1
STK20260163,0.480519481,0,0.483870968,0,0,0,0,0,0,0,0,0,0,0,0.570175439,0.449275362,0.552238806,0,1,1,0,0,0,1,0,1
STK20260164,0.571428571,1,0.626728111,1,1,0,0,0,0,1,0,0,0,0,0.48245614,0.739130435,0.358208955,0,0,1,0,0,0,1,0,1
STK20260165,0.480519481,1,0.382488479,0,0,0,0,0,0,0,0,1,1,0,0.315789474,0.376811594,0.417910448,0,0,0,0,0,0,0,0,0
STK20260166,0.675324675,1,0.428571429,0,0,1,0,0,0,0,0,1,1,0,0.5,0.550724638,0.417910448,0,1,0,0,0,1,0,1,1
STK20260167,0.831168831,1,0.502304147,1,0,1,0,0,0,0,0,0,0,0,0.728070175,0.47826087,0.492537313,0,0,1,0,0,1,0,0,1
STK20260168,0.467532468,1,0.728110599,0,0,0,0,0,0,0,0,0,1,1,0.342105263,0.463768116,0.611940299,0,0,1,0,0,0,0,1,1
STK20260169,1,1,0.331797235,0,1,1,0,0,1,0,0,0,0,1,0.622807018,0.536231884,0.417910448,1,1,0,0,0,0,0,0,1
STK20260170,0.948051948,1,0.207373272,1,0,0,0,0,0,0,0,0,1,0,0.587719298,0.579710145,0.582089552,0,0,0,1,0,1,0,1,2
STK20260171,0.766233766,1,0.539170507,0,0,0,0,0,0,0,0,0,0,0,0.315789474,0.695652174,0.567164179,0,0,0,0,0,0,0,0,0
STK20260172,0.662337662,0,0.147465438,0,0,0,0,0,0,0,0,0,0,0,0.438596491,0.507246377,0.462686567,1,0,0,0,1,0,0,0,0
STK20260173,0.376623377,1,0.382488479,0,0,1,0,0,0,0,0,0,0,0,0.385964912,0.579710145,0.373134328,0,0,0,0,0,0,0,0,0
STK20260174,0.233766234,0,0.377880184,0,0,0,0,0,0,0,0,0,1,0,0.228070175,0.333333333,0.313432836,0,0,0,0,0,0,0,0,0
STK20260175,0.584415584,1,0.359447005,1,0,1,0,0,1,0,0,0,0,0,0.736842105,0.405797101,0.492537313,0,0,1,0,0,0,0,0,1
STK20260176,0.402597403,1,0.622119816,0,0,0,0,0,0,1,0,0,0,0,0.315789474,0.333333333,0.507462687,0,0,0,0,0,1,0,0,0
STK20260177,0.077922078,0,0.396313364,0,0,0,0,0,0,0,0,1,0,0,0.061403509,0.246376812,0.358208955,0,0,0,0,0,0,0,0,0
STK20260178,0.623376623,1,0.700460829,0,0,1,0,0,0,0,0,0,0,0,0.5,0.217391304,0.417910448,0,1,0,0,0,1,0,0,1
STK20260179,0.818181818,1,0.732718894,1,0,1,0,0,1,0,0,1,0,0,0.789473684,0.579710145,0.313432836,0,1,0,0,0,0,0,1,1
STK20260180,0.623376623,1,0.405529954,1,0,0,0,0,0,0,0,0,0,0,0.552631579,0.536231884,0.462686567,0,0,0,1,0,0,1,0,1
STK20260181,0.467532468,0,0.562211982,0,0,0,0,0,0,0,0,0,0,0,0.280701754,0.579710145,0.52238806,0,0,0,0,0,0,1,0,0
STK20260182,0.38961039,1,0.576036866,0,0,0,0,0,1,0,0,0,0,0,0.289473684,0.463768116,0.462686567,0,0,0,0,0,0,0,0,0
STK20260183,0.441558442,1,0.400921659,0,0,1,0,0,0,1,0,0,1,0,0.429824561,0.333333333,0.358208955,0,0,0,0,0,0,0,0,0
STK20260184,0.558441558,0,0.456221198,0,0,0,0,0,0,0,0,0,0,0,0.50877193,0.391304348,0.462686567,0,0,0,0,0,0,0,0,0
STK20260185,0.545454545,0,0.774193548,0,0,1,0,0,0,0,0,0,0,0,0.307017544,0.391304348,0.567164179,0,0,1,0,1,1,0,0,2
STK20260186,0.493506494,0,0.202764977,0,0,1,0,0,0,0,0,0,0,0,0.289473684,0.231884058,0.552238806,0,0,0,0,0,0,0,0,0
STK20260187,0.376623377,1,0.059907834,0,0,1,0,0,0,0,0,0,1,0,0.368421053,0.347826087,0.417910448,0,0,0,0,0,0,0,0,0
STK20260188,0.324675325,1,0.755760369,0,0,0,0,0,0,0,0,0,0,0,0.149122807,0.420289855,0.507462687,1,0,0,0,1,0,0,0,0
STK20260189,0.753246753,0,0.456221198,1,0,0,0,0,1,0,0,0,0,0,0.640350877,0.463768116,0.432835821,1,0,0,0,1,0,0,1,1
STK20260190,0.12987013,1,0.442396313,0,0,0,0,0,0,0,0,0,1,0,0.315789474,0.347826087,0.373134328,0,0,0,0,0,0,0,0,0
STK20260191,0.883116883,1,0.322580645,1,0,0,0,0,0,0,0,0,1,0,0.50877193,0.420289855,0.462686567,1,0,0,0,0,0,0,1,1
STK20260192,0.25974026,0,0.608294931,0,0,0,0,0,0,0,0,0,0,0,0.175438596,0.420289855,0.402985075,0,0,0,0,0,0,0,0,0
STK20260193,0.38961039,0,0.608294931,0,0,1,0,0,0,0,0,1,0,0,0.219298246,0.362318841,0.701492537,0,0,0,0,0,0,0,0,0
STK20260194,0.116883117,1,0.483870968,0,0,0,0,0,0,0,0,0,0,1,0.149122807,0.579710145,0.194029851,0,0,0,0,1,0,0,0,0
STK20260195,0.688311688,0,0.115207373,0,0,1,0,0,1,0,0,0,0,0,0.438596491,0.376811594,0.417910448,0,1,1,0,0,0,1,1,1
STK20260196,0.766233766,1,0.304147465,0,1,0,0,0,1,0,1,1,0,0,0.552631579,0.376811594,0.552238806,1,1,0,0,0,0,1,0,1
STK20260197,0.38961039,0,0.714285714,0,0,0,0,0,0,0,0,0,0,0,0.157894737,0.637681159,0.313432836,0,0,0,0,0,0,0,0,0
STK20260198,0.337662338,1,0.377880184,0,0,0,0,0,0,0,0,0,0,0,0.184210526,0.289855072,0.462686567,0,0,0,0,0,0,0,0,0
STK20260199,0.623376623,1,0.447004608,1,0,0,0,0,0,0,0,1,0,1,0.385964912,0.434782609,0.47761194,0,1,0,0,0,1,0,0,1
STK20260200,0.402597403,0,0.622119816,0,0,0,0,0,0,0,0,0,0,0,0.48245614,0.304347826,0.447761194,0,0,0,0,0,0,0,0,0
STK20260201,0.701298701,1,0.67281106,0,0,0,0,0,0,0,0,0,1,0,0.640350877,0.420289855,0.417910448,1,1,0,1,0,1,0,1,1
STK20260202,0.571428571,0,0.304147465,0,0,0,0,0,0,0,0,0,0,0,0.412280702,0.217391304,0.447761194,0,1,0,0,0,0,0,1,0
STK20260203,0.350649351,1,0.640552995,0,0,0,0,0,0,0,0,1,0,0,0.210526316,0.47826087,0.417910448,0,0,0,0,0,0,0,0,0
STK20260204,0.493506494,0,0.571428571,0,0,0,0,0,0,0,0,0,1,0,0.403508772,0.217391304,0.373134328,0,0,0,0,0,0,0,0,0
STK20260205,0.922077922,1,0.686635945,1,0,1,0,0,0,0,0,0,0,0,0.587719298,0.579710145,0.343283582,0,0,0,0,1,1,0,0,1
STK20260206,0.441558442,0,0.474654378,0,0,0,0,0,0,0,0,0,0,1,0.456140351,0.420289855,0.47761194,0,0,0,0,0,0,0,0,0
STK20260207,0.480519481,0,0.479262673,0,0,0,0,0,0,0,0,0,0,0,0.263157895,0.217391304,0.47761194,0,1,0,0,0,0,0,0,0
STK20260208,0.363636364,1,0.373271889,0,0,0,0,0,0,0,0,0,0,1,0.201754386,0.362318841,0.447761194,0,0,0,0,0,1,1,1,0
STK20260209,0.493506494,0,0.447004608,0,0,0,0,0,0,0,0,0,0,0,0.342105263,0.376811594,0.358208955,0,0,0,0,0,1,0,0,0
STK20260210,0.584415584,1,0.479262673,1,0,0,0,0,0,0,0,0,1,1,0.631578947,0.623188406,0.552238806,0,1,1,0,1,1,1,0,1
STK20260211,0.454545455,1,0.483870968,1,0,0,0,0,1,0,0,0,0,0,0.605263158,0.275362319,0.552238806,1,0,1,0,0,0,1,1,1
STK20260212,0.402597403,1,0.930875576,0,0,0,0,0,0,0,0,0,1,0,0.333333333,0.434782609,0.134328358,0,1,0,0,0,0,0,0,1
STK20260213,0.74025974,0,0.248847926,0,0,0,0,0,0,0,0,0,0,0,0.412280702,0.449275362,0.28358209,0,0,0,0,0,0,0,0,0
STK20260214,0.441558442,1,0.792626728,0,0,1,0,1,0,0,0,0,0,0,0.605263158,0.463768116,0.402985075,0,1,0,0,0,0,0,1,1
STK20260215,0.584415584,1,0.506912442,0,0,1,0,0,1,0,0,1,0,1,0.298245614,0.434782609,0.358208955,0,1,0,0,0,0,0,0,1
STK20260216,0.428571429,1,0.769585253,1,1,0,0,0,0,0,0,0,1,0,0.587719298,0.623188406,0.343283582,1,1,1,0,0,0,1,1,1
STK20260217,0.25974026,1,0.285714286,0,0,0,0,0,0,0,0,0,1,0,0.333333333,0.550724638,0.447761194,0,0,1,0,0,0,0,0,0
STK20260218,0.805194805,1,0.239631336,1,0,1,0,0,0,0,0,0,0,1,0.754385965,0.637681159,0.47761194,1,1,0,1,0,1,1,0,1
STK20260219,0.454545455,1,0.580645161,1,0,0,0,0,0,0,0,1,1,1,0.701754386,0.565217391,0.52238806,1,1,0,0,1,0,0,1,1
STK20260220,0.675324675,1,0.686635945,1,0,0,0,0,0,0,0,1,0,0,0.640350877,0.710144928,0.358208955,1,0,0,1,0,0,0,0,1
STK20260221,0.844155844,1,0.34562212,1,0,0,0,0,1,0,0,1,0,0,0.649122807,0.724637681,0.373134328,1,1,1,0,0,0,0,1,1
STK20260222,0.636363636,0,0.506912442,0,1,1,0,0,1,1,0,0,0,0,0.49122807,0.492753623,0.52238806,1,0,0,0,0,1,0,0,2
STK20260223,0.38961039,1,0.202764977,0,0,0,0,0,0,0,0,0,0,0,0.421052632,0.289855072,0.28358209,0,1,1,1,0,0,0,1,1
STK20260224,0.558441558,1,0.433179724,1,0,0,0,0,0,0,0,0,0,0,0.429824561,0.275362319,0.28358209,0,0,0,0,0,0,0,0,0
STK20260225,0.636363636,1,0.479262673,0,0,0,0,0,0,0,0,0,0,1,0.342105263,0.52173913,0.298507463,0,0,0,0,0,1,0,0,0
STK20260226,0.532467532,1,0.585253456,0,0,0,0,0,0,0,0,1,1,0,0.394736842,0.275362319,0.373134328,0,0,0,0,0,0,0,0,0
STK20260227,0.714285714,1,0.410138249,0,0,0,0,0,0,0,0,0,0,0,0.5,0.565217391,0.402985075,0,0,0,0,0,0,0,0,0
STK20260228,0.688311688,1,0.451612903,0,0,0,0,0,0,0,0,0,0,0,0.570175439,0.376811594,0.373134328,0,0,0,0,0,0,0,0,0
STK20260229,0.402597403,1,0.732718894,0,0,0,0,0,0,0,0,0,0,0,0.184210526,0.362318841,0.179104478,0,0,0,0,0,0,0,0,0
STK20260230,0.181818182,0,0.115207373,0,1,0,0,0,0,0,0,0,1,0,0.350877193,0.057971014,0.402985075,0,0,1,0,0,0,1,1,0
STK20260231,0.74025974,0,0.764976959,0,0,1,0,0,0,0,0,1,0,0,0.561403509,0.304347826,0.507462687,1,0,1,0,0,0,0,1,1
STK20260232,0.61038961,0,0.138248848,0,0,1,0,0,0,0,0,1,0,0,0.5,0.391304348,0.343283582,0,0,0,0,0,0,0,0,0
STK20260233,0.987012987,0,0.677419355,1,0,1,0,0,1,0,0,1,0,0,0.754385965,0.434782609,0.223880597,1,0,0,1,0,0,1,0,1
STK20260234,0.207792208,0,0.470046083,0,0,0,0,0,0,0,0,0,0,1,0.263157895,0.47826087,0.507462687,0,0,0,0,1,0,0,0,0
STK20260235,0.844155844,0,0.387096774,0,1,0,0,0,0,1,0,0,0,0,0.684210526,0.608695652,0.402985075,1,0,1,0,0,1,1,1,1
STK20260236,0.467532468,1,0.502304147,0,1,0,0,0,0,0,0,0,0,0,0.377192982,0.246376812,0.343283582,0,0,1,0,0,0,0,0,0
STK20260237,0.558441558,0,0.175115207,0,0,1,0,0,0,0,0,1,0,0,0.298245614,0.434782609,0.268656716,0,0,0,0,0,0,0,0,0
STK20260238,0.74025974,0,0.290322581,0,0,0,0,0,0,0,0,0,0,0,0.307017544,0.405797101,0.492537313,0,0,0,0,0,0,0,0,0
STK20260239,0.688311688,1,0.253456221,0,0,0,0,0,0,0,0,0,0,0,0.377192982,0.47826087,0.343283582,0,0,0,0,0,0,0,0,0
STK20260240,0.506493506,1,0.442396313,1,0,0,0,0,0,0,0,0,0,0,0.438596491,0.391304348,0.611940299,1,1,1,0,0,0,1,0,1
STK20260241,0.467532468,0,0.576036866,1,0,0,0,0,0,0,0,0,0,0,0.385964912,0.449275362,0.447761194,1,1,0,0,0,0,0,1,1
STK20260242,0.519480519,1,0.668202765,0,0,0,0,0,1,0,0,0,0,1,0.675438596,0.376811594,0.432835821,1,0,1,0,0,0,1,0,1
STK20260243,0.753246753,1,0.511520737,1,0,0,0,0,0,0,0,1,0,0,0.807017544,0.492753623,0.298507463,1,1,0,0,0,0,0,0,1
STK20260244,0.545454545,1,0.244239631,1,0,0,0,0,0,0,0,1,0,0,0.631578947,0.666666667,0.701492537,0,0,0,0,0,0,0,0,0
STK20260245,0.61038961,0,0.576036866,1,0,0,0,1,0,0,0,0,0,1,0.596491228,0.449275362,0.432835821,0,1,0,0,0,0,1,1,1
STK20260246,0.428571429,0,0.428571429,0,0,0,0,0,0,0,0,0,0,0,0.368421053,0.231884058,0.373134328,0,0,0,0,0,0,0,0,0
STK20260247,0.441558442,0,0.677419355,0,0,0,0,0,1,0,0,0,0,0,0.377192982,0.376811594,0.223880597,0,0,0,0,0,0,0,0,0
STK20260248,0.38961039,0,0.32718894,0,0,0,0,0,0,0,0,0,0,0,0.289473684,0.463768116,0.313432836,0,0,0,0,0,0,0,0,0
STK20260249,0.649350649,0,0.493087558,1,0,1,0,0,0,0,0,0,1,0,0.710526316,0.47826087,0.313432836,1,1,0,0,0,1,0,0,1
STK20260250,0.506493506,0,0.686635945,0,0,1,0,0,0,0,0,0,0,0,0.5,0.449275362,0.388059701,0,0,1,0,0,0,0,1,1
STK20260251,0.584415584,1,0.396313364,1,0,0,0,0,0,0,0,0,0,0,0.657894737,0.463768116,0.358208955,0,1,0,0,0,1,0,0,1
STK20260252,0.467532468,0,0.216589862,1,0,0,0,0,0,0,0,0,0,0,0.701754386,0.608695652,0.253731343,0,0,1,0,0,0,0,1,0
STK20260253,0.545454545,0,0.557603687,0,0,0,0,0,0,0,0,0,0,1,0.342105263,0.420289855,0.298507463,1,0,0,0,0,0,0,0,0
STK20260254,0.298701299,1,0.543778802,1,0,0,0,0,0,0,0,0,0,0,0.307017544,0.579710145,0.402985075,0,0,0,0,0,1,0,0,0
STK20260255,0.662337662,1,0.700460829,1,0,0,0,0,0,0,0,0,0,0,0.578947368,0.492753623,0.402985075,1,0,0,0,0,0,1,0,1
STK20260256,0.584415584,1,0.428571429,0,0,0,0,0,0,0,0,1,1,0,0.280701754,0.550724638,0.417910448,0,0,0,0,0,0,0,0,0
STK20260257,0.675324675,0,0.599078341,1,1,0,0,0,0,0,0,0,0,0,0.631578947,0.666666667,0.417910448,1,0,1,0,0,0,0,0,1
STK20260258,0.636363636,1,0.442396313,0,0,1,0,0,0,0,0,1,0,0,0.271929825,0.420289855,0.47761194,0,0,0,0,0,1,0,0,0
STK20260259,0.168831169,1,0.470046083,0,0,0,0,0,0,0,0,0,0,1,0.350877193,0.31884058,0.313432836,0,0,0,0,0,0,0,0,0
STK20260260,0.701298701,1,0.433179724,0,0,0,0,0,0,0,0,1,0,0,0.359649123,0.52173913,0.313432836,0,0,0,0,0,0,0,0,0
STK20260261,0.831168831,1,0.64516129,1,0,0,1,0,1,1,0,1,0,0,0.701754386,0.666666667,0.402985075,0,0,0,0,1,0,0,0,1
STK20260262,0.844155844,1,0.368663594,0,1,0,0,0,1,0,0,0,1,0,0.49122807,0.579710145,0.328358209,1,1,0,0,0,1,0,1,1
STK20260263,0.493506494,0,0.474654378,0,0,1,0,0,0,0,0,0,0,0,0.526315789,0.304347826,0.313432836,0,0,0,0,0,0,0,0,1
STK20260264,0.766233766,1,0.313364055,1,0,0,0,0,1,0,0,1,0,1,0.622807018,0.550724638,0.28358209,1,0,0,0,0,0,0,1,1
STK20260265,0.402597403,0,0.783410138,0,0,0,0,0,0,0,0,0,0,0,0.245614035,0.333333333,0.28358209,0,0,0,0,0,0,0,0,0
STK20260266,0.558441558,1,0.764976959,0,1,1,0,0,0,0,0,0,1,0,0.5,0.449275362,0.313432836,0,1,0,0,0,0,0,1,1
STK20260267,0.545454545,1,0.276497696,0,0,0,0,0,0,0,0,0,0,1,0.350877193,0.376811594,0.134328358,0,0,0,0,0,0,0,0,0
STK20260268,0.779220779,0,0.562211982,1,0,0,0,0,0,0,0,0,0,0,0.535087719,0.594202899,0.611940299,1,0,1,1,0,1,0,1,1
STK20260269,0.935064935,0,0.603686636,1,0,0,0,0,0,0,0,1,0,0,0.587719298,0.623188406,0.343283582,1,0,0,1,0,1,0,0,1
STK20260270,0.454545455,1,0.474654378,0,0,0,0,0,0,0,0,0,0,0,0.377192982,0.391304348,0.373134328,0,0,0,0,0,0,0,0,0
STK20260271,0.506493506,0,0.502304147,0,0,0,0,0,0,0,0,0,0,0,0.192982456,0.724637681,0.47761194,0,0,0,0,0,0,1,0,0
STK20260272,0.727272727,1,0.221198157,0,0,0,0,0,0,0,0,0,0,1,0.394736842,0.420289855,0.358208955,0,0,0,0,0,0,0,0,0
STK20260273,0.545454545,1,0.350230415,0,0,1,0,0,0,0,0,1,0,1,0.412280702,0.304347826,0.447761194,0,0,0,0,0,0,0,0,0
STK20260274,0.402597403,1,0.202764977,0,0,1,0,0,0,0,0,1,0,1,0.298245614,0.47826087,0.47761194,1,0,0,0,0,0,0,0,0
STK20260275,0.675324675,1,0.534562212,0,0,1,0,0,0,0,0,0,0,1,0.412280702,0.362318841,0.567164179,0,0,0,0,0,0,1,1,1
STK20260276,0.623376623,1,0.599078341,0,0,0,0,0,0,0,0,0,0,1,0.333333333,0.434782609,0.537313433,0,0,0,0,0,0,0,0,0
STK20260277,0.675324675,0,0.433179724,1,0,0,0,0,0,0,0,0,0,0,0.49122807,0.565217391,0.298507463,1,0,0,0,0,1,0,0,1
STK20260278,0.805194805,0,0.396313364,1,0,0,0,0,0,0,0,0,0,0,0.763157895,0.579710145,0.179104478,1,1,0,0,0,1,0,1,2
STK20260279,0.363636364,0,0.898617512,0,0,0,0,0,0,0,0,0,1,0,0.192982456,0.347826087,0.268656716,0,1,1,0,1,1,1,0,1
STK20260280,0.675324675,0,0.479262673,1,0,0,0,0,0,0,0,0,0,0,0.587719298,0.782608696,0.223880597,0,1,0,1,1,1,0,0,1
STK20260281,0.545454545,0,0.124423963,1,0,0,0,0,0,0,0,0,0,0,0.473684211,0.391304348,0.447761194,0,0,0,0,0,0,0,0,0
STK20260282,0.714285714,0,0.474654378,0,0,1,0,0,0,0,0,0,0,0,0.298245614,0.405797101,0.47761194,0,0,1,0,0,0,0,0,0
STK20260283,0.714285714,1,0.640552995,0,0,1,0,0,0,0,0,0,0,0,0.403508772,0.52173913,0.626865672,0,1,0,0,0,1,1,1,1
STK20260284,0.532467532,0,0.410138249,1,0,0,0,0,0,0,0,0,0,0,0.51754386,0.724637681,0.388059701,0,0,0,0,0,0,0,1,0
STK20260285,0.155844156,1,0.133640553,0,0,0,0,0,0,0,0,0,1,1,0.236842105,0.173913043,0.328358209,1,0,0,0,0,0,0,0,0
STK20260286,0.376623377,0,0.322580645,0,0,1,0,0,0,0,0,0,0,0,0.280701754,0.231884058,0.582089552,0,0,0,0,0,0,0,0,0
STK20260287,0.714285714,0,0.161290323,0,1,0,0,0,0,0,0,0,0,0,0.526315789,0.579710145,0.507462687,0,0,0,0,0,0,0,0,0
STK20260288,0.558441558,1,0.221198157,0,0,0,0,0,0,0,0,1,0,0,0.421052632,0.47826087,0.447761194,0,0,0,0,0,1,0,0,0
STK20260289,0.519480519,0,0.271889401,0,1,0,0,0,0,0,0,0,0,0,0.421052632,0.565217391,0.597014925,0,0,0,0,0,0,0,0,0
STK20260290,0.376623377,0,0.262672811,1,0,0,0,0,0,0,0,1,0,0,0.438596491,0.420289855,0.447761194,0,0,0,0,0,0,0,0,0
STK20260291,0.402597403,1,0.566820276,0,0,0,0,0,0,0,0,0,0,0,0.403508772,0.347826087,0.298507463,0,0,0,0,0,0,0,0,0
STK20260292,0.246753247,1,0.511520737,0,0,0,0,0,0,0,0,0,1,0,0.184210526,0.420289855,0.432835821,0,0,0,0,0,0,0,0,0
STK20260293,0.337662338,1,0.271889401,0,0,0,0,0,0,0,0,0,0,0,0.122807018,0.15942029,0.373134328,0,0,0,0,0,0,0,0,0
STK20260294,0.454545455,1,0.225806452,0,0,0,0,0,0,0,0,0,0,0,0.324561404,0.202898551,0.447761194,0,0,0,0,0,0,0,0,0
STK20260295,0.415584416,1,0.451612903,0,0,0,0,0,0,0,0,0,0,0,0.114035088,0.536231884,0.462686567,0,0,0,0,0,0,0,0,0
STK20260296,0.818181818,0,0.594470046,0,1,1,0,0,0,0,0,0,0,0,0.412280702,0.434782609,0.462686567,1,1,1,1,0,1,1,0,1
STK20260297,0.61038961,1,0.66359447,1,1,1,0,0,0,0,0,1,0,1,0.578947368,0.623188406,0.343283582,1,1,1,1,0,1,1,1,1
STK20260298,0.545454545,0,0.493087558,0,0,0,0,0,0,0,0,0,0,0,0.201754386,0.449275362,0.552238806,0,0,0,0,0,0,0,0,0
STK20260299,0.415584416,1,0.539170507,0,0,1,0,1,0,0,0,0,0,0,0.236842105,0.536231884,0.417910448,1,0,0,0,0,0,0,0,0
STK20260300,0.675324675,0,0.571428571,0,0,0,0,0,0,0,0,0,0,0,0.368421053,0.405797101,0.552238806,0,0,0,0,0,0,0,0,0
STK20260301,0.584415584,1,0.470046083,0,0,0,0,0,1,0,0,0,1,0,0.464912281,0.449275362,0.537313433,1,0,0,0,0,0,1,0,1
STK20260302,0.519480519,1,0.451612903,0,0,0,0,0,0,0,0,0,0,0,0.412280702,0.347826087,0.253731343,0,0,0,0,0,0,0,0,0
STK20260303,0.662337662,1,0.281105991,1,0,1,0,0,0,0,0,1,0,0,0.280701754,0.492753623,0.328358209,1,1,1,0,0,0,1,1,1
STK20260304,0.428571429,1,0.050691244,0,0,0,0,0,0,0,0,0,0,0,0.552631579,0.449275362,0.417910448,0,0,0,0,0,0,0,0,0
STK20260305,0.558441558,1,0.829493088,0,0,1,0,0,0,0,0,0,1,0,0.464912281,0.31884058,0.656716418,1,1,0,0,0,0,0,1,1
STK20260306,0.831168831,1,0.152073733,0,0,0,0,0,0,0,0,0,1,0,0.48245614,0.536231884,0.388059701,0,1,0,1,0,0,1,0,1
STK20260307,0.415584416,0,0.479262673,0,1,0,0,0,0,0,0,0,0,0,0.438596491,0.289855072,0.462686567,0,1,0,0,0,0,0,0,0
STK20260308,0.558441558,0,0.437788018,0,1,0,0,0,0,0,0,0,0,0,0.359649123,0.492753623,0.388059701,0,0,0,0,0,0,0,0,0
STK20260309,0.961038961,1,0.511520737,1,0,0,0,0,0,0,0,0,0,0,0.850877193,0.695652174,0.28358209,0,1,1,0,0,0,0,0,1
STK20260310,0.714285714,1,0.68202765,0,0,0,0,0,0,0,0,0,0,0,0.464912281,0.507246377,0.014925373,0,0,0,0,0,0,0,1,1
STK20260311,0.636363636,0,0.460829493,0,0,1,0,0,0,0,0,0,0,0,0.368421053,0.463768116,0.447761194,0,0,0,0,0,1,0,0,0
STK20260312,0.38961039,1,0.290322581,0,0,0,0,0,0,0,0,1,0,0,0.464912281,0.376811594,0.47761194,0,0,0,0,0,0,0,0,0
STK20260313,0.649350649,0,0.396313364,1,0,0,0,0,0,0,0,1,0,0,0.447368421,0.52173913,0.52238806,0,0,0,0,0,0,0,0,0
STK20260314,0.636363636,0,0.451612903,0,1,0,0,0,0,0,0,0,0,0,0.438596491,0.449275362,0.47761194,0,0,0,0,0,0,0,0,0
STK20260315,0.168831169,0,0.152073733,0,0,0,0,0,0,0,0,1,0,0,0.166666667,0.47826087,0.268656716,0,0,0,1,0,1,0,0,0
STK20260316,0.246753247,0,0.548387097,0,0,0,0,0,0,0,0,0,0,0,0.456140351,0.47826087,0.298507463,0,0,0,0,0,1,0,0,0
STK20260317,0.636363636,1,0.529953917,1,0,0,0,0,0,0,0,0,0,1,0.359649123,0.710144928,0.567164179,0,1,0,0,0,0,0,1,1
STK20260318,0.441558442,1,0.571428571,0,0,0,0,0,0,0,0,0,0,0,0.263157895,0.347826087,0.47761194,0,0,0,0,0,0,0,0,0
STK20260319,0.532467532,0,0.35483871,0,0,1,0,0,0,0,0,0,0,0,0.421052632,0.666666667,0.626865672,0,0,0,0,0,0,0,0,0
STK20260320,0.38961039,0,0.377880184,0,0,0,0,0,0,0,0,0,0,0,0.166666667,0.507246377,0.552238806,1,0,0,0,0,0,0,0,0
STK20260321,0.623376623,0,0.451612903,0,0,1,0,0,0,0,0,0,0,0,0.429824561,0.420289855,0.388059701,0,0,0,0,0,0,0,0,0
STK20260322,0.337662338,0,0.281105991,0,0,0,0,0,0,0,0,0,0,0,0.421052632,0.449275362,0.402985075,0,0,0,0,0,0,0,0,0
STK20260323,0.584415584,1,0.746543779,1,0,0,0,0,0,0,0,0,0,0,0.684210526,0.420289855,0.402985075,1,1,0,0,0,0,0,1,1
STK20260324,0.519480519,1,0.400921659,0,0,0,0,0,0,0,0,0,0,0,0.271929825,0.463768116,0.23880597,0,0,0,0,0,0,0,0,0
STK20260325,0.818181818,0,0.216589862,0,0,1,0,1,0,0,0,0,0,0,0.421052632,0.173913043,0.194029851,1,1,0,1,0,0,1,1,1
STK20260326,0.532467532,0,0.198156682,0,0,1,0,0,0,0,0,0,0,0,0.49122807,0.492753623,0.402985075,0,0,0,0,0,0,0,0,0
STK20260327,0.571428571,1,0.511520737,1,0,1,0,0,0,0,0,1,0,1,0.754385965,0.652173913,0.492537313,1,0,0,1,0,0,1,0,1
STK20260328,0.792207792,1,0.543778802,1,1,1,0,0,0,0,0,1,1,1,0.587719298,0.492753623,0.701492537,0,0,0,0,0,1,1,1,1
STK20260329,0.597402597,1,0.119815668,0,0,1,0,0,0,0,0,0,0,0,0.429824561,0.536231884,0.492537313,0,0,0,0,1,0,0,0,0
STK20260330,0.506493506,0,0.262672811,1,0,1,0,0,0,0,0,0,0,0,0.271929825,0.637681159,0.373134328,0,0,0,0,0,0,0,0,0
STK20260331,0.38961039,0,0.368663594,0,0,1,0,0,0,0,0,0,1,0,0.324561404,0.260869565,0.611940299,0,0,0,0,1,0,1,0,0
STK20260332,0.61038961,1,0.603686636,0,0,0,0,1,0,0,0,0,1,0,0.245614035,0.52173913,0.492537313,1,0,1,0,0,0,0,0,1
STK20260333,0.103896104,0,0.041474654,0,0,0,0,0,0,0,0,1,0,0,0.096491228,0.333333333,0.343283582,0,0,0,0,0,0,0,0,0
STK20260334,0.727272727,1,0.405529954,0,1,1,0,0,0,0,0,0,1,0,0.412280702,0.362318841,0.343283582,0,0,1,0,0,0,0,0,1
STK20260335,0.74025974,0,0.571428571,0,0,0,0,0,0,0,0,0,0,0,0.561403509,0.492753623,0.611940299,0,0,0,0,0,0,0,0,0
STK20260336,0.506493506,1,0,1,0,0,0,0,0,0,0,0,1,1,0.631578947,0.68115942,0.373134328,0,1,1,0,0,0,0,0,1
STK20260337,0.467532468,1,0.023041475,1,0,0,0,0,0,0,0,0,0,1,0.394736842,0.47826087,0.597014925,0,0,0,0,1,0,0,0,0
STK20260338,0.623376623,0,0.428571429,1,1,0,0,0,0,0,0,0,0,0,0.535087719,0.376811594,0.492537313,1,1,1,0,0,0,0,0,1
STK20260339,0.493506494,0,0.138248848,0,0,0,0,0,0,0,0,0,0,0,0.368421053,0.362318841,0.23880597,0,0,0,0,0,1,0,0,0
STK20260340,0.402597403,1,0.271889401,0,0,0,0,0,0,0,0,0,1,0,0.421052632,0.565217391,0.208955224,0,0,0,0,1,0,0,0,0
STK20260341,0.675324675,1,0.281105991,1,1,1,0,0,0,0,1,0,0,0,0.728070175,0.492753623,0.432835821,1,1,1,1,0,0,0,0,1
STK20260342,0.623376623,0,0.00921659,1,0,0,0,0,0,0,0,0,0,0,0.412280702,0.724637681,0.462686567,0,0,0,0,0,0,0,0,0
STK20260343,0.142857143,0,0,0,0,0,0,0,0,0,0,0,0,0,0.245614035,0.492753623,0.686567164,1,1,0,0,0,0,0,1,1
STK20260344,0.701298701,1,0.474654378,0,0,0,0,0,0,0,0,0,1,1,0.421052632,0.550724638,0.686567164,1,1,1,0,0,1,0,1,1
STK20260345,0.272727273,0,0.66359447,0,0,0,0,0,0,0,0,0,0,0,0,0.246376812,0.462686567,0,0,0,1,0,0,0,0,0
STK20260346,0.324675325,1,0.622119816,0,0,0,0,0,0,0,0,0,1,0,0.403508772,0.550724638,0.507462687,0,0,0,0,0,0,0,0,0
STK20260347,0.545454545,1,0.594470046,1,0,0,0,0,0,0,0,0,0,0,0.315789474,0.391304348,0.417910448,1,1,0,0,0,0,1,0,1
STK20260348,0.688311688,1,0.129032258,0,1,0,0,0,0,0,0,1,0,0,0.333333333,0.420289855,0.447761194,0,0,0,0,0,0,0,0,0
STK20260349,0.61038961,1,0.626728111,1,0,0,0,0,0,0,0,0,1,0,0.535087719,0.623188406,0.194029851,0,0,0,1,1,0,0,1,1
STK20260350,0.467532468,1,0.31797235,0,0,0,0,0,0,0,0,0,1,1,0.456140351,0.449275362,0.328358209,0,0,0,0,0,0,0,0,0
STK20260351,0.402597403,0,0.423963134,0,1,0,0,0,0,0,0,0,0,0,0.49122807,0.463768116,0.671641791,0,0,0,0,0,1,0,0,0
STK20260352,0.428571429,1,0.248847926,0,0,0,0,0,0,0,0,0,0,1,0.342105263,0.47826087,0.537313433,0,0,0,0,0,0,0,0,0
STK20260353,0.441558442,0,0.599078341,1,1,0,0,0,0,0,0,0,1,0,0.473684211,0.565217391,0.626865672,1,0,0,1,0,0,0,1,1
STK20260354,0.74025974,0,0.202764977,0,0,0,1,0,0,0,1,1,0,0,0.456140351,0.289855072,0.52238806,0,1,1,0,1,1,1,0,1
STK20260355,0.493506494,1,0.442396313,0,0,0,0,0,0,0,0,0,1,0,0.622807018,0.434782609,0.358208955,0,0,0,0,0,0,0,0,0
STK20260356,0.38961039,0,0.797235023,0,0,0,0,0,0,0,0,0,1,0,0.412280702,0.463768116,0.656716418,1,0,0,1,0,1,0,0,1
STK20260357,0.532467532,1,0.502304147,0,0,0,0,0,0,0,1,0,0,0,0.236842105,0.536231884,0.388059701,0,0,0,0,0,0,0,0,0
STK20260358,0.467532468,0,0.649769585,0,0,0,0,0,0,0,0,0,0,0,0.263157895,0.376811594,0.447761194,0,0,0,0,0,0,0,0,0
STK20260359,0.766233766,1,0.304147465,0,0,1,0,0,0,0,0,0,0,0,0.289473684,0.391304348,0.328358209,0,0,0,0,1,0,0,0,0
STK20260360,0.597402597,0,0.377880184,1,0,0,0,0,0,0,0,1,0,1,0.543859649,0.724637681,0.373134328,0,1,1,0,0,0,0,0,1
STK20260361,0.25974026,0,0.525345622,0,0,0,0,0,0,0,0,0,0,0,0.271929825,0.376811594,0.134328358,0,0,0,0,0,0,0,0,0
STK20260362,0.688311688,0,0.428571429,0,0,0,0,0,0,0,0,0,0,0,0.456140351,0.536231884,0.328358209,0,0,0,0,0,0,0,0,0
STK20260363,0.584415584,1,0.31797235,0,0,0,0,0,0,0,0,0,1,0,0.473684211,0.362318841,0.507462687,0,0,0,0,0,0,1,1,0
STK20260364,0.454545455,1,0.603686636,1,0,0,0,0,0,0,0,1,0,1,0.605263158,0.449275362,0.358208955,0,0,0,0,0,0,1,0,1
STK20260365,0.454545455,1,0.32718894,1,0,0,0,0,0,0,1,0,0,0,0.631578947,0.420289855,0.388059701,1,1,0,0,0,0,0,1,1
STK20260366,0.480519481,1,0.202764977,0,0,0,0,0,0,0,0,1,1,0,0.342105263,0.362318841,0.537313433,0,0,0,0,0,0,0,0,0
STK20260367,0.571428571,1,0.119815668,1,0,0,0,0,0,0,0,0,0,0,0.605263158,0.565217391,0.447761194,0,0,0,1,0,0,0,0,0
STK20260368,0.402597403,1,0.175115207,0,0,0,0,0,0,0,0,0,0,0,0.5,0.405797101,0.313432836,0,0,0,0,0,0,0,0,0
STK20260369,0.662337662,1,0.612903226,0,1,0,0,0,0,0,0,0,0,0,0.640350877,0.405797101,0.417910448,0,1,1,0,0,0,1,0,1
STK20260370,0.350649351,1,0.304147465,1,0,0,0,0,0,0,0,0,0,0,0.324561404,0.695652174,0.432835821,0,0,1,0,0,0,0,0,0
STK20260371,0.571428571,1,0.267281106,0,1,1,0,0,0,0,0,0,1,1,0.421052632,0.449275362,0.507462687,0,1,1,0,0,0,0,0,1
STK20260372,0.753246753,0,0.66359447,1,0,1,0,0,0,1,0,0,0,0,0.605263158,0.826086957,0.432835821,0,1,1,1,0,0,0,1,1
STK20260373,0.61038961,0,0.3640553,0,0,0,0,0,0,0,0,0,0,1,0.51754386,0.463768116,0.343283582,0,0,0,0,1,0,0,0,0
STK20260374,0.883116883,1,0.373271889,0,1,1,0,0,0,0,0,1,0,0,0.403508772,0.420289855,0.492537313,1,1,1,0,1,1,0,1,2
STK20260375,0.688311688,0,0.165898618,1,0,0,0,0,1,0,0,0,0,0,0.552631579,0.420289855,0.298507463,1,0,1,1,0,0,1,0,1
STK20260376,0.779220779,0,0.543778802,1,1,1,0,0,0,1,1,0,0,0,0.903508772,0.594202899,0.537313433,0,1,0,0,0,1,0,0,1
STK20260377,0.74025974,0,0.165898618,0,0,0,0,0,1,0,0,1,0,0,0.49122807,0.550724638,0.447761194,1,0,0,0,0,0,0,0,0
STK20260378,0.597402597,1,0.709677419,0,0,0,0,0,0,0,0,1,0,1,0.421052632,0.434782609,0.373134328,1,1,0,1,0,0,0,0,1
STK20260379,0.779220779,0,0.516129032,0,0,1,0,0,0,1,1,0,0,0,0.535087719,0.47826087,0.388059701,0,1,0,0,0,0,1,1,1
STK20260380,0.61038961,0,0.589861751,0,0,1,0,0,0,0,0,0,0,0,0.315789474,0.492753623,0.298507463,0,0,0,0,0,0,0,0,0
STK20260381,0.493506494,0,0.69124424,0,0,0,0,0,0,0,0,0,0,0,0.377192982,0.304347826,0.28358209,0,0,0,0,0,0,0,0,0
STK20260382,0.883116883,1,0.511520737,0,0,0,0,0,0,1,0,0,1,0,0.50877193,0.579710145,0.194029851,1,1,1,1,0,1,0,1,1
STK20260383,0.649350649,1,0.631336406,1,0,0,0,0,0,0,0,0,0,0,0.605263158,0.652173913,0.656716418,1,0,1,1,0,1,0,0,1
STK20260384,0.61038961,1,0.6359447,0,0,0,0,0,0,0,0,0,0,1,0.385964912,0.376811594,0.328358209,0,0,0,0,0,0,0,0,0
STK20260385,0.467532468,0,0.658986175,0,0,0,0,0,0,0,0,1,0,0,0.429824561,0.47826087,0.47761194,0,0,0,0,0,1,0,0,0
STK20260386,0.558441558,1,0.447004608,1,1,1,0,0,0,0,0,0,0,0,0.596491228,0.463768116,0.313432836,0,1,1,0,0,1,1,0,1
STK20260387,0.584415584,0,0.479262673,1,0,1,0,0,0,0,0,1,0,0,0.464912281,0.898550725,0.28358209,0,1,1,1,0,0,1,0,1
STK20260388,0.883116883,0,0.230414747,0,1,0,0,0,0,1,0,0,0,0,0.570175439,0.507246377,0.253731343,1,1,1,1,0,1,0,1,1
STK20260389,0.675324675,0,0.225806452,0,1,0,0,0,0,1,0,0,0,0,0.473684211,0.52173913,0.373134328,0,0,0,0,0,0,0,0,0
STK20260390,0.571428571,0,0.774193548,1,1,0,0,0,0,0,0,0,0,0,0.473684211,0.492753623,0.432835821,0,1,0,1,1,1,1,0,2
STK20260391,0.675324675,0,0.34562212,0,0,0,1,0,0,0,0,0,0,0,0.464912281,0.507246377,0.447761194,0,0,0,0,0,0,0,0,0
STK20260392,0.376623377,1,0.414746544,0,0,0,0,0,0,0,0,0,0,0,0.421052632,0.434782609,0.149253731,0,0,0,0,0,0,0,0,0
STK20260393,0.337662338,1,0.211981567,0,0,0,0,0,0,0,0,0,1,0,0.254385965,0.507246377,0.52238806,0,0,1,0,0,0,0,0,0
STK20260394,0.454545455,1,0.175115207,0,0,1,0,0,0,0,0,0,0,1,0.359649123,0.405797101,0.432835821,0,0,0,0,0,1,0,0,0
STK20260395,0.87012987,1,0.465437788,1,0,1,0,0,1,0,1,0,0,1,0.763157895,0.666666667,0.402985075,1,0,0,0,0,1,0,0,1
STK20260396,0.688311688,0,0.235023041,1,0,0,0,0,1,0,0,0,0,0,0.666666667,0.594202899,0.492537313,1,1,1,1,0,1,0,1,1
STK20260397,0.688311688,0,0.755760369,1,0,0,0,0,0,0,0,0,0,0,0.535087719,0.391304348,0.417910448,0,0,0,0,0,0,1,1,1
STK20260398,0.714285714,0,0.35483871,0,0,0,0,0,0,0,0,1,0,0,0.50877193,0.333333333,0.671641791,0,0,0,0,0,0,0,0,0
STK20260399,0.74025974,1,0.571428571,0,0,0,0,0,0,0,0,0,0,0,0.596491228,0.275362319,0.23880597,0,0,0,0,0,0,1,0,0
STK20260400,0.987012987,1,0.460829493,1,0,1,0,0,0,0,0,1,0,0,0.771929825,0.405797101,0.47761194,1,1,0,1,0,0,0,1,1
STK20260401,0.649350649,0,0.294930876,0,0,0,0,0,0,0,0,0,0,0,0.552631579,0.449275362,0.373134328,0,0,0,0,0,0,0,0,0
STK20260402,0.597402597,1,0.506912442,0,0,0,0,0,0,0,0,0,0,1,0.280701754,0.391304348,0.432835821,0,0,0,0,0,0,1,0,0
STK20260403,0.454545455,0,0.728110599,0,0,0,0,0,0,0,0,0,1,0,0.394736842,0.449275362,0.358208955,0,0,0,1,1,0,0,0,1
STK20260404,0.636363636,1,0.276497696,0,0,0,0,0,0,0,0,1,0,0,0.587719298,0.492753623,0.268656716,0,0,0,0,0,0,1,0,0
STK20260405,0.350649351,1,0.520737327,0,1,0,0,0,0,0,0,0,0,0,0.456140351,0.173913043,0.537313433,0,0,0,0,0,0,0,0,0
STK20260406,0.649350649,0,0.377880184,1,0,0,0,0,1,0,0,0,0,0,0.622807018,0.710144928,0.432835821,0,1,0,0,0,0,1,0,1
STK20260407,0.441558442,1,0.746543779,0,1,0,0,0,0,0,0,0,0,0,0.333333333,0.391304348,0.194029851,0,1,0,0,0,0,0,0,1
STK20260408,0.701298701,0,0.447004608,0,0,0,0,0,0,0,0,1,0,0,0.412280702,0.246376812,0.537313433,0,0,0,0,0,1,0,0,0
STK20260409,0.883116883,0,0.142857143,1,0,1,0,0,0,1,0,0,0,1,0.885964912,0.768115942,0.462686567,1,0,0,0,1,1,0,0,2
STK20260410,0.61038961,1,0.35483871,1,0,0,0,0,1,0,0,0,0,0,0.561403509,0.463768116,0.432835821,1,0,1,0,1,1,0,0,1
STK20260411,0.519480519,0,0.313364055,0,0,0,0,0,0,0,0,0,0,0,0.263157895,0.347826087,0.492537313,0,0,0,0,0,0,0,0,0
STK20260412,0.25974026,1,0.400921659,1,0,0,0,0,0,0,0,0,0,0,0.421052632,0.550724638,0.447761194,0,0,0,0,0,0,0,0,0
STK20260413,0.363636364,0,0.30875576,0,0,0,0,0,0,0,0,0,0,0,0.236842105,0.434782609,0.298507463,0,0,0,0,1,0,0,0,0
STK20260414,0.415584416,0,0.33640553,0,0,0,0,0,0,0,0,0,0,0,0.368421053,0.115942029,0.298507463,0,0,0,0,0,1,1,0,0
STK20260415,0.454545455,0,0.30875576,0,1,0,0,0,0,0,0,1,1,0,0.605263158,0.463768116,0.417910448,1,0,0,0,0,0,0,0,0
STK20260416,0.506493506,0,0.428571429,0,0,0,0,0,0,0,0,0,0,0,0.456140351,0.52173913,0.268656716,0,0,0,0,0,0,0,0,0
STK20260417,0.298701299,1,0.400921659,0,0,0,0,0,0,0,0,0,0,0,0.271929825,0.405797101,0.373134328,0,0,0,0,1,0,0,0,0
STK20260418,0.688311688,1,0.746543779,0,0,0,0,0,0,0,0,1,0,0,0.526315789,0.463768116,0.52238806,0,0,1,1,0,0,0,1,1
STK20260419,0.558441558,0,0.543778802,1,1,0,0,0,0,0,0,0,0,0,0.535087719,0.550724638,0.402985075,0,0,0,0,0,1,0,0,1
STK20260420,0.662337662,1,0.594470046,1,1,0,0,0,0,0,0,0,0,0,0.657894737,0.376811594,0.597014925,0,1,1,0,0,0,1,0,1
STK20260421,0.116883117,0,0.617511521,0,0,0,0,0,0,0,0,0,0,0,0.078947368,0.405797101,0.686567164,0,0,0,0,1,0,0,1,0
STK20260422,0.74025974,1,0.552995392,0,0,0,1,0,0,0,0,0,0,0,0.543859649,0.550724638,0.388059701,0,1,0,0,0,1,1,1,1
STK20260423,0.493506494,0,0.460829493,0,0,0,0,0,0,0,0,1,1,0,0.228070175,0.275362319,0.417910448,0,1,0,0,1,0,1,0,0
STK20260424,0.233766234,1,0.493087558,0,0,1,0,0,0,0,0,0,0,0,0.412280702,0.449275362,0.537313433,0,0,0,0,0,0,0,0,0
STK20260425,0.558441558,1,0.894009217,0,0,1,0,0,0,0,0,0,0,1,0.552631579,0.565217391,0.47761194,0,0,0,1,0,1,0,0,1
STK20260426,0.805194805,1,0.460829493,0,0,1,0,0,1,0,0,0,0,0,0.587719298,0.594202899,0.552238806,0,1,1,0,0,0,0,1,1
STK20260427,0.571428571,1,0.341013825,0,0,0,0,0,0,0,0,0,0,0,0.342105263,0.608695652,0.298507463,0,0,0,0,0,0,0,0,0
STK20260428,0.324675325,0,0.612903226,0,0,0,0,0,0,0,0,1,0,0,0.412280702,0.608695652,0.059701493,0,0,0,0,0,0,0,0,0
STK20260429,0.61038961,0,0.400921659,0,0,0,0,0,0,0,0,0,0,0,0.438596491,0.391304348,0.507462687,0,0,0,0,0,0,0,0,0
STK20260430,0.584415584,1,0.184331797,1,0,0,0,0,0,0,0,0,0,1,0.50877193,0.797101449,0.462686567,1,1,1,1,0,0,1,0,1
STK20260431,0.87012987,0,0.382488479,1,0,0,0,0,0,0,0,1,0,0,0.771929825,0.797101449,0.52238806,1,1,0,0,1,0,0,1,1
STK20260432,0.428571429,1,0.211981567,1,0,0,0,0,0,0,0,0,0,0,0.456140351,0.666666667,0.52238806,0,0,0,0,0,0,0,0,0
STK20260433,0.571428571,0,0.013824885,0,0,0,0,0,0,0,0,0,0,0,0.473684211,0.15942029,0.104477612,0,0,0,0,0,0,0,0,0
STK20260434,0.337662338,1,0.179723502,0,0,0,0,0,0,0,0,1,1,0,0.210526316,0.144927536,0.492537313,0,0,0,0,0,0,0,0,0
STK20260435,0.701298701,1,0.202764977,1,0,0,0,0,1,0,0,0,0,0,0.51754386,0.608695652,0.432835821,1,1,0,1,0,1,0,1,1
STK20260436,0.74025974,1,0.534562212,0,0,0,0,0,0,0,0,0,0,1,0.377192982,0.434782609,0.701492537,0,0,0,0,0,0,0,0,0
STK20260437,0.766233766,0,0.281105991,0,0,0,0,0,1,0,1,0,0,0,0.385964912,0.31884058,0.373134328,0,1,0,0,1,1,0,0,1
STK20260438,0.571428571,0,0.419354839,1,0,0,1,0,0,0,0,0,0,0,0.307017544,0.652173913,0.52238806,0,1,0,1,0,0,0,0,1
STK20260439,0.935064935,1,0.382488479,0,0,0,0,0,0,0,1,0,0,0,0.48245614,0.391304348,0.402985075,1,1,1,0,0,0,1,0,1
STK20260440,0.805194805,1,0.096774194,0,0,0,0,0,0,0,0,1,1,0,0.342105263,0.47826087,0.701492537,1,1,1,0,1,1,0,0,1
STK20260441,0.454545455,0,0.304147465,0,0,0,0,0,0,0,0,1,0,0,0.342105263,0.47826087,0.402985075,0,0,0,0,1,0,0,0,0
STK20260442,0.467532468,0,0.580645161,0,0,0,0,0,0,0,0,0,0,0,0.421052632,0.579710145,0.253731343,0,0,1,1,0,0,0,0,0
STK20260443,0.61038961,0,0.483870968,0,0,0,0,0,0,0,0,0,0,0,0.421052632,0.492753623,0.447761194,0,0,0,0,0,0,0,0,0
STK20260444,0.532467532,1,0.382488479,0,0,0,0,0,0,0,0,0,0,0,0.526315789,0.608695652,0.328358209,0,0,0,0,0,0,0,0,0
STK20260445,0.779220779,1,0.576036866,0,1,0,0,0,0,0,0,0,0,1,0.49122807,0.565217391,0.28358209,1,1,0,0,0,1,1,0,2
STK20260446,0.506493506,0,0.31797235,0,0,0,0,0,0,0,0,0,0,0,0.377192982,0.434782609,0.164179104,0,0,0,0,0,0,0,1,0
STK20260447,0.649350649,1,0.276497696,0,0,0,0,0,0,0,0,0,0,0,0.192982456,0.463768116,0.253731343,0,0,0,0,0,0,0,0,0
STK20260448,0.61038961,0,0.290322581,0,0,0,0,0,0,0,0,0,0,0,0.570175439,0.434782609,0.253731343,0,0,0,0,0,0,0,0,0
STK20260449,0.480519481,0,0.377880184,0,0,0,0,0,1,0,0,0,0,1,0.377192982,0.231884058,0.388059701,0,0,0,0,0,0,1,0,0
STK20260450,0.675324675,1,0.442396313,1,0,0,0,0,0,0,0,0,0,0,0.456140351,0.391304348,0.52238806,0,1,1,1,1,0,1,1,2
STK20260451,0.61038961,1,0.248847926,0,0,0,0,0,0,0,0,0,0,0,0.429824561,0.420289855,0.208955224,0,0,0,0,0,0,0,0,0
STK20260452,0.571428571,1,0.539170507,0,0,1,0,0,0,0,0,1,1,1,0.412280702,0.289855072,0.567164179,0,0,1,0,0,1,1,0,1
STK20260453,0.480519481,0,0.502304147,0,0,1,0,0,0,0,0,0,0,0,0.394736842,0.47826087,0.373134328,0,0,0,0,0,0,0,1,0
STK20260454,0.519480519,0,0.603686636,1,0,0,0,0,0,0,0,0,0,0,0.578947368,0.724637681,0.417910448,1,1,0,0,0,0,0,1,1
STK20260455,0.649350649,0,0.562211982,1,0,0,0,0,0,0,0,0,0,0,0.456140351,0.623188406,0.28358209,1,1,0,0,0,1,1,0,1
STK20260456,0.753246753,0,0.400921659,0,0,1,0,0,0,0,0,0,0,0,0.245614035,0.579710145,0.328358209,0,0,0,0,0,0,0,0,0
STK20260457,0.519480519,1,0.152073733,1,0,0,0,0,0,0,0,1,0,0,0.50877193,0.507246377,0.447761194,0,1,0,0,0,0,0,0,0
STK20260458,0.675324675,1,0.331797235,0,0,1,0,0,0,0,0,0,0,1,0.526315789,0.608695652,0.552238806,0,0,0,0,0,0,0,1,0
STK20260459,0.636363636,0,0.755760369,0,0,1,0,0,0,0,0,0,0,0,0.403508772,0.246376812,0.537313433,0,1,0,0,0,0,1,0,1
STK20260460,0.493506494,0,0.050691244,1,1,0,0,0,0,1,0,1,0,0,0.447368421,0.608695652,0.373134328,1,1,1,0,0,1,0,1,1
STK20260461,0.792207792,1,0.147465438,1,0,0,0,0,0,0,0,0,1,0,0.754385965,0.652173913,0.179104478,1,1,1,0,0,0,1,0,2
STK20260462,0.311688312,0,0.608294931,0,0,0,0,0,0,0,0,1,0,0,0.210526316,0.507246377,0.432835821,0,0,0,0,0,0,0,0,0
STK20260463,0.727272727,0,0.377880184,0,0,0,0,0,0,0,0,0,0,0,0.271929825,0.347826087,0.373134328,0,0,0,0,0,0,0,0,0
STK20260464,0.545454545,0,0.124423963,0,0,0,0,0,0,0,0,0,0,0,0.307017544,0.449275362,0.23880597,0,0,0,0,0,0,0,0,0
STK20260465,0.337662338,1,0.516129032,0,0,0,0,0,0,0,0,0,0,0,0.078947368,0.463768116,0.611940299,0,0,0,0,0,0,0,1,0
STK20260466,0.272727273,0,0.34562212,0,0,0,0,0,0,0,0,0,0,1,0.377192982,0.188405797,0.417910448,0,0,0,0,0,0,0,0,0
STK20260467,0.337662338,0,0.497695853,0,0,0,0,0,0,0,0,0,0,0,0.254385965,0.579710145,0.328358209,0,0,0,0,0,1,0,0,0
STK20260468,0.454545455,1,0.829493088,0,0,1,0,0,1,0,0,0,0,0,0.359649123,0.420289855,0.701492537,1,0,1,0,0,0,1,0,1
STK20260469,1,1,0.211981567,1,0,0,0,0,0,0,0,0,0,0,0.719298246,0.579710145,0.388059701,1,1,1,0,1,0,0,1,2
STK20260470,0.337662338,1,0.442396313,0,0,0,0,0,0,0,0,0,0,0,0.298245614,0.637681159,0.417910448,0,0,0,0,1,0,0,0,0
STK20260471,0.974025974,1,0.299539171,1,0,1,0,0,1,0,0,0,0,0,0.596491228,0.608695652,0.462686567,1,1,0,1,1,1,0,0,1
STK20260472,0.246753247,0,0.548387097,0,0,0,0,0,0,0,0,1,0,0,0.342105263,0.260869565,0.462686567,0,0,0,0,0,0,0,0,0
STK20260473,0.519480519,1,0.548387097,1,0,0,0,0,0,0,0,0,0,0,0.49122807,0.434782609,0.373134328,1,1,1,0,0,0,1,0,1
STK20260474,0.415584416,1,0.322580645,1,0,0,0,0,0,0,0,0,1,0,0.456140351,0.492753623,0.059701493,0,0,1,0,1,0,1,1,1
STK20260475,0.74025974,0,0.571428571,0,0,1,0,0,0,0,0,0,0,0,0.359649123,0.362318841,0.313432836,0,1,0,0,1,1,1,0,1
STK20260476,0.844155844,1,0.299539171,1,0,0,0,0,0,0,0,1,0,0,0.587719298,0.695652174,0.432835821,0,1,1,0,0,1,1,0,1
STK20260477,0.402597403,1,0.235023041,0,0,0,0,0,0,0,0,0,1,0,0.228070175,0.492753623,0.343283582,0,0,0,0,0,0,0,0,0
STK20260478,0.701298701,1,0.092165899,1,0,0,0,0,0,0,0,0,0,0,0.535087719,0.420289855,0.417910448,1,1,1,0,0,1,0,1,1
STK20260479,0.337662338,1,0.423963134,0,0,0,0,0,0,0,0,0,1,0,0.175438596,0.246376812,0.402985075,0,0,0,0,0,0,0,0,0
STK20260480,0.480519481,0,0.391705069,0,0,1,0,0,0,0,0,0,1,0,0.412280702,0.550724638,0.417910448,0,0,0,0,0,0,0,0,0
STK20260481,0.090909091,1,0.133640553,0,0,1,0,0,0,0,0,1,0,1,0.412280702,0.507246377,0.537313433,0,0,0,0,0,0,0,0,0
STK20260482,0.467532468,0,0.64516129,0,0,0,0,0,0,0,0,1,0,0,0.350877193,0.449275362,0.507462687,0,0,0,0,0,0,0,0,0
STK20260483,0.220779221,1,0.479262673,0,0,0,0,0,1,0,0,0,0,1,0.280701754,0.260869565,0.313432836,0,0,0,0,0,1,0,0,0
STK20260484,0.61038961,1,0.511520737,0,1,0,0,0,0,0,0,1,0,0,0.315789474,0.463768116,0.432835821,0,0,0,0,0,0,0,0,0
STK20260485,0.662337662,0,0.087557604,1,0,0,0,0,0,0,0,0,0,0,0.526315789,0.594202899,0.462686567,1,1,0,0,0,1,1,1,1
STK20260486,0.402597403,0,0.078341014,0,1,0,0,0,0,0,0,1,0,0,0.403508772,0.173913043,0.298507463,0,0,0,0,0,0,0,0,0
STK20260487,0.467532468,1,0.175115207,0,0,1,0,0,0,0,0,1,0,0,0.49122807,0.463768116,0.447761194,0,1,0,0,0,0,0,0,0
STK20260488,0.38961039,1,0.207373272,0,0,0,0,0,0,0,0,0,1,1,0.122807018,0.304347826,0.611940299,0,0,0,0,0,0,0,0,0
STK20260489,0.480519481,0,0.331797235,0,0,0,0,0,0,0,0,1,0,0,0.333333333,0.405797101,0.402985075,1,0,0,1,0,0,1,0,1
STK20260490,0.636363636,1,0.32718894,0,0,0,0,0,0,0,0,0,0,1,0.578947368,0.52173913,0.417910448,0,0,0,0,0,1,1,0,0
STK20260491,0.428571429,0,0.497695853,0,0,0,0,0,0,0,0,0,0,0,0.543859649,0.347826087,0.537313433,0,0,0,0,0,0,0,0,0
STK20260492,0.558441558,1,0.059907834,0,0,0,0,1,0,0,0,1,1,0,0.368421053,0.52173913,0.626865672,0,0,0,0,0,0,0,0,0
STK20260493,0.532467532,0,0.603686636,0,0,0,0,0,0,0,0,0,0,0,0.412280702,0.31884058,0.402985075,0,0,0,0,0,1,1,0,0
STK20260494,0.493506494,0,0.377880184,0,0,0,0,0,0,0,0,1,0,0,0.394736842,0.52173913,0.179104478,0,0,0,0,0,1,0,0,0
STK20260495,0.545454545,1,0.907834101,1,0,0,0,0,0,0,0,0,0,0,0.438596491,0.637681159,0.28358209,0,1,1,1,0,1,1,0,1
STK20260496,0.545454545,0,0.437788018,0,0,0,0,0,0,0,0,0,0,0,0.201754386,0.608695652,0.28358209,0,0,1,0,0,0,0,0,0
STK20260497,0.844155844,0,0.31797235,1,0,1,0,0,0,0,0,0,0,0,0.605263158,0.797101449,0.149253731,1,1,0,0,1,0,0,1,2
STK20260498,0.558441558,0,0.525345622,0,1,1,0,0,0,0,0,0,0,0,0.561403509,0.246376812,0.52238806,1,0,0,1,0,1,1,1,1
STK20260499,0.506493506,1,0.414746544,0,0,0,0,1,0,0,0,0,1,0,0.271929825,0.463768116,0.447761194,0,0,0,0,0,1,0,0,0
STK20260500,0.61038961,1,0.506912442,0,0,1,0,0,0,0,0,0,0,0,0.236842105,0.391304348,0.552238806,0,0,0,0,0,0,0,0,0
STK20260501,0.623376623,1,0.548387097,0,0,0,0,0,0,0,0,0,1,1,0.51754386,0.202898551,0.253731343,1,1,1,0,0,0,0,1,1
STK20260502,0.376623377,0,0.741935484,0,0,0,0,0,0,0,0,0,0,0,0.236842105,0.463768116,0.313432836,0,0,0,0,0,0,0,0,0
STK20260503,0.311688312,0,0.525345622,0,0,1,0,0,0,0,0,0,0,0,0.385964912,0.492753623,0.164179104,0,1,0,0,0,0,0,0,0
STK20260504,0.532467532,1,0.161290323,0,0,0,0,0,1,0,0,0,0,0,0.350877193,0.31884058,0.328358209,0,0,0,0,0,0,0,0,0
STK20260505,0.805194805,1,0.188940092,0,0,0,0,0,0,0,0,1,0,1,0.51754386,0.492753623,0.298507463,0,0,0,0,1,0,0,0,0
STK20260506,0.545454545,1,0.506912442,0,1,0,0,0,0,0,0,1,0,0,0.192982456,0.289855072,0.447761194,0,0,0,0,0,0,0,0,0
STK20260507,0.805194805,1,0.248847926,0,0,0,0,0,1,0,0,0,0,0,0.666666667,0.144927536,0.417910448,0,1,0,0,0,0,1,1,1
STK20260508,0.623376623,1,0.437788018,0,0,0,0,0,0,0,0,0,1,0,0.342105263,0.608695652,0.313432836,0,0,0,0,0,0,1,0,0
STK20260509,0.87012987,1,0.612903226,1,0,1,0,0,1,0,0,0,0,0,0.684210526,0.362318841,0.28358209,1,0,0,0,1,1,1,1,1
STK20260510,0.675324675,0,0.502304147,1,1,1,0,0,0,0,0,0,0,0,0.745614035,0.710144928,0.268656716,1,1,1,0,0,1,1,1,2
STK20260511,0.441558442,1,0.447004608,0,0,0,0,0,0,0,0,1,0,0,0.359649123,0.463768116,0.567164179,0,1,0,0,0,0,1,0,0
STK20260512,0.779220779,1,0.377880184,1,0,0,0,0,1,0,0,0,0,0,0.605263158,0.507246377,0.074626866,0,1,1,0,0,1,0,0,1
STK20260513,0.298701299,1,0.497695853,0,0,0,0,0,0,0,0,0,0,0,0.105263158,0.362318841,0.298507463,0,0,0,0,0,0,0,0,0
STK20260514,0.545454545,0,0.382488479,0,0,0,0,0,1,0,0,0,0,0,0.280701754,0.434782609,0.149253731,0,0,0,0,0,0,0,0,0
STK20260515,0.636363636,1,0.695852535,0,0,1,0,0,0,0,1,0,0,0,0.578947368,0.391304348,0.298507463,1,1,1,1,0,0,0,1,1
STK20260516,0.298701299,0,0.442396313,0,0,1,0,0,0,0,0,0,0,0,0.377192982,0.260869565,0.373134328,0,0,0,0,0,0,0,0,0
STK20260517,0.584415584,1,0.244239631,0,0,0,0,0,0,0,0,1,0,0,0.631578947,0.623188406,0.432835821,0,0,0,0,0,0,0,0,0
STK20260518,0.363636364,0,0.493087558,0,0,1,0,0,0,0,0,0,0,0,0.359649123,0.405797101,0.47761194,0,0,0,0,0,0,0,0,0
STK20260519,0.545454545,0,0.221198157,0,0,0,0,1,1,0,0,1,0,0,0.535087719,0.405797101,0.447761194,0,0,0,0,0,0,0,0,0
STK20260520,0.376623377,1,0.686635945,0,0,0,0,0,0,0,0,0,0,0,0.157894737,0.304347826,0.611940299,0,0,0,0,0,0,0,0,0
STK20260521,0.363636364,1,0.516129032,0,0,0,0,0,0,0,0,0,0,0,0.403508772,0.434782609,0.52238806,0,0,0,0,0,0,0,0,0
STK20260522,0.584415584,1,0.447004608,0,1,0,0,0,0,0,0,1,1,0,0.736842105,0.144927536,0.597014925,0,1,0,1,0,1,1,1,1
STK20260523,0.857142857,1,0.129032258,0,0,1,0,0,0,0,0,0,1,0,0.692982456,0.405797101,0.23880597,0,1,1,0,1,1,1,0,1
STK20260524,0.480519481,0,0.506912442,1,1,0,0,0,0,0,0,0,0,0,0.350877193,0.695652174,0.492537313,1,1,0,0,0,0,1,1,1
STK20260525,0.558441558,1,0.520737327,1,0,0,0,0,0,0,0,0,0,0,0.456140351,0.666666667,0.313432836,1,0,1,0,1,0,0,0,1
STK20260526,0.558441558,1,0.410138249,0,0,0,0,0,0,0,0,0,1,0,0.578947368,0.420289855,0.253731343,0,0,0,0,0,0,0,0,0
STK20260527,0.38961039,0,0.175115207,0,0,0,0,0,0,0,0,0,0,0,0.526315789,0.434782609,0.611940299,0,0,0,0,0,0,0,0,0
STK20260528,0.285714286,0,0.138248848,1,0,0,0,1,0,0,0,0,0,0,0.403508772,0.434782609,0.388059701,0,0,0,0,0,0,0,0,0
STK20260529,0.857142857,0,0.465437788,0,0,1,0,0,0,0,0,0,0,0,0.456140351,0.47826087,0.149253731,0,0,1,1,0,0,0,1,2
STK20260530,0.558441558,0,0.617511521,0,1,0,0,0,0,0,0,0,0,0,0.263157895,0.31884058,0.298507463,0,0,0,0,0,0,0,0,0
STK20260531,0.519480519,1,0.322580645,0,0,0,0,0,0,0,0,0,0,0,0.342105263,0.405797101,0.268656716,0,0,0,0,0,0,0,0,0
STK20260532,0.675324675,0,0.447004608,1,0,1,0,0,0,0,0,0,0,0,0.5,0.550724638,0.402985075,0,1,1,1,0,1,0,0,1
STK20260533,0.285714286,1,0.714285714,0,0,0,0,1,0,0,0,0,1,0,0.236842105,0.188405797,0.52238806,1,0,1,0,0,0,0,0,1
STK20260534,0.285714286,0,0.248847926,1,0,0,0,0,0,0,0,0,0,1,0.526315789,0.434782609,0.059701493,1,0,0,0,0,0,0,0,0
STK20260535,0.428571429,0,0.244239631,0,0,0,0,0,0,0,0,0,0,0,0.236842105,0.202898551,0.313432836,0,0,0,0,0,0,0,0,0
STK20260536,0.792207792,1,0.105990783,0,0,1,0,0,1,1,1,0,0,0,0.438596491,0.449275362,0.641791045,1,1,1,1,0,0,0,1,1
STK20260537,0.636363636,1,0.281105991,1,0,0,0,0,1,0,0,1,0,0,0.736842105,0.47826087,0.47761194,1,1,1,0,0,1,0,0,1
STK20260538,0.818181818,1,0.617511521,0,0,1,0,0,0,0,0,1,0,0,0.543859649,0.52173913,0.462686567,0,1,0,1,0,1,0,1,1
STK20260539,0.61038961,1,0.161290323,1,0,1,0,0,0,0,0,0,0,0,0.473684211,0.405797101,0.343283582,1,0,0,1,1,0,1,0,2
STK20260540,0.324675325,1,0.451612903,0,0,1,0,0,0,0,0,0,0,1,0.245614035,0.449275362,0.194029851,0,0,0,0,0,0,0,0,0
STK20260541,0.766233766,0,0.705069124,0,0,0,0,0,0,0,0,0,0,0,0.5,0.550724638,0.388059701,1,1,0,0,0,0,0,1,1
STK20260542,0.87012987,1,0.783410138,1,0,0,0,0,1,0,0,0,0,0,0.640350877,0.507246377,0.358208955,0,1,1,0,0,1,1,1,1
STK20260543,0.337662338,1,0.400921659,0,0,0,0,0,0,0,0,1,0,0,0.245614035,0.391304348,0.328358209,0,0,0,0,0,0,0,0,0
STK20260544,0.285714286,1,0.760368664,0,0,0,0,0,0,0,0,1,1,0,0.096491228,0.376811594,0.417910448,0,0,0,0,0,0,0,0,0
STK20260545,0.675324675,1,0.562211982,0,0,1,0,0,0,0,0,0,0,1,0.412280702,0.420289855,0.537313433,0,0,1,0,1,1,1,1,1
STK20260546,0.805194805,1,0.599078341,1,0,0,0,0,0,0,0,1,0,0,0.48245614,0.623188406,0.552238806,0,0,0,0,0,1,0,0,1
STK20260547,0.714285714,1,0.396313364,0,0,0,0,0,0,0,0,0,0,0,0.254385965,0.52173913,0.328358209,0,0,0,0,0,0,0,0,0
STK20260548,0.818181818,0,0.576036866,0,0,0,0,0,0,0,0,1,0,0,0.350877193,0.405797101,0.686567164,0,0,0,0,0,0,0,0,0
STK20260549,0.350649351,0,0.580645161,0,0,0,0,0,0,0,0,0,0,0,0.280701754,0.405797101,0.402985075,0,0,0,0,0,0,0,0,0
STK20260550,0.974025974,1,0.474654378,1,0,0,0,0,0,0,0,1,0,0,0.719298246,0.550724638,0.507462687,0,1,1,0,0,0,1,0,1
STK20260551,0.402597403,0,0.488479263,0,0,0,0,0,0,0,0,0,0,0,0.315789474,0.376811594,0.432835821,0,0,0,0,0,0,1,0,0
STK20260552,0.766233766,1,0.087557604,0,0,0,0,0,0,0,0,0,0,1,0.228070175,0.594202899,0.417910448,0,0,0,0,0,0,0,0,0
STK20260553,0.779220779,1,0.668202765,1,0,1,0,0,0,0,0,1,0,0,0.350877193,0.637681159,0.343283582,0,1,1,0,0,0,0,0,1
STK20260554,0.74025974,0,0.460829493,1,0,0,0,0,1,0,0,0,0,0,0.780701754,0.652173913,0.76119403,0,0,0,0,0,1,1,0,1
STK20260555,0.415584416,1,0.557603687,1,0,0,0,0,0,0,0,0,1,0,0.666666667,0.47826087,0.656716418,0,1,1,0,1,1,1,0,2
STK20260556,0.675324675,1,0.714285714,1,0,1,0,0,0,0,0,0,0,0,0.710526316,0.710144928,0.641791045,0,0,1,1,0,0,0,0,1
STK20260557,0.896103896,0,0.281105991,0,0,0,0,0,0,0,0,0,0,0,0.236842105,0.52173913,0.328358209,0,0,0,0,0,0,0,0,0
STK20260558,0.220779221,1,0.599078341,0,0,0,0,0,0,0,0,0,0,0,0.280701754,0.376811594,0.164179104,0,0,0,0,1,0,0,0,0
STK20260559,0.909090909,1,0.400921659,0,0,0,0,0,0,0,0,0,0,0,0.649122807,0.246376812,0.388059701,0,0,0,0,0,0,1,0,0
STK20260560,0.519480519,1,0.470046083,0,0,0,0,0,0,0,0,0,0,0,0.298245614,0.391304348,0.28358209,0,0,0,0,1,0,1,0,0
STK20260561,1,1,0.447004608,0,1,1,0,0,0,0,0,0,0,1,0.421052632,0.463768116,0.298507463,1,1,1,1,0,1,1,1,1
STK20260562,0.662337662,1,0.304147465,1,0,1,0,0,0,0,1,0,0,0,0.464912281,0.579710145,0.23880597,0,0,0,0,0,0,0,0,1
STK20260563,0.753246753,1,0.442396313,0,0,1,0,0,0,0,0,0,0,0,0.438596491,0.391304348,0.701492537,0,0,0,0,0,1,0,0,0
STK20260564,0.792207792,0,0.557603687,1,0,0,0,0,0,0,1,1,0,0,0.412280702,0.68115942,0.507462687,1,1,1,0,0,0,0,0,1
STK20260565,0.402597403,1,0,0,0,0,0,0,1,0,0,0,0,0,0.289473684,0.289855072,0.328358209,0,0,0,0,0,0,0,0,0
STK20260566,0.727272727,0,0.331797235,1,0,1,0,0,0,0,0,1,0,0,0.561403509,0.434782609,0.52238806,1,0,0,1,0,0,0,0,1
STK20260567,0.337662338,1,0.161290323,0,0,0,0,0,0,0,0,0,0,0,0.377192982,0.405797101,0.537313433,0,0,0,0,0,0,0,0,0
STK20260568,0.415584416,1,0.110599078,0,0,0,0,0,0,0,0,1,1,0,0.307017544,0.463768116,0.47761194,0,0,0,0,0,0,0,0,0
STK20260569,0.571428571,0,0.737327189,0,1,0,0,0,0,0,0,0,1,1,0.078947368,0.637681159,0.492537313,1,1,0,0,1,0,0,0,1
STK20260570,0.493506494,1,0.539170507,0,0,0,0,0,1,1,0,0,0,0,0.622807018,0.420289855,0.28358209,1,1,1,0,0,0,0,0,1
STK20260571,0.74025974,1,0.35483871,1,1,0,0,0,0,0,0,1,0,1,0.833333333,0.52173913,0.358208955,0,0,1,0,0,0,0,0,1
STK20260572,0.454545455,1,0.290322581,0,0,0,0,0,0,0,0,1,1,0,0.324561404,0.260869565,0.492537313,1,0,0,0,0,0,0,0,0
STK20260573,0.467532468,1,0.391705069,0,0,1,0,0,0,0,0,1,0,1,0.307017544,0.420289855,0.208955224,0,0,0,0,0,0,0,0,0
STK20260574,0.766233766,0,0.626728111,0,1,1,0,0,1,0,0,1,0,1,0.412280702,0.492753623,0.552238806,0,1,1,0,0,1,0,1,1
STK20260575,0.727272727,1,0.276497696,0,0,1,0,0,0,0,0,0,0,1,0.412280702,0.347826087,0.402985075,0,0,0,0,0,0,0,0,0
STK20260576,0.766233766,0,0.709677419,1,0,0,0,0,0,1,0,0,0,0,0.605263158,0.492753623,0.507462687,0,0,1,1,0,0,1,0,1
STK20260577,0.597402597,1,0.202764977,1,1,0,0,0,0,0,0,0,1,0,0.675438596,0.536231884,0.268656716,1,1,1,0,0,1,0,0,1
STK20260578,0.844155844,1,0.548387097,1,1,1,0,0,0,0,0,0,0,0,0.657894737,0.753623188,0.343283582,0,0,0,0,0,1,0,1,1
STK20260579,0.792207792,1,0.423963134,0,1,0,0,0,0,0,0,1,0,0,0.50877193,0.579710145,0.537313433,0,0,0,0,0,0,0,0,0
STK20260580,0.675324675,0,0.811059908,0,0,1,0,0,0,0,0,0,1,0,0.48245614,0.405797101,0.447761194,1,1,1,1,0,0,1,1,1
STK20260581,0.896103896,1,0.626728111,0,1,0,0,0,1,0,0,1,1,0,0.614035088,0.550724638,0.343283582,1,1,1,0,0,1,0,1,1
STK20260582,0.883116883,1,0,1,0,1,0,0,0,0,0,1,0,1,0.535087719,0.594202899,0.223880597,1,1,1,0,0,1,0,0,1
STK20260583,0.584415584,0,0.516129032,0,0,0,0,0,0,0,0,1,0,0,0.412280702,0.434782609,0.313432836,0,0,0,0,0,0,0,0,0
STK20260584,0.623376623,1,0.631336406,0,0,0,0,0,0,0,0,0,0,0,0.359649123,0.260869565,0.417910448,0,0,0,0,0,0,0,0,0
STK20260585,0.545454545,1,0.68202765,1,0,0,0,0,0,0,0,0,0,1,0.377192982,0.565217391,0.686567164,1,0,1,1,0,1,0,0,1
STK20260586,0.493506494,0,0.442396313,0,0,0,0,0,0,0,0,0,0,0,0.412280702,0.405797101,0.582089552,0,0,0,0,0,0,0,0,0
STK20260587,0.558441558,0,0.506912442,0,0,1,0,0,0,0,0,0,0,0,0.307017544,0.47826087,0.343283582,0,0,0,0,0,0,0,0,0
STK20260588,0.675324675,1,0.622119816,0,0,0,0,0,0,0,0,0,0,0,0.263157895,0.31884058,0.253731343,0,0,0,0,0,0,0,0,0
STK20260589,0.441558442,0,0.115207373,0,0,0,0,0,0,0,0,1,0,0,0.596491228,0.289855072,0.164179104,0,0,0,0,0,0,0,0,0
STK20260590,0.441558442,1,0.451612903,0,0,0,0,0,0,0,0,1,0,0,0.447368421,0.463768116,0.417910448,0,0,0,0,0,0,0,0,0
STK20260591,0.285714286,1,0.211981567,0,0,0,0,0,0,0,0,0,0,0,0.280701754,0.173913043,0.358208955,0,0,0,0,0,0,0,0,0
STK20260592,0.311688312,1,0.64516129,0,0,0,0,0,0,0,0,0,1,0,0.289473684,0.463768116,0.597014925,0,0,0,0,0,0,0,0,0
STK20260593,0.454545455,1,0.502304147,0,0,0,0,0,0,0,0,0,0,0,0.412280702,0.420289855,0.641791045,0,0,0,0,0,0,0,0,0
STK20260594,0.558441558,0,0.262672811,1,0,0,0,0,0,0,0,0,0,0,0.754385965,0.434782609,0.582089552,0,0,0,1,0,0,1,0,1
STK20260595,0.896103896,1,0.041474654,1,0,1,0,0,0,0,0,0,0,1,0.412280702,0.666666667,0.582089552,1,1,1,1,1,1,1,1,1
STK20260596,0.688311688,1,0.414746544,1,0,0,0,0,0,0,0,0,0,0,0.614035088,0.637681159,0.47761194,0,1,1,1,0,0,0,1,1
STK20260597,0.571428571,0,0.649769585,1,0,0,0,0,0,0,0,0,1,0,0.675438596,0.463768116,0.432835821,0,1,1,1,0,0,1,1,1
STK20260598,0.272727273,0,0.442396313,0,0,0,0,0,0,0,0,0,1,0,0.175438596,0.289855072,0.208955224,0,0,0,0,0,0,0,0,0
STK20260599,0.571428571,1,0.304147465,0,0,0,0,0,0,0,0,0,1,0,0.333333333,0.68115942,0.328358209,0,0,0,0,0,0,0,0,0
STK20260600,0.753246753,1,0.539170507,0,0,0,1,1,1,0,0,0,1,0,0.578947368,0.492753623,0.597014925,0,0,1,0,0,1,1,0,1
STK20260601,0.636363636,1,0.34562212,0,0,1,0,0,0,0,0,0,1,0,0.605263158,0.304347826,0.417910448,0,1,1,0,0,0,1,0,1
STK20260602,0.220779221,1,0.161290323,0,0,0,0,0,0,0,0,1,1,0,0.263157895,0.405797101,0.492537313,0,0,0,0,0,0,0,0,0
STK20260603,0.649350649,1,0.373271889,1,0,1,0,0,0,0,0,0,0,0,0.552631579,0.52173913,0.253731343,0,1,1,0,0,1,0,1,1
STK20260604,0.428571429,1,0.442396313,0,0,1,0,0,0,0,0,0,0,0,0.114035088,0.260869565,0.373134328,0,0,0,0,0,0,0,0,0
STK20260605,0.428571429,0,0.649769585,0,1,0,0,0,0,0,0,1,0,0,0.245614035,0.492753623,0.47761194,0,0,0,0,0,0,0,0,0
STK20260606,0.181818182,0,0.451612903,1,0,0,0,0,0,0,0,0,0,0,0.456140351,0.376811594,0.328358209,0,0,0,0,0,0,0,0,0
STK20260607,0.857142857,0,0.709677419,0,0,1,0,0,1,0,0,0,0,0,0.456140351,0.362318841,0.343283582,1,1,1,0,0,1,0,0,1
STK20260608,0.766233766,1,0.391705069,1,0,0,0,0,1,0,0,0,0,1,0.666666667,0.507246377,0.656716418,0,1,0,0,1,1,1,0,2
STK20260609,0.493506494,0,0.101382488,0,0,0,0,0,0,0,0,0,0,0,0.350877193,0.652173913,0.582089552,0,0,0,0,0,1,0,0,0
STK20260610,0.766233766,1,0.903225806,1,0,1,1,0,0,1,0,0,1,1,0.719298246,0.594202899,0.492537313,1,1,1,1,0,0,1,1,1
STK20260611,0.324675325,0,0.442396313,0,0,0,0,0,0,0,0,1,0,0,0.394736842,0.376811594,0.373134328,0,0,0,1,0,0,1,0,0
STK20260612,0.766233766,0,0.589861751,1,0,1,0,0,0,0,0,1,0,0,0.710526316,0.608695652,0.52238806,1,1,1,1,0,1,0,0,1
STK20260613,0.428571429,1,0.165898618,1,0,0,0,0,0,0,0,0,0,1,0.48245614,0.565217391,0.402985075,0,0,0,0,0,0,0,0,0
STK20260614,0.519480519,1,0.248847926,0,1,0,0,0,0,1,0,0,0,0,0.403508772,0.666666667,0.552238806,0,0,0,0,0,0,0,1,0
STK20260615,0.519480519,0,0.00921659,1,0,0,0,0,0,0,0,0,0,0,0.692982456,0.811594203,0.313432836,0,0,0,0,0,1,0,0,0
STK20260616,0.766233766,1,0.341013825,1,1,0,0,1,0,0,0,0,1,0,0.780701754,0.594202899,0.358208955,1,1,0,1,1,0,0,1,2
STK20260617,0.363636364,1,0.529953917,0,0,0,0,0,0,0,0,1,0,0,0.228070175,0.391304348,0.552238806,0,0,0,0,0,0,0,0,0
STK20260618,0.792207792,0,0.281105991,0,0,0,0,0,0,0,0,0,0,0,0.456140351,0.608695652,0.597014925,0,0,0,1,0,0,0,0,0
STK20260619,0.701298701,0,0.884792627,0,1,0,0,0,0,0,0,0,1,0,0.192982456,0.405797101,0.417910448,1,0,0,1,1,1,0,1,1
STK20260620,0.688311688,1,0.737327189,1,0,1,0,0,1,0,1,1,1,0,0.719298246,0.579710145,0.462686567,0,1,0,0,0,1,0,1,2
STK20260621,0.285714286,1,0.382488479,0,0,0,0,0,0,0,0,1,1,0,0.324561404,0.52173913,0.671641791,0,0,0,0,0,0,0,1,0
STK20260622,0.896103896,0,0.686635945,1,0,0,0,1,0,0,0,0,0,0,0.657894737,0.652173913,0.492537313,1,1,0,0,1,1,1,1,1
STK20260623,0.454545455,1,0.470046083,0,1,1,0,0,0,0,0,1,0,0,0.464912281,0.391304348,0.537313433,0,0,0,0,0,0,0,0,0
STK20260624,0.506493506,1,0.239631336,0,0,1,0,0,0,0,0,0,0,1,0.412280702,0.31884058,0.492537313,0,0,0,0,0,0,0,0,0
STK20260625,0.480519481,1,0.612903226,0,0,0,0,0,0,0,0,0,0,0,0.315789474,0.217391304,0.223880597,0,0,0,0,0,0,0,0,0
STK20260626,0.61038961,0,0.456221198,0,0,0,0,0,0,1,0,1,0,0,0.192982456,0.434782609,0.119402985,0,0,0,0,0,0,1,0,0
STK20260627,0.233766234,1,0.170506912,0,0,0,0,0,0,0,0,0,0,0,0.245614035,0.304347826,0.582089552,0,0,0,0,0,0,0,0,0
STK20260628,0.727272727,0,0.331797235,0,0,1,0,0,0,0,0,0,0,0,0.447368421,0.52173913,0.462686567,0,0,0,0,1,0,0,0,0
STK20260629,0.454545455,1,0.792626728,0,0,0,0,0,0,0,0,0,1,1,0.228070175,0.304347826,0.358208955,1,0,1,1,0,0,0,0,1
STK20260630,0.675324675,0,0.377880184,0,0,0,0,0,0,0,0,0,0,0,0.368421053,0.507246377,0.417910448,0,0,0,0,0,0,0,0,0
STK20260631,0.792207792,0,0.66359447,0,1,0,0,1,0,0,0,0,0,0,0.535087719,0.536231884,0.567164179,1,0,1,1,1,1,0,1,1
STK20260632,0.61038961,0,0.631336406,0,0,0,0,0,0,0,0,0,0,0,0.342105263,0.47826087,0.47761194,1,0,0,0,0,0,0,0,0
STK20260633,0.597402597,1,0.709677419,0,0,0,0,0,0,0,0,1,0,0,0.412280702,0.463768116,0.641791045,0,0,0,0,0,0,0,0,0
STK20260634,0.532467532,0,0.594470046,0,1,0,0,0,1,0,0,0,0,0,0.50877193,0.47826087,0.47761194,0,0,1,1,1,0,1,1,2
STK20260635,0.493506494,0,0.479262673,1,1,0,0,0,0,0,0,0,0,0,0.622807018,0.565217391,0.47761194,0,1,0,0,0,0,1,1,1
STK20260636,0.623376623,1,0.548387097,0,1,0,0,1,0,0,0,0,0,0,0.526315789,0.565217391,0.76119403,0,1,1,1,0,0,1,0,1
STK20260637,0.675324675,1,0.138248848,1,0,1,0,0,0,0,0,1,0,1,0.833333333,0.550724638,0.223880597,1,0,0,1,0,0,0,0,1
STK20260638,0.961038961,0,0.32718894,1,0,0,1,0,1,0,1,1,0,0,0.815789474,0.710144928,0.402985075,1,1,0,0,0,0,1,0,1
STK20260639,0.636363636,0,0.677419355,0,0,0,0,0,0,0,0,0,0,0,0.236842105,0.362318841,0.164179104,0,0,0,0,0,0,1,0,0
STK20260640,0.636363636,1,0.760368664,0,0,0,0,0,0,0,0,0,1,0,0.447368421,0.52173913,0.597014925,0,1,0,1,0,0,1,1,2
STK20260641,0.675324675,1,0.465437788,0,0,0,0,0,0,0,0,1,0,1,0.315789474,0.652173913,0.23880597,0,0,0,0,1,0,1,0,0
STK20260642,0.402597403,0,0.299539171,0,0,0,0,0,0,0,0,0,0,1,0.131578947,0.492753623,0.388059701,0,0,0,0,0,1,0,0,0
STK20260643,0.415584416,1,0.239631336,0,0,0,0,0,0,0,0,0,0,0,0.333333333,0.391304348,0.447761194,0,0,1,0,0,0,0,0,0
STK20260644,0.519480519,1,0.387096774,0,0,0,0,0,0,0,0,0,0,1,0.368421053,0.31884058,0.492537313,0,0,0,0,0,0,0,0,0
STK20260645,0.519480519,1,0.258064516,1,0,1,0,0,0,0,0,0,0,0,0.552631579,0.652173913,0.537313433,0,0,1,0,0,0,0,0,1
STK20260646,0.532467532,0,0,0,0,0,0,0,0,0,0,0,1,0,0.324561404,0.47826087,0.492537313,0,0,0,0,1,0,0,0,0
STK20260647,0.350649351,1,0.566820276,0,0,0,0,0,0,0,0,0,0,1,0.228070175,0.52173913,0.402985075,0,0,0,0,0,0,0,0,0
STK20260648,0.61038961,1,0.511520737,1,0,0,0,0,0,0,0,1,1,0,0.48245614,0.434782609,0.507462687,0,0,0,0,1,0,0,1,1
STK20260649,0.415584416,1,0.447004608,0,0,0,0,0,0,0,0,0,0,0,0.201754386,0.652173913,0.417910448,0,0,0,0,1,0,0,0,0
STK20260650,0.649350649,0,0.68202765,0,0,0,0,0,0,0,0,1,1,0,0.359649123,0.565217391,0.417910448,1,1,1,0,0,1,0,0,1
STK20260651,0.519480519,0,0.566820276,0,1,0,0,1,0,0,0,0,0,0,0.587719298,0.304347826,0.298507463,1,1,0,0,0,1,0,0,1
STK20260652,0.623376623,1,0.548387097,0,0,1,0,0,0,0,1,0,1,0,0.570175439,0.594202899,0.328358209,1,0,1,1,0,0,1,0,1
STK20260653,0.597402597,1,0.732718894,0,1,0,0,0,0,0,0,1,0,0,0.49122807,0.507246377,0.417910448,0,0,1,0,0,1,1,0,1
STK20260654,0.194805195,0,0.451612903,0,0,0,0,0,1,0,0,1,0,0,0.412280702,0.449275362,0.47761194,0,0,0,0,0,0,0,1,0
STK20260655,0.519480519,0,0.161290323,0,0,0,0,0,0,0,0,0,0,0,0.350877193,0.275362319,0.447761194,0,0,0,0,0,0,0,0,0
STK20260656,0.350649351,0,0.262672811,1,0,0,0,0,0,0,0,0,0,0,0.526315789,0.492753623,0.358208955,0,0,0,0,0,1,0,0,0
STK20260657,0.974025974,1,0.488479263,0,0,1,0,0,0,0,0,1,0,0,0.394736842,0.420289855,0.417910448,1,1,1,1,0,0,0,0,1
STK20260658,0.194805195,1,0.179723502,0,0,0,0,0,0,0,0,0,0,0,0.342105263,0.289855072,0.373134328,0,1,0,0,0,0,0,0,0
STK20260659,0.844155844,1,0.244239631,0,0,0,0,0,0,0,0,0,0,0,0.526315789,0.710144928,0.328358209,0,0,0,0,0,0,0,0,0
STK20260660,0.103896104,1,0.368663594,0,0,0,0,0,0,0,0,0,0,0,0.087719298,0.246376812,0.298507463,0,0,0,0,0,1,0,0,0
STK20260661,0.961038961,0,0.502304147,1,0,1,0,0,1,0,0,0,0,0,0.412280702,0.449275362,0.47761194,1,0,1,0,0,0,0,1,1
STK20260662,0.662337662,1,0.534562212,1,0,0,0,0,0,0,0,0,1,0,0.456140351,0.507246377,0.671641791,1,1,0,1,0,1,1,1,1
STK20260663,0.545454545,1,0.548387097,0,0,1,0,0,0,0,0,0,0,0,0.157894737,0.47826087,0.402985075,1,0,0,0,0,0,0,0,0
STK20260664,0.415584416,0,0.377880184,0,0,0,0,0,0,0,0,0,0,0,0.342105263,0.507246377,0.582089552,0,0,0,0,0,0,0,0,0
STK20260665,0.493506494,0,0.400921659,0,1,1,0,0,0,0,0,0,0,0,0.350877193,0.565217391,0.417910448,0,0,0,0,0,0,0,0,0
STK20260666,0.298701299,0,0.603686636,0,0,0,0,0,0,0,0,0,0,0,0.412280702,0.333333333,0.402985075,0,1,0,0,0,0,0,0,0
STK20260667,0.805194805,1,0.465437788,0,0,0,0,0,0,0,0,0,0,1,0.456140351,0.347826087,0.358208955,0,0,0,0,0,0,0,0,0
STK20260668,0.480519481,1,0.304147465,0,0,0,0,0,0,0,0,0,1,0,0.421052632,0.463768116,0.462686567,0,0,0,0,0,0,0,0,0
STK20260669,0.649350649,1,0.783410138,1,0,1,0,0,0,0,0,1,0,0,0.526315789,0.637681159,0.298507463,1,1,1,0,0,0,1,1,1
STK20260670,0.545454545,0,0.479262673,1,0,1,0,0,0,0,0,0,0,0,0.614035088,0.550724638,0.447761194,0,0,1,1,0,1,1,0,2
STK20260671,0.675324675,1,0.447004608,0,0,0,0,0,0,0,0,0,0,0,0.368421053,0.507246377,0.462686567,1,0,0,0,0,0,0,0,0
STK20260672,0.792207792,1,0.585253456,1,1,1,0,0,0,0,1,1,0,0,0.535087719,0.550724638,0.597014925,1,0,1,1,0,0,0,1,1
STK20260673,0.519480519,0,0.589861751,0,0,0,0,0,0,0,0,0,0,0,0.631578947,0.275362319,0.343283582,0,0,0,0,0,0,0,0,0
STK20260674,0.298701299,0,0.294930876,0,0,0,0,0,0,0,0,0,0,1,0.315789474,0.47826087,0.447761194,0,0,0,0,0,0,0,1,0
STK20260675,0.441558442,1,0.442396313,0,0,0,0,0,0,0,0,0,0,1,0.254385965,0.304347826,0.253731343,0,0,0,0,0,0,0,0,0
STK20260676,0.285714286,1,0.483870968,0,0,0,0,0,0,0,0,1,0,0,0.228070175,0.260869565,0.47761194,0,0,0,0,0,0,0,0,0
STK20260677,0.545454545,0,0.396313364,0,1,0,0,0,1,0,1,1,1,0,0.429824561,0.536231884,0.417910448,0,1,0,1,0,1,0,1,1
STK20260678,0.623376623,1,0.820276498,0,0,0,0,0,0,0,0,0,1,0,0.48245614,0.507246377,0.47761194,1,0,0,0,1,0,1,1,1
STK20260679,0.584415584,0,0.400921659,0,1,1,0,0,0,0,0,0,0,0,0.429824561,0.550724638,0.582089552,0,0,0,0,1,0,0,0,0
STK20260680,0.896103896,1,0.470046083,1,0,1,0,0,1,0,0,0,1,0,0.789473684,0.565217391,0.388059701,0,0,1,0,0,1,0,1,1
STK20260681,0.805194805,0,0.235023041,1,0,1,0,0,1,0,0,0,0,0,0.649122807,0.942028986,0.417910448,1,0,1,0,0,1,1,1,1
STK20260682,0.714285714,0,0.188940092,0,0,1,0,0,0,0,0,0,0,0,0.228070175,0.376811594,0.208955224,0,0,0,0,0,0,0,0,0
STK20260683,0.402597403,1,0.414746544,0,0,1,0,0,0,0,0,0,0,0,0.403508772,0.362318841,0.820895522,0,0,0,0,0,0,0,0,0
STK20260684,0.662337662,0,0.216589862,0,0,0,0,0,1,0,0,0,0,0,0.271929825,0.260869565,0.52238806,0,0,0,0,0,0,0,0,0
STK20260685,0.61038961,0,0.506912442,0,1,0,0,0,0,0,0,1,0,0,0.473684211,0.449275362,0.507462687,0,0,0,0,0,0,0,0,0
STK20260686,0.727272727,1,0.493087558,1,1,1,0,0,0,1,0,0,1,0,0.535087719,0.623188406,0.328358209,0,0,0,0,0,0,0,0,1
STK20260687,0.649350649,0,0.350230415,0,0,1,0,1,0,0,0,0,0,0,0.280701754,0.594202899,0.388059701,0,0,0,0,0,0,0,0,0
STK20260688,1,1,0.373271889,0,0,1,0,0,0,0,0,0,0,0,0.543859649,0.434782609,0.507462687,0,0,1,0,0,0,0,0,1
STK20260689,0.727272727,1,0.304147465,0,1,0,0,0,1,0,0,0,0,0,0.456140351,0.420289855,0.343283582,0,0,0,1,0,1,1,1,1
STK20260690,0.753246753,0,0.267281106,1,0,0,0,0,0,0,1,1,0,0,0.50877193,0.710144928,0.432835821,1,1,1,1,1,0,1,0,2
STK20260691,0.922077922,1,0.004608295,0,0,0,0,0,0,0,0,0,0,0,0.526315789,0.652173913,0.373134328,0,0,0,0,0,1,0,0,0
STK20260692,0.220779221,1,0.253456221,0,0,0,0,0,0,0,0,0,1,0,0.131578947,0.362318841,0.208955224,0,1,0,0,0,0,0,1,0
STK20260693,0.493506494,1,0.470046083,0,0,0,0,0,0,0,0,0,1,1,0.219298246,0.434782609,0.611940299,0,0,0,0,0,0,0,0,0
STK20260694,0.350649351,1,0.67281106,0,0,0,0,0,0,0,0,1,0,1,0.157894737,0.31884058,0.373134328,0,1,0,0,1,0,0,0,0
STK20260695,0.415584416,0,0.506912442,0,0,0,0,0,0,0,0,0,0,0,0.140350877,0.550724638,0.641791045,0,0,0,0,0,0,0,0,0
STK20260696,0.493506494,1,0.589861751,1,0,1,0,0,0,0,0,0,0,0,0.48245614,0.739130435,0.462686567,1,1,1,0,1,0,1,0,1
STK20260697,0.701298701,1,0.603686636,0,0,1,0,0,0,0,0,0,0,0,0.368421053,0.434782609,0.641791045,1,0,0,0,0,1,0,1,1
STK20260698,0.792207792,1,0.267281106,1,0,1,0,0,0,1,1,0,0,0,0.543859649,0.550724638,0.313432836,1,0,0,0,1,0,0,0,2
STK20260699,0.688311688,0,0.640552995,1,0,1,0,0,0,0,0,0,0,0,0.552631579,0.565217391,0.417910448,1,0,1,1,0,0,1,0,1
STK20260700,1,0,0.382488479,1,0,1,0,0,0,0,0,0,0,0,0.745614035,0.652173913,0.462686567,0,1,0,1,0,0,1,1,2
STK20260701,0.376623377,0,0.073732719,0,0,0,0,0,0,0,0,0,0,0,0.50877193,0.376811594,0.582089552,0,0,0,0,0,0,0,0,0
STK20260702,0.480519481,0,0.493087558,0,0,0,0,0,0,0,0,0,1,0,0.570175439,0.376811594,0.432835821,0,0,0,0,0,0,0,0,0
STK20260703,0.623376623,1,0.520737327,0,0,1,0,0,0,0,0,0,0,0,0.587719298,0.550724638,0.417910448,0,0,0,0,0,0,1,1,0
STK20260704,0.38961039,0,0.322580645,0,0,0,0,0,0,0,0,0,0,0,0.359649123,0.15942029,0.089552239,0,1,0,0,0,0,0,0,0
STK20260705,0.441558442,1,0.755760369,0,0,1,0,0,0,0,0,0,0,1,0.350877193,0.405797101,0.194029851,0,1,0,0,0,0,0,1,1
STK20260706,0.922077922,0,0.566820276,1,0,0,1,1,1,0,0,0,0,0,0.771929825,0.623188406,0.208955224,0,0,1,0,0,1,0,0,1
STK20260707,0.467532468,1,0.506912442,0,0,0,0,0,0,0,0,0,0,0,0.570175439,0.507246377,0.611940299,0,0,0,0,0,1,0,0,0
STK20260708,0.519480519,1,0.359447005,0,0,0,0,0,0,0,0,0,1,0,0.298245614,0.31884058,0.537313433,0,0,0,0,0,0,0,0,0
STK20260709,0.337662338,1,0.331797235,0,0,0,0,0,0,0,0,0,0,0,0.289473684,0.362318841,0.567164179,0,0,0,0,0,0,0,0,0
STK20260710,0.38961039,0,0.276497696,1,0,0,0,0,0,0,0,0,0,0,0.50877193,0.594202899,0.089552239,0,0,0,0,0,0,0,0,0
STK20260711,0.428571429,1,0.741935484,0,0,0,0,0,0,0,0,0,1,0,0.315789474,0.492753623,0.582089552,0,0,0,0,0,1,1,0,1
STK20260712,0.168831169,1,0.101382488,0,0,0,0,0,0,0,0,0,0,0,0.201754386,0.695652174,0.641791045,0,0,0,0,0,0,0,0,0
STK20260713,0.597402597,0,0.880184332,0,0,0,0,0,0,0,0,1,1,0,0.333333333,0.47826087,0.223880597,0,0,1,0,0,1,1,1,1
STK20260714,0.948051948,0,0.705069124,0,0,1,0,0,0,0,1,0,0,0,0.710526316,0.579710145,0.194029851,1,1,0,0,0,1,0,1,1
STK20260715,0.493506494,1,0.493087558,0,0,1,0,0,0,0,0,0,0,0,0.307017544,0.173913043,0.432835821,0,0,0,1,0,0,0,0,0
STK20260716,0.38961039,1,0.539170507,0,0,0,0,0,1,0,0,0,0,0,0.438596491,0.47826087,0.537313433,0,0,0,0,0,0,0,0,0
STK20260717,0.61038961,1,0.746543779,0,0,0,0,0,0,0,1,1,1,0,0.535087719,0.463768116,0.462686567,1,1,0,0,1,1,1,1,1
STK20260718,0.350649351,1,0.525345622,0,0,0,0,0,0,0,0,0,0,1,0.245614035,0.507246377,0.388059701,0,0,0,0,0,0,0,0,0
STK20260719,0.298701299,0,0.165898618,0,0,0,0,0,0,0,0,0,0,0,0.412280702,0.289855072,0.388059701,0,0,0,0,0,0,0,0,0
STK20260720,0.246753247,1,0.33640553,0,0,0,0,0,0,1,0,0,1,0,0.350877193,0.31884058,0.567164179,0,0,0,0,0,1,0,0,0
STK20260721,0.597402597,1,0.6359447,0,0,0,0,0,0,0,0,0,0,0,0.51754386,0.434782609,0.298507463,0,0,0,0,0,0,0,0,0
STK20260722,0.779220779,0,0.580645161,1,0,0,0,1,0,0,0,0,0,0,0.622807018,0.391304348,0.388059701,1,1,1,1,1,0,0,1,1
STK20260723,0.545454545,0,0.382488479,0,0,0,0,0,0,0,0,0,0,0,0.245614035,0.31884058,0.507462687,0,0,0,0,0,0,0,0,0
STK20260724,0.298701299,0,0.188940092,0,0,0,0,0,0,0,0,0,0,0,0.447368421,0.420289855,0.223880597,0,0,0,0,0,0,0,0,0
STK20260725,0.441558442,0,0.419354839,0,0,0,0,0,0,0,0,0,0,0,0.403508772,0.376811594,0.611940299,0,0,0,0,0,0,0,0,0
STK20260726,0.545454545,1,0.566820276,0,0,0,0,0,0,0,0,0,1,0,0.192982456,0.391304348,0.671641791,0,1,0,0,0,0,1,0,0
STK20260727,0.857142857,0,0.576036866,1,0,1,0,0,1,0,0,0,0,0,0.51754386,0.565217391,0.417910448,0,0,0,0,0,0,0,0,1
STK20260728,0.805194805,1,0.493087558,0,0,0,0,0,0,1,0,0,0,0,0.385964912,0.507246377,0.388059701,0,0,0,0,1,0,0,0,0
STK20260729,0.844155844,1,0.612903226,1,0,0,0,0,0,0,0,0,0,0,0.868421053,0.463768116,0.52238806,1,0,0,1,1,1,0,0,2
STK20260730,0.779220779,0,0.493087558,1,0,1,0,0,0,0,0,0,0,0,0.5,0.637681159,0.597014925,1,1,1,0,0,1,0,1,1
STK20260731,0.480519481,1,0.506912442,0,0,0,0,0,0,0,0,0,0,0,0.280701754,0.31884058,0.388059701,0,1,0,0,0,0,0,1,0
STK20260732,0.714285714,0,0.493087558,1,0,1,0,0,0,0,0,0,1,0,0.666666667,0.637681159,0.388059701,0,1,1,1,1,0,0,0,2
STK20260733,0.675324675,1,0.493087558,0,0,0,0,0,0,1,0,0,0,0,0.421052632,0.608695652,0.343283582,0,0,0,0,0,0,0,0,0
STK20260734,0.636363636,1,0.603686636,1,0,0,0,0,0,0,0,0,0,1,0.456140351,0.594202899,0.462686567,0,1,1,0,0,1,0,0,1
STK20260735,0.402597403,0,0.396313364,1,0,0,0,0,0,0,0,0,0,1,0.587719298,0.217391304,0.149253731,0,0,0,1,0,0,0,0,0
STK20260736,0.766233766,0,0.543778802,0,0,1,0,0,0,0,0,0,0,0,0.377192982,0.565217391,0.552238806,0,1,0,0,0,0,1,0,1
STK20260737,0.831168831,1,0.811059908,0,0,0,0,1,1,0,0,0,0,1,0.728070175,0.391304348,0.507462687,0,1,1,1,1,1,1,0,2
STK20260738,0.805194805,1,0.479262673,0,1,0,0,0,0,0,0,1,1,1,0.552631579,0.405797101,0.447761194,1,1,0,0,0,0,1,0,1
STK20260739,0.857142857,0,0.267281106,1,0,0,0,0,0,0,0,0,0,0,0.605263158,0.623188406,0.462686567,0,1,1,1,0,1,0,1,2
STK20260740,0.103896104,1,0.506912442,0,0,0,0,0,0,0,0,0,0,0,0.219298246,0.333333333,0.328358209,0,0,1,0,0,0,0,0,0
STK20260741,0.506493506,1,0.179723502,0,0,0,0,0,0,0,0,0,0,0,0.377192982,0.434782609,0.597014925,1,0,0,0,0,0,0,0,0
STK20260742,0.597402597,1,0.66359447,0,0,0,0,0,0,0,0,0,1,0,0.324561404,0.47826087,0.253731343,1,1,1,0,0,1,1,1,1
STK20260743,0.532467532,0,0.811059908,0,1,0,0,0,0,0,0,0,0,0,0.473684211,0.492753623,0.492537313,0,1,1,0,0,1,0,1,1
STK20260744,0.597402597,1,0.285714286,0,0,0,0,0,0,0,0,0,0,0,0.298245614,0.333333333,0.164179104,0,0,0,0,0,0,0,0,0
STK20260745,0.818181818,1,0.368663594,1,0,0,0,0,0,0,0,1,0,1,0.543859649,0.652173913,0.23880597,1,0,1,0,0,1,1,0,2
STK20260746,0.545454545,0,0.474654378,0,0,0,0,1,0,0,0,0,0,0,0.192982456,0.289855072,0.298507463,0,0,0,0,0,0,0,0,0
STK20260747,0.480519481,0,0.096774194,0,1,0,0,0,0,1,0,0,0,1,0.587719298,0.333333333,0.507462687,0,0,0,0,0,0,0,0,0
STK20260748,0.818181818,1,0.737327189,1,0,0,0,0,0,1,0,1,0,0,0.412280702,0.68115942,0.582089552,1,1,1,0,0,1,1,0,1
STK20260749,0.519480519,1,0.497695853,1,0,0,0,0,0,0,0,0,0,0,0.587719298,0.608695652,0.447761194,1,1,1,0,0,0,1,1,2
STK20260750,0.753246753,1,0.368663594,0,0,0,0,0,0,0,0,0,0,0,0.236842105,0.347826087,0.208955224,0,0,0,0,0,0,0,0,0
STK20260751,0.714285714,0,0.359447005,0,0,0,0,0,1,0,0,1,0,0,0.578947368,0.550724638,0.358208955,0,0,0,0,0,0,0,0,0
STK20260752,0.636363636,0,0.516129032,1,0,0,0,0,0,0,0,0,0,0,0.526315789,0.710144928,0.47761194,1,1,1,0,0,1,1,1,1
STK20260753,0.311688312,1,0.082949309,0,0,0,0,0,0,0,0,0,1,1,0.043859649,0.492753623,0.47761194,0,0,0,0,0,0,0,0,0
STK20260754,0.519480519,1,0.516129032,1,0,0,0,0,0,0,0,0,0,0,0.692982456,0.927536232,0.373134328,0,1,1,1,0,1,0,1,1
STK20260755,0.766233766,0,0.331797235,0,0,1,0,0,0,0,0,0,0,0,0.412280702,0.420289855,0.28358209,0,0,0,0,0,0,0,0,0
STK20260756,0.818181818,0,0.502304147,0,0,0,0,0,0,0,0,0,0,0,0.298245614,0.31884058,0.462686567,0,0,0,0,0,0,0,0,0
STK20260757,0.87012987,0,0.723502304,1,1,1,0,0,0,0,0,0,0,0,0.798245614,0.637681159,0.388059701,1,0,0,0,0,0,1,0,1
STK20260758,0.597402597,1,0.705069124,0,0,0,0,0,0,0,0,1,0,0,0.210526316,0.507246377,0.507462687,0,1,1,0,0,0,0,0,0
STK20260759,0.974025974,1,0.631336406,0,0,1,0,0,1,0,0,0,0,0,0.429824561,0.347826087,0.492537313,1,0,0,0,0,0,0,0,1
STK20260760,0.636363636,0,0.451612903,0,0,0,0,1,0,0,0,1,1,0,0.280701754,0.623188406,0.462686567,1,1,1,1,0,0,1,0,1
STK20260761,0.480519481,1,0.377880184,0,0,0,0,0,0,0,0,0,1,0,0.298245614,0.376811594,0.23880597,0,0,0,0,0,0,0,0,0
STK20260762,0.818181818,0,0.718894009,1,0,1,1,0,0,1,0,0,0,0,0.754385965,0.710144928,0.641791045,1,1,0,1,0,1,1,0,1
STK20260763,0.402597403,1,0.6359447,0,0,0,0,0,0,0,0,0,0,0,0.385964912,0.797101449,0.462686567,0,0,0,0,0,0,0,0,0
STK20260764,0.636363636,0,0.400921659,0,0,1,0,0,0,0,0,0,0,0,0.403508772,0.130434783,0.298507463,0,0,0,1,0,0,0,0,0
STK20260765,0.792207792,1,0.423963134,0,0,1,0,0,1,0,0,0,1,0,0.412280702,0.275362319,0.313432836,1,1,1,0,0,0,1,0,1
STK20260766,0.545454545,0,0.410138249,1,0,0,0,1,1,0,0,0,0,0,0.763157895,0.420289855,0.552238806,1,1,0,1,0,0,1,0,1
STK20260767,0.61038961,1,0.470046083,0,0,0,0,0,0,0,0,0,1,0,0.377192982,0.31884058,0.537313433,0,0,0,0,0,0,0,0,0
STK20260768,0.779220779,1,0.382488479,1,0,0,0,0,1,1,0,0,0,0,0.771929825,0.608695652,0.164179104,0,1,0,0,0,0,0,0,1
STK20260769,0.311688312,0,0.571428571,0,0,0,0,0,0,0,0,0,0,0,0.166666667,0.536231884,0.432835821,0,0,0,0,0,0,0,0,0
STK20260770,0.87012987,1,0.539170507,0,1,1,0,0,0,0,0,0,0,0,0.657894737,0.52173913,0.402985075,0,1,1,1,1,1,1,0,1
STK20260771,0.727272727,1,0.331797235,0,0,0,0,0,0,0,0,0,0,1,0.394736842,0.47826087,0.507462687,0,0,0,0,0,0,0,0,0
STK20260772,0.337662338,1,0.133640553,0,0,0,0,0,0,0,0,0,0,1,0.324561404,0.507246377,0.52238806,0,0,0,0,0,0,0,0,0
STK20260773,0.480519481,0,0.470046083,0,0,0,0,0,0,0,0,0,0,0,0.289473684,0.347826087,0.402985075,0,0,0,0,0,0,0,0,0
STK20260774,0.753246753,1,0.557603687,0,0,0,0,0,0,1,0,0,0,0,0.394736842,0.420289855,0.47761194,0,0,1,1,1,0,1,0,1
STK20260775,0.571428571,0,0.502304147,0,1,0,0,0,1,0,0,1,0,0,0.298245614,0.130434783,0.194029851,1,1,1,0,1,1,1,0,1
STK20260776,0.337662338,0,0.668202765,0,0,0,0,0,0,0,0,0,0,0,0.271929825,0.246376812,0.328358209,0,0,0,0,0,0,0,1,0
STK20260777,0.766233766,1,0.110599078,1,0,0,0,0,0,0,0,0,0,0,0.48245614,0.550724638,0.582089552,1,0,0,0,0,1,1,0,1
STK20260778,0.532467532,0,0.248847926,0,0,1,0,0,1,0,0,0,0,0,0.526315789,0.420289855,0.223880597,0,0,0,0,0,0,0,0,0
STK20260779,0.623376623,1,0.410138249,0,0,0,0,0,0,0,0,0,0,0,0.289473684,0.333333333,0.179104478,0,0,0,1,0,0,0,1,0
STK20260780,0.181818182,0,0.539170507,0,0,0,0,0,0,1,0,0,0,0,0.236842105,0.15942029,0.134328358,0,0,0,1,0,0,0,0,0
STK20260781,0.896103896,1,0.488479263,1,0,0,0,0,1,0,0,1,1,0,0.526315789,0.695652174,0.626865672,1,1,1,0,0,0,1,0,1
STK20260782,0.584415584,0,0.677419355,0,0,1,0,0,0,0,0,0,0,0,0.429824561,0.463768116,0.388059701,0,0,0,0,0,1,0,1,1
STK20260783,0.272727273,1,0.216589862,0,0,0,0,0,0,0,0,0,0,1,0.315789474,0.289855072,0.567164179,0,0,0,0,0,0,0,0,0
STK20260784,0.285714286,0,0.216589862,0,0,0,0,0,0,0,0,0,0,0,0.219298246,0.304347826,0.462686567,0,0,0,0,0,0,0,0,0
STK20260785,0.467532468,0,0.456221198,0,0,0,0,0,0,0,0,0,0,0,0.210526316,0.463768116,0.52238806,0,0,0,1,0,0,1,0,0
STK20260786,0.779220779,1,0.456221198,0,0,0,0,1,0,0,0,0,0,1,0.333333333,0.492753623,0.626865672,0,0,0,0,0,0,0,0,0
STK20260787,0.792207792,1,0.285714286,1,1,1,0,0,0,1,0,0,0,0,0.684210526,0.594202899,0.52238806,0,1,1,0,0,1,0,1,1
STK20260788,0.285714286,1,0.447004608,1,0,0,0,0,0,0,0,0,0,0,0.298245614,0.362318841,0.537313433,0,0,0,0,0,0,0,0,0
STK20260789,0.38961039,0,0.68202765,0,0,0,0,0,0,0,0,0,1,0,0.307017544,0.304347826,0.447761194,0,0,0,0,0,0,0,0,0
STK20260790,0.688311688,0,0.557603687,1,0,1,0,0,1,0,0,1,0,0,0.771929825,0.594202899,0.402985075,1,0,1,0,0,1,1,1,1
STK20260791,0.584415584,1,0.649769585,0,0,0,0,0,0,0,0,0,1,1,0.315789474,0.652173913,0.328358209,0,0,0,0,0,1,0,0,1
STK20260792,0.623376623,1,0.258064516,0,1,0,0,0,1,0,0,0,0,0,0.271929825,0.47826087,0.52238806,0,0,0,0,0,0,0,0,0
STK20260793,0.818181818,0,0.423963134,0,0,0,0,0,0,0,0,0,0,0,0.596491228,0.550724638,0.402985075,0,0,0,0,0,0,0,0,0
STK20260794,0.571428571,1,0.599078341,0,0,0,0,0,0,0,0,0,0,0,0.315789474,0.550724638,0.537313433,0,0,0,0,0,0,0,0,0
STK20260795,0.519480519,0,0.152073733,0,0,0,0,0,0,0,0,0,0,0,0.438596491,0.463768116,0.462686567,0,0,1,0,0,0,0,1,0
STK20260796,0.571428571,1,0.271889401,0,0,1,0,0,0,0,0,0,0,0,0.5,0.463768116,0.611940299,0,0,0,0,0,0,0,0,0
STK20260797,0.636363636,0,0.184331797,0,0,0,0,1,0,0,0,0,0,0,0.324561404,0.347826087,0.492537313,0,0,0,0,0,1,0,0,0
STK20260798,0.857142857,0,0.115207373,1,0,1,0,0,1,0,0,1,0,1,0.535087719,0.492753623,0.567164179,0,1,0,0,0,0,1,1,1
STK20260799,0.467532468,0,0.534562212,0,0,1,0,0,0,0,0,1,0,0,0.535087719,0.608695652,0.074626866,0,0,0,0,0,0,0,0,0
STK20260800,0.662337662,1,0,0,0,0,0,0,0,0,0,1,0,1,0.359649123,0.463768116,0.47761194,0,0,0,0,0,0,0,0,0
STK20260801,0.532467532,1,0.608294931,0,0,0,0,0,0,0,0,1,1,0,0.254385965,0.130434783,0.388059701,1,1,1,0,1,0,0,1,1
STK20260802,0.701298701,0,0.368663594,0,0,0,0,0,0,0,0,0,0,0,0.412280702,0.231884058,0.23880597,0,0,0,0,0,0,0,0,0
STK20260803,0.779220779,0,0.442396313,1,0,1,0,0,1,0,0,0,0,0,0.438596491,0.768115942,0.492537313,1,0,0,0,0,0,1,0,1
STK20260804,0.883116883,1,0.368663594,1,0,0,0,0,1,0,0,0,1,0,0.798245614,0.637681159,0.507462687,1,1,1,0,0,0,0,1,1
STK20260805,0.246753247,1,0.423963134,0,0,0,0,0,0,0,0,0,0,0,0.421052632,0.217391304,0.328358209,0,0,0,0,0,1,0,0,0
STK20260806,0.623376623,1,0.216589862,0,0,0,0,0,0,0,0,0,1,0,0.50877193,0.550724638,0.552238806,1,0,0,0,0,0,0,0,0
STK20260807,0.818181818,0,0.276497696,0,0,0,0,0,0,0,0,0,0,0,0.473684211,0.594202899,0.28358209,0,0,0,0,0,0,0,0,0
STK20260808,0.350649351,1,0.470046083,0,0,0,0,0,0,0,0,1,0,0,0.245614035,0.246376812,0.298507463,1,0,0,0,1,0,0,0,0
STK20260809,0.584415584,0,0.442396313,0,0,0,0,0,0,0,0,0,0,0,0.412280702,0.420289855,0.119402985,0,0,1,0,0,0,0,0,0
STK20260810,0.480519481,1,0.497695853,0,0,0,0,0,0,0,0,0,0,0,0.385964912,0.130434783,0.492537313,0,0,0,0,0,1,0,0,0
STK20260811,0.701298701,1,0.3640553,0,0,0,0,0,0,0,0,1,1,0,0.140350877,0.449275362,0.462686567,0,0,1,0,0,0,0,0,0
STK20260812,0.74025974,1,0.239631336,0,0,0,0,0,0,0,0,0,0,1,0.412280702,0.304347826,0.402985075,0,0,0,0,1,0,0,0,0
STK20260813,0.415584416,0,0.202764977,0,0,0,0,0,0,1,0,0,0,0,0.342105263,0.275362319,0.432835821,0,0,0,0,0,0,0,0,0
STK20260814,0.441558442,1,0.511520737,0,0,1,0,0,0,0,0,1,0,0,0.543859649,0.15942029,0.28358209,0,0,0,0,0,0,0,1,0
STK20260815,0.324675325,0,0.451612903,0,0,0,0,0,0,0,0,1,0,0,0.298245614,0.550724638,0.253731343,0,0,0,0,0,1,0,0,0
STK20260816,0.480519481,1,0.129032258,0,0,0,0,0,0,0,0,0,0,0,0.359649123,0.275362319,0.313432836,0,0,0,1,0,0,0,0,0
STK20260817,0.597402597,0,0.700460829,0,0,0,0,0,0,0,0,0,0,0,0.50877193,0.47826087,0.402985075,0,0,0,0,0,0,0,0,0
STK20260818,0.766233766,0,0.580645161,1,1,0,0,0,1,0,0,1,0,1,0.631578947,0.608695652,0.268656716,1,1,1,1,0,0,1,0,1
STK20260819,0.584415584,0,0.156682028,0,0,0,0,0,0,1,0,0,0,0,0.464912281,0.434782609,0.358208955,0,0,0,0,0,0,0,0,0
STK20260820,0.454545455,1,0.391705069,0,0,1,0,0,0,0,0,0,0,0,0.350877193,0.405797101,0.641791045,0,0,0,0,0,0,0,0,0
STK20260821,0.584415584,1,0.6359447,0,0,0,0,0,0,0,0,0,0,0,0.438596491,0.710144928,0.179104478,0,0,0,0,0,0,0,1,0
STK20260822,0.441558442,1,0.368663594,0,0,0,0,0,0,0,0,0,0,0,0.210526316,0.376811594,0.462686567,0,0,0,0,0,0,0,0,0
STK20260823,0.337662338,1,0.359447005,0,0,0,0,0,0,0,0,1,0,0,0.377192982,0.449275362,0.313432836,0,0,0,0,1,0,0,0,0
STK20260824,0.818181818,1,0.493087558,1,0,0,0,0,1,0,0,1,0,0,0.5,0.579710145,0.432835821,1,1,1,0,0,1,0,1,1
STK20260825,0.38961039,0,0.294930876,0,0,1,0,0,0,0,0,0,0,0,0.666666667,0.463768116,0.194029851,1,0,0,0,0,1,0,0,0
STK20260826,0.337662338,1,0.359447005,0,0,0,0,0,0,0,0,0,0,0,0.245614035,0.391304348,0.388059701,0,0,0,0,0,0,0,0,0
STK20260827,0.519480519,0,0.285714286,0,0,0,0,0,0,0,0,0,0,0,0.447368421,0.536231884,0.417910448,0,0,0,0,0,0,0,0,0
STK20260828,0.428571429,1,0.67281106,0,0,0,0,0,0,0,0,0,0,0,0.184210526,0.52173913,0.402985075,0,0,0,0,0,0,0,0,0
STK20260829,0.857142857,1,0.322580645,1,1,1,0,0,0,0,1,0,0,0,0.649122807,0.550724638,0.358208955,0,1,0,0,0,1,0,0,1
STK20260830,0.571428571,1,0.350230415,1,0,0,0,0,0,0,0,1,0,0,0.429824561,0.565217391,0.253731343,0,0,0,0,0,0,0,0,0
STK20260831,0.766233766,0,0.69124424,0,0,0,0,0,0,0,0,0,0,0,0.50877193,0.52173913,0.268656716,1,1,1,0,1,0,1,1,1
STK20260832,0.38961039,1,0.271889401,0,0,0,0,0,0,0,0,1,0,0,0.429824561,0.333333333,0.149253731,0,0,0,0,0,0,0,0,0
STK20260833,0.623376623,1,0.267281106,0,0,1,0,0,0,0,0,0,0,0,0.175438596,0.405797101,0.52238806,0,0,0,0,0,0,0,0,0
STK20260834,0.844155844,0,0.930875576,0,1,1,0,0,0,0,0,0,0,0,0.535087719,0.565217391,0.417910448,1,1,1,0,0,0,0,1,1
STK20260835,0.480519481,0,0.359447005,0,0,0,0,0,0,0,0,0,0,0,0.289473684,0.47826087,0.358208955,0,0,0,0,0,0,0,1,0
STK20260836,0.753246753,0,0.290322581,0,0,0,0,0,0,0,0,1,0,0,0.464912281,0.362318841,0.373134328,0,0,0,0,0,0,1,0,0
STK20260837,0.558441558,0,0.580645161,1,0,0,0,0,0,0,0,0,1,0,0.675438596,0.31884058,0.417910448,1,0,0,1,1,1,0,1,2
STK20260838,0.688311688,0,0.622119816,0,1,0,0,1,0,0,0,0,0,0,0.552631579,0.492753623,0.432835821,0,1,0,0,1,0,1,0,1
STK20260839,0.545454545,0,0.543778802,0,0,0,0,0,0,1,0,1,0,0,0.412280702,0.68115942,0.343283582,0,0,0,0,0,0,0,0,0
STK20260840,0.519480519,0,0.824884793,0,0,0,0,0,0,0,0,0,0,0,0.184210526,0.47826087,0.253731343,1,1,1,0,0,0,0,1,1
STK20260841,0.519480519,1,0.290322581,0,0,0,0,0,0,0,1,0,0,1,0.596491228,0.246376812,0.611940299,0,0,0,1,0,0,0,0,0
STK20260842,0.493506494,1,0.423963134,1,0,0,0,0,0,0,0,0,0,0,0.48245614,0.507246377,0.253731343,1,0,0,0,0,0,0,1,0
STK20260843,0.181818182,1,0.30875576,0,0,0,0,0,0,0,0,0,0,0,0.245614035,0.217391304,0.597014925,0,0,0,0,0,1,0,0,0
STK20260844,0.38961039,1,0.543778802,0,0,0,0,0,0,0,0,0,0,1,0.342105263,0.492753623,0.388059701,0,0,0,0,0,1,0,0,0
STK20260845,0.636363636,1,0.271889401,0,0,0,0,0,0,0,0,0,0,0,0.447368421,0.47826087,0.358208955,0,0,0,0,0,0,0,0,0
STK20260846,0.480519481,1,0.400921659,0,0,0,0,0,0,0,0,0,0,1,0.535087719,0.420289855,0.417910448,0,0,0,0,0,0,0,0,0
STK20260847,0.805194805,0,0.368663594,1,0,0,0,0,0,0,0,1,0,0,0.771929825,0.492753623,0.417910448,1,0,1,1,1,0,0,1,2
STK20260848,0.74025974,1,0.304147465,1,0,0,0,0,0,0,0,1,0,0,0.464912281,0.333333333,0.47761194,1,1,0,0,1,0,1,0,2
STK20260849,0.727272727,1,0.470046083,0,0,0,0,1,0,0,0,0,0,0,0.307017544,0.550724638,0.52238806,0,0,0,0,0,0,0,0,0
STK20260850,0.090909091,0,0.488479263,0,0,0,0,0,0,0,0,0,0,0,0.385964912,0.362318841,0.507462687,0,0,0,0,0,0,0,0,0
STK20260851,0.623376623,0,0.096774194,0,1,0,0,0,0,0,0,1,0,0,0.51754386,0.391304348,0.343283582,0,0,0,0,0,0,0,0,0
STK20260852,0.831168831,0,0.055299539,1,0,1,0,0,0,0,0,0,0,0,0.789473684,0.434782609,0.358208955,1,1,1,0,0,1,0,0,1
STK20260853,0.558441558,1,0.382488479,0,0,1,0,0,0,0,0,0,0,0,0.289473684,0.275362319,0.373134328,0,0,0,0,0,1,0,0,0
STK20260854,0.441558442,1,0.341013825,1,0,1,0,0,0,0,0,0,0,0,0.377192982,0.391304348,0.537313433,0,0,0,0,0,0,1,0,0
STK20260855,0.896103896,0,0.474654378,0,1,1,0,0,1,0,0,0,0,0,0.307017544,0.637681159,0.611940299,1,1,0,1,1,1,1,1,1
STK20260856,0.207792208,0,0.258064516,0,0,0,0,0,0,0,0,0,0,0,0.280701754,0.31884058,0.597014925,0,0,0,0,0,0,0,0,0
STK20260857,0.818181818,1,0.520737327,1,0,0,0,0,1,0,0,0,0,1,0.561403509,0.507246377,0.492537313,0,0,0,0,0,1,1,0,2
STK20260858,0.597402597,1,0.525345622,1,0,0,0,0,0,0,0,0,0,0,0.561403509,0.565217391,0.208955224,0,0,1,1,0,0,1,0,1
STK20260859,0.571428571,0,0.433179724,1,0,0,0,0,0,0,0,1,0,0,0.324561404,0.623188406,0.343283582,0,0,0,0,0,0,0,0,0
STK20260860,0.805194805,0,0.410138249,1,0,0,0,1,0,0,0,0,0,0,0.754385965,0.594202899,0.23880597,1,0,0,0,1,0,0,0,2
STK20260861,0.285714286,1,0.101382488,0,0,0,0,0,0,0,0,0,0,0,0.166666667,0.188405797,0.492537313,0,0,0,0,1,0,0,0,0
STK20260862,0.74025974,1,0.235023041,0,0,0,0,0,0,0,0,0,0,0,0.719298246,0.31884058,0.492537313,0,0,0,1,1,0,0,0,0
STK20260863,0.519480519,0,0.437788018,0,1,0,0,0,0,0,0,0,0,0,0.280701754,0.405797101,0.343283582,0,1,0,0,0,0,0,0,0
STK20260864,0.38961039,1,0.437788018,1,0,0,0,0,0,0,0,0,1,0,0.350877193,0.52173913,0.373134328,0,1,1,0,1,0,0,1,2
STK20260865,0.649350649,0,0.603686636,0,0,0,0,0,0,0,0,0,0,0,0.50877193,0.420289855,0.462686567,0,0,0,0,0,0,0,0,0
STK20260866,0.363636364,0,0.179723502,1,0,0,0,0,0,0,0,0,0,0,0.456140351,0.420289855,0.358208955,0,0,0,0,0,0,0,0,0
STK20260867,0.363636364,0,0.437788018,0,1,0,0,0,0,0,0,0,0,0,0.254385965,0.304347826,0.28358209,0,0,0,0,0,0,0,0,0
STK20260868,0.636363636,1,0.373271889,0,0,1,0,0,0,0,0,0,0,0,0.719298246,0.536231884,0.552238806,0,0,0,0,0,0,1,0,0
STK20260869,0.519480519,1,0.502304147,1,0,0,0,0,0,0,0,0,1,0,0.456140351,0.594202899,0.447761194,0,0,1,0,1,0,0,1,1
STK20260870,0.636363636,1,1,0,0,0,0,0,0,0,0,0,1,0,0.342105263,0.376811594,0.402985075,0,1,1,0,1,1,0,1,1
STK20260871,0.493506494,1,0.511520737,0,0,0,0,0,0,0,0,0,0,0,0.596491228,0.275362319,0.417910448,0,0,0,0,0,0,0,0,0
STK20260872,0.480519481,0,0.585253456,1,0,0,0,0,0,0,0,1,0,0,0.5,0.637681159,0.47761194,1,0,0,0,0,0,0,1,1
STK20260873,0.545454545,1,0.474654378,0,0,1,0,0,0,0,0,0,0,1,0.333333333,0.362318841,0.373134328,0,0,0,0,0,0,0,0,0
STK20260874,0.545454545,1,0.552995392,1,0,1,0,0,0,0,0,0,0,0,0.701754386,0.652173913,0.417910448,0,0,1,0,0,0,1,0,1
STK20260875,0.519480519,0,0.65437788,0,0,0,0,0,0,0,0,0,0,0,0.315789474,0.391304348,0.28358209,1,0,0,0,1,0,0,0,0
STK20260876,0.246753247,1,0.506912442,1,0,0,0,0,0,0,0,0,0,0,0.421052632,0.463768116,0.47761194,0,0,0,0,0,0,0,0,0
STK20260877,0.441558442,0,0.142857143,0,0,1,0,0,0,0,0,1,0,1,0.385964912,0.420289855,0.313432836,0,0,0,0,0,0,0,0,0
STK20260878,0.402597403,0,0.880184332,0,0,0,0,0,0,0,0,0,0,1,0.280701754,0.565217391,0.47761194,0,1,0,0,0,0,0,1,1
STK20260879,0.688311688,1,0.322580645,1,0,0,0,1,1,0,0,0,1,0,0.640350877,0.637681159,0.47761194,0,1,0,0,0,0,1,1,1
STK20260880,0.545454545,0,0.488479263,0,0,0,0,0,0,0,0,0,0,0,0.447368421,0.47826087,0.268656716,0,0,0,0,0,1,0,0,0
STK20260881,0.857142857,0,0.285714286,0,0,1,0,0,1,0,1,0,0,0,0.456140351,0.652173913,0.432835821,0,1,0,1,0,0,1,1,1
STK20260882,0.324675325,1,0.382488479,0,0,0,0,0,0,0,0,0,0,0,0.289473684,0.405797101,0.492537313,0,0,0,0,0,0,0,0,0
STK20260883,0.454545455,0,0.751152074,0,0,0,0,0,0,1,0,0,0,0,0.342105263,0.362318841,0.417910448,0,0,0,0,0,0,1,0,0
STK20260884,0.480519481,1,0.285714286,0,0,0,0,0,0,0,0,0,1,0,0.429824561,0.608695652,0.462686567,0,0,0,0,0,0,0,0,0
STK20260885,0.623376623,0,0.520737327,0,0,1,0,0,0,0,0,0,0,0,0.377192982,0.666666667,0.373134328,0,0,0,0,0,0,0,0,0
STK20260886,0.688311688,0,0.649769585,0,0,0,0,0,0,1,0,0,0,0,0.342105263,0.362318841,0.52238806,1,0,0,0,1,0,0,0,2
STK20260887,0.545454545,0,0.460829493,0,0,0,0,0,0,0,0,0,1,0,0.228070175,0.52173913,0.388059701,0,0,0,0,0,0,0,0,0
STK20260888,0.701298701,1,0.764976959,1,0,1,0,0,0,0,0,0,0,0,0.385964912,0.420289855,0.507462687,1,0,1,1,0,1,0,0,1
STK20260889,0.415584416,0,0.67281106,0,0,0,0,0,0,0,0,0,0,0,0.280701754,0.202898551,0.492537313,0,0,0,0,0,0,0,0,0
STK20260890,0.350649351,1,0.557603687,0,0,1,0,0,0,0,0,0,1,0,0.210526316,0.623188406,0.208955224,0,0,0,0,0,0,0,0,0
STK20260891,0.584415584,1,0.30875576,0,0,0,0,0,1,0,1,0,1,1,0.51754386,0.449275362,0.343283582,1,0,0,0,0,1,0,0,1
STK20260892,0.38961039,1,0.179723502,0,0,0,0,0,0,0,0,0,0,0,0.359649123,0.507246377,0.432835821,0,0,0,0,0,0,0,0,0
STK20260893,0.571428571,0,0.516129032,0,0,0,0,1,0,0,0,1,0,0,0.315789474,0.347826087,0.552238806,0,0,0,0,0,0,0,0,0
STK20260894,1,0,0.410138249,1,1,0,0,0,1,0,0,1,0,0,0.815789474,0.666666667,0.671641791,0,0,1,1,1,0,1,0,2
STK20260895,0.532467532,0,0.396313364,0,1,0,0,0,0,0,0,1,0,0,0.49122807,0.275362319,0.567164179,0,0,0,0,0,0,0,0,0
STK20260896,0.74025974,0,0.391705069,0,0,0,0,0,0,0,0,0,0,0,0.570175439,0.47826087,0.313432836,0,0,0,0,0,0,0,0,0
STK20260897,0.480519481,0,0.465437788,0,0,0,0,0,1,0,0,0,0,0,0.377192982,0.507246377,0.388059701,0,0,0,0,0,0,0,0,0
STK20260898,0.87012987,0,0.258064516,0,1,0,0,0,0,0,0,0,0,0,0.640350877,0.550724638,0.507462687,0,1,0,0,0,0,0,1,1
STK20260899,0.532467532,1,0.557603687,0,0,0,0,0,0,0,0,0,0,0,0.245614035,0.463768116,0.402985075,0,0,0,0,0,0,0,0,0
STK20260900,0.649350649,1,0.216589862,1,0,1,1,0,0,0,0,1,0,0,0.570175439,0.637681159,0.462686567,0,0,1,0,0,1,0,0,1
STK20260901,0.376623377,0,0.34562212,0,0,0,0,0,0,0,0,0,0,1,0.377192982,0.405797101,0.417910448,0,0,0,0,0,0,0,0,0
STK20260902,0.493506494,1,0.65437788,0,0,0,0,0,0,0,0,0,0,0,0.280701754,0.565217391,0.28358209,0,0,0,0,0,0,0,0,0
STK20260903,0.753246753,0,0.529953917,1,0,0,0,0,0,0,0,0,0,1,0.666666667,0.434782609,0,1,0,1,1,1,0,0,1,2
STK20260904,0.467532468,1,0.414746544,0,0,1,0,1,0,0,0,0,1,0,0.412280702,0.434782609,0.223880597,1,1,1,0,0,1,1,1,2
STK20260905,0.766233766,0,0.834101382,0,0,0,0,0,1,0,0,0,0,0,0.535087719,0.405797101,0.343283582,1,1,0,0,0,0,0,1,1
STK20260906,0.74025974,1,0.161290323,0,0,0,0,0,1,0,0,0,0,0,0.394736842,0.231884058,0.253731343,0,0,0,0,0,0,0,0,0
STK20260907,0.376623377,0,0.147465438,0,0,0,0,0,0,0,0,0,0,0,0.245614035,0.362318841,0.597014925,0,0,0,0,0,0,0,0,0
STK20260908,0.675324675,0,0.525345622,0,1,0,0,0,0,0,1,0,0,0,0.48245614,0.434782609,0.417910448,1,0,0,1,0,0,1,0,1
STK20260909,0.662337662,1,0.838709677,0,1,0,0,0,1,0,0,1,0,0,0.692982456,0.188405797,0.373134328,1,1,0,0,0,0,0,1,2
STK20260910,0.233766234,1,0.65437788,1,1,0,0,0,0,0,0,0,0,0,0.50877193,0.449275362,0.507462687,1,0,0,0,1,0,0,0,2
STK20260911,0.363636364,0,0.442396313,0,0,0,0,0,0,0,0,0,0,0,0.298245614,0.420289855,0.492537313,0,0,0,0,0,0,0,0,0
STK20260912,0.714285714,1,0.539170507,1,1,0,0,0,1,0,0,0,1,0,0.596491228,0.608695652,0.358208955,0,0,1,0,0,1,1,0,1
STK20260913,0.441558442,0,0.359447005,0,0,1,0,0,0,0,0,0,0,1,0.342105263,0.376811594,0.492537313,0,0,0,0,0,0,0,0,0
STK20260914,0.896103896,0,0.442396313,1,0,0,0,0,1,0,0,0,0,0,0.412280702,0.565217391,0.462686567,0,1,1,0,1,0,1,0,1
STK20260915,0.74025974,1,0.013824885,1,0,1,0,0,0,0,0,1,0,0,0.780701754,0.695652174,0.492537313,0,0,1,1,1,1,1,0,1
STK20260916,0.545454545,0,0.483870968,1,0,1,0,0,1,0,0,0,0,0,0.543859649,0.623188406,0.313432836,1,0,0,0,1,1,1,0,1
STK20260917,0.532467532,0,0.165898618,0,0,0,0,0,0,0,0,0,0,0,0.429824561,0.449275362,0.194029851,0,0,0,0,1,0,1,0,0
STK20260918,0.233766234,1,0.608294931,0,0,0,0,0,0,0,0,0,1,0,0.228070175,0.507246377,0.223880597,0,0,0,0,0,0,0,0,0
STK20260919,0.519480519,0,0.433179724,1,0,0,0,0,0,0,0,1,0,0,0.710526316,0.594202899,0.462686567,0,0,0,0,0,0,0,0,0
STK20260920,0.545454545,0,0.792626728,1,0,1,0,0,0,0,0,1,0,0,0.51754386,0.463768116,0.52238806,1,1,0,1,0,0,1,0,1
STK20260921,0.454545455,0,0.156682028,1,0,0,0,0,0,0,0,0,0,0,0.412280702,0.666666667,0.671641791,0,0,0,0,1,0,0,0,0
STK20260922,0,1,0.68202765,0,0,0,0,0,0,0,0,0,1,0,0.105263158,0.101449275,0.343283582,0,0,0,0,0,1,1,0,0
STK20260923,0.87012987,1,0.488479263,1,1,0,0,0,0,0,0,0,0,0,0.701754386,0.637681159,0.447761194,1,1,1,1,0,1,0,0,1
STK20260924,0.272727273,1,0.373271889,0,1,0,0,0,0,0,0,0,0,0,0.421052632,0.391304348,0.388059701,0,0,0,0,0,0,0,0,0
STK20260925,0.545454545,1,0.069124424,1,0,0,0,0,0,0,0,0,0,0,0.596491228,0.579710145,0.313432836,0,0,0,0,0,0,0,0,0
STK20260926,0.402597403,1,0.511520737,0,0,0,0,0,0,0,0,1,0,1,0.429824561,0.68115942,0.402985075,0,0,0,0,1,0,1,0,0
STK20260927,0.766233766,0,0.069124424,0,0,0,0,0,0,0,0,0,0,0,0.456140351,0.463768116,0.298507463,0,0,0,0,0,1,0,0,0
STK20260928,0.675324675,1,0.262672811,0,0,0,0,0,0,0,0,0,0,0,0.228070175,0.492753623,0.417910448,0,0,0,0,0,0,0,0,0
STK20260929,0.597402597,1,0.746543779,0,0,0,0,0,0,0,0,0,0,0,0.51754386,0.434782609,0.417910448,0,1,1,0,1,0,1,0,1
STK20260930,0.649350649,1,0.433179724,0,0,1,0,0,0,0,0,0,0,0,0.368421053,0.231884058,0.432835821,0,0,0,0,0,1,0,1,0
STK20260931,0.324675325,1,0.958525346,0,0,0,0,0,0,0,0,0,0,0,0.561403509,0.376811594,0.373134328,0,1,1,0,1,0,0,0,1
STK20260932,0.61038961,1,0.451612903,1,0,1,0,0,0,0,0,0,0,1,0.342105263,0.855072464,0.417910448,0,0,0,0,0,1,0,0,1
STK20260933,0.597402597,1,0.64516129,0,0,0,0,0,0,0,0,1,0,0,0.368421053,0.31884058,0.447761194,0,0,0,0,0,0,0,0,0
STK20260934,0.649350649,0,0.516129032,1,0,0,0,0,0,0,0,0,0,0,0.701754386,0.971014493,0.28358209,0,1,1,0,0,1,0,0,2
STK20260935,0.61038961,0,0.262672811,0,0,0,0,0,0,0,0,1,0,0,0.377192982,0.68115942,0.507462687,0,0,0,0,0,0,0,1,0
STK20260936,0.402597403,0,0.926267281,0,0,0,0,0,0,0,0,0,1,0,0.447368421,0.52173913,0.208955224,0,0,1,1,0,1,0,0,1
STK20260937,0.428571429,1,0.313364055,0,0,0,0,0,0,0,0,0,0,0,0.473684211,0.304347826,0.537313433,0,0,0,0,0,0,0,0,0
STK20260938,0.649350649,0,0.483870968,0,0,1,0,1,0,0,0,0,0,0,0.333333333,0.260869565,0.462686567,0,0,0,0,0,0,1,1,1
STK20260939,0.649350649,1,0.516129032,0,0,0,0,0,0,0,0,0,1,0,0.377192982,0.289855072,0.52238806,0,1,0,0,0,1,1,1,1
STK20260940,0.753246753,0,0.534562212,1,1,0,0,0,0,1,0,0,0,0,0.780701754,0.666666667,0.149253731,1,0,1,0,0,1,1,0,1
STK20260941,0.207792208,1,0.520737327,0,0,0,0,0,0,0,0,0,1,0,0.052631579,0.608695652,0.268656716,0,0,0,0,0,0,0,0,0
STK20260942,0.714285714,0,0.442396313,0,1,1,0,0,0,0,0,0,0,0,0.201754386,0.463768116,0.597014925,0,1,1,1,0,1,0,0,1
STK20260943,0.454545455,1,0.548387097,0,0,0,0,0,0,0,0,0,1,0,0.307017544,0.536231884,0.447761194,0,0,0,0,0,0,0,0,0
STK20260944,0.493506494,0,0.456221198,1,0,1,0,1,0,0,0,0,0,0,0.263157895,0.376811594,0.507462687,1,0,1,0,1,1,0,1,2
STK20260945,0.922077922,1,0.419354839,1,0,0,0,1,1,0,0,0,0,1,0.657894737,0.652173913,0.462686567,1,1,1,0,0,0,1,1,1
STK20260946,0.779220779,1,0.400921659,1,0,1,0,0,1,1,0,0,0,0,0.631578947,0.565217391,0.388059701,1,1,1,0,0,0,0,1,1
STK20260947,0.649350649,1,0.705069124,0,0,0,0,0,0,1,0,0,0,0,0.49122807,0.260869565,0.28358209,0,1,1,0,0,1,0,1,1
STK20260948,0.688311688,1,0.156682028,1,0,0,0,0,0,0,0,0,0,0,0.710526316,0.492753623,0.298507463,0,1,0,0,0,1,1,0,1
STK20260949,0.844155844,1,0.447004608,1,1,0,0,0,0,1,0,0,0,0,0.728070175,0.449275362,0.388059701,1,1,1,1,1,1,1,0,1
STK20260950,0.519480519,1,0.732718894,0,0,0,0,0,0,0,0,0,0,0,0.50877193,0.47826087,0.373134328,0,1,0,0,0,0,0,0,0
STK20260951,0.428571429,1,0.479262673,0,0,0,0,0,0,0,0,0,1,0,0.254385965,0.333333333,0.552238806,0,0,0,0,0,0,0,0,0
STK20260952,0.61038961,1,0.33640553,0,1,1,0,0,0,0,0,0,0,0,0.131578947,0.710144928,0.417910448,0,0,0,0,0,0,0,0,0
STK20260953,0.298701299,1,0.479262673,0,0,0,0,0,0,0,0,0,0,0,0.421052632,0.47826087,0.373134328,0,0,0,0,0,0,0,0,0
STK20260954,0.753246753,0,0.225806452,1,0,0,0,0,1,0,0,1,0,0,0.736842105,0.52173913,0.611940299,1,0,0,0,1,0,0,0,2
STK20260955,0.493506494,0,0.428571429,0,0,0,0,1,0,0,0,1,0,0,0.114035088,0.391304348,0.298507463,0,0,0,0,0,0,0,0,0
STK20260956,0.532467532,1,0.359447005,0,0,0,0,0,0,0,0,1,0,0,0.48245614,0.550724638,0.28358209,0,0,0,0,0,0,0,0,0
STK20260957,0.324675325,1,0.428571429,0,0,0,0,0,0,0,0,0,0,0,0.184210526,0.289855072,0.208955224,0,0,0,0,0,0,0,0,0
STK20260958,0.363636364,0,0.488479263,1,0,0,0,0,0,0,0,0,0,0,0.605263158,0.463768116,0.328358209,0,0,0,0,0,0,1,0,0
STK20260959,0.636363636,0,0.764976959,1,0,0,0,0,0,0,0,0,1,0,0.114035088,0.579710145,0.597014925,1,0,1,0,1,0,1,0,2
STK20260960,0.857142857,0,0.612903226,1,1,0,0,0,0,0,1,0,0,0,0.719298246,0.579710145,0.492537313,1,1,0,0,0,0,1,0,1
STK20260961,0.181818182,1,0.423963134,0,0,1,0,0,0,0,0,0,0,1,0.333333333,0.028985507,0.313432836,0,0,0,0,0,0,0,0,0
STK20260962,0.415584416,1,0.511520737,1,0,0,0,0,0,0,0,0,1,0,0.271929825,0.507246377,0.52238806,1,1,0,1,0,0,0,1,1
STK20260963,0.311688312,1,0.442396313,0,0,0,0,0,0,0,0,0,0,0,0.175438596,0.420289855,0.253731343,0,0,0,1,0,0,0,0,0
STK20260964,0.766233766,1,0.548387097,0,1,1,0,0,0,0,0,0,0,0,0.535087719,0.405797101,0.537313433,1,1,0,0,0,0,1,0,1
STK20260965,0.909090909,1,0.271889401,1,0,0,0,0,0,0,0,0,0,0,0.631578947,0.347826087,0.492537313,1,0,0,0,1,1,0,0,1
STK20260966,0.831168831,0,0.617511521,1,0,1,0,0,0,0,0,0,0,0,0.48245614,0.608695652,0.432835821,0,0,1,0,0,1,1,1,1
STK20260967,0.662337662,0,0.387096774,0,0,1,0,0,0,0,0,1,0,0,0.5,0.376811594,0.417910448,0,1,0,1,0,0,0,0,0
STK20260968,0.558441558,1,0.534562212,1,0,1,0,0,0,0,0,0,0,0,0.640350877,0.565217391,0.089552239,1,1,1,0,0,1,0,0,2
STK20260969,0.311688312,1,0.640552995,0,0,0,0,0,0,0,0,0,0,0,0.438596491,0.231884058,0.567164179,0,0,0,0,0,0,0,0,0
STK20260970,0.532467532,1,0.294930876,0,0,1,0,0,0,0,0,0,0,0,0.245614035,0.275362319,0.462686567,0,0,0,0,0,0,0,0,0
STK20260971,0.61038961,1,0.124423963,1,0,0,0,0,0,0,0,0,0,0,0.605263158,0.52173913,0.388059701,1,0,1,0,1,0,1,0,2
STK20260972,0.467532468,1,0.419354839,0,0,0,0,0,0,0,0,0,0,0,0.421052632,0.260869565,0.52238806,0,0,0,0,0,0,1,0,0
STK20260973,0.792207792,1,0.313364055,1,0,0,0,0,0,0,0,0,0,0,0.719298246,0.782608696,0.343283582,1,0,0,0,0,1,0,0,1
STK20260974,0.571428571,1,0.442396313,0,0,1,0,0,0,0,0,0,0,0,0.245614035,0.579710145,0.507462687,1,0,1,1,0,0,1,1,1
STK20260975,0.532467532,1,0.493087558,0,0,0,0,0,0,0,0,0,0,1,0.245614035,0.347826087,0.164179104,1,0,0,0,0,0,0,0,0
STK20260976,0.766233766,0,0.400921659,1,0,1,0,0,1,0,0,0,0,1,0.456140351,0.68115942,0.343283582,1,1,1,1,0,1,1,1,1
STK20260977,0.350649351,1,0.479262673,1,0,0,0,0,0,0,0,0,0,1,0.473684211,0.463768116,0.597014925,0,0,0,0,0,0,0,0,0
STK20260978,0.532467532,1,0.405529954,1,0,0,0,0,0,0,0,0,0,0,0.49122807,0.565217391,0.582089552,0,0,0,0,0,1,0,0,0
STK20260979,0.61038961,0,0.33640553,0,0,0,0,0,0,0,0,0,0,0,0.377192982,0.536231884,0.388059701,0,0,0,0,0,0,1,0,0
STK20260980,0.272727273,0,0.184331797,0,0,0,0,1,0,0,0,0,0,1,0.412280702,0.202898551,0.417910448,0,0,0,0,0,0,0,0,0
STK20260981,0.597402597,1,0.520737327,0,0,0,0,0,0,0,0,1,0,0,0.535087719,0.347826087,0.343283582,0,0,0,0,0,0,0,0,0
STK20260982,0.935064935,1,0.373271889,0,0,0,0,0,0,0,1,0,0,1,0.456140351,0.463768116,0.447761194,0,1,1,0,0,1,1,0,1
STK20260983,0.727272727,1,0.322580645,1,0,1,0,0,0,0,0,1,0,1,0.307017544,0.579710145,0.402985075,1,1,1,0,0,1,1,0,1
STK20260984,0.467532468,1,0.451612903,1,0,0,0,0,0,1,0,0,0,0,0.622807018,0.536231884,0.313432836,1,1,1,0,1,0,1,0,1
STK20260985,0.467532468,0,0.359447005,1,0,0,0,0,0,0,0,0,1,0,0.5,0.637681159,0.268656716,1,1,0,0,1,0,0,1,2
STK20260986,0.675324675,0,0.442396313,0,0,0,0,0,0,0,0,0,0,0,0.561403509,0.463768116,0.298507463,0,0,0,0,0,0,0,0,0
STK20260987,0.194805195,1,0.013824885,0,0,0,0,0,0,0,0,1,0,0,0.140350877,0.260869565,0.567164179,0,0,0,0,0,0,0,0,0
STK20260988,0.376623377,1,0.32718894,0,0,0,0,0,0,0,0,0,1,0,0.421052632,0.449275362,0.537313433,0,0,0,0,0,0,0,0,0
STK20260989,0.779220779,0,0.520737327,1,0,0,0,0,0,0,0,0,0,0,0.745614035,0.608695652,0.626865672,1,1,1,0,1,1,0,1,2
STK20260990,0.558441558,1,0.594470046,0,0,1,0,0,0,0,0,0,0,1,0.605263158,0.507246377,0.402985075,0,1,0,0,1,0,1,0,1
STK20260991,0.376623377,0,0.396313364,0,0,0,0,0,0,0,0,0,1,0,0.315789474,0.405797101,0.253731343,0,0,0,0,0,0,0,0,0
STK20260992,0.87012987,1,0.410138249,1,1,1,0,0,0,0,1,1,0,1,0.640350877,0.637681159,0.52238806,1,1,1,0,0,0,0,0,1
STK20260993,0.402597403,0,0.626728111,0,0,0,0,0,0,0,0,0,0,0,0.131578947,0.434782609,0.597014925,0,0,0,0,0,0,0,1,0
STK20260994,0.493506494,1,0.050691244,0,1,0,0,0,0,0,0,0,1,0,0.324561404,0.333333333,0.686567164,0,0,0,0,0,0,0,0,0
STK20260995,0.519480519,0,0.294930876,0,0,0,0,0,0,0,0,0,0,0,0.280701754,0.52173913,0.373134328,0,0,0,0,0,1,0,0,0
STK20260996,0.532467532,0,0.281105991,0,0,1,0,0,0,0,0,0,0,0,0.535087719,0.492753623,0.432835821,0,0,0,0,0,0,0,0,0
STK20260997,0.857142857,1,0.216589862,0,0,0,0,0,1,0,0,0,0,0,0.649122807,0.31884058,0.358208955,0,1,1,0,0,1,0,0,1
STK20260998,0.805194805,0,0.460829493,1,1,0,0,0,1,0,0,0,0,0,0.570175439,0.507246377,0.373134328,0,1,1,0,0,1,1,0,1
STK20260999,0.571428571,0,0.359447005,0,0,1,0,0,1,0,0,1,1,0,0.543859649,0.463768116,0.582089552,0,1,1,1,0,0,1,1,1
STK20261000,0.207792208,0,0.442396313,0,0,0,0,0,0,0,0,0,0,0,0.236842105,0.31884058,0.194029851,0,0,0,0,0,0,0,0,0
STK20261001,0.662337662,1,0.622119816,1,1,0,0,0,1,0,0,0,1,0,0.570175439,0.623188406,0.417910448,1,0,1,0,0,0,1,0,1
STK20261002,0.688311688,1,0.580645161,0,0,0,0,1,0,0,0,0,0,0,0.412280702,0.492753623,0.552238806,1,1,0,0,0,1,0,1,1
STK20261003,0.636363636,1,0.33640553,0,0,1,0,0,0,0,0,0,0,1,0.245614035,0.362318841,0.223880597,0,0,0,0,0,0,0,0,0
STK20261004,0.584415584,0,0.405529954,0,0,0,0,0,0,0,0,0,0,0,0.307017544,0.434782609,0.552238806,0,0,0,0,0,0,0,0,0
STK20261005,0.493506494,0,0.368663594,1,0,0,0,0,0,0,0,0,0,0,0.526315789,0.391304348,0.373134328,0,0,0,0,0,0,0,0,0
STK20261006,0.662337662,0,0.543778802,0,0,0,0,0,0,0,0,0,0,0,0.324561404,0.304347826,0.507462687,0,0,0,1,0,0,0,0,0
STK20261007,0.506493506,0,0.824884793,0,0,0,0,0,0,0,0,0,0,0,0.421052632,0.304347826,0.164179104,0,0,1,0,1,0,0,0,2
STK20261008,0.597402597,1,0.322580645,1,0,0,0,1,0,0,0,0,0,0,0.570175439,0.811594203,0.656716418,1,0,1,0,0,0,0,1,1
STK20261009,0.909090909,1,0.69124424,1,1,0,0,0,0,0,1,1,0,0,0.710526316,0.608695652,0.179104478,1,0,1,1,0,0,1,0,1
STK20261010,0.636363636,0,0.414746544,1,0,0,0,0,0,0,0,0,0,0,0.640350877,0.695652174,0.567164179,1,0,0,0,0,1,1,0,1
STK20261011,0.636363636,0,0.557603687,0,0,1,0,0,0,0,0,0,0,0,0.447368421,0.652173913,0.492537313,0,0,0,0,1,0,0,1,0
STK20261012,0.38961039,0,0.31797235,0,0,0,0,0,0,0,0,0,0,0,0.51754386,0.289855072,0.388059701,0,0,0,0,0,1,0,0,0
STK20261013,0.506493506,1,0.65437788,0,0,0,0,1,0,0,0,0,0,0,0.245614035,0.434782609,0.268656716,0,0,0,0,1,0,0,0,0
STK20261014,0.571428571,1,0.34562212,0,1,0,0,0,0,0,0,1,0,1,0.464912281,0.492753623,0.208955224,0,0,0,0,0,0,0,0,0
STK20261015,0.376623377,0,0.626728111,0,0,0,0,0,0,0,0,0,0,0,0.298245614,0.463768116,0.462686567,0,0,0,0,0,0,0,0,0
STK20261016,0.493506494,0,0.723502304,0,0,0,0,0,0,0,0,0,0,0,0.201754386,0.405797101,0.537313433,0,0,1,0,0,0,0,0,0
STK20261017,0.623376623,0,0.400921659,1,0,0,0,0,0,0,0,1,0,0,0.605263158,0.463768116,0.447761194,0,1,0,0,1,0,1,1,2
STK20261018,0.597402597,1,0.096774194,1,1,0,0,0,1,1,0,0,0,0,0.763157895,0.579710145,0.447761194,1,1,1,0,0,0,1,0,1
STK20261019,0.441558442,0,0.640552995,0,0,0,0,0,0,0,0,0,0,0,0.377192982,0.550724638,0.298507463,0,0,0,0,0,0,0,0,0
STK20261020,0.220779221,0,0.483870968,0,0,0,0,0,0,0,0,1,0,0,0.228070175,0.405797101,0.134328358,0,0,0,1,0,0,1,0,0
STK20261021,0.350649351,0,0.566820276,0,0,0,0,0,0,0,0,0,0,0,0.289473684,0.31884058,0.253731343,0,0,0,0,0,0,1,0,0
STK20261022,0.415584416,1,0.483870968,0,0,0,0,0,0,0,0,0,0,0,0.228070175,0.492753623,0.313432836,1,1,0,1,0,0,1,1,1
STK20261023,0.233766234,1,0.479262673,0,0,0,0,0,0,0,0,1,0,1,0.473684211,0.434782609,0.656716418,0,0,0,0,0,0,0,0,0
STK20261024,0.701298701,1,0.170506912,0,1,0,0,0,0,0,0,1,0,0,0.280701754,0.260869565,0.417910448,0,0,0,0,0,0,0,0,0
STK20261025,0.428571429,0,0.34562212,0,0,0,0,0,0,0,0,0,0,0,0.236842105,0.463768116,0.507462687,0,0,0,1,0,0,0,0,0
STK20261026,0.454545455,1,0.506912442,0,0,0,0,0,0,0,0,0,0,0,0.377192982,0.608695652,0.432835821,0,0,0,0,0,0,0,0,0
STK20261027,0.701298701,0,0.474654378,0,0,0,0,0,0,0,0,1,0,0,0.385964912,0.347826087,0.253731343,0,0,0,0,0,0,0,0,0
STK20261028,0.649350649,0,0.442396313,1,0,1,0,0,0,0,0,0,0,0,0.640350877,0.347826087,0.104477612,1,0,1,1,0,0,0,0,1
STK20261029,0.454545455,0,0.248847926,0,0,0,0,0,0,0,0,0,0,0,0.429824561,0.260869565,0.417910448,0,0,0,0,0,0,0,0,0
STK20261030,0.623376623,0,0.290322581,0,0,0,0,0,0,0,0,0,0,0,0.48245614,0.420289855,0.641791045,0,0,0,0,0,0,0,1,0
STK20261031,0.662337662,1,0.313364055,0,0,0,0,0,0,0,0,0,1,1,0.403508772,0.666666667,0.432835821,0,0,0,0,0,0,0,0,0
STK20261032,0.428571429,0,0.3640553,1,0,0,0,0,0,0,0,0,0,0,0.473684211,0.608695652,0.417910448,0,0,0,0,1,0,0,0,0
STK20261033,0.38961039,1,0.442396313,0,0,0,0,0,0,0,0,0,0,0,0.403508772,0.391304348,0.507462687,0,0,0,0,1,0,0,0,0
STK20261034,0.428571429,0,0.631336406,1,0,0,0,0,0,0,1,0,0,0,0.464912281,0.579710145,0,1,1,1,0,0,1,0,0,1
STK20261035,0.519480519,0,0.548387097,0,0,0,0,0,0,0,0,0,0,0,0.271929825,0.463768116,0.298507463,0,0,0,0,0,0,0,0,0
STK20261036,0.61038961,0,0.451612903,0,0,0,0,0,0,0,0,0,0,0,0.385964912,0.550724638,0.358208955,0,0,0,0,0,0,0,0,0
STK20261037,0.194805195,0,0.211981567,0,0,0,0,0,0,0,0,0,0,0,0.412280702,0.202898551,0.432835821,0,0,0,0,0,0,0,0,0
STK20261038,0.701298701,1,0.493087558,1,0,0,0,0,0,0,0,0,0,0,0.780701754,0.594202899,0.358208955,1,0,0,1,0,1,0,1,1
STK20261039,0.441558442,1,0.746543779,0,0,1,0,0,0,0,0,1,0,0,0.263157895,0.405797101,0.582089552,1,0,0,0,0,0,1,0,1
STK20261040,0.480519481,0,0.33640553,1,0,1,0,0,0,0,0,0,0,0,0.649122807,0.52173913,0.552238806,0,0,0,0,0,1,1,0,1
STK20261041,0.818181818,1,0.497695853,0,0,1,0,0,0,0,0,0,0,0,0.850877193,0.579710145,0.462686567,1,1,1,0,1,0,0,1,1
STK20261042,0.922077922,1,0.520737327,1,0,0,0,0,0,0,0,0,1,0,0.701754386,0.68115942,0.552238806,0,1,0,1,0,1,1,0,1
STK20261043,0.220779221,0,0.276497696,0,0,0,0,0,0,0,0,0,0,0,0.114035088,0.391304348,0.47761194,0,0,0,0,0,0,0,0,0
STK20261044,0.142857143,0,0.419354839,0,0,0,0,0,0,0,0,1,0,0,0.245614035,0.304347826,0.417910448,0,0,0,0,0,1,0,0,0
STK20261045,0.805194805,1,0.400921659,0,1,0,0,0,0,1,0,0,0,0,0.640350877,0.47826087,0.537313433,1,1,0,0,0,0,0,1,1
STK20261046,0.766233766,1,0.502304147,0,0,1,0,0,1,0,0,0,0,0,0.324561404,0.362318841,0.507462687,0,0,0,1,1,0,0,0,2
STK20261047,0.467532468,0,0.023041475,1,0,0,0,0,0,0,0,0,0,0,0.710526316,0.47826087,0.537313433,1,0,1,0,0,0,0,1,1
STK20261048,0.948051948,0,0.599078341,1,0,0,1,0,0,0,0,0,0,0,0.692982456,0.391304348,0.52238806,0,0,1,1,1,1,0,0,1
STK20261049,0.558441558,1,0.622119816,0,0,0,0,0,0,0,0,0,1,1,0.412280702,0.144927536,0.358208955,1,1,1,0,0,1,0,0,1
STK20261050,0.194805195,0,0.34562212,0,0,0,0,0,0,0,0,1,0,0,0.228070175,0.347826087,0.47761194,0,1,0,0,0,0,0,0,0
STK20261051,0.532467532,0,0.622119816,0,0,0,0,0,0,0,0,0,0,0,0.114035088,0.449275362,0.358208955,0,0,0,0,0,0,0,0,0
STK20261052,0.74025974,0,0.539170507,0,0,1,1,0,0,0,0,1,0,0,0.622807018,0.724637681,0.417910448,0,1,0,0,0,0,1,0,1
STK20261053,0.896103896,1,0.571428571,0,0,1,0,0,0,0,0,0,0,0,0.368421053,0.449275362,0.52238806,1,1,0,1,0,0,0,1,1
STK20261054,0.38961039,1,0.221198157,0,0,0,0,0,0,0,0,1,1,0,0.289473684,0.463768116,0.223880597,0,1,0,1,0,0,0,0,0
STK20261055,0.545454545,0,0.479262673,0,0,0,0,0,0,0,0,0,0,0,0.245614035,0.536231884,0.28358209,0,0,0,0,0,0,0,0,0
STK20261056,0.545454545,0,0.465437788,0,0,0,0,0,0,0,0,0,0,0,0.280701754,0.507246377,0.537313433,0,0,0,0,0,0,0,0,0
STK20261057,0.207792208,1,0.442396313,0,0,0,0,0,0,0,0,0,1,0,0.228070175,0.304347826,0.447761194,0,0,0,0,0,0,0,0,0
STK20261058,1,1,0.447004608,1,0,1,0,1,1,1,1,0,0,1,0.728070175,0.579710145,0.417910448,1,1,0,0,1,0,0,0,1
STK20261059,0.545454545,1,0.313364055,0,0,0,0,0,0,0,0,0,0,0,0.394736842,0.47826087,0.447761194,0,0,0,0,0,0,0,0,0
STK20261060,0.441558442,1,0.433179724,1,1,1,0,0,0,1,0,0,0,1,0.50877193,0.289855072,0.358208955,0,1,0,0,0,0,0,0,2
STK20261061,0.844155844,1,0.188940092,1,0,0,0,0,0,0,0,0,0,1,0.736842105,0.68115942,0.328358209,0,1,1,1,0,0,0,0,1
STK20261062,0.311688312,1,0.396313364,0,0,0,0,1,0,0,0,0,1,1,0.271929825,0.608695652,0.507462687,0,0,0,0,0,0,0,0,0
STK20261063,0.415584416,1,0.087557604,0,0,0,0,0,0,0,0,0,0,0,0.324561404,0.304347826,0.328358209,0,0,0,0,0,0,0,0,0
STK20261064,0.701298701,0,0.387096774,0,0,0,0,0,0,0,0,1,1,0,0.333333333,0.492753623,0.462686567,0,0,0,0,0,0,0,0,0
STK20261065,0.792207792,1,0.516129032,0,0,0,1,1,0,0,0,0,0,1,0.271929825,0.565217391,0.447761194,1,0,0,0,0,1,0,0,1
STK20261066,0.220779221,1,0.539170507,0,0,0,0,0,0,0,0,0,0,0,0.201754386,0.275362319,0.567164179,0,0,0,0,0,1,0,0,0
STK20261067,0.480519481,0,0.294930876,0,0,1,0,0,0,0,0,1,0,0,0.342105263,0.434782609,0.507462687,0,0,0,0,0,0,0,0,0
STK20261068,0.727272727,1,0.382488479,1,1,1,0,0,1,0,0,0,0,0,0.605263158,0.594202899,0.164179104,0,0,1,0,0,0,0,1,1
STK20261069,0.402597403,0,0.520737327,1,0,0,0,0,0,0,0,0,0,0,0.429824561,0.47826087,0.28358209,0,0,0,0,0,0,0,0,0
STK20261070,0.87012987,1,0.755760369,0,0,0,1,0,0,0,0,0,1,0,0.473684211,0.289855072,0.47761194,1,1,0,0,1,0,0,1,1
STK20261071,0.688311688,0,0.294930876,1,1,0,0,0,0,1,0,0,0,0,0.578947368,0.594202899,0.268656716,0,0,1,0,0,0,0,0,1
STK20261072,0.792207792,1,0.410138249,1,0,0,0,0,0,0,0,1,0,0,0.622807018,0.434782609,0.28358209,0,0,1,1,1,0,0,1,1
STK20261073,0.207792208,0,0.695852535,0,0,0,0,0,0,0,0,1,0,0,0.219298246,0.550724638,0.28358209,0,0,0,0,0,0,0,0,0
STK20261074,0.636363636,0,0.202764977,1,0,0,0,0,0,0,0,0,0,1,0.789473684,0.449275362,0.582089552,1,0,0,1,0,0,0,0,1
STK20261075,0.662337662,1,0.474654378,0,0,1,0,0,0,1,0,0,0,0,0.464912281,0.637681159,0.28358209,0,1,1,0,0,0,0,0,2
STK20261076,0.38961039,1,0.235023041,0,0,1,0,0,0,0,0,0,1,0,0.219298246,0.347826087,0.223880597,0,0,0,0,0,0,0,0,0
STK20261077,0.376623377,1,0.728110599,0,0,1,0,0,0,0,0,0,0,0,0.166666667,0.362318841,0.402985075,0,1,0,0,1,0,0,0,0
STK20261078,0.428571429,1,0.419354839,1,0,1,0,0,0,0,0,0,1,1,0.438596491,0.594202899,0.417910448,0,0,1,0,0,0,0,0,1
STK20261079,0.597402597,1,0.290322581,1,0,0,0,0,1,0,0,0,0,1,0.578947368,0.652173913,0.373134328,0,1,1,1,0,0,0,1,1
STK20261080,0.207792208,0,0.502304147,0,0,0,0,0,0,0,0,0,0,0,0.254385965,0.391304348,0.328358209,1,0,0,1,0,0,0,1,1
STK20261081,0.61038961,0,0.211981567,0,0,0,0,0,0,0,0,0,0,0,0.385964912,0.52173913,0.044776119,0,0,0,0,0,0,0,0,0
STK20261082,0.480519481,1,0.34562212,1,0,0,0,0,0,0,0,0,0,0,0.526315789,0.579710145,0.388059701,0,0,0,0,0,0,0,0,0
STK20261083,0.337662338,1,0.211981567,0,0,0,0,0,0,0,0,0,0,0,0.245614035,0.463768116,0.47761194,0,0,0,0,0,0,0,0,0
STK20261084,0.727272727,1,0.539170507,1,0,1,0,0,0,0,1,0,0,0,0.631578947,0.652173913,0.552238806,0,0,0,0,0,0,0,0,1
STK20261085,0.558441558,0,0.244239631,0,0,0,0,0,0,0,0,0,0,0,0.394736842,0.507246377,0.223880597,0,0,0,0,0,0,0,0,0
STK20261086,0.324675325,0,0.700460829,0,0,0,0,0,0,0,0,0,0,0,0.122807018,0.347826087,0.641791045,0,0,0,0,0,0,0,0,0
STK20261087,0.38961039,1,0.474654378,0,0,0,0,0,0,0,0,0,0,0,0.342105263,0.246376812,0.552238806,0,0,0,0,0,0,0,0,0
STK20261088,0.74025974,0,0.506912442,0,0,0,0,0,0,0,0,1,0,0,0.570175439,0.652173913,0.686567164,0,0,0,1,0,0,0,0,0
STK20261089,0.181818182,1,0.465437788,0,0,0,0,0,0,0,0,0,1,0,0.324561404,0.362318841,0.373134328,0,0,0,0,0,0,0,0,0
STK20261090,0.298701299,0,0.188940092,0,0,0,0,0,0,0,0,1,0,0,0.149122807,0.652173913,0.402985075,1,0,0,0,0,0,0,0,0
STK20261091,0.467532468,1,0.285714286,0,0,0,0,0,0,0,0,0,1,1,0.236842105,0.565217391,0.447761194,0,0,0,0,1,0,0,0,0
STK20261092,0.623376623,1,0.631336406,0,0,0,0,0,0,0,0,0,0,0,0.166666667,0.31884058,0.552238806,0,0,0,0,0,0,0,0,0
STK20261093,0.61038961,1,0.576036866,0,0,0,0,1,0,0,0,0,0,1,0.377192982,0.492753623,0.537313433,0,0,0,0,1,0,0,0,0
STK20261094,0.701298701,1,0.543778802,1,0,1,0,0,0,0,0,1,0,1,0.526315789,0.347826087,0.208955224,1,0,1,1,0,0,0,0,1
STK20261095,0.961038961,1,0.67281106,0,1,0,0,0,1,0,0,0,0,0,0.552631579,0.376811594,0.567164179,1,1,0,0,0,1,1,1,1
STK20261096,0.766233766,1,0.419354839,1,0,0,0,0,1,0,0,0,0,0,0.631578947,0.695652174,0.447761194,1,0,1,0,0,0,0,1,1
STK20261097,0.623376623,0,0.198156682,0,0,0,0,0,0,0,0,1,0,0,0.447368421,0.260869565,0.462686567,0,1,1,0,0,1,1,1,1
STK20261098,0.428571429,1,0.244239631,0,0,0,0,0,0,0,0,0,0,0,0.131578947,0.579710145,0.552238806,0,0,0,0,0,0,0,0,0
STK20261099,0.584415584,0,0.483870968,1,0,1,0,0,0,0,0,0,0,0,0.561403509,0.463768116,0.179104478,1,1,1,1,0,1,0,0,2
STK20261100,0.558441558,0,0.502304147,1,0,0,0,0,0,0,0,0,0,0,0.710526316,0.594202899,0.462686567,1,1,1,0,0,1,0,0,1
STK20261101,0.805194805,1,0.580645161,1,0,0,0,0,1,0,0,0,1,0,0.631578947,0.536231884,0.298507463,0,0,0,0,0,1,0,0,1
STK20261102,0.311688312,0,0.534562212,0,0,0,0,0,0,0,0,0,0,0,0.201754386,0.275362319,0.597014925,0,0,0,0,0,0,0,0,0
STK20261103,0.61038961,1,0.534562212,1,1,1,0,0,0,0,0,0,1,0,0.631578947,0.47826087,0.47761194,1,1,1,0,0,0,0,1,1
STK20261104,0.558441558,0,0.520737327,0,0,0,0,0,0,0,0,0,0,0,0.473684211,0.507246377,0.328358209,0,0,0,0,0,0,0,0,0
STK20261105,0.74025974,1,0.179723502,0,1,0,0,0,1,0,0,0,0,1,0.368421053,0.52173913,0.28358209,0,1,0,0,1,0,1,0,1
STK20261106,0.584415584,0,0.248847926,0,0,1,0,0,0,0,0,0,0,0,0.324561404,0.52173913,0.298507463,0,0,0,0,0,0,0,0,0
STK20261107,0.558441558,1,0.433179724,0,0,1,0,0,0,0,0,1,0,0,0.394736842,0.362318841,0.492537313,0,0,0,0,0,1,0,0,0
STK20261108,0.467532468,1,0.585253456,0,0,1,0,0,0,0,0,0,0,0,0.271929825,0.420289855,0.164179104,0,0,0,0,0,0,0,0,0
STK20261109,0.779220779,1,0.506912442,0,0,0,0,0,1,0,0,0,1,0,0.535087719,0.550724638,0.373134328,0,0,0,0,0,0,0,1,1
STK20261110,0.441558442,0,0.502304147,0,1,0,0,0,0,0,0,1,0,0,0.447368421,0.507246377,0.507462687,0,0,0,0,0,0,0,0,0
STK20261111,0.246753247,0,0.534562212,0,0,0,0,0,0,0,0,0,0,0,0.175438596,0.637681159,0.343283582,0,0,0,0,0,0,0,0,0
STK20261112,0.428571429,0,0.391705069,0,1,0,0,0,0,0,0,0,0,0,0.429824561,0.289855072,0.343283582,0,0,0,0,0,0,0,0,0
STK20261113,0.753246753,1,0.368663594,0,0,1,0,0,0,0,0,0,0,0,0.307017544,0.347826087,0.402985075,0,0,0,0,0,0,1,0,0
STK20261114,0.792207792,1,0.35483871,1,0,0,0,0,0,0,0,1,1,0,0.692982456,0.724637681,0.298507463,1,1,1,0,0,0,1,0,1
STK20261115,0.545454545,1,0.474654378,0,0,0,0,0,0,0,0,0,0,1,0.184210526,0.449275362,0.358208955,0,0,0,0,0,0,0,0,0
STK20261116,0.636363636,0,0.502304147,0,0,0,0,0,0,0,0,0,0,0,0.421052632,0.275362319,0.373134328,0,0,0,0,0,0,0,0,0
STK20261117,0.662337662,1,0.124423963,1,0,0,0,0,0,0,0,0,0,0,0.48245614,0.594202899,0.208955224,0,0,1,1,0,0,1,0,1
STK20261118,0.337662338,1,0.483870968,0,0,0,0,0,0,0,0,0,1,1,0.175438596,0.666666667,0.343283582,0,0,0,0,0,0,0,0,0
STK20261119,0.246753247,0,0.534562212,0,0,0,0,0,0,0,0,0,1,0,0.307017544,0.347826087,0.52238806,0,0,0,0,0,0,0,0,0
STK20261120,0.532467532,1,0.350230415,0,0,0,0,0,0,0,0,1,0,0,0.096491228,0.31884058,0.373134328,0,0,0,0,1,0,0,0,0
STK20261121,0.987012987,0,0.552995392,0,0,1,0,0,1,0,0,0,0,0,0.710526316,0.637681159,0.507462687,0,1,0,0,0,0,0,1,1
STK20261122,0.688311688,1,0.442396313,0,0,0,0,0,1,0,0,0,0,0,0.394736842,0.594202899,0.298507463,0,0,0,0,0,0,1,0,0
STK20261123,0.454545455,1,0.387096774,0,0,0,0,0,0,0,0,1,1,0,0.570175439,0.492753623,0.537313433,0,1,0,0,0,0,0,0,0
STK20261124,0.714285714,0,0.658986175,0,1,0,0,0,1,0,0,0,0,0,0.412280702,0.31884058,0.223880597,1,0,0,0,0,0,0,1,1
STK20261125,0.61038961,1,0.253456221,1,0,0,0,0,0,0,0,0,0,0,0.622807018,0.637681159,0.417910448,1,1,0,1,0,1,0,1,1
STK20261126,0.792207792,0,0.322580645,1,0,1,0,0,1,0,0,0,0,0,0.412280702,0.304347826,0.507462687,1,0,0,0,0,0,0,0,1
STK20261127,0.480519481,0,0.640552995,0,0,0,0,0,0,0,0,0,0,0,0.412280702,0.333333333,0.611940299,0,0,0,0,0,0,0,0,0
STK20261128,0.636363636,0,0.460829493,1,1,0,0,0,0,0,0,0,0,0,0.385964912,0.536231884,0.582089552,1,0,1,0,0,0,1,0,1
STK20261129,0.727272727,1,0.400921659,0,0,1,0,0,0,0,0,1,0,1,0.412280702,0.405797101,0.358208955,0,0,0,0,0,0,0,0,0
STK20261130,0.168831169,0,0.442396313,0,0,0,0,0,0,0,0,0,0,0,0.324561404,0.449275362,0.373134328,0,1,0,0,0,0,0,0,0
STK20261131,0.480519481,0,0.451612903,0,0,0,0,0,0,0,0,0,0,0,0.394736842,0.420289855,0.208955224,0,0,0,0,0,0,0,0,0
STK20261132,0.805194805,1,0.534562212,1,1,0,0,0,0,0,0,0,0,0,0.570175439,0.536231884,0.358208955,1,1,1,0,1,0,0,0,1
STK20261133,0.519480519,0,0.829493088,1,0,0,0,0,0,0,0,0,0,0,0.333333333,0.652173913,0.462686567,0,0,0,0,0,1,1,0,1
STK20261134,1,0,0.700460829,1,0,1,0,0,1,0,0,1,0,0,0.49122807,0.492753623,0.298507463,1,0,1,0,0,0,1,0,2
STK20261135,0.090909091,0,0.253456221,1,0,0,0,0,0,0,0,0,0,0,0.324561404,0.347826087,0.313432836,0,0,0,0,0,0,0,0,0
STK20261136,0.636363636,1,0.548387097,0,0,0,0,0,0,0,0,0,0,0,0.49122807,0.347826087,0.044776119,0,0,0,0,0,1,1,0,0
STK20261137,0.493506494,0,0.608294931,0,0,0,0,0,0,0,0,0,0,0,0.315789474,0.304347826,0.537313433,0,0,0,0,0,0,0,0,0
STK20261138,0.662337662,1,0.658986175,0,0,0,0,0,0,0,0,1,0,0,0.333333333,0.579710145,0.373134328,0,0,0,0,0,0,0,0,0
STK20261139,0.649350649,1,0.377880184,0,0,1,0,0,0,0,0,0,1,0,0.342105263,0.289855072,0.268656716,0,1,0,1,0,1,1,0,1
STK20261140,0.25974026,0,0.746543779,0,0,0,0,0,0,0,0,0,0,0,0.5,0.347826087,0.47761194,0,0,0,1,0,0,1,0,0
STK20261141,0.714285714,1,0.331797235,1,0,0,0,0,0,0,0,0,0,1,0.412280702,0.550724638,0.537313433,1,1,1,0,0,0,1,1,1
STK20261142,0.506493506,1,0.474654378,0,0,0,0,0,0,0,0,0,0,0,0.456140351,0.52173913,0.388059701,0,0,0,0,0,0,0,0,0
STK20261143,0.519480519,1,0.479262673,0,0,1,0,0,0,0,1,0,1,1,0.377192982,0.420289855,0.298507463,1,1,0,1,0,0,1,1,1
STK20261144,0.753246753,0,0.511520737,1,0,1,0,0,0,0,0,0,0,0,0.684210526,0.623188406,0.462686567,0,0,0,0,1,0,1,1,1
STK20261145,0.480519481,0,0.811059908,0,0,0,0,0,0,0,0,0,0,0,0.254385965,0.217391304,0.507462687,0,0,0,1,0,0,1,0,0
STK20261146,0.74025974,1,0.525345622,1,0,0,0,0,0,0,0,0,0,0,0.675438596,0.449275362,0.402985075,0,0,0,0,0,0,1,0,1
STK20261147,0.506493506,1,0.165898618,0,0,0,0,0,0,0,0,0,0,0,0.315789474,0.608695652,0.492537313,0,0,0,0,0,0,0,0,0
STK20261148,0.519480519,0,0.442396313,1,0,0,0,0,0,0,0,0,0,0,0.456140351,0.68115942,0.298507463,0,0,0,0,0,0,0,0,0
STK20261149,0.779220779,0,0.728110599,1,1,0,0,1,0,0,0,0,0,0,0.631578947,0.492753623,0.298507463,1,1,1,0,0,0,1,1,1
STK20261150,0.597402597,0,0.142857143,0,0,0,0,0,1,0,0,0,0,0,0.587719298,0.246376812,0.641791045,0,0,0,0,1,0,0,0,0
STK20261151,0.402597403,1,0.069124424,0,1,0,0,0,0,0,0,0,0,0,0.280701754,0.31884058,0.52238806,0,0,0,0,0,1,0,1,0
STK20261152,0.376623377,0,0.368663594,1,0,0,0,0,0,0,0,0,0,1,0.342105263,0.536231884,0.343283582,0,0,0,0,0,1,0,0,0
STK20261153,0.675324675,0,0.368663594,0,0,0,0,0,0,0,0,1,0,0,0.526315789,0.188405797,0.611940299,0,0,0,0,0,0,0,0,0
STK20261154,0.363636364,0,0.465437788,0,0,0,0,0,0,0,0,1,0,0,0,0.536231884,0.447761194,0,0,0,0,1,0,0,0,0
STK20261155,0.441558442,0,0.451612903,0,0,1,0,0,0,0,0,1,0,0,0.298245614,0.550724638,0.268656716,0,0,0,0,0,0,0,0,0
STK20261156,0.506493506,1,0.35483871,0,1,0,0,0,0,0,0,1,0,1,0.719298246,0.347826087,0.373134328,0,0,0,0,1,0,0,0,0
STK20261157,0.558441558,1,0.714285714,1,0,0,0,0,0,0,0,0,0,0,0.456140351,0.637681159,0.567164179,1,1,0,0,1,0,0,0,2
STK20261158,0.441558442,0,0.175115207,0,0,0,0,0,0,0,0,0,0,0,0.184210526,0.463768116,0.28358209,0,0,0,0,0,0,0,0,0
STK20261159,0.246753247,0,0.714285714,0,0,0,0,0,0,0,0,1,0,0,0.289473684,0.492753623,0.52238806,0,0,0,0,0,0,0,0,0
STK20261160,0.584415584,1,0.299539171,1,0,0,0,0,0,0,0,1,0,0,0.815789474,0.246376812,0.552238806,1,0,1,0,1,1,0,0,2
STK20261161,0.597402597,0,0.68202765,0,0,1,0,0,0,0,0,0,0,1,0.394736842,0.391304348,0.388059701,0,0,1,0,0,1,0,0,1
STK20261162,0.454545455,0,0,1,0,0,0,0,0,0,0,0,0,0,0.350877193,0.637681159,0.417910448,0,0,0,0,0,0,0,0,0
STK20261163,0.779220779,1,0.290322581,0,0,1,0,0,0,0,0,0,0,1,0.385964912,0.405797101,0.507462687,0,0,0,0,1,0,0,0,0
STK20261164,0.337662338,1,0.248847926,0,1,0,0,0,0,0,0,1,1,0,0.333333333,0.31884058,0.567164179,0,0,0,0,0,0,0,0,0
STK20261165,0.779220779,0,0.35483871,1,0,1,0,0,0,0,1,1,0,0,0.535087719,0.52173913,0.462686567,0,1,1,0,0,1,1,1,1
STK20261166,0.766233766,1,0.248847926,1,0,1,0,0,0,0,0,0,0,0,0.728070175,0.608695652,0.149253731,1,0,0,1,0,1,0,0,1
STK20261167,0.558441558,1,0.617511521,0,0,0,0,0,0,0,0,0,0,0,0.377192982,0.275362319,0.343283582,0,0,0,0,0,1,1,0,0
STK20261168,0.87012987,1,0.470046083,1,0,0,0,0,0,1,0,0,0,0,0.535087719,0.536231884,0.462686567,1,0,0,0,1,0,1,1,2
STK20261169,0.467532468,0,0.529953917,1,0,1,0,0,0,0,0,1,0,0,0.473684211,0.507246377,0.23880597,1,1,1,0,0,1,0,1,1
STK20261170,0.584415584,0,0.442396313,1,0,0,0,0,0,0,0,0,0,0,0.48245614,0.47826087,0.462686567,0,0,0,0,0,0,0,0,0
STK20261171,0.649350649,1,0.451612903,0,0,0,0,0,0,0,0,0,1,1,0.122807018,0.144927536,0.417910448,0,0,0,0,0,1,0,0,0
STK20261172,0.662337662,1,0.548387097,0,1,0,0,0,0,0,0,0,0,0,0.657894737,0.608695652,0.447761194,1,1,0,0,0,0,1,0,1
STK20261173,0.857142857,1,0.423963134,1,0,0,0,0,1,0,0,0,1,0,0.640350877,0.652173913,0.462686567,1,0,1,0,0,1,1,0,1
STK20261174,0.545454545,0,0.723502304,0,0,1,0,0,0,0,0,0,0,0,0.587719298,0.304347826,0.447761194,1,0,1,0,0,0,1,1,1
STK20261175,0.415584416,0,0.410138249,0,0,0,0,0,0,0,0,0,0,0,0.219298246,0.550724638,0.402985075,0,0,0,0,0,0,0,0,0
STK20261176,0.311688312,0,0.290322581,1,0,1,0,0,0,0,0,0,0,0,0.692982456,0.463768116,0.597014925,0,0,0,0,0,0,0,0,0
STK20261177,0.714285714,1,0.594470046,0,0,0,0,0,0,0,0,0,0,1,0.48245614,0.231884058,0.52238806,0,0,0,0,0,0,0,0,0
STK20261178,0.441558442,1,0.442396313,0,0,1,0,0,0,0,0,0,0,0,0.412280702,0.405797101,0.313432836,0,0,0,0,0,0,0,0,0
STK20261179,0.428571429,0,0.184331797,0,0,0,0,0,0,0,0,0,0,0,0.394736842,0.362318841,0.52238806,0,0,0,0,0,0,0,0,0
STK20261180,0.675324675,1,0.451612903,0,0,0,0,0,0,0,0,1,1,0,0.263157895,0.231884058,0.402985075,0,0,0,0,0,0,0,0,0
STK20261181,0.519480519,0,0.506912442,1,0,0,0,0,0,0,0,1,0,0,0.622807018,0.869565217,0.388059701,1,1,1,0,0,0,1,0,1
STK20261182,0.467532468,1,0.387096774,1,1,0,0,0,0,0,0,1,1,0,0.535087719,0.536231884,0.492537313,0,0,1,0,1,0,0,0,2
STK20261183,0.662337662,1,0.764976959,0,0,1,0,0,0,0,0,0,0,0,0.587719298,0.333333333,0.656716418,1,0,1,0,0,1,1,1,1
STK20261184,0.805194805,1,0.341013825,1,1,1,0,0,0,1,1,0,1,0,0.842105263,0.304347826,0.298507463,1,1,1,0,1,1,1,0,2
STK20261185,0.415584416,1,0.497695853,0,0,0,0,0,0,0,0,1,0,1,0.359649123,0.391304348,0.611940299,0,0,0,0,0,0,0,0,0
STK20261186,0.701298701,1,0.479262673,0,0,1,0,0,0,0,0,1,1,1,0.5,0.434782609,0.537313433,1,0,0,0,0,0,0,1,1
STK20261187,0.636363636,0,0.253456221,0,0,0,0,0,0,0,0,0,0,0,0.324561404,0.31884058,0.582089552,0,0,0,0,0,0,0,0,0
STK20261188,0.298701299,0,0.516129032,0,0,0,0,0,0,0,0,1,0,0,0.245614035,0.304347826,0.298507463,0,0,0,0,0,0,0,0,0
STK20261189,0.38961039,1,0.32718894,0,0,0,0,0,0,0,0,0,0,0,0.298245614,0.420289855,0.343283582,0,0,1,0,0,0,0,0,0
STK20261190,0.571428571,0,0.585253456,0,0,1,0,0,0,0,0,0,0,0,0.324561404,0.710144928,0.567164179,0,0,0,0,0,0,0,0,0
STK20261191,0.597402597,1,0.483870968,0,0,1,0,0,0,0,0,0,0,0,0.438596491,0.420289855,0.507462687,1,0,0,0,0,0,0,0,0
STK20261192,0.662337662,1,0.33640553,0,1,1,0,0,0,0,0,0,0,0,0.456140351,0.652173913,0.432835821,1,0,1,0,1,0,0,0,1
STK20261193,0.636363636,0,0.428571429,1,1,0,0,0,0,0,0,0,0,0,0.447368421,0.492753623,0.253731343,1,0,1,0,0,0,1,0,1
STK20261194,0.623376623,1,0.124423963,0,0,0,0,0,0,0,0,1,1,0,0.657894737,0.405797101,0.223880597,0,0,0,0,0,0,0,0,0
STK20261195,0.285714286,0,0.290322581,0,0,0,0,0,0,0,0,1,0,0,0.298245614,0.52173913,0.432835821,0,0,0,0,0,0,0,1,0
STK20261196,0.298701299,1,0.6359447,0,0,0,0,0,0,0,0,0,1,0,0.289473684,0.463768116,0.417910448,0,0,0,0,0,0,0,0,0
STK20261197,1,1,0.497695853,1,0,1,0,1,1,0,1,0,0,0,0.745614035,0.68115942,0.313432836,1,1,1,1,0,1,1,0,1
STK20261198,0.766233766,1,0.35483871,1,0,1,0,0,0,0,0,1,0,0,0.754385965,0.47826087,0.343283582,1,1,1,0,0,0,0,1,1
STK20261199,0.662337662,0,0.626728111,0,0,0,0,0,0,0,0,1,0,0,0.289473684,0.637681159,0.28358209,0,0,0,0,0,0,0,0,0
STK20261200,0.649350649,0,0.410138249,0,0,0,0,0,0,0,0,0,0,0,0.254385965,0.463768116,0.432835821,0,0,0,0,0,0,0,0,0
STK20261201,0.506493506,1,0.511520737,0,0,0,0,0,0,0,0,0,1,0,0.298245614,0.376811594,0.567164179,0,0,0,0,1,0,0,1,0
STK20261202,0.831168831,1,0.594470046,0,0,0,0,0,0,0,0,0,0,0,0.307017544,0.391304348,0.432835821,0,0,1,1,0,1,1,0,1
STK20261203,0.558441558,1,0.69124424,0,0,1,0,0,0,0,0,0,1,1,0.333333333,0.608695652,0.373134328,1,0,1,1,0,0,0,1,1
STK20261204,0.597402597,1,0.165898618,1,0,0,0,0,0,0,0,0,1,0,0.526315789,0.666666667,0.47761194,0,0,1,1,0,0,0,1,1
STK20261205,0.714285714,1,0.516129032,0,1,0,0,0,0,1,0,0,0,0,0.614035088,0.492753623,0.432835821,1,1,1,0,0,1,1,1,1
STK20261206,0.779220779,1,0.341013825,0,1,1,0,0,0,0,0,0,0,1,0.570175439,0.507246377,0.253731343,1,0,0,1,0,0,0,1,1
STK20261207,0.545454545,1,0.769585253,1,0,0,0,0,0,0,0,0,1,0,0.771929825,0.695652174,0.52238806,1,0,0,0,0,1,0,0,1
STK20261208,0.922077922,1,0.465437788,1,0,0,0,0,0,0,0,0,0,1,0.675438596,0.739130435,0.52238806,1,0,1,0,1,0,1,0,2
STK20261209,0.194805195,1,0.147465438,0,0,0,0,0,0,0,0,0,0,1,0.315789474,0.31884058,0.179104478,0,1,1,0,0,0,0,0,1
STK20261210,0.376623377,1,0.147465438,0,1,0,0,0,0,0,0,0,0,0,0.289473684,0.347826087,0.432835821,0,1,0,0,1,0,0,1,0
STK20261211,0.818181818,1,0.668202765,0,0,0,0,0,1,0,0,1,1,1,0.412280702,0.463768116,0.432835821,1,1,1,1,0,1,0,1,1
STK20261212,0.506493506,1,0.599078341,1,0,0,0,0,0,0,0,0,0,0,0.456140351,0.289855072,0.417910448,0,0,0,0,0,1,0,1,1
STK20261213,0.376623377,1,0.105990783,0,0,1,0,0,0,0,0,1,0,1,0.377192982,0.550724638,0.432835821,0,0,0,0,0,0,1,0,0
STK20261214,0.545454545,0,0.580645161,0,0,0,0,0,0,0,0,0,0,0,0.51754386,0.550724638,0.432835821,1,1,1,0,0,0,0,0,0
STK20261215,0.493506494,1,0.631336406,0,0,0,0,0,0,0,0,0,0,0,0.210526316,0.492753623,0.313432836,0,0,0,0,0,0,0,0,0
STK20261216,0.116883117,0,0.539170507,0,0,0,0,0,0,0,0,0,0,0,0.087719298,0.231884058,0.417910448,0,0,0,0,0,0,0,0,0
STK20261217,0.714285714,1,0.686635945,0,0,0,0,0,0,0,0,1,0,0,0.210526316,0.405797101,0.402985075,1,1,0,0,0,0,1,0,1
STK20261218,0.337662338,0,0.622119816,1,0,1,0,0,0,0,0,0,0,0,0.587719298,0.405797101,0.492537313,1,1,0,0,0,0,0,0,1
STK20261219,0.480519481,1,0.622119816,0,1,0,0,0,0,0,0,0,0,0,0.649122807,0.31884058,0.343283582,1,0,1,0,1,1,0,0,2
STK20261220,0.805194805,0,0.3640553,1,0,0,0,1,0,0,0,0,0,0,0.666666667,0.449275362,0.417910448,1,1,1,1,0,0,1,0,1
STK20261221,0.298701299,1,0.405529954,0,0,0,0,0,0,0,0,0,1,0,0.412280702,0.391304348,0.492537313,0,1,0,0,0,0,0,0,0
STK20261222,0.779220779,0,0.373271889,1,1,0,0,0,0,1,0,0,0,0,0.684210526,0.47826087,0.268656716,0,1,1,1,0,0,1,0,1
STK20261223,0.766233766,1,0.359447005,1,0,0,0,1,1,0,0,1,0,0,0.675438596,0.550724638,0.552238806,0,0,0,0,0,0,0,0,2
STK20261224,0.454545455,1,0.488479263,0,0,0,0,0,0,0,0,0,0,0,0.438596491,0.376811594,0.47761194,0,0,0,0,0,0,0,0,0
STK20261225,0.493506494,0,0.543778802,0,0,0,0,0,0,0,0,0,0,0,0.324561404,0.507246377,0.447761194,0,0,0,0,0,0,1,0,0
STK20261226,0.337662338,0,0.262672811,0,0,0,0,0,0,0,0,0,0,0,0.280701754,0.347826087,0.388059701,0,0,0,0,0,0,0,0,0
STK20261227,0.545454545,0,0.447004608,0,0,1,0,0,0,0,0,0,0,0,0.342105263,0.260869565,0.47761194,0,0,0,0,0,0,0,0,0
STK20261228,0.337662338,1,0.437788018,0,0,0,0,1,0,0,0,0,0,0,0.48245614,0.420289855,0.537313433,0,0,0,0,0,0,1,0,0
STK20261229,0.480519481,1,0.64516129,0,0,0,0,0,0,0,0,0,0,1,0.464912281,0.144927536,0.28358209,0,0,0,0,0,0,0,0,0
STK20261230,0.61038961,0,0.483870968,1,0,0,0,0,0,0,0,0,0,1,0.552631579,0.652173913,0.432835821,1,0,1,0,0,0,0,0,1
STK20261231,0.506493506,1,0.451612903,0,0,0,0,0,0,0,0,0,1,0,0.5,0.47826087,0.71641791,0,0,0,0,1,0,0,1,0
STK20261232,0.649350649,0,0.474654378,0,0,0,0,0,1,0,0,1,0,0,0.49122807,0.231884058,0.492537313,0,0,0,0,0,0,0,0,0
STK20261233,0.935064935,0,0.746543779,0,0,0,0,0,1,0,0,0,0,0,0.385964912,0.333333333,0.223880597,1,1,1,0,1,0,1,0,1
STK20261234,0.558441558,1,0.341013825,0,0,1,0,0,0,0,0,0,0,1,0.342105263,0.565217391,0.373134328,0,0,0,0,0,0,0,0,0
STK20261235,0.649350649,0,0.511520737,0,0,0,0,0,0,1,0,0,0,0,0.578947368,0.347826087,0.597014925,0,0,0,0,0,0,0,0,0
STK20261236,0.857142857,1,0.552995392,0,0,1,0,0,0,0,0,0,0,0,0.692982456,0.449275362,0.23880597,1,1,1,0,1,0,1,0,1
STK20261237,0.805194805,0,0.207373272,1,0,0,0,0,0,0,0,0,0,0,0.587719298,0.826086957,0.373134328,1,1,0,1,0,0,0,1,1
STK20261238,0.350649351,0,0.433179724,0,1,0,0,0,0,0,0,0,0,0,0.289473684,0.420289855,0.253731343,0,0,0,0,0,0,0,0,0
STK20261239,0.12987013,1,0.170506912,0,0,0,0,0,0,0,0,0,0,0,0.298245614,0.173913043,0.537313433,1,0,0,0,0,1,0,0,0
STK20261240,0.376623377,1,0.142857143,0,0,0,0,0,0,0,0,0,0,1,0.333333333,0.565217391,0.492537313,0,0,0,0,0,0,0,0,0
STK20261241,0.909090909,0,0.479262673,1,0,1,0,1,1,0,0,0,0,0,0.640350877,0.550724638,0.268656716,1,1,1,0,1,0,0,1,1
STK20261242,0.519480519,1,0.405529954,0,0,0,0,0,1,0,0,0,0,0,0.473684211,0.579710145,0.582089552,1,0,0,0,0,0,0,0,0
STK20261243,0.779220779,0,0.603686636,1,0,0,0,0,1,0,0,1,0,0,0.807017544,0.695652174,0.373134328,0,1,0,0,1,1,1,1,1
STK20261244,0.350649351,1,0.391705069,0,0,0,0,0,0,0,0,0,0,0,0.50877193,0.347826087,0.28358209,0,0,0,0,0,0,0,0,0
STK20261245,0.207792208,1,0.281105991,0,0,0,0,0,0,0,0,1,1,0,0.192982456,0.536231884,0.432835821,0,1,0,0,0,0,0,0,0
STK20261246,0.12987013,1,0.576036866,0,0,0,0,0,0,0,0,0,1,0,0.166666667,0.52173913,0.298507463,0,0,0,0,0,0,0,0,0
STK20261247,0.402597403,0,0.511520737,0,0,0,0,0,0,0,0,0,0,0,0.184210526,0.47826087,0.223880597,0,0,0,0,0,0,0,0,0
STK20261248,0.454545455,0,0.262672811,0,1,0,0,0,0,0,0,0,1,0,0.394736842,0.536231884,0.462686567,0,0,0,0,0,0,0,1,0
STK20261249,0.506493506,0,0.322580645,0,0,1,0,0,0,0,0,0,0,0,0.298245614,0.434782609,0.179104478,0,0,0,0,0,0,0,0,0
STK20261250,0.701298701,0,0.456221198,0,0,0,0,0,0,0,0,0,0,0,0.473684211,0.536231884,0.208955224,0,0,0,1,1,1,0,0,2
STK20261251,0.493506494,0,0.248847926,0,0,0,0,0,0,0,0,0,0,0,0.394736842,0.304347826,0.298507463,0,0,0,0,0,0,0,0,0
STK20261252,0.415584416,1,0.405529954,0,0,0,0,0,0,0,0,0,0,1,0.228070175,0.492753623,0.731343284,0,0,0,0,0,0,1,0,0
STK20261253,0.584415584,1,0.824884793,0,0,0,0,0,0,0,0,0,0,0,0.447368421,0.434782609,0.388059701,0,1,1,0,0,0,1,0,1
STK20261254,0.519480519,1,0.737327189,0,0,0,0,0,0,0,0,1,0,1,0.377192982,0.52173913,0.447761194,0,0,0,0,0,0,0,0,0
STK20261255,0.688311688,0,0.276497696,0,0,0,0,0,0,0,0,0,0,1,0.412280702,0.391304348,0.208955224,0,0,0,0,0,0,0,0,0
STK20261256,0.194805195,0,0.709677419,0,0,0,0,0,0,0,0,0,0,0,0.245614035,0.275362319,0.462686567,1,1,1,0,0,0,0,0,1
STK20261257,0.337662338,0,0.184331797,0,0,0,0,0,0,0,0,0,0,0,0.377192982,0.52173913,0.388059701,0,0,0,0,0,0,0,0,0
STK20261258,0.506493506,0,0.534562212,0,0,0,0,0,0,0,0,0,0,0,0.175438596,0.420289855,0.492537313,0,0,0,0,0,0,0,0,0
STK20261259,0.090909091,0,0.368663594,0,0,0,0,0,0,0,0,0,0,0,0.236842105,0.391304348,0.432835821,0,0,0,0,0,0,0,0,0
STK20261260,0.571428571,1,0.493087558,0,1,0,0,0,0,0,0,0,1,0,0.429824561,0.289855072,0.432835821,0,0,0,1,0,0,0,0,1
STK20261261,0.545454545,0,0.188940092,0,0,0,0,0,0,0,0,0,0,0,0.122807018,0.304347826,0.567164179,0,0,0,0,0,0,0,1,0
STK20261262,0.467532468,0,0.115207373,0,0,0,0,0,0,0,0,0,0,0,0.526315789,0.420289855,0.417910448,0,0,0,0,0,0,0,0,0
STK20261263,0.480519481,1,0.723502304,0,0,0,0,0,1,0,0,1,1,1,0.228070175,0.434782609,0.343283582,0,1,0,0,0,0,1,0,1
STK20261264,0.584415584,0,0.880184332,0,0,0,0,0,0,0,0,0,0,0,0.49122807,0.579710145,0.223880597,1,0,1,1,0,1,0,0,1
STK20261265,0.61038961,0,0.562211982,0,1,1,0,0,0,0,0,0,0,0,0.456140351,0.376811594,0.373134328,0,1,1,1,0,0,0,1,1
STK20261266,0.701298701,0,0.304147465,0,0,0,0,0,0,0,0,0,1,0,0.412280702,0.463768116,0.104477612,0,1,0,0,0,0,0,0,0
STK20261267,0.363636364,1,0.428571429,0,0,0,0,0,0,0,0,0,0,1,0.228070175,0.391304348,0.23880597,0,0,0,0,0,0,1,0,0
STK20261268,1,1,0.479262673,1,0,1,0,1,1,0,0,1,1,0,0.807017544,0.666666667,0.507462687,0,1,1,0,0,0,1,1,1
STK20261269,0.454545455,1,0.096774194,0,0,0,0,0,0,0,0,0,0,0,0.271929825,0.333333333,0.537313433,0,0,0,0,0,0,1,0,0
STK20261270,0.519480519,1,0.281105991,0,0,1,0,0,0,0,0,0,0,0,0.315789474,0.289855072,0.507462687,0,0,0,0,0,0,0,0,0
STK20261271,0.701298701,0,0.741935484,0,0,0,0,0,0,0,0,0,0,0,0.342105263,0.637681159,0.328358209,1,1,0,0,0,0,0,1,1
STK20261272,0.935064935,1,0.34562212,0,1,0,0,0,0,0,0,0,0,1,0.657894737,0.463768116,0.52238806,1,0,1,0,0,1,0,1,1
STK20261273,0.441558442,1,0.405529954,0,0,0,0,0,0,0,0,0,0,1,0.385964912,0.594202899,0.388059701,0,0,0,0,0,0,0,1,0
STK20261274,0.74025974,1,0.285714286,1,0,1,0,0,1,0,0,0,0,0,0.728070175,0.594202899,0.313432836,1,1,1,1,0,0,0,0,2
STK20261275,0.415584416,1,0.677419355,0,0,0,0,0,0,0,0,0,0,0,0.122807018,0.463768116,0.462686567,0,0,0,0,0,0,0,0,0
STK20261276,0.844155844,1,0.474654378,1,1,1,1,0,0,0,0,0,1,0,0.701754386,0.652173913,0.462686567,1,0,1,0,0,0,0,1,1
STK20261277,0.337662338,0,0.294930876,0,0,0,0,0,0,0,0,0,0,0,0.368421053,0.333333333,0.358208955,0,0,0,0,0,0,0,1,0
STK20261278,0.415584416,1,0.502304147,0,0,0,0,0,0,1,0,0,1,0,0.464912281,0.333333333,0.507462687,0,0,0,1,0,0,0,0,0
STK20261279,0.506493506,1,0.235023041,1,0,1,0,0,0,0,0,0,0,1,0.561403509,0.623188406,0.313432836,1,0,1,1,0,1,0,0,1
STK20261280,0.363636364,0,0.115207373,0,0,0,0,0,0,0,0,0,0,0,0.421052632,0.275362319,0.373134328,0,0,0,0,0,0,0,0,0
STK20261281,0.324675325,0,0.419354839,0,0,0,0,0,0,0,0,0,0,0,0.438596491,0.31884058,0.582089552,0,1,0,0,0,1,0,0,0
STK20261282,0.571428571,1,0.442396313,0,1,0,0,1,0,0,0,0,0,1,0.596491228,0.695652174,0.343283582,1,0,1,0,1,1,1,1,2
STK20261283,0.623376623,1,0.534562212,0,1,0,0,0,0,0,0,0,1,0,0.447368421,0.333333333,0.268656716,1,0,1,0,1,0,1,0,1
STK20261284,0.415584416,1,0.631336406,0,0,0,0,0,0,0,0,1,1,0,0.245614035,0.246376812,0.268656716,0,0,0,0,0,0,1,0,0
STK20261285,0.519480519,1,0.746543779,0,0,0,0,0,0,0,0,1,0,1,0.184210526,0.391304348,0.23880597,0,0,0,0,0,0,0,0,0
STK20261286,0.675324675,1,0.506912442,0,0,0,0,0,0,0,1,0,0,0,0.403508772,0.391304348,0.388059701,0,0,0,0,0,0,0,0,0
STK20261287,0.506493506,0,0.382488479,1,0,0,0,0,0,1,0,0,0,0,0.666666667,0.695652174,0.313432836,0,1,1,1,0,0,0,0,1
STK20261288,0.597402597,0,0.658986175,0,0,0,0,0,0,0,0,1,0,0,0.236842105,0.246376812,0.208955224,0,0,0,0,0,0,0,0,0
STK20261289,0.220779221,1,0.442396313,0,0,0,0,0,0,0,0,0,0,0,0.166666667,0.31884058,0.328358209,0,0,0,0,0,0,1,0,0
STK20261290,0.623376623,0,0.456221198,0,0,0,0,0,0,0,0,0,0,0,0.429824561,0.391304348,0.417910448,0,0,0,0,0,0,0,0,0
STK20261291,0.311688312,1,0.778801843,0,0,1,0,0,0,0,0,0,0,1,0.245614035,0.289855072,0.104477612,0,0,0,0,0,0,0,0,0
STK20261292,0.467532468,1,0.368663594,1,0,0,0,1,0,0,0,1,1,0,0.578947368,0.47826087,0.298507463,0,1,0,0,0,0,1,0,1
STK20261293,0.402597403,0,0.400921659,0,0,0,0,0,0,0,0,0,0,0,0.026315789,0.710144928,0.343283582,0,0,0,0,0,0,0,0,0
STK20261294,0.402597403,0,0.65437788,0,0,0,0,0,0,0,0,1,0,0,0.070175439,0.449275362,0.253731343,0,0,0,0,0,0,0,0,0
STK20261295,0.337662338,0,0.442396313,0,0,0,0,0,0,0,0,1,0,0,0.403508772,0.52173913,0.343283582,0,0,0,0,0,0,0,0,0
STK20261296,0.714285714,1,0.313364055,1,0,0,0,0,1,0,0,0,0,0,0.701754386,0.536231884,0.462686567,0,1,1,0,0,0,0,1,1
STK20261297,0.220779221,0,0.548387097,0,0,0,0,0,0,0,0,0,1,0,0.350877193,0.31884058,0.417910448,0,0,0,0,0,0,0,0,0
STK20261298,0.402597403,0,0.313364055,0,1,0,0,0,0,0,0,0,0,0,0.438596491,0.31884058,0.328358209,0,0,0,0,0,1,0,0,0
STK20261299,0.493506494,1,0.442396313,0,0,0,0,0,0,0,0,0,0,0,0.403508772,0.376811594,0.507462687,0,0,0,0,0,0,0,0,0
STK20261300,0.584415584,0,0.631336406,1,0,0,0,0,1,0,0,0,0,1,0.570175439,0.608695652,0.671641791,1,1,0,0,0,0,0,1,1
STK20261301,0.727272727,1,0.400921659,0,1,0,0,0,0,1,0,0,0,0,0.333333333,0.507246377,0.328358209,0,0,0,0,0,1,0,0,0
STK20261302,0.727272727,1,0.447004608,0,1,1,0,0,0,0,0,0,0,0,0.49122807,0.536231884,0.134328358,0,1,1,0,0,0,0,1,1
STK20261303,0.337662338,1,0.566820276,0,0,0,0,0,0,0,0,0,0,0,0.526315789,0.536231884,0.507462687,0,0,0,0,0,0,0,0,0
STK20261304,0.571428571,1,0.142857143,0,0,0,0,0,0,0,0,0,1,0,0.48245614,0.565217391,0.373134328,1,0,0,0,0,1,0,0,0
STK20261305,0.441558442,1,0.493087558,0,0,0,0,0,0,0,0,0,0,0,0.456140351,0.623188406,0.626865672,0,0,0,1,0,0,0,0,0
STK20261306,0.532467532,1,0.493087558,0,0,1,0,0,0,0,0,1,0,0,0.324561404,0.246376812,0.552238806,0,0,0,0,0,0,0,0,0
STK20261307,0.623376623,1,0.548387097,0,0,0,0,0,0,0,0,1,0,0,0.192982456,0.434782609,0.417910448,0,0,0,0,0,0,0,0,0
STK20261308,0.467532468,1,0.548387097,0,0,0,0,0,0,0,0,0,0,1,0.561403509,0.492753623,0.388059701,0,1,0,1,0,0,1,0,1
STK20261309,0.285714286,1,0.276497696,0,0,0,0,0,0,0,0,0,0,0,0.254385965,0.289855072,0.492537313,0,0,0,0,0,0,0,0,0
STK20261310,0.584415584,1,0.32718894,0,0,1,0,0,1,0,0,1,1,1,0.324561404,0.463768116,0.552238806,1,0,1,0,1,1,0,1,2
STK20261311,0.038961039,1,0.359447005,0,0,0,0,0,0,0,0,1,0,0,0.280701754,0.188405797,0.671641791,0,0,0,0,0,1,0,0,0
STK20261312,0.766233766,0,0.322580645,0,0,1,0,0,0,0,0,0,1,0,0.429824561,0.463768116,0.402985075,1,0,0,0,0,1,1,1,1
STK20261313,0.649350649,1,0,1,0,0,0,0,0,0,0,0,0,1,0.412280702,0.362318841,0.432835821,0,1,1,0,0,0,0,0,2
STK20261314,0.545454545,0,0.525345622,0,0,0,0,0,0,0,0,0,0,0,0.359649123,0.507246377,0.328358209,0,0,0,0,1,0,0,0,0
STK20261315,0.428571429,1,0.884792627,0,0,0,0,0,0,0,0,0,0,0,0.403508772,0.637681159,0.567164179,1,1,0,0,0,1,0,0,2
STK20261316,0.506493506,1,0.442396313,0,0,0,0,1,0,0,0,1,0,1,0.48245614,0.260869565,0.149253731,0,0,0,0,0,0,0,0,0
STK20261317,0.649350649,0,0.631336406,0,0,0,0,0,0,0,0,0,0,0,0.263157895,0.449275362,0.119402985,0,0,0,0,0,0,1,0,0
STK20261318,0.766233766,1,0.640552995,1,0,0,0,0,0,0,0,0,1,0,0.745614035,0.507246377,0.597014925,1,1,0,1,0,1,1,0,1
STK20261319,0.636363636,0,0.179723502,0,0,0,0,0,0,0,0,0,0,0,0.289473684,0.753623188,0.597014925,0,0,0,0,0,0,0,0,0
STK20261320,0.337662338,1,0.67281106,0,0,0,0,0,0,0,0,0,0,0,0.245614035,0.31884058,0.492537313,0,0,0,0,0,0,0,0,0
STK20261321,0.883116883,1,0.31797235,1,0,1,0,0,0,0,0,0,0,0,0.552631579,0.84057971,0.343283582,1,1,0,0,0,0,1,0,1
STK20261322,0.493506494,0,0.442396313,0,0,0,0,0,0,0,0,0,0,0,0.359649123,0.434782609,0.462686567,0,0,0,0,0,0,0,0,0
STK20261323,0.792207792,1,0.221198157,0,1,0,0,0,1,0,0,1,0,0,0.447368421,0.536231884,0.28358209,1,0,0,0,0,1,1,0,1
STK20261324,0.61038961,0,0.552995392,0,0,0,0,0,0,0,0,0,1,0,0.342105263,0.391304348,0.28358209,0,0,0,0,1,0,1,0,1
STK20261325,0.805194805,1,0.65437788,1,0,0,0,1,0,0,0,0,1,0,0.605263158,0.47826087,0.402985075,1,0,1,1,0,0,0,0,1
STK20261326,0.714285714,1,0.456221198,0,1,1,1,0,0,0,0,0,1,0,0.456140351,0.463768116,0.417910448,0,0,1,0,0,0,0,0,1
STK20261327,0.714285714,0,0.479262673,1,0,0,0,0,0,0,0,1,0,0,0.526315789,0.52173913,0.343283582,1,0,0,0,1,0,1,0,1
STK20261328,0.74025974,1,0.175115207,0,0,0,0,0,1,0,0,0,1,1,0.368421053,0.376811594,0.582089552,1,1,1,0,0,0,0,0,1
STK20261329,0.623376623,0,0.248847926,0,0,0,0,0,0,0,0,0,0,0,0.385964912,0.434782609,0.373134328,0,0,0,0,0,0,0,0,0
STK20261330,0.662337662,1,0.66359447,1,0,1,0,0,0,0,0,0,0,0,0.578947368,0.695652174,0.358208955,0,1,0,1,0,0,1,1,1
STK20261331,0.974025974,1,0.571428571,1,0,0,0,0,0,0,0,0,0,0,0.692982456,0.492753623,0.447761194,1,0,1,1,0,0,0,1,1
STK20261332,0.233766234,1,0.442396313,0,0,0,0,0,0,0,0,0,0,1,0.333333333,0.31884058,0.373134328,0,0,0,0,0,0,0,0,0
STK20261333,0.545454545,0,0.322580645,0,0,0,0,0,0,0,0,0,0,0,0.350877193,0.376811594,0,0,0,0,0,0,0,1,0,0
STK20261334,0.480519481,0,0.30875576,0,0,1,0,0,0,0,0,0,0,0,0.122807018,0.391304348,0.104477612,0,0,0,0,0,0,0,0,0
STK20261335,0.61038961,0,0.410138249,1,0,0,0,0,0,0,0,0,0,0,0.543859649,0.463768116,0.791044776,0,0,0,0,0,0,0,0,0
STK20261336,0.519480519,0,0.433179724,0,0,0,0,0,0,0,0,1,0,0,0.377192982,0.608695652,0.417910448,0,0,0,1,0,0,0,0,0
STK20261337,0.311688312,1,0.755760369,0,0,0,0,0,0,0,0,1,0,0,0.315789474,0.695652174,0.432835821,0,0,1,0,0,0,0,0,0
STK20261338,0.428571429,1,0.589861751,0,0,0,0,0,0,0,0,1,1,0,0.228070175,0.434782609,0.597014925,0,0,0,0,0,0,0,0,0
STK20261339,0.727272727,0,0.562211982,1,1,0,0,0,0,0,0,1,0,0,0.789473684,0.376811594,0.432835821,1,0,1,0,0,0,0,1,2
STK20261340,0.441558442,0,0.631336406,1,0,1,0,0,0,0,0,0,0,0,0.307017544,0.362318841,0.507462687,1,1,0,0,0,1,1,1,1
STK20261341,0.428571429,0,0,0,0,0,0,0,0,0,0,1,0,0,0.359649123,0.391304348,0.432835821,0,0,0,0,0,0,0,0,0
STK20261342,0.792207792,1,0.382488479,0,0,0,0,0,0,0,0,0,1,1,0.48245614,0.666666667,0.373134328,0,1,0,1,0,1,0,1,1
STK20261343,0.649350649,1,0.433179724,0,0,0,0,0,0,0,0,0,0,0,0.263157895,0.347826087,0.402985075,0,0,0,0,0,0,0,0,0
STK20261344,0.168831169,1,0.479262673,1,0,0,0,0,0,0,0,0,1,0,0.429824561,0.623188406,0.373134328,0,0,0,0,0,0,0,0,0
STK20261345,0.441558442,1,0.331797235,1,0,0,0,0,0,0,0,0,0,0,0.675438596,0.594202899,0.358208955,0,0,0,0,0,0,0,0,0
STK20261346,0.532467532,1,0.271889401,0,0,1,0,0,0,0,0,0,0,0,0.271929825,0.492753623,0.447761194,0,0,0,0,0,0,0,0,0
STK20261347,0.324675325,0,0.511520737,0,0,0,0,0,0,0,0,1,0,0,0,0.304347826,0.343283582,1,0,0,0,0,0,0,1,0
STK20261348,0.311688312,1,0.221198157,0,0,0,0,0,0,0,0,0,0,0,0.359649123,0.463768116,0.373134328,0,0,0,0,0,0,1,0,0
STK20261349,0.545454545,1,0.783410138,0,0,1,0,0,0,0,0,1,0,0,0.385964912,0.376811594,0.149253731,0,0,1,1,0,1,0,0,1
STK20261350,0.636363636,0,0.400921659,0,0,0,0,0,0,1,0,0,0,0,0.614035088,0.391304348,0.328358209,0,0,0,0,0,0,0,0,0
STK20261351,0.246753247,1,0.447004608,0,0,0,0,0,0,0,0,0,0,0,0.403508772,0.333333333,0.432835821,0,0,0,0,0,1,0,0,0
STK20261352,0.493506494,1,0.285714286,0,0,0,0,0,0,0,0,0,0,0,0.149122807,0.260869565,0.402985075,0,0,0,0,0,0,0,0,0
STK20261353,0.675324675,0,0.695852535,0,1,1,0,0,0,0,0,1,0,0,0.649122807,0.550724638,0.373134328,0,0,0,0,1,0,1,0,2
STK20261354,0.207792208,1,0.442396313,0,0,0,0,0,0,0,0,1,0,0,0.175438596,0.405797101,0.208955224,0,0,0,0,1,0,1,1,1
STK20261355,0.103896104,1,0.479262673,1,0,0,0,0,0,0,0,0,0,0,0.254385965,0.434782609,0.343283582,0,0,0,0,1,0,0,0,0
STK20261356,0.519480519,1,0.451612903,1,0,0,0,0,0,0,0,0,0,1,0.692982456,0.608695652,0.492537313,1,1,0,0,0,0,1,0,1
STK20261357,0.922077922,0,0.479262673,0,0,1,0,0,0,0,0,0,0,1,0.684210526,0.52173913,0.417910448,0,0,0,0,1,0,1,0,1
STK20261358,0.558441558,1,0.755760369,1,0,0,0,0,0,0,0,0,1,0,0.456140351,0.594202899,0.388059701,0,1,0,0,0,0,0,0,1
STK20261359,0.519480519,0,0.382488479,0,0,0,0,0,0,0,0,0,0,0,0.5,0.579710145,0.298507463,0,0,0,0,1,0,0,0,0
STK20261360,0.532467532,1,0.428571429,0,0,1,0,0,0,0,0,0,0,0,0.342105263,0.507246377,0.52238806,0,0,0,0,0,0,0,0,0
STK20261361,0.246753247,1,0.34562212,0,1,0,0,0,0,0,0,1,0,0,0.157894737,0.333333333,0.388059701,0,0,0,0,0,0,0,1,0
STK20261362,0.675324675,1,0.023041475,0,0,0,0,0,0,0,0,0,1,0,0.324561404,0.463768116,0.194029851,0,0,0,0,0,0,0,0,0
STK20261363,0.532467532,1,0.451612903,0,1,1,0,0,0,0,0,0,0,0,0.245614035,0.463768116,0.865671642,0,0,0,0,0,0,0,0,0
STK20261364,0.61038961,1,0.451612903,1,1,0,0,0,0,0,0,0,1,0,0.570175439,0.449275362,0.149253731,0,0,0,0,1,1,1,1,2
STK20261365,0.688311688,1,0.433179724,0,0,0,0,0,0,0,0,0,1,0,0.447368421,0.202898551,0.432835821,1,0,0,0,0,0,0,0,0
STK20261366,0.428571429,1,0.566820276,0,0,0,0,0,0,0,0,1,0,0,0.394736842,0.463768116,0.462686567,0,0,0,0,0,0,1,0,0
STK20261367,0.402597403,1,0.410138249,0,0,0,0,0,0,0,0,0,1,0,0.333333333,0.449275362,0.52238806,0,0,0,1,0,0,0,0,0
STK20261368,0.519480519,1,0.732718894,0,0,0,0,0,0,0,0,1,0,0,0.236842105,0.362318841,0.597014925,0,0,0,0,0,0,0,0,0
STK20261369,0.545454545,1,0.396313364,0,0,1,0,0,0,0,0,0,0,0,0.48245614,0.463768116,0.358208955,0,0,0,0,0,0,0,0,0
STK20261370,0.675324675,1,0.258064516,0,0,1,0,0,0,0,0,0,1,0,0.385964912,0.52173913,0.52238806,1,0,1,0,1,0,0,1,1
STK20261371,0.415584416,0,0.437788018,0,0,0,0,0,0,0,0,0,0,0,0.166666667,0.405797101,0.417910448,0,0,0,0,0,0,0,0,0
STK20261372,0.714285714,1,0.437788018,0,0,0,0,0,0,0,0,1,0,0,0.578947368,0.304347826,0.358208955,0,0,0,0,0,0,0,0,0
STK20261373,0.545454545,1,0.244239631,0,0,0,0,0,0,0,0,1,0,0,0.201754386,0.347826087,0.417910448,0,0,0,0,1,0,0,0,0
STK20261374,0.532467532,1,0.617511521,0,0,0,0,0,0,0,0,0,0,0,0.385964912,0.376811594,0.52238806,0,0,0,0,0,0,0,0,0
STK20261375,0.584415584,1,0.640552995,0,1,1,0,0,0,0,0,0,0,0,0.49122807,0.492753623,0.343283582,0,0,0,0,0,0,0,0,1
STK20261376,0.506493506,0,0.649769585,1,0,0,0,0,0,0,0,0,0,0,0.219298246,0.565217391,0.223880597,1,1,1,0,0,0,0,0,1
STK20261377,0.506493506,1,0.442396313,0,0,0,0,0,0,0,0,0,1,0,0.228070175,0.550724638,0.373134328,0,0,0,0,0,0,0,0,0
STK20261378,0.753246753,0,0.258064516,1,0,1,0,1,0,0,1,1,0,0,0.614035088,0.463768116,0.328358209,1,0,0,0,0,0,0,0,1
STK20261379,0.480519481,0,0.405529954,1,0,0,0,0,0,0,0,0,1,0,0.412280702,0.507246377,0.313432836,1,0,1,1,0,0,0,0,1
STK20261380,0.792207792,0,0.470046083,1,0,1,0,0,0,0,0,0,0,0,0.701754386,0.47826087,0.402985075,1,1,0,0,0,1,0,1,1
STK20261381,0.415584416,1,0.479262673,0,0,0,0,0,0,0,0,0,1,1,0.105263158,0.31884058,0.611940299,0,0,0,0,0,0,0,0,0
STK20261382,0.350649351,1,0.179723502,0,0,1,0,0,0,0,0,0,1,0,0.324561404,0.304347826,0.328358209,0,0,0,0,1,0,0,0,0
STK20261383,0.428571429,1,0.258064516,0,0,0,0,0,0,0,0,0,1,1,0.333333333,0.31884058,0.417910448,0,0,0,0,0,0,0,0,0
STK20261384,0.428571429,0,0.3640553,0,0,0,0,0,0,0,0,0,0,0,0.359649123,0.507246377,0.358208955,0,0,0,0,0,0,0,0,0
STK20261385,0.571428571,1,0.262672811,1,0,0,0,0,1,0,0,0,0,0,0.51754386,0.405797101,0.28358209,0,1,0,1,1,1,0,0,1
STK20261386,0.571428571,0,0.294930876,0,0,0,0,0,0,0,0,1,0,0,0.333333333,0.434782609,0.47761194,0,0,0,0,1,0,0,0,0
STK20261387,0.350649351,0,0.258064516,0,0,0,0,0,0,0,0,0,0,0,0.192982456,0.536231884,0.71641791,0,1,0,0,0,0,0,0,0
STK20261388,0.74025974,1,0.456221198,0,1,0,0,0,0,0,0,0,1,0,0.50877193,0.449275362,0.507462687,1,1,1,0,0,1,1,1,1
STK20261389,0.402597403,0,0.33640553,0,0,0,0,0,0,0,0,0,0,0,0.219298246,0.391304348,0.52238806,0,0,0,0,0,0,0,0,0
STK20261390,0.792207792,0,0.506912442,1,0,0,0,0,0,0,0,0,0,0,0.421052632,0.492753623,0.552238806,1,1,1,0,0,0,0,0,1
STK20261391,0.727272727,0,0.788018433,1,0,0,0,0,0,0,0,0,0,0,0.763157895,0.536231884,0.52238806,0,1,0,1,0,0,1,1,2
STK20261392,0.116883117,1,0.6359447,0,0,0,0,0,0,0,0,0,1,0,0.552631579,0.463768116,0.343283582,0,0,0,0,0,0,0,1,0
STK20261393,0.428571429,1,0.493087558,0,0,0,0,0,0,0,0,0,0,0,0.210526316,0.260869565,0.194029851,0,0,0,0,0,1,0,0,0
STK20261394,0.727272727,1,0.562211982,1,0,1,0,0,0,0,0,1,0,0,0.456140351,0.434782609,0.447761194,1,0,0,0,0,1,1,0,1
STK20261395,0.441558442,0,0.442396313,0,0,0,0,0,0,0,0,0,0,0,0.298245614,0.536231884,0.52238806,0,0,0,0,0,0,0,0,0
STK20261396,0.61038961,1,0.571428571,1,0,0,0,0,0,0,0,1,0,0,0.719298246,0.710144928,0.432835821,1,1,1,0,0,0,0,1,1
STK20261397,0.597402597,1,0.465437788,0,0,0,0,0,0,0,0,1,0,1,0.535087719,0.536231884,0.28358209,0,0,0,0,0,0,0,0,0
STK20261398,0.727272727,1,0.115207373,1,0,0,0,0,0,0,0,0,0,0,0.649122807,0.623188406,0.611940299,1,0,0,0,0,0,0,1,1
STK20261399,0.779220779,1,0.373271889,0,0,1,0,0,0,0,0,0,0,1,0.342105263,0.405797101,0.47761194,0,1,1,0,0,0,0,0,1
STK20261400,0.298701299,1,0.626728111,0,0,0,0,0,0,0,0,0,0,1,0.245614035,0.31884058,0.611940299,0,0,0,0,0,0,0,0,0
STK20261401,0.506493506,0,0.207373272,0,0,0,0,0,0,0,0,0,0,0,0.175438596,0.492753623,0.358208955,0,0,0,0,0,0,0,0,0
STK20261402,0.584415584,1,0.331797235,0,0,0,0,0,0,0,0,0,0,0,0.315789474,0.449275362,0.402985075,0,0,0,0,0,0,0,0,0
STK20261403,0.441558442,1,0.617511521,0,0,0,0,0,0,0,0,0,0,0,0.438596491,0.420289855,0.552238806,0,0,0,0,1,0,0,0,0
STK20261404,0.142857143,0,0.30875576,0,0,0,0,0,0,0,0,0,0,0,0.166666667,0.434782609,0.373134328,0,0,0,0,0,0,0,0,0
STK20261405,0.363636364,1,0.506912442,0,0,1,0,0,0,0,0,1,0,0,0.377192982,0.420289855,0.462686567,0,1,1,0,1,0,0,0,0
STK20261406,0.766233766,1,0.433179724,1,1,0,0,0,0,0,1,0,0,0,0.640350877,0.550724638,0.328358209,1,1,0,0,1,1,0,1,1
STK20261407,0.506493506,1,0.493087558,0,0,1,0,0,0,0,0,0,0,0,0.359649123,0.391304348,0.343283582,0,0,0,0,0,0,0,0,0
STK20261408,0.376623377,1,0.304147465,0,0,0,0,0,0,0,0,1,0,0,0.298245614,0.608695652,0.552238806,0,1,0,0,0,0,0,1,1
STK20261409,0.701298701,1,0.377880184,0,0,0,0,0,0,0,0,0,0,0,0.359649123,0.144927536,0.492537313,0,0,0,0,0,0,0,0,0
STK20261410,0.688311688,1,0.543778802,0,0,1,0,0,0,0,0,0,0,0,0.280701754,0.449275362,0.537313433,0,0,0,0,0,0,0,0,0
STK20261411,0.415584416,0,0.31797235,0,0,0,0,0,1,0,0,0,0,0,0.175438596,0.623188406,0.537313433,0,0,0,0,0,0,0,0,0
STK20261412,0.753246753,0,0.566820276,0,1,0,0,0,0,0,0,0,0,0,0.526315789,0.31884058,0.537313433,1,0,0,0,0,0,0,0,1
STK20261413,0.545454545,1,0.331797235,0,0,0,0,0,1,0,0,1,0,1,0.263157895,0.449275362,0.492537313,0,0,0,0,0,0,0,1,0
STK20261414,0.545454545,1,0.304147465,0,0,0,0,0,0,0,0,0,0,0,0.307017544,0.565217391,0.417910448,0,0,0,0,0,0,0,1,0
STK20261415,0.350649351,1,0.276497696,0,0,0,0,0,0,0,0,0,0,0,0.403508772,0.463768116,0.388059701,0,0,0,0,0,0,0,0,0
STK20261416,0.311688312,0,0.271889401,0,0,0,0,0,0,0,0,0,0,0,0.070175439,0.391304348,0.253731343,0,0,0,0,0,0,0,0,0
STK20261417,0.74025974,1,0.622119816,1,0,0,0,0,0,0,0,1,0,0,0.587719298,0.623188406,0.358208955,1,0,0,0,1,1,1,1,1
STK20261418,0.103896104,1,0.539170507,0,0,0,0,0,0,0,0,0,0,0,0.192982456,0.463768116,0.343283582,0,0,0,0,0,0,0,0,0
STK20261419,0.623376623,1,0.479262673,0,0,0,0,0,0,0,0,1,0,1,0.50877193,0.304347826,0.358208955,0,0,0,0,0,0,0,0,0
STK20261420,0.727272727,1,0.391705069,0,0,1,0,0,0,0,1,0,0,0,0.552631579,0.405797101,0.388059701,0,1,0,0,1,0,1,0,2
STK20261421,0.493506494,1,0.400921659,0,0,0,0,0,0,0,0,0,0,0,0.403508772,0.420289855,0.492537313,0,0,0,0,0,0,0,0,0
STK20261422,0.311688312,0,0.649769585,0,0,0,0,0,0,0,0,0,0,0,0.245614035,0.536231884,0.52238806,0,0,0,0,0,1,0,0,0
STK20261423,0.376623377,1,0.571428571,1,0,0,0,0,0,0,0,0,1,0,0.429824561,0.68115942,0.417910448,0,0,0,0,0,0,1,1,1
STK20261424,0.272727273,0,0.31797235,0,1,0,0,0,0,0,0,0,0,0,0.377192982,0.391304348,0.328358209,0,0,0,1,0,0,0,0,0
STK20261425,0.38961039,1,0.718894009,0,0,0,0,0,0,0,0,0,0,0,0.394736842,0.246376812,0.268656716,0,0,0,0,0,0,0,0,0
STK20261426,0.571428571,1,0.755760369,0,1,0,0,0,0,0,0,0,0,0,0.675438596,0.492753623,0.417910448,0,1,0,0,1,1,0,0,1
STK20261427,0.818181818,1,0.571428571,1,0,1,0,1,0,1,0,1,0,0,0.763157895,0.463768116,0.52238806,1,0,0,0,0,0,0,0,1
STK20261428,0.467532468,0,0.718894009,0,0,1,0,0,0,0,0,0,0,0,0.350877193,0.536231884,0.507462687,1,1,1,1,1,0,0,1,1
STK20261429,0.467532468,1,0.377880184,0,0,0,0,0,0,0,0,0,1,0,0.298245614,0.246376812,0.23880597,0,0,0,0,0,0,0,0,0
STK20261430,0.207792208,0,0.566820276,0,0,0,0,0,0,0,0,0,0,0,0.210526316,0.405797101,0.447761194,0,0,0,0,0,0,0,0,0
STK20261431,0.584415584,1,0.912442396,0,0,0,0,0,0,0,0,0,0,0,0.412280702,0.579710145,0.492537313,0,0,0,0,0,0,0,0,1
STK20261432,0.675324675,1,0.986175115,1,0,0,0,0,0,0,0,0,0,0,0.622807018,0.68115942,0.47761194,0,0,0,1,0,1,1,1,1
STK20261433,0.25974026,0,0.589861751,0,0,1,0,0,0,0,0,0,0,0,0.105263158,0.391304348,0.402985075,0,0,0,0,0,1,0,0,0
STK20261434,0.935064935,0,0.184331797,1,0,0,0,0,1,0,1,0,0,0,0.649122807,0.550724638,0.417910448,1,0,1,0,0,0,0,1,1
STK20261435,0.701298701,0,0.6359447,1,0,0,0,0,1,0,0,1,0,0,0.473684211,0.52173913,0.28358209,0,1,0,0,0,0,0,1,1
STK20261436,1,0,0.857142857,0,1,1,0,0,1,0,0,0,0,0,0.48245614,0.536231884,0.388059701,0,1,0,0,0,0,0,1,1
STK20261437,0.480519481,1,0.700460829,0,1,0,0,0,0,0,0,0,1,1,0.315789474,0.52173913,0.328358209,1,1,1,0,0,0,0,0,1
STK20261438,0.857142857,1,0.294930876,1,0,0,0,0,0,0,1,1,0,1,0.710526316,0.550724638,0.462686567,0,0,0,0,0,1,0,0,1
STK20261439,0.766233766,0,0.493087558,1,0,1,1,0,0,0,0,1,0,1,0.51754386,0.31884058,0.597014925,0,1,1,0,0,0,1,0,1
STK20261440,0.662337662,0,0.442396313,0,0,0,0,0,0,0,1,0,0,1,0.438596491,0.434782609,0.298507463,0,0,0,0,0,0,0,0,0
STK20261441,0.636363636,1,0.33640553,1,0,1,0,0,0,0,0,0,1,0,0.543859649,0.637681159,0.462686567,1,0,1,0,0,0,1,1,1
STK20261442,0.311688312,0,0.391705069,0,1,0,0,0,0,0,0,0,0,0,0.324561404,0.289855072,0.298507463,0,0,0,0,0,1,0,0,0
STK20261443,0.792207792,1,0.64516129,1,0,0,0,0,0,1,0,0,0,0,0.771929825,0.449275362,0.149253731,1,1,0,0,0,0,0,1,1
STK20261444,0.428571429,0,0.02764977,0,0,0,0,0,0,0,0,0,0,0,0.228070175,0.304347826,0.328358209,0,0,0,0,0,1,0,0,0
STK20261445,0.831168831,1,0.3640553,0,1,1,0,0,0,0,0,0,0,0,0.570175439,0.420289855,0.358208955,0,1,0,1,0,0,1,0,1
STK20261446,0.285714286,1,0.437788018,0,0,1,0,0,0,0,0,0,1,1,0.289473684,0.333333333,0.313432836,0,0,0,0,0,0,0,0,0
STK20261447,0.571428571,0,0.451612903,0,0,0,1,0,0,0,0,0,0,1,0.473684211,0.391304348,0.432835821,0,0,0,0,0,0,0,0,0
STK20261448,0.571428571,1,0.225806452,0,0,0,0,0,0,0,0,0,0,0,0.438596491,0.507246377,0.582089552,0,0,0,0,0,0,1,0,0
STK20261449,0.272727273,1,0.31797235,0,0,0,0,0,0,0,0,0,1,0,0.140350877,0.420289855,0.432835821,0,0,0,0,0,0,0,0,0
STK20261450,0.662337662,1,0.788018433,0,1,1,0,0,0,0,0,1,0,0,0.473684211,0.565217391,0.358208955,0,0,1,1,0,1,0,1,1
STK20261451,0.909090909,1,0.599078341,1,0,1,0,0,1,0,0,1,0,0,0.728070175,0.550724638,0.23880597,0,1,0,1,0,0,0,0,1
STK20261452,0.766233766,0,0.520737327,1,0,0,0,0,0,0,0,0,0,0,0.929824561,0.797101449,0.507462687,1,0,0,0,0,0,1,0,1
STK20261453,0.74025974,0,0.092165899,0,0,1,0,0,0,0,0,0,0,0,0.605263158,0.449275362,0.417910448,0,0,0,0,0,0,1,0,0
STK20261454,0.493506494,0,0.373271889,0,0,0,0,0,0,0,0,0,0,0,0.333333333,0.31884058,0.417910448,0,0,0,0,0,0,0,0,0
STK20261455,0.415584416,1,0.534562212,1,0,0,0,0,0,0,0,0,0,0,0.50877193,0.579710145,0.343283582,0,0,0,0,0,0,0,0,0
STK20261456,0.441558442,0,0.562211982,0,0,0,0,0,0,0,0,0,0,0,0.412280702,0.47826087,0.388059701,0,0,0,0,0,1,0,0,0
STK20261457,0.480519481,0,0.271889401,0,0,0,0,0,0,0,0,0,1,0,0.157894737,0.275362319,0.358208955,0,0,0,0,0,0,0,0,0
STK20261458,0.701298701,0,0.806451613,1,0,0,0,0,0,0,0,0,1,0,0.49122807,0.507246377,0.402985075,0,1,0,1,1,0,0,0,2
STK20261459,0.805194805,0,0.686635945,0,1,0,0,0,0,0,0,1,0,0,0.289473684,0.362318841,0.358208955,0,1,0,0,0,1,1,0,1
STK20261460,0.415584416,1,0.649769585,0,0,1,0,0,0,0,0,0,1,1,0.140350877,0.31884058,0.671641791,0,0,1,0,1,0,0,0,1
STK20261461,0.38961039,1,0.612903226,0,0,0,0,0,0,0,0,0,1,0,0.350877193,0.434782609,0.552238806,0,0,0,0,0,0,0,0,0
STK20261462,0.558441558,1,0.516129032,1,0,0,0,0,0,0,0,0,1,0,0.526315789,0.608695652,0.328358209,1,1,1,0,0,0,1,0,1
STK20261463,0.727272727,0,0.65437788,0,0,1,0,0,1,0,0,0,0,0,0.578947368,0.47826087,0.23880597,0,0,0,0,0,0,0,1,1
STK20261464,0.415584416,0,0.778801843,0,0,0,0,0,0,0,0,0,0,0,0.175438596,0.608695652,0.47761194,0,0,0,0,0,0,1,0,0
STK20261465,0.558441558,1,0.34562212,0,0,1,0,0,0,0,0,0,0,0,0.429824561,0.376811594,0.507462687,0,0,0,0,0,0,0,0,0
STK20261466,0.805194805,0,0.534562212,0,0,1,0,0,0,0,0,1,0,0,0.385964912,0.333333333,0.402985075,0,1,0,0,0,0,1,0,2
STK20261467,0.168831169,1,0.525345622,0,0,0,0,0,0,0,0,0,0,1,0.122807018,0.333333333,0.149253731,1,0,0,0,0,0,0,0,0
STK20261468,0.467532468,1,0.271889401,0,0,0,0,0,0,0,0,1,0,1,0.473684211,0.333333333,0.402985075,0,0,0,0,0,0,1,0,0
STK20261469,0.285714286,1,0.714285714,0,0,0,0,0,0,0,0,0,0,1,0.315789474,0.405797101,0.358208955,0,0,0,0,0,0,0,0,0
STK20261470,0.38961039,0,0.442396313,0,0,0,0,0,0,0,0,0,0,0,0.01754386,0.246376812,0.313432836,0,0,0,0,0,0,0,0,0
STK20261471,0.883116883,0,0.414746544,1,1,0,0,0,0,1,0,0,0,1,0.464912281,0.898550725,0.358208955,0,1,1,0,0,0,0,0,1
STK20261472,0.467532468,0,0.447004608,0,0,0,0,0,0,0,0,0,0,0,0.228070175,0.463768116,0.328358209,0,0,0,0,0,0,0,0,0
STK20261473,0.506493506,1,0.465437788,0,0,0,0,0,1,0,0,1,1,0,0.157894737,0.304347826,0.507462687,0,0,0,0,0,0,0,0,0
STK20261474,0.649350649,0,0.552995392,1,1,0,0,0,1,0,0,0,0,0,0.552631579,0.623188406,0.28358209,0,1,1,0,0,0,1,0,1
STK20261475,1,1,0.483870968,1,0,1,1,0,1,1,1,0,0,0,0.763157895,0.536231884,0.552238806,1,1,1,0,1,0,1,1,1
STK20261476,0.519480519,0,0.341013825,0,0,0,0,0,0,0,0,1,0,1,0.245614035,0.391304348,0.373134328,0,0,1,0,0,0,0,0,0
STK20261477,0.220779221,0,0.382488479,0,0,0,0,0,0,0,0,0,0,0,0.412280702,0.289855072,0.447761194,0,0,0,0,0,0,0,0,0
STK20261478,0.467532468,0,0.705069124,0,0,0,0,0,0,0,0,0,0,0,0.289473684,0.289855072,0.432835821,0,0,0,0,0,0,0,0,0
STK20261479,0.532467532,0,0.304147465,0,0,1,0,0,0,0,0,0,0,0,0.421052632,0.362318841,0.492537313,0,0,0,0,0,0,1,0,0
STK20261480,0.701298701,0,0.391705069,0,0,0,0,0,0,0,0,1,0,0,0.578947368,0.434782609,0.28358209,0,0,0,0,0,0,0,0,0
STK20261481,0.376623377,0,0.350230415,0,0,0,0,0,0,0,0,0,0,0,0.359649123,0.724637681,0.388059701,0,0,0,0,0,0,0,0,0
STK20261482,0.532467532,0,0.30875576,0,0,1,0,0,0,0,0,0,0,0,0.394736842,0.536231884,0.432835821,0,0,0,0,0,0,0,0,0
STK20261483,0.597402597,0,0.66359447,0,0,0,0,0,0,0,0,0,0,0,0.184210526,0.52173913,0.328358209,0,0,0,0,0,0,0,0,0
STK20261484,0.74025974,1,0.718894009,0,0,1,0,0,1,0,0,0,0,0,0.245614035,0.47826087,0.089552239,1,1,1,0,0,1,1,0,1
STK20261485,0.974025974,1,0.350230415,0,0,0,0,0,0,0,0,0,0,0,0.614035088,0.869565217,0.47761194,0,0,0,0,0,0,0,0,0
STK20261486,0.376623377,0,0.082949309,1,0,0,0,0,0,0,0,0,1,0,0.412280702,0.666666667,0.358208955,0,0,0,0,0,0,0,0,0
STK20261487,0.61038961,1,0.447004608,0,0,0,0,0,0,0,0,0,0,0,0.280701754,0.608695652,0.179104478,0,0,0,0,0,0,1,0,0
STK20261488,0.454545455,0,0.216589862,1,0,0,0,0,0,1,0,0,0,0,0.596491228,0.47826087,0.313432836,0,0,0,0,0,0,0,0,0
STK20261489,0.376623377,0,0.474654378,0,0,0,0,0,0,0,0,0,0,0,0.377192982,0.463768116,0.417910448,0,0,1,0,0,0,0,0,0
STK20261490,0.675324675,0,0.442396313,0,0,1,0,0,0,0,0,0,0,0,0.429824561,0.47826087,0.432835821,0,0,0,0,0,0,0,0,0
STK20261491,0.298701299,0,0.258064516,0,0,0,0,0,0,0,0,0,1,0,0.254385965,0.753623188,0.373134328,0,0,0,0,0,0,1,0,0
STK20261492,0.688311688,0,0.552995392,1,0,0,0,0,0,0,0,0,0,0,0.631578947,0.47826087,0.298507463,0,0,1,1,0,1,1,0,1
STK20261493,0.467532468,0,0.294930876,0,0,0,0,0,0,0,0,0,0,0,0.245614035,0.376811594,0.253731343,0,0,0,0,0,0,0,0,0
STK20261494,0.38961039,0,0.622119816,1,0,0,0,0,0,0,0,0,0,0,0.622807018,0.68115942,0.47761194,1,1,0,0,0,1,1,0,1
STK20261495,0.584415584,1,0.377880184,0,0,0,0,0,0,0,0,0,0,0,0.412280702,0.362318841,0.298507463,0,0,0,0,0,0,0,0,0
STK20261496,0.61038961,1,0.797235023,0,0,1,0,0,1,0,0,0,1,1,0.342105263,0.463768116,0.223880597,1,1,0,0,1,0,1,1,1
STK20261497,0.584415584,1,0.276497696,1,0,0,0,0,1,0,0,1,0,0,0.649122807,0.463768116,0.343283582,1,1,1,1,0,1,0,1,2
STK20261498,0.506493506,0,0.746543779,0,0,0,0,0,0,0,0,0,0,0,0.280701754,0.246376812,0.686567164,0,0,0,0,0,0,0,0,0
STK20261499,0.545454545,0,0.423963134,0,0,0,0,0,1,0,0,0,0,0,0.307017544,0.420289855,0.582089552,0,0,0,0,0,0,0,0,0
STK20261500,0.038961039,0,0.368663594,0,0,0,0,0,0,0,0,0,0,0,0.026315789,0.405797101,0.71641791,0,0,0,0,0,0,0,0,0
STK20261501,0.402597403,0,0.516129032,0,0,0,0,0,0,0,0,1,0,0,0.456140351,0.072463768,0.462686567,0,0,0,0,0,0,0,0,0
STK20261502,0.376623377,0,0.161290323,0,0,0,0,0,0,0,0,0,0,1,0.614035088,0.347826087,0.388059701,0,0,0,0,0,0,0,0,0
STK20261503,0.116883117,0,0.705069124,0,0,0,0,0,0,0,0,1,0,0,0.114035088,0.391304348,0.358208955,0,0,0,0,0,0,0,0,0
STK20261504,0.207792208,0,0.465437788,0,0,0,0,0,0,0,0,0,0,0,0.245614035,0.463768116,0.23880597,0,0,0,0,0,1,0,0,0
STK20261505,0.779220779,0,0.470046083,1,0,1,0,0,0,0,0,1,0,0,0.570175439,0.507246377,0.343283582,0,0,1,0,1,0,0,1,2
STK20261506,0.350649351,1,0.230414747,0,0,0,0,0,0,0,0,0,0,1,0.342105263,0.434782609,0.388059701,0,0,0,0,0,0,0,0,0
STK20261507,0.532467532,1,0.276497696,0,1,0,0,0,0,0,0,0,1,0,0.50877193,0.31884058,0.373134328,0,0,0,0,0,0,0,0,0
STK20261508,0.727272727,1,0.442396313,1,0,0,0,0,0,0,0,0,0,1,0.649122807,0.623188406,0.417910448,1,0,0,1,0,1,0,0,2
STK20261509,0.298701299,0,0.525345622,0,0,0,0,0,0,0,0,0,0,0,0.429824561,0.420289855,0.626865672,0,1,0,0,0,1,0,0,0
STK20261510,0.519480519,0,0.290322581,0,1,0,0,0,0,0,0,0,0,0,0.271929825,0.304347826,0.208955224,0,0,0,0,0,0,0,0,0
STK20261511,0.714285714,1,0.433179724,0,0,0,0,0,1,0,0,0,0,1,0.5,0.550724638,0.597014925,0,0,0,0,0,1,0,0,0
STK20261512,0.428571429,0,0.382488479,0,0,0,0,0,0,0,0,0,0,0,0.552631579,0.391304348,0.373134328,0,0,0,0,0,0,0,0,0
STK20261513,0.662337662,0,0.156682028,0,0,1,0,0,0,0,0,0,1,0,0.315789474,0.260869565,0.223880597,0,0,1,1,0,1,0,1,1
STK20261514,0.545454545,1,0.723502304,0,0,0,0,0,0,0,0,0,0,0,0.245614035,0.420289855,0.507462687,1,0,0,0,0,0,0,0,0
STK20261515,0.662337662,1,0.603686636,1,0,0,1,0,0,0,0,0,0,0,0.561403509,0.579710145,0.47761194,0,0,1,0,0,0,0,1,2
STK20261516,0.688311688,1,0.622119816,0,0,0,0,0,0,0,0,0,1,0,0.263157895,0.52173913,0.47761194,0,1,1,1,1,0,1,1,2
STK20261517,0.350649351,1,0.230414747,0,0,0,0,0,0,0,0,1,0,1,0.236842105,0.492753623,0.417910448,0,0,0,0,0,0,0,0,0
STK20261518,0.558441558,0,0.267281106,0,0,1,0,0,0,0,0,0,0,0,0.570175439,0.31884058,0.388059701,0,0,0,0,0,0,0,0,0
STK20261519,0.675324675,0,0.32718894,0,1,0,0,0,0,0,0,0,0,0,0.464912281,0.579710145,0.462686567,0,0,0,0,0,0,0,0,0
STK20261520,0.675324675,1,0.67281106,0,0,0,0,0,0,0,0,1,0,0,0.570175439,0.362318841,0.641791045,1,1,1,1,0,1,0,0,1
STK20261521,0.441558442,1,0.32718894,1,0,0,0,0,0,0,0,0,1,0,0.438596491,0.260869565,0.328358209,0,1,1,0,0,1,0,0,1
STK20261522,0.558441558,1,0.193548387,0,0,0,0,0,0,0,0,0,0,0,0.289473684,0.666666667,0.432835821,0,0,0,0,0,0,0,0,0
STK20261523,0.506493506,0,0.580645161,0,0,1,0,0,0,0,0,0,0,0,0.236842105,0.52173913,0.641791045,0,0,1,0,0,0,0,0,0
STK20261524,0.441558442,1,0.506912442,0,0,0,0,0,0,0,0,1,1,0,0.271929825,0.376811594,0.582089552,0,0,0,0,1,0,0,0,0
STK20261525,0.480519481,1,0.677419355,0,0,0,0,0,0,0,0,0,0,0,0.307017544,0.405797101,0.552238806,0,1,0,0,0,1,0,0,0
STK20261526,0.922077922,0,0.253456221,1,0,0,0,0,0,0,0,1,0,0,0.789473684,0.594202899,0.402985075,1,1,1,0,0,0,0,0,1
STK20261527,0.324675325,1,0.548387097,0,0,0,0,0,0,0,0,0,0,0,0.298245614,0.52173913,0.119402985,0,0,0,0,0,0,0,0,0
STK20261528,0.116883117,0,0.428571429,0,0,0,0,0,0,0,0,0,0,0,0.307017544,0.391304348,0.194029851,0,0,0,0,0,0,0,0,0
STK20261529,0.779220779,1,0.188940092,0,1,0,0,0,1,0,0,0,0,0,0.587719298,0.463768116,0.462686567,0,1,0,1,0,0,1,0,1
STK20261530,0.376623377,0,0.230414747,0,0,0,0,0,0,0,0,0,0,0,0.315789474,0.260869565,0.343283582,0,0,0,0,0,0,0,0,0
STK20261531,0.675324675,1,0.419354839,0,0,0,0,0,0,0,0,0,1,0,0.631578947,0.434782609,0.358208955,0,0,0,0,0,0,0,0,0
STK20261532,0.74025974,0,0.539170507,0,0,0,0,0,0,0,0,0,0,0,0.438596491,0.623188406,0.447761194,0,0,0,0,0,1,0,0,0
STK20261533,0.545454545,0,0.543778802,0,1,1,0,0,0,0,0,0,0,0,0.535087719,0.52173913,0.507462687,0,1,1,0,1,0,0,1,1
STK20261534,0.922077922,1,0.465437788,1,0,1,0,0,0,0,0,1,0,0,0.596491228,0.594202899,0.582089552,0,0,1,0,0,0,0,0,1
STK20261535,0.298701299,1,0.350230415,0,0,0,0,0,0,0,0,0,1,1,0.114035088,0.420289855,0.388059701,0,0,0,0,0,0,0,0,0
STK20261536,0.649350649,1,0.608294931,0,0,0,0,0,0,0,0,0,0,0,0.552631579,0.246376812,0.417910448,0,0,0,0,0,0,0,0,0
STK20261537,0.558441558,0,0,0,0,0,0,0,0,0,1,0,0,0,0.456140351,0.362318841,0.47761194,0,0,0,0,0,1,0,0,0
STK20261538,0.727272727,1,0.294930876,0,0,1,0,0,0,0,0,1,0,1,0.359649123,0.405797101,0.298507463,0,0,0,0,0,0,0,0,0
STK20261539,0.493506494,1,0.248847926,0,0,0,0,0,0,0,0,1,0,0,0.219298246,0.492753623,0.432835821,0,0,0,0,0,0,0,0,0
STK20261540,0.649350649,0,0.253456221,1,0,1,0,0,0,0,0,0,0,0,0.596491228,0.434782609,0.328358209,0,1,1,0,0,0,0,1,1
STK20261541,0.662337662,1,0.465437788,1,0,0,0,1,0,0,0,1,0,0,0.535087719,0.492753623,0.313432836,1,1,1,1,0,0,1,0,1
STK20261542,0.337662338,0,0.253456221,0,0,0,0,0,0,0,0,0,0,0,0.245614035,0.463768116,0.343283582,0,0,0,0,0,0,0,0,0
STK20261543,0.363636364,0,0.405529954,0,0,0,0,0,0,0,0,0,0,0,0.236842105,0.347826087,0.447761194,0,0,0,0,0,0,1,0,0
STK20261544,0.61038961,0,0.447004608,0,0,0,0,0,0,0,0,0,0,0,0.5,0.333333333,0.597014925,0,0,0,0,0,0,0,0,0
STK20261545,0.714285714,0,0.470046083,0,0,1,0,0,1,0,0,0,0,0,0.280701754,0.449275362,0.507462687,0,1,1,0,1,1,1,0,1
STK20261546,0.792207792,1,0.585253456,0,1,0,0,0,0,0,0,0,1,0,0.359649123,0.536231884,0.552238806,1,0,1,0,0,0,0,1,1
STK20261547,0.779220779,1,0.649769585,0,0,0,0,0,1,0,0,1,0,0,0.447368421,0.565217391,0.492537313,0,1,0,0,0,0,1,1,1
STK20261548,0.61038961,0,0.35483871,0,1,1,0,0,0,0,0,0,0,0,0.438596491,0.449275362,0.104477612,0,0,0,0,1,0,0,1,0
STK20261549,0.324675325,0,0.391705069,1,0,0,0,0,0,0,0,0,0,0,0.578947368,0.289855072,0.328358209,0,0,0,0,0,1,0,0,0
STK20261550,0.87012987,1,0.470046083,1,0,1,0,0,0,0,0,1,0,0,0.649122807,0.594202899,0.432835821,0,1,0,0,0,1,0,1,1
STK20261551,0.415584416,1,0.359447005,0,0,0,0,0,0,0,0,0,0,1,0.192982456,0.405797101,0.253731343,0,0,0,0,0,0,0,0,0
STK20261552,0.649350649,0,0.290322581,0,0,1,0,0,0,0,0,0,0,1,0.48245614,0.304347826,0.104477612,0,0,0,0,0,0,0,0,0
STK20261553,0.402597403,1,0.834101382,0,0,0,0,0,0,0,0,0,0,0,0.368421053,0.246376812,0.507462687,0,0,0,0,0,0,1,0,0
STK20261554,0.363636364,1,0.294930876,0,0,0,0,0,1,0,0,0,0,0,0.315789474,0.275362319,0.537313433,0,0,0,0,0,0,0,0,0
STK20261555,0.636363636,0,0.640552995,0,0,0,0,0,0,0,0,0,0,0,0.403508772,0.652173913,0.552238806,0,0,0,0,0,0,0,0,0
STK20261556,0.25974026,1,0.447004608,0,0,0,0,0,0,0,0,0,0,0,0.359649123,0.463768116,0.582089552,0,0,0,0,0,0,0,0,0
STK20261557,0.623376623,1,0.341013825,0,0,1,0,0,0,0,0,0,0,0,0.649122807,0.492753623,0.164179104,0,0,0,0,0,0,0,0,0
STK20261558,0.25974026,0,0.483870968,0,0,0,0,0,0,0,0,0,0,0,0.157894737,0.391304348,0.402985075,0,0,0,1,0,0,0,0,0
STK20261559,0.571428571,1,0.129032258,0,0,0,0,0,0,0,0,1,0,0,0.263157895,0.608695652,0.47761194,0,1,0,0,0,1,0,1,1
STK20261560,0.155844156,0,0.216589862,0,0,0,0,0,0,0,0,1,0,0,0.228070175,0.47826087,0.507462687,0,0,0,0,0,0,0,0,0
STK20261561,0.220779221,1,0.368663594,0,0,1,0,0,0,0,0,0,0,0,0.324561404,0.275362319,0.373134328,0,0,0,0,0,0,0,0,0
STK20261562,0.649350649,1,0.161290323,0,0,0,0,0,1,0,0,1,1,0,0.412280702,0.246376812,0.552238806,0,1,1,0,0,0,0,1,1
STK20261563,0.194805195,1,0.502304147,0,0,0,0,0,0,0,0,0,0,0,0.210526316,0.260869565,0.373134328,0,0,0,0,0,0,0,0,0
STK20261564,0.441558442,1,0.32718894,0,0,0,0,0,0,0,0,0,0,0,0.149122807,0.507246377,0.402985075,0,0,0,0,0,0,0,0,0
STK20261565,0.571428571,1,0.520737327,0,0,0,0,0,0,0,0,0,0,0,0.456140351,0.608695652,0.432835821,0,0,0,0,0,0,0,0,0
STK20261566,0.844155844,1,0.6359447,0,1,0,0,0,0,0,0,0,0,0,0.596491228,0.666666667,0.701492537,1,1,0,0,0,0,0,1,1
STK20261567,0.623376623,1,0.585253456,0,0,1,0,0,0,0,0,1,1,0,0.48245614,0.391304348,0.164179104,0,1,1,0,0,0,1,1,2
STK20261568,0.623376623,0,0.387096774,1,0,0,0,1,1,0,0,0,0,0,0.561403509,0.550724638,0.28358209,0,0,1,0,0,0,0,0,1
STK20261569,0.558441558,1,0.165898618,1,0,0,0,0,0,0,0,1,0,0,0.622807018,0.550724638,0.626865672,0,0,0,0,0,0,0,0,0
STK20261570,0.493506494,1,0.359447005,0,0,0,0,0,0,0,0,0,0,1,0.412280702,0.492753623,0.223880597,0,0,0,0,0,0,0,0,0
STK20261571,0.61038961,1,0.331797235,1,0,0,0,0,0,0,0,1,1,0,0.526315789,0.434782609,0.507462687,1,0,1,0,1,0,1,1,1
STK20261572,0.363636364,0,0.267281106,0,0,0,0,0,0,0,0,0,0,0,0.403508772,0.391304348,0.358208955,0,0,0,0,0,0,0,0,0
STK20261573,0.896103896,1,0.368663594,1,1,1,0,0,1,0,0,0,0,1,0.833333333,0.507246377,0.507462687,1,1,0,1,0,0,1,1,1
STK20261574,0.324675325,0,0.806451613,0,0,0,0,0,0,0,0,0,0,0,0.675438596,0.304347826,0.298507463,0,0,0,0,1,0,0,0,0
STK20261575,0.350649351,0,0.649769585,0,0,0,0,0,0,0,0,0,0,0,0.315789474,0.246376812,0.298507463,0,0,0,0,0,0,0,0,0
STK20261576,0.298701299,1,0.299539171,0,0,0,0,0,0,0,0,1,0,0,0.271929825,0.304347826,0.641791045,0,0,0,0,0,0,0,0,0
STK20261577,0.415584416,1,0.516129032,0,0,0,0,0,0,0,0,0,0,0,0.49122807,0.246376812,0.417910448,0,0,0,0,0,0,1,1,0
STK20261578,0.545454545,0,0.64516129,1,0,0,0,0,0,0,0,0,0,0,0.640350877,0.652173913,0.597014925,0,1,1,0,0,0,0,0,1
STK20261579,0.662337662,1,0.396313364,0,1,0,0,0,0,0,0,1,1,0,0.50877193,0.463768116,0.149253731,1,1,0,1,1,1,1,1,1
STK20261580,0.285714286,1,0.732718894,0,0,0,0,0,1,0,0,1,1,0,0.140350877,0.333333333,0.313432836,1,1,0,0,0,0,1,1,1
STK20261581,0.441558442,0,0.341013825,0,0,0,0,0,0,0,0,0,0,0,0.324561404,0.391304348,0.328358209,0,0,0,0,0,0,0,0,0
STK20261582,0.272727273,1,0.447004608,0,0,0,0,0,0,0,0,1,0,0,0.342105263,0.289855072,0.552238806,0,0,0,0,0,0,0,1,0
STK20261583,0.441558442,0,0.359447005,1,1,0,0,0,0,0,0,0,0,0,0.596491228,0.420289855,0.179104478,0,0,0,0,0,0,0,0,1
STK20261584,0.402597403,0,0.520737327,0,0,0,0,0,0,0,0,0,0,0,0.368421053,0.275362319,0.71641791,0,1,1,1,0,0,0,1,1
STK20261585,0.415584416,0,0.622119816,0,0,0,0,0,0,0,0,0,0,0,0.333333333,0.536231884,0.597014925,0,0,0,0,1,0,0,0,0
STK20261586,0.441558442,1,0.396313364,0,0,1,0,0,0,0,0,0,0,0,0.464912281,0.710144928,0.134328358,0,0,0,0,0,0,0,0,0
STK20261587,0.337662338,1,0.506912442,0,0,1,0,1,0,0,0,0,1,0,0.192982456,0.217391304,0.552238806,0,1,0,0,0,0,0,0,1
STK20261588,0.350649351,1,0.31797235,0,0,0,0,0,0,0,0,0,0,0,0.429824561,0.362318841,0.52238806,0,0,0,0,0,0,0,0,0
STK20261589,0.493506494,0,0.520737327,0,0,0,0,0,0,0,0,0,0,0,0.385964912,0.52173913,0.268656716,1,0,0,0,0,0,0,0,0
STK20261590,0.831168831,0,0.571428571,1,0,0,0,0,0,0,0,1,0,0,0.640350877,0.376811594,0.582089552,1,0,1,0,0,0,0,1,1
STK20261591,0.376623377,1,0.405529954,0,0,0,0,0,1,0,0,1,1,0,0.140350877,0.47826087,0.417910448,0,0,0,0,0,0,0,0,0
STK20261592,0.935064935,1,0,0,0,0,0,0,0,0,0,0,0,0,0.894736842,0.579710145,0.28358209,0,0,1,0,0,1,1,1,1
STK20261593,1,1,0.728110599,1,0,0,0,0,0,0,0,1,0,0,0.789473684,0.753623188,0.328358209,0,1,1,0,0,1,0,1,1
STK20261594,0.493506494,1,0.465437788,1,0,0,0,0,0,0,0,0,1,0,0.49122807,0.608695652,0.343283582,1,0,0,0,0,1,0,1,1
STK20261595,0.675324675,1,0.447004608,0,0,1,0,0,0,0,0,0,1,0,0.394736842,0.405797101,0.089552239,1,0,1,1,0,0,1,0,1
STK20261596,0.480519481,0,0.33640553,0,0,0,0,0,0,0,0,1,0,0,0.236842105,0.289855072,0.388059701,0,0,0,0,0,0,0,0,0
STK20261597,0.545454545,0,0.483870968,0,0,0,0,0,0,0,0,0,0,0,0.359649123,0.362318841,0.582089552,0,0,0,0,0,0,0,0,0
STK20261598,0.623376623,0,0.004608295,0,0,1,0,0,0,0,0,0,0,0,0.49122807,0.434782609,0.343283582,0,0,0,0,0,0,0,0,0
STK20261599,1,1,0.552995392,1,0,1,0,0,1,0,0,0,1,0,0.587719298,0.47826087,0.23880597,1,0,1,1,0,1,1,0,1
STK20261600,0.727272727,1,0.493087558,0,0,0,0,0,0,0,0,0,0,0,0.385964912,0.492753623,0.373134328,0,0,0,0,0,0,0,0,0
STK20261601,0.831168831,0,0.092165899,0,0,1,0,0,1,0,0,0,1,0,0.412280702,0.463768116,0.447761194,0,1,1,1,0,0,1,0,1
STK20261602,0.584415584,1,0.239631336,1,0,0,0,0,0,0,0,0,0,0,0.473684211,0.666666667,0.507462687,0,0,0,0,0,0,0,0,0
STK20261603,0.74025974,0,0.387096774,0,0,1,0,0,0,0,0,0,0,1,0.50877193,0.666666667,0.343283582,0,0,1,0,0,0,0,0,0
STK20261604,0.168831169,1,0.211981567,0,0,0,0,0,0,0,0,0,0,0,0.052631579,0.47826087,0.462686567,0,0,0,0,0,0,0,0,0
STK20261605,0.545454545,0,0.884792627,1,0,0,0,0,0,0,0,0,0,0,0.51754386,0.536231884,0.253731343,1,0,0,0,0,1,0,1,1
STK20261606,0.532467532,1,0.322580645,1,0,0,0,0,0,0,0,0,0,0,0.429824561,0.550724638,0.597014925,0,0,0,0,0,0,0,0,0
STK20261607,0.441558442,0,0.686635945,0,0,0,0,0,0,0,0,1,0,0,0.403508772,0.579710145,0.507462687,0,0,0,0,0,0,0,0,0
STK20261608,0.519480519,1,0.322580645,0,0,0,0,0,0,0,0,0,0,1,0.315789474,0.449275362,0.28358209,0,0,0,0,0,0,0,0,0
STK20261609,0.480519481,0,0.658986175,0,0,1,0,0,0,0,0,0,0,0,0.315789474,0.434782609,0.268656716,0,0,0,0,0,0,0,0,0
STK20261610,0.662337662,1,0.479262673,1,0,0,0,0,1,0,0,0,0,0,0.51754386,0.739130435,0.417910448,1,1,1,0,0,0,0,0,1
STK20261611,0.636363636,0,0.419354839,1,0,0,0,0,0,1,0,0,0,0,0.675438596,0.52173913,0.447761194,1,0,0,0,0,0,0,1,1
STK20261612,0.649350649,1,0.400921659,0,0,0,0,0,0,0,0,1,0,0,0.315789474,0.550724638,0.402985075,0,0,1,0,1,0,0,0,0
STK20261613,0.532467532,0,0.400921659,0,0,0,0,0,0,0,0,0,0,0,0.359649123,0.31884058,0.388059701,0,0,0,0,0,0,0,0,0
STK20261614,0.545454545,0,0.622119816,1,0,0,0,0,0,0,0,1,0,0,0.578947368,0.463768116,0.447761194,0,1,0,0,0,0,0,0,1
STK20261615,0.753246753,1,0.617511521,0,0,1,0,0,0,0,0,1,0,1,0.51754386,0.565217391,0.52238806,1,1,0,0,1,0,1,1,1
STK20261616,0.584415584,1,0.599078341,0,0,1,0,0,0,0,0,0,0,1,0.333333333,0.52173913,0.52238806,0,0,0,0,0,1,1,1,1
STK20261617,0.584415584,1,0.391705069,0,0,0,0,0,0,0,0,1,0,0,0.447368421,0.47826087,0.313432836,0,0,0,0,0,0,0,0,0
STK20261618,0.558441558,1,0.668202765,0,0,1,0,0,0,0,1,1,0,0,0.385964912,0.31884058,0.417910448,0,0,0,0,0,0,1,0,1
STK20261619,0.298701299,1,0.6359447,0,0,0,0,0,0,0,0,0,0,1,0.271929825,0.463768116,0.298507463,0,0,0,0,1,0,0,0,0
STK20261620,0.467532468,1,0.33640553,0,0,0,0,0,0,0,0,0,0,0,0.394736842,0.52173913,0.462686567,0,0,0,0,0,0,0,0,0
STK20261621,0.350649351,1,0.290322581,0,0,0,0,0,0,0,0,0,0,0,0.464912281,0.463768116,0.582089552,0,0,0,0,0,0,0,0,0
STK20261622,0.727272727,1,0.539170507,1,0,0,0,1,1,0,0,0,0,0,0.640350877,0.565217391,0.417910448,1,1,1,1,0,1,1,0,1
STK20261623,0.597402597,1,0.179723502,1,0,0,0,0,0,0,0,0,1,0,0.421052632,0.695652174,0.417910448,1,0,1,1,0,0,0,0,1
STK20261624,0.662337662,1,0.737327189,0,0,0,0,0,0,0,0,0,0,1,0.342105263,0.304347826,0.417910448,1,0,1,0,0,1,0,1,1
STK20261625,0.441558442,1,0.359447005,0,0,1,0,0,0,0,0,0,0,1,0.333333333,0.15942029,0.447761194,0,0,0,0,0,0,0,0,0
STK20261626,0.558441558,0,0.119815668,1,0,0,0,0,0,0,0,1,0,1,0.728070175,0.47826087,0.447761194,1,0,0,0,1,1,0,1,1
STK20261627,0.779220779,0,0.410138249,1,0,0,0,0,0,0,0,1,0,1,0.473684211,0.695652174,0.417910448,1,1,1,0,0,0,0,1,1
STK20261628,0.519480519,1,0.35483871,0,0,0,0,0,0,0,0,0,0,0,0.51754386,0.637681159,0.417910448,0,0,0,0,0,0,0,1,0
STK20261629,0.467532468,0,0.253456221,0,0,0,0,0,0,0,0,0,0,0,0.210526316,0.463768116,0.52238806,0,1,0,0,0,0,0,0,0
STK20261630,0.441558442,1,0.820276498,0,0,0,0,0,1,0,0,0,1,0,0.473684211,0.434782609,0.537313433,1,1,1,1,0,1,1,0,1
STK20261631,0.597402597,1,0.493087558,0,0,0,1,0,0,0,0,0,0,0,0.368421053,0.536231884,0.253731343,0,0,0,0,0,0,0,0,0
STK20261632,0.675324675,1,0.741935484,0,0,1,0,1,0,0,0,0,0,1,0.51754386,0.52173913,0.388059701,1,1,0,1,0,1,0,1,2
STK20261633,0.467532468,1,0.31797235,0,0,0,0,0,0,0,0,0,0,1,0.51754386,0.391304348,0.313432836,0,0,0,0,0,0,0,0,0
STK20261634,0.402597403,0,0.562211982,0,0,0,0,0,0,0,0,0,1,1,0.438596491,0.333333333,0.313432836,0,0,0,1,0,0,0,0,0
STK20261635,0.935064935,1,0.3640553,1,0,1,1,0,1,1,0,1,0,1,0.728070175,0.68115942,0.447761194,0,0,0,0,0,1,0,1,1
STK20261636,0.727272727,1,0.447004608,1,0,1,0,0,0,1,0,0,0,0,0.754385965,0.449275362,0.432835821,1,1,0,0,1,1,0,1,1
STK20261637,0.480519481,0,0.668202765,0,0,0,0,0,0,0,0,0,0,0,0.429824561,0.449275362,0.417910448,0,1,0,0,1,0,0,0,0
STK20261638,0.688311688,1,0.465437788,1,0,0,0,0,1,0,0,0,0,0,0.526315789,0.507246377,0.552238806,0,1,0,0,0,0,0,0,1
STK20261639,0.857142857,0,0.603686636,0,1,1,0,0,1,0,0,0,0,0,0.421052632,0.463768116,0.223880597,0,1,1,0,0,1,1,1,1
STK20261640,0.532467532,1,0.377880184,0,1,0,0,0,0,0,0,0,0,1,0.315789474,0.608695652,0.746268657,0,0,0,0,0,0,0,0,0
STK20261641,0.493506494,1,0.3640553,1,0,0,0,0,0,0,0,1,0,1,0.640350877,0.405797101,0.402985075,0,0,0,0,0,0,0,0,0
STK20261642,0.688311688,1,0.640552995,0,0,0,0,0,0,0,0,0,1,0,0.570175439,0.347826087,0.373134328,1,1,0,0,0,0,1,0,1
STK20261643,0.350649351,0,0.589861751,0,0,0,0,0,0,0,0,0,0,0,0.614035088,0.449275362,0.402985075,0,0,0,0,0,0,0,0,0
STK20261644,0.428571429,1,0.184331797,0,0,0,0,0,0,0,0,0,0,0,0.263157895,0.304347826,0.492537313,0,0,0,0,1,0,0,0,0
STK20261645,0.441558442,1,0.373271889,0,0,0,0,0,0,0,0,0,0,0,0.359649123,0.391304348,0.507462687,0,0,0,0,0,1,0,0,0
STK20261646,0.675324675,1,0.179723502,0,0,1,0,0,0,0,0,1,0,0,0.622807018,0.507246377,0.313432836,0,0,0,0,0,0,0,0,0
STK20261647,0.909090909,0,0.299539171,0,0,1,0,0,0,0,0,0,0,0,0.473684211,0.47826087,0.462686567,0,1,1,0,0,0,0,0,1
STK20261648,0.818181818,1,0.557603687,0,0,0,0,0,0,0,0,1,0,0,0.543859649,0.362318841,0.328358209,1,1,1,1,0,0,0,1,1
STK20261649,0.636363636,1,0.3640553,1,0,1,0,0,1,0,0,1,0,1,0.359649123,0.623188406,0.76119403,0,1,0,1,0,1,0,0,1
STK20261650,0.428571429,1,0.262672811,0,0,0,0,0,0,0,0,0,0,0,0,0.434782609,0.373134328,0,0,0,0,0,0,0,0,0
STK20261651,0.584415584,0,0.023041475,0,0,0,0,0,0,0,0,1,0,0,0.552631579,0.492753623,0.28358209,0,0,0,0,0,0,0,0,0
STK20261652,0.376623377,0,0.30875576,0,0,0,0,0,0,0,0,0,1,0,0.307017544,0.231884058,0.417910448,0,0,0,0,0,0,0,0,0
STK20261653,0.441558442,1,0.341013825,0,0,0,0,0,0,0,0,0,0,0,0.263157895,0.463768116,0.417910448,0,0,0,0,0,0,0,0,0
STK20261654,0.441558442,0,0.649769585,0,0,0,0,0,0,0,0,1,0,0,0.412280702,0.420289855,0.089552239,0,0,0,0,0,0,0,0,0
STK20261655,0.415584416,0,0.451612903,0,0,0,0,0,0,0,0,0,0,0,0.359649123,0.47826087,0.447761194,0,0,0,0,0,0,0,0,0
STK20261656,0.38961039,1,0.520737327,0,0,0,0,0,0,0,0,0,0,0,0.48245614,0.333333333,0.388059701,0,0,0,0,0,0,0,0,0
STK20261657,0.558441558,1,0.437788018,0,0,0,0,0,0,0,0,1,0,0,0.403508772,0.333333333,0.074626866,0,0,0,0,0,1,0,0,0
STK20261658,0.532467532,0,0.294930876,0,0,1,0,0,0,0,1,0,0,0,0.201754386,0.492753623,0.462686567,0,0,0,0,0,0,0,0,0
STK20261659,0.480519481,1,0.33640553,1,0,0,0,0,0,0,0,0,0,0,0.438596491,0.710144928,0.313432836,0,0,0,0,0,1,0,0,0
STK20261660,0.584415584,0,0.262672811,0,0,1,0,0,0,0,0,0,0,0,0.403508772,0.463768116,0.388059701,0,0,0,0,0,1,0,0,0
STK20261661,0.675324675,0,0.437788018,1,1,1,0,0,1,0,0,0,0,0,0.552631579,0.637681159,0.597014925,1,0,1,1,0,0,0,0,1
STK20261662,0.285714286,1,0.322580645,0,1,0,0,0,0,0,0,0,0,0,0.342105263,0.246376812,0.388059701,0,0,0,0,0,0,1,0,0
STK20261663,0.701298701,1,0.405529954,0,0,0,0,0,0,0,0,0,0,0,0.51754386,0.463768116,0.537313433,0,0,0,0,0,1,0,0,0
STK20261664,0.688311688,0,0.695852535,1,0,1,0,1,0,0,0,0,0,0,0.587719298,0.739130435,0.373134328,1,1,1,0,0,0,1,0,1
STK20261665,0.558441558,0,0.442396313,1,0,0,0,0,0,0,0,0,0,0,0.50877193,0.565217391,0.552238806,1,1,1,1,0,0,1,1,1
STK20261666,0.714285714,0,0.649769585,1,0,1,0,0,0,0,0,0,0,0,0.438596491,0.695652174,0.328358209,1,1,0,1,0,1,0,0,1
STK20261667,0.87012987,1,0.68202765,1,0,0,0,0,1,0,0,1,0,0,0.456140351,0.710144928,0.402985075,0,0,1,1,0,0,0,1,1
STK20261668,0.207792208,1,0.732718894,0,0,0,0,0,0,0,0,0,0,0,0.377192982,0.376811594,0.28358209,0,1,0,0,0,1,0,1,1
STK20261669,0.480519481,0,0.202764977,0,0,0,0,0,0,0,0,1,0,0,0.447368421,0.52173913,0.298507463,0,0,0,0,0,1,1,0,0
STK20261670,0.766233766,0,0.520737327,1,0,0,0,0,0,0,0,0,0,0,0.850877193,0.47826087,0.537313433,0,1,1,0,0,0,0,0,1
STK20261671,0.194805195,1,0.341013825,0,0,1,0,0,0,0,0,1,0,0,0.350877193,0.362318841,0.298507463,0,0,0,0,0,0,0,1,0
STK20261672,0.61038961,1,0.479262673,0,0,0,0,0,0,0,0,0,0,0,0.50877193,0.391304348,0.582089552,0,0,0,0,0,0,0,0,0
STK20261673,0.38961039,1,0.612903226,0,0,0,0,0,0,0,0,0,0,0,0.254385965,0.405797101,0.462686567,0,0,0,0,0,1,0,0,0
STK20261674,0.38961039,0,0.718894009,0,0,0,0,0,0,0,0,0,0,0,0.228070175,0.391304348,0.47761194,0,0,0,0,0,0,0,0,0
STK20261675,0.649350649,0,0.552995392,0,0,0,0,0,0,0,0,0,0,1,0.421052632,0.31884058,0.417910448,0,0,0,0,0,0,0,0,0
STK20261676,0.532467532,1,0.539170507,1,0,0,0,0,0,0,0,0,0,0,0.675438596,0.565217391,0.641791045,0,0,1,0,1,0,1,0,1
STK20261677,0.571428571,0,0.626728111,0,0,0,0,0,0,0,0,1,0,1,0.359649123,0.463768116,0.358208955,0,0,0,0,0,0,0,1,0
STK20261678,0.831168831,1,0.313364055,0,0,0,0,0,0,0,0,0,0,0,0.412280702,0.507246377,0.388059701,0,0,0,0,0,0,0,0,0
STK20261679,0.597402597,1,0.216589862,1,1,1,0,0,0,0,0,0,0,0,0.421052632,0.623188406,0.731343284,1,1,0,0,0,0,0,1,1
STK20261680,0.467532468,1,0.695852535,0,0,0,0,0,0,0,0,0,0,1,0.333333333,0.405797101,0.343283582,0,0,0,0,0,0,0,0,0
STK20261681,0.337662338,1,0.115207373,0,0,0,0,0,0,0,0,0,0,0,0.412280702,0.434782609,0.328358209,0,1,0,0,0,0,0,0,0
STK20261682,0.116883117,0,0.433179724,0,0,0,0,0,0,0,0,0,0,0,0.377192982,0.347826087,0.417910448,0,0,0,0,0,0,0,0,0
STK20261683,0.545454545,1,0.539170507,0,0,0,0,0,0,0,0,0,0,1,0.210526316,0.434782609,0.552238806,0,0,0,0,0,0,0,1,0
STK20261684,0.493506494,1,0.391705069,0,1,0,0,0,0,0,0,0,0,0,0.552631579,0.463768116,0.402985075,0,0,0,0,0,0,0,0,0
STK20261685,0.649350649,1,0.410138249,1,0,0,0,0,0,0,0,0,0,0,0.429824561,0.420289855,0.52238806,0,0,0,0,0,0,0,0,0
STK20261686,0.337662338,1,0.686635945,0,0,0,0,0,0,0,0,0,0,0,0.149122807,0.391304348,0.328358209,0,0,0,0,0,0,0,0,0
STK20261687,0.818181818,1,0.350230415,0,0,1,0,0,1,0,0,0,0,0,0.49122807,0.333333333,0.417910448,1,1,1,0,1,0,0,1,2
STK20261688,0.727272727,0,0.562211982,0,0,0,0,0,0,0,0,0,0,0,0.50877193,0.391304348,0.552238806,0,0,0,0,0,0,0,0,0
STK20261689,0.714285714,0,0.64516129,0,1,0,0,0,0,0,0,1,0,0,0.552631579,0.463768116,0.179104478,0,0,1,0,0,1,1,0,1
STK20261690,0.506493506,1,0.331797235,0,0,0,0,0,0,0,0,0,0,0,0.271929825,0.260869565,0.402985075,0,0,0,0,1,0,0,1,0
STK20261691,0.415584416,1,0.543778802,1,0,0,0,0,0,0,0,1,0,0,0.50877193,0.608695652,0.47761194,1,0,0,0,0,0,0,0,0
STK20261692,0.38961039,1,0.451612903,0,0,0,0,0,0,0,0,0,0,1,0.263157895,0.434782609,0.298507463,1,0,0,0,0,0,0,0,0
STK20261693,0.545454545,1,0.529953917,0,1,0,0,0,0,0,0,0,1,1,0.377192982,0.536231884,0.492537313,0,1,0,1,0,0,0,1,1
STK20261694,0.558441558,1,0.686635945,0,0,0,0,0,0,0,0,0,0,0,0.201754386,0.565217391,0.507462687,1,0,0,0,0,0,0,0,0
STK20261695,0.220779221,0,0.511520737,0,0,0,0,0,0,0,0,0,0,0,0.342105263,0.420289855,0.208955224,0,0,0,0,0,0,1,0,0
STK20261696,0.402597403,1,0.66359447,0,0,0,0,0,0,0,0,0,0,0,0.359649123,0.405797101,0.417910448,0,0,0,0,0,0,0,0,0
STK20261697,0.428571429,0,0.02764977,0,0,0,0,0,0,0,0,1,0,1,0.324561404,0.304347826,0.432835821,0,0,1,0,0,0,0,0,0
STK20261698,0.857142857,0,0.622119816,0,0,0,0,0,0,0,0,1,0,0,0.429824561,0.47826087,0.626865672,1,1,0,0,0,0,0,1,1
STK20261699,0.350649351,0,0.442396313,0,0,0,0,0,0,0,0,0,1,0,0.236842105,0.463768116,0.641791045,0,0,0,0,0,0,1,0,0
STK20261700,0.623376623,1,0.451612903,0,0,0,0,0,0,0,0,0,0,0,0.192982456,0.420289855,0.28358209,0,0,0,0,0,0,0,0,0
STK20261701,0.831168831,0,0.253456221,1,1,0,0,0,0,0,0,0,1,0,0.675438596,0.826086957,0.552238806,1,0,1,1,0,0,1,0,1
STK20261702,0.545454545,1,0.502304147,0,0,0,0,0,0,0,0,1,0,0,0.324561404,0.434782609,0.417910448,0,0,0,0,0,0,0,0,0
STK20261703,0.220779221,0,0.396313364,0,0,0,0,0,0,0,0,0,0,0,0.385964912,0.15942029,0.313432836,0,0,0,0,0,1,0,0,0
STK20261704,0.506493506,0,0.723502304,0,0,0,0,0,0,0,0,0,0,0,0.175438596,0.492753623,0.208955224,0,0,0,0,0,0,0,0,0
STK20261705,0.415584416,1,0.391705069,0,0,0,0,0,0,0,0,1,0,0,0.385964912,0.463768116,0.28358209,0,0,0,0,0,0,0,0,0
STK20261706,0.311688312,1,0.66359447,0,0,0,0,0,0,0,0,0,0,0,0.131578947,0.449275362,0.47761194,0,0,0,0,0,0,0,0,0
STK20261707,0.519480519,0,0.02764977,0,0,1,0,0,0,0,0,1,0,0,0.456140351,0.492753623,0.432835821,0,0,0,0,0,0,0,0,0
STK20261708,0.415584416,0,0.156682028,1,0,0,0,0,0,0,0,0,0,0,0.535087719,0.637681159,0.402985075,0,0,0,0,0,0,0,0,0
STK20261709,0.428571429,1,0.410138249,1,0,0,0,0,0,0,0,1,1,0,0.51754386,0.507246377,0.388059701,1,1,0,1,0,0,1,1,1
STK20261710,0.61038961,1,0.221198157,1,0,0,0,0,0,0,0,0,0,1,0.429824561,0.47826087,0.746268657,0,0,0,0,0,0,0,0,0
STK20261711,0.805194805,0,0.35483871,1,0,0,0,0,0,0,0,0,0,0,0.745614035,0.463768116,0.328358209,0,1,1,0,1,1,0,1,1
STK20261712,0.454545455,1,0.138248848,0,0,0,0,0,0,0,0,1,1,1,0.263157895,0.449275362,0.373134328,0,0,0,0,0,0,0,0,0
STK20261713,0.441558442,1,0.294930876,0,0,0,0,0,0,0,0,0,0,0,0.315789474,0.652173913,0.313432836,0,0,0,0,0,0,0,1,0
STK20261714,0.480519481,0,0.870967742,0,1,0,0,0,0,0,0,0,0,0,0.368421053,0.492753623,0.492537313,1,0,0,0,1,1,0,1,1
STK20261715,0.636363636,1,0.479262673,1,0,0,0,0,0,0,0,1,0,0,0.543859649,0.637681159,0.417910448,0,1,0,0,0,0,1,0,1
STK20261716,0.415584416,1,0.497695853,0,0,0,0,0,0,0,0,1,1,1,0.377192982,0.347826087,0.388059701,0,0,0,0,0,0,0,0,0
STK20261717,0.935064935,0,0.230414747,0,0,0,0,0,0,0,0,0,0,0,0.50877193,0.579710145,0.223880597,0,0,0,0,0,0,0,0,0
STK20261718,0.415584416,1,0.368663594,0,0,0,0,0,0,0,0,0,0,1,0.403508772,0.217391304,0.447761194,0,0,0,0,0,0,0,0,0
STK20261719,0.558441558,1,0.391705069,0,0,0,0,0,0,0,0,0,0,1,0.192982456,0.391304348,0.402985075,0,0,0,1,0,0,0,0,0
STK20261720,0.623376623,0,0.410138249,0,0,0,0,0,1,0,0,0,0,0,0.412280702,0.376811594,0.402985075,0,0,0,0,0,0,0,0,0
STK20261721,0.857142857,1,0.3640553,0,0,0,0,0,0,0,0,0,1,0,0.535087719,0.304347826,0.432835821,0,1,0,1,0,1,1,1,1
STK20261722,0.74025974,1,0.341013825,0,0,0,0,0,0,0,0,1,0,1,0.447368421,0.536231884,0.328358209,0,0,0,0,0,0,0,0,0
STK20261723,0.38961039,1,0.396313364,0,0,0,0,0,0,0,0,1,0,1,0.263157895,0.275362319,0.268656716,0,0,0,0,0,0,0,0,0
STK20261724,0.506493506,0,0.262672811,0,0,1,0,1,0,0,0,0,0,0,0.403508772,0.420289855,0.343283582,0,0,0,0,0,0,0,0,0
STK20261725,0.402597403,0,0.405529954,0,0,0,0,0,0,0,0,0,0,0,0.377192982,0.115942029,0.597014925,0,0,0,0,0,0,1,0,0
STK20261726,0.051948052,0,0.225806452,0,0,0,0,0,0,0,0,0,0,0,0.096491228,0.579710145,0.582089552,0,0,0,0,0,0,0,1,0
STK20261727,0.558441558,1,0,1,0,1,0,1,0,0,0,0,0,0,0.526315789,0.68115942,0.388059701,0,1,0,1,0,0,0,1,2
STK20261728,0.636363636,0,0.175115207,0,0,1,0,0,0,0,0,1,0,0,0.596491228,0.695652174,0.149253731,1,0,0,0,0,0,0,0,0
STK20261729,0.636363636,1,0.281105991,0,0,0,0,0,0,0,0,0,0,1,0.438596491,0.275362319,0.313432836,0,0,0,0,0,0,0,0,0
STK20261730,0.415584416,0,0.67281106,0,0,0,0,0,0,0,0,0,0,0,0.307017544,0.333333333,0.28358209,0,0,0,0,0,1,0,0,0
STK20261731,0.675324675,0,0.313364055,0,0,0,0,0,0,0,0,0,0,0,0.48245614,0.405797101,0.194029851,0,0,0,0,0,0,0,0,0
STK20261732,0.38961039,0,0.299539171,0,0,0,0,0,0,0,0,0,1,0,0.412280702,0.652173913,0.194029851,0,1,0,0,0,0,0,0,0
STK20261733,0.948051948,1,0.488479263,1,1,0,1,0,1,0,0,0,0,0,0.587719298,0.594202899,0.059701493,0,1,1,0,0,0,1,0,2
STK20261734,1,0,0.391705069,1,1,0,0,0,0,0,0,0,0,0,0.657894737,0.492753623,0.507462687,1,0,0,1,0,1,1,0,1
STK20261735,0.545454545,1,0.525345622,1,0,0,0,0,0,0,0,0,0,0,0.535087719,0.666666667,0.298507463,1,0,0,1,1,1,1,0,1
STK20261736,0.805194805,1,0.34562212,0,0,0,1,1,0,0,0,0,0,0,0.631578947,0.47826087,0.626865672,1,0,0,0,0,1,0,0,1
STK20261737,0.454545455,0,0.410138249,0,0,0,0,0,0,0,0,0,0,0,0.140350877,0.536231884,0.447761194,0,0,0,0,0,0,1,0,0
STK20261738,0.415584416,1,0.820276498,0,0,0,0,0,0,0,0,0,0,0,0.087719298,0.52173913,0.268656716,0,0,0,0,0,0,1,0,0
STK20261739,0.454545455,1,0.497695853,1,0,0,0,0,0,0,0,0,0,0,0.666666667,0.652173913,0.611940299,0,0,0,1,0,0,1,1,2
STK20261740,0.584415584,1,0.193548387,0,1,1,0,0,0,0,0,0,0,0,0.210526316,0.405797101,0.358208955,0,0,0,0,0,0,1,0,0
STK20261741,0.87012987,1,0.539170507,1,0,1,0,0,0,0,0,0,0,0,0.745614035,0.594202899,0.208955224,1,1,1,0,1,0,0,1,1
STK20261742,0.727272727,0,0.285714286,0,1,0,0,0,0,0,0,0,0,0,0.412280702,0.304347826,0.462686567,0,0,0,0,1,0,0,0,0
STK20261743,0.519480519,0,0.331797235,1,0,0,0,0,0,1,0,0,0,1,0.236842105,0.608695652,0.313432836,1,1,1,0,0,0,0,1,1
STK20261744,0.584415584,1,0.414746544,0,0,0,0,0,0,0,0,0,0,0,0.438596491,0.492753623,0.134328358,0,0,0,0,0,0,0,0,0
STK20261745,0.727272727,0,0.414746544,0,0,0,0,0,0,0,0,0,0,0,0.447368421,0.710144928,0.507462687,0,0,0,0,0,0,0,0,0
STK20261746,0.558441558,0,0.271889401,0,0,0,0,0,0,0,0,1,0,0,0.394736842,0.463768116,0.298507463,0,0,0,0,0,0,1,0,0
STK20261747,0.649350649,1,0.534562212,0,0,0,0,0,0,0,0,1,0,0,0.315789474,0.550724638,0.328358209,0,0,0,0,0,1,0,1,0
STK20261748,0.194805195,1,0.543778802,0,0,0,0,0,0,0,0,0,0,1,0.140350877,0.492753623,0.253731343,0,0,0,0,0,0,0,0,0
STK20261749,0.545454545,0,0.460829493,1,1,0,0,1,0,0,0,0,0,0,0.5,0.797101449,0.417910448,1,0,1,0,0,0,1,0,1
STK20261750,0.701298701,0,0.562211982,1,1,0,0,0,0,0,0,1,0,0,0.692982456,0.449275362,0.23880597,1,1,1,1,0,0,0,1,1
STK20261751,0.857142857,0,0.096774194,1,1,0,1,0,0,1,0,0,0,0,0.526315789,0.608695652,0.567164179,1,1,1,0,1,0,0,0,2
STK20261752,0.402597403,1,0.6359447,0,0,0,0,0,0,0,0,0,0,0,0.289473684,0.507246377,0.567164179,0,0,0,0,0,0,0,0,0
STK20261753,0.350649351,0,0.175115207,0,0,0,0,0,0,0,0,0,0,0,0.210526316,0.289855072,0.447761194,0,0,0,0,0,0,0,0,0
STK20261754,0.636363636,1,0.437788018,0,0,1,0,0,0,0,0,1,0,0,0.385964912,0.47826087,0.373134328,0,0,0,0,0,0,0,0,0
STK20261755,0.454545455,1,0.529953917,0,0,0,0,0,0,0,0,0,1,1,0.122807018,0.434782609,0.388059701,0,0,0,0,0,0,0,0,0
STK20261756,0.675324675,0,0.69124424,1,0,1,0,0,0,0,0,0,0,0,0.473684211,0.579710145,0.537313433,0,1,0,0,0,1,0,0,1
STK20261757,0.415584416,1,0.465437788,0,0,0,0,0,0,0,0,0,0,1,0.271929825,0.550724638,0.253731343,0,0,0,0,0,0,0,0,0
STK20261758,0.298701299,0,0.465437788,0,0,0,0,0,0,0,0,0,1,0,0.289473684,0.507246377,0.552238806,0,1,0,0,0,0,0,0,0
STK20261759,0.545454545,1,0.442396313,0,0,0,0,1,0,0,0,0,0,0,0.49122807,0.594202899,0.447761194,0,1,0,0,0,1,0,0,0
STK20261760,0.441558442,1,0.341013825,0,0,1,0,0,0,0,0,0,0,0,0.438596491,0.31884058,0.492537313,0,0,0,0,1,0,0,0,0
STK20261761,0.415584416,0,0.617511521,0,0,0,0,0,0,0,0,0,0,0,0.421052632,0.347826087,0.447761194,0,0,0,0,0,0,0,1,0
STK20261762,0.415584416,0,0.857142857,0,0,0,0,0,0,0,0,0,0,0,0.254385965,0.492753623,0.358208955,0,0,0,0,1,0,0,0,0
STK20261763,0.402597403,0,0.391705069,0,0,0,0,0,0,0,0,0,1,0,0.245614035,0.47826087,0.582089552,0,0,0,0,1,0,0,1,0
STK20261764,0.246753247,0,0.179723502,0,0,1,0,0,0,0,0,0,0,0,0.078947368,0.405797101,0.671641791,0,0,0,0,0,1,0,0,0
STK20261765,0.558441558,1,0.433179724,0,0,0,0,0,0,0,0,0,0,0,0.51754386,0.52173913,0.432835821,0,0,0,0,0,0,0,0,0
STK20261766,0.545454545,1,0.410138249,1,0,0,0,0,0,0,0,0,0,1,0.614035088,0.594202899,0.552238806,1,1,1,1,1,0,0,0,1
STK20261767,0.649350649,0,0.281105991,0,0,0,0,0,0,0,0,0,0,0,0.254385965,0.52173913,0.23880597,0,0,0,0,0,0,0,0,0
STK20261768,0.675324675,1,0.105990783,0,0,0,0,0,0,0,0,0,0,1,0.385964912,0.043478261,0.328358209,0,0,0,0,1,0,0,0,0
STK20261769,0.116883117,1,0.470046083,0,0,0,0,0,0,0,0,0,0,0,0.026315789,0.333333333,0.268656716,0,0,0,1,0,0,0,0,0
STK20261770,0.675324675,1,0.235023041,0,0,0,0,1,0,0,0,0,0,0,0.377192982,0.463768116,0.343283582,0,0,0,0,0,1,0,0,0
STK20261771,0.766233766,0,0.119815668,0,0,0,0,0,1,1,0,0,0,0,0.377192982,0.463768116,0.447761194,1,0,1,0,0,0,1,0,1
STK20261772,0.142857143,1,0.483870968,0,0,0,0,0,0,0,0,0,1,0,0.526315789,0.579710145,0.417910448,0,0,0,0,0,0,0,0,0
STK20261773,0.922077922,1,0.447004608,1,1,0,0,1,1,1,0,1,0,0,0.631578947,0.550724638,0.343283582,0,0,1,1,0,0,0,1,1
STK20261774,0.402597403,0,0.493087558,0,0,0,0,0,0,0,0,0,0,0,0.456140351,0.463768116,0.402985075,0,0,0,0,0,0,0,0,0
STK20261775,0.74025974,0,0.66359447,0,0,0,0,0,0,0,0,1,0,0,0.614035088,0.231884058,0.447761194,1,1,0,1,0,0,0,1,1
STK20261776,0.662337662,1,0.474654378,0,0,1,0,0,0,0,0,0,0,0,0.429824561,0.347826087,0.52238806,0,0,0,0,0,0,0,0,0
STK20261777,0.818181818,0,0.046082949,1,0,0,0,0,1,0,0,1,0,0,0.973684211,0.68115942,0.328358209,1,0,0,0,0,0,0,1,1
STK20261778,0.675324675,0,0.32718894,1,0,1,0,0,0,0,0,0,0,0,0.640350877,0.565217391,0.208955224,1,0,0,1,0,1,0,0,1
STK20261779,0.649350649,1,0.35483871,0,0,0,0,0,0,0,0,0,0,1,0.368421053,0.188405797,0.343283582,0,0,0,0,0,0,0,0,0
STK20261780,0.376623377,1,0.33640553,0,0,0,0,0,0,0,0,0,0,0,0.377192982,0.362318841,0.104477612,0,0,0,0,0,0,0,0,0
STK20261781,0.857142857,1,0.783410138,0,0,1,0,0,0,1,0,0,0,0,0.561403509,0.608695652,0.268656716,0,1,0,0,0,0,0,1,1
STK20261782,0.779220779,0,0.506912442,0,0,0,0,0,0,0,0,1,0,0,0.561403509,0.47826087,0.343283582,0,0,0,0,0,0,0,0,0
STK20261783,0.649350649,0,0.622119816,0,0,1,0,0,0,0,0,0,0,0,0.394736842,0.594202899,0.597014925,1,1,1,0,1,0,0,1,1
STK20261784,0.688311688,1,0.396313364,0,0,0,0,0,0,0,1,0,0,0,0.350877193,0.449275362,0.313432836,1,0,0,0,0,0,0,0,0
STK20261785,0.233766234,1,0.410138249,0,0,0,0,0,0,1,0,1,0,0,0.245614035,0.362318841,0.208955224,0,0,0,0,0,0,0,1,0
STK20261786,0.701298701,1,0.465437788,0,0,0,0,0,0,0,0,0,0,0,0.350877193,0.753623188,0.492537313,0,0,0,0,0,0,0,1,0
STK20261787,0.766233766,0,0.235023041,0,0,0,0,0,0,0,0,1,0,1,0.622807018,0.652173913,0.417910448,0,0,0,0,0,0,1,0,0
STK20261788,0.298701299,1,0.479262673,1,0,0,0,0,0,0,0,0,0,0,0.631578947,0.52173913,0.343283582,0,0,0,0,0,0,0,0,0
STK20261789,0.558441558,1,0.410138249,0,0,0,0,0,0,0,0,0,0,1,0.403508772,0.449275362,0.567164179,0,0,0,0,0,0,0,0,0
STK20261790,0.532467532,0,0.502304147,0,1,0,0,0,0,0,0,1,0,0,0.631578947,0.376811594,0.417910448,0,0,0,0,0,0,0,0,0
STK20261791,0.688311688,1,0.585253456,0,0,1,0,0,0,1,0,1,0,0,0.552631579,0.724637681,0.373134328,1,0,0,0,0,1,0,0,1
STK20261792,0.844155844,0,0.294930876,1,0,0,1,0,1,0,0,0,0,0,0.780701754,0.492753623,0.432835821,1,1,1,0,0,0,1,0,1
STK20261793,0.337662338,1,0.571428571,1,0,0,0,1,0,0,0,1,0,0,0.289473684,0.536231884,0.208955224,1,0,1,1,0,0,1,0,1
STK20261794,0.61038961,1,0.571428571,0,0,0,0,0,0,0,0,0,0,1,0.175438596,0.52173913,0.417910448,0,0,0,0,0,0,0,0,0
STK20261795,0.623376623,0,0.32718894,0,0,0,0,0,0,0,0,1,1,0,0.535087719,0.333333333,0.179104478,0,1,0,0,0,0,0,1,0
STK20261796,0.532467532,1,0.534562212,0,0,1,0,0,0,0,0,0,0,1,0.50877193,0.31884058,0.253731343,0,1,1,0,0,0,0,0,1
STK20261797,0.545454545,1,0.262672811,0,0,0,0,0,0,0,0,0,0,0,0.289473684,0.463768116,0.432835821,0,0,0,0,0,0,0,0,0
STK20261798,0.818181818,0,0.377880184,1,0,0,0,0,0,0,0,0,0,0,0.596491228,0.47826087,0.462686567,0,1,0,0,1,1,1,1,1
STK20261799,0.38961039,1,0.032258065,0,0,1,0,0,0,0,0,0,1,0,0.263157895,0.31884058,0.626865672,0,0,0,0,0,0,0,0,0
STK20261800,0.493506494,1,0.456221198,1,0,0,0,0,0,0,0,1,1,0,0.526315789,0.68115942,0.417910448,1,1,0,0,1,0,0,1,2
STK20261801,0.415584416,0,0.387096774,1,0,0,0,0,0,0,0,0,0,0,0.473684211,0.52173913,0.373134328,0,0,0,0,0,0,1,0,0
STK20261802,0.12987013,0,0.244239631,0,0,1,0,0,0,0,0,0,0,0,0.087719298,0.289855072,0.47761194,0,0,0,0,0,0,0,0,0
STK20261803,0.103896104,1,0.631336406,0,0,0,0,0,0,0,0,0,0,1,0.157894737,0.434782609,0.298507463,0,0,0,0,0,0,0,0,0
STK20261804,0.649350649,1,0.68202765,1,0,0,0,0,0,0,0,0,0,0,0.50877193,0.405797101,0.641791045,1,0,1,1,0,0,0,1,1
STK20261805,0.883116883,0,0.737327189,0,1,0,0,0,1,0,0,1,0,0,0.605263158,0.565217391,0.492537313,0,0,0,0,0,0,0,0,1
STK20261806,0.597402597,1,0.557603687,1,0,0,0,0,0,0,0,0,0,0,0.903508772,0.536231884,0.223880597,0,1,1,0,1,0,1,0,1
STK20261807,0.779220779,0,0.437788018,1,0,0,0,1,1,0,0,1,0,0,0.587719298,0.47826087,0.432835821,0,1,1,0,1,1,0,1,2
STK20261808,0.298701299,1,0.474654378,0,0,0,0,0,0,0,0,0,1,1,0.429824561,0.362318841,0.298507463,0,0,0,0,0,0,0,1,0
STK20261809,0.558441558,1,0.244239631,0,0,0,0,0,0,0,0,0,0,1,0.298245614,0.579710145,0.432835821,0,0,0,0,0,1,0,0,0
STK20261810,0.597402597,1,0.258064516,0,0,1,0,0,0,0,0,0,0,1,0.50877193,0.449275362,0.417910448,0,0,0,0,0,0,0,0,0
STK20261811,0.467532468,1,0.30875576,0,0,0,0,0,0,0,0,0,0,0,0.289473684,0.492753623,0.298507463,0,0,0,0,0,0,0,0,0
STK20261812,0.181818182,1,0.33640553,0,0,0,0,1,0,0,0,1,0,0,0.280701754,0.405797101,0.597014925,0,0,0,0,0,1,0,0,0
STK20261813,0.727272727,0,0.188940092,0,0,0,0,0,0,0,0,0,0,0,0.578947368,0.492753623,0.328358209,0,0,0,0,0,1,0,0,0
STK20261814,0.428571429,0,0.714285714,0,0,0,0,0,0,0,0,1,0,0,0.289473684,0.536231884,0.597014925,0,0,0,0,0,0,0,0,0
STK20261815,0.701298701,1,0.396313364,1,0,0,0,1,0,0,0,1,0,0,0.359649123,0.565217391,0.313432836,0,1,1,0,1,1,0,1,1
STK20261816,0.805194805,1,0.433179724,0,1,0,0,0,0,0,0,0,0,0,0.5,0.52173913,0.253731343,0,0,1,0,0,1,1,1,1
STK20261817,0.974025974,0,0.442396313,1,1,0,0,0,1,0,0,1,0,0,0.587719298,0.637681159,0.23880597,1,0,1,0,0,1,0,0,1
STK20261818,0.649350649,1,0.668202765,0,0,0,0,0,0,0,0,0,1,0,0.464912281,0.463768116,0.492537313,0,0,0,0,0,1,1,0,1
STK20261819,0.597402597,1,0.276497696,1,0,0,0,0,0,0,0,1,0,1,0.640350877,0.492753623,0.52238806,1,1,0,0,0,0,0,0,1
STK20261820,0.298701299,1,0.562211982,0,0,0,0,0,0,0,0,0,1,1,0.377192982,0.420289855,0.537313433,0,0,0,0,0,0,0,0,0
STK20261821,0.571428571,1,0.529953917,0,0,0,0,0,0,0,0,0,0,1,0.429824561,0.637681159,0.23880597,1,1,1,0,0,0,0,0,1
STK20261822,0.662337662,0,0.502304147,0,0,0,0,0,0,0,0,0,0,0,0.228070175,0.507246377,0.164179104,0,0,0,1,0,1,0,0,0
STK20261823,0.662337662,1,0.387096774,1,0,0,0,0,0,0,0,1,1,0,0.543859649,0.666666667,0.492537313,0,0,1,0,0,0,0,0,1
STK20261824,0.012987013,0,0.423963134,0,0,0,0,0,0,0,0,0,0,0,0.043859649,0.391304348,0.447761194,0,0,0,0,0,0,0,0,0
STK20261825,0.246753247,0,0.253456221,0,0,0,0,0,0,0,0,0,0,0,0.263157895,0.492753623,0.492537313,0,0,0,1,0,0,0,1,0
STK20261826,0.246753247,0,0.474654378,0,0,0,0,0,0,0,0,1,0,0,0.561403509,0.333333333,0.417910448,0,0,0,0,0,0,0,0,0
STK20261827,0.649350649,1,0.34562212,1,0,0,0,0,1,1,0,0,0,0,0.675438596,0.565217391,0.462686567,0,1,0,0,0,0,1,0,1
STK20261828,0.467532468,0,0.511520737,0,0,0,0,0,0,0,0,1,0,0,0.614035088,0.347826087,0.507462687,0,0,0,0,0,0,0,0,0
STK20261829,0.285714286,0,0.571428571,0,0,0,0,0,0,0,0,0,0,0,0.219298246,0.376811594,0.164179104,0,0,0,0,0,0,0,0,0
STK20261830,0.493506494,1,0.741935484,0,0,1,0,0,0,0,0,0,0,0,0.377192982,0.347826087,0.388059701,1,0,0,0,0,1,0,0,1
STK20261831,0.350649351,0,0.599078341,0,0,1,0,0,0,0,0,0,1,0,0.263157895,0.463768116,0.47761194,0,0,0,0,0,0,0,0,0
STK20261832,0.61038961,0,0.423963134,0,0,0,0,0,0,0,0,0,0,0,0.289473684,0.536231884,0.447761194,0,0,0,0,0,0,0,0,0
STK20261833,0.597402597,0,0.746543779,0,0,0,0,0,0,0,0,1,0,0,0.447368421,0.275362319,0.507462687,1,1,1,0,0,0,1,1,1
STK20261834,0.714285714,1,0.571428571,0,0,0,0,0,0,0,0,0,0,0,0.412280702,0.463768116,0.447761194,0,0,0,0,0,0,0,0,0
STK20261835,0.25974026,1,0.175115207,1,0,0,0,0,0,0,0,0,1,0,0.377192982,0.376811594,0.28358209,1,0,0,0,0,1,0,1,1
STK20261836,0.480519481,0,0.377880184,0,0,0,0,0,0,0,0,0,0,0,0.456140351,0.463768116,0.462686567,0,1,0,0,1,0,0,0,0
STK20261837,0.467532468,0,0.695852535,0,0,0,0,0,0,0,0,0,0,0,0.464912281,0.594202899,0.447761194,0,0,0,0,0,0,0,0,0
STK20261838,0.623376623,1,0.502304147,0,0,0,0,0,1,0,0,0,0,0,0.50877193,0.275362319,0.402985075,0,0,0,0,0,0,0,0,0
STK20261839,0.467532468,1,0.267281106,0,0,0,0,0,0,0,0,0,1,0,0.368421053,0.434782609,0.343283582,0,0,0,0,0,0,0,0,0
STK20261840,0.896103896,0,0.783410138,1,0,1,0,0,0,1,0,0,0,0,0.956140351,0.579710145,0.552238806,0,0,0,1,0,0,0,0,1
STK20261841,0.584415584,1,0.442396313,1,0,0,0,0,0,0,0,0,0,0,0.719298246,0.536231884,0.358208955,0,1,1,0,0,1,1,0,1
STK20261842,0.506493506,0,0.32718894,0,0,1,0,0,0,0,0,1,0,0,0.192982456,0.347826087,0.208955224,1,0,0,0,0,0,0,0,0
STK20261843,0.272727273,1,0.617511521,0,0,0,0,0,0,0,0,0,1,0,0.5,0.405797101,0.432835821,0,0,0,0,0,0,0,0,0
STK20261844,0.597402597,0,0.474654378,0,0,1,0,0,0,0,0,1,0,0,0.561403509,0.608695652,0.447761194,0,1,0,0,0,0,1,0,0
STK20261845,0.155844156,0,0.552995392,0,0,0,0,0,0,0,0,0,0,0,0.157894737,0.347826087,0.597014925,0,0,0,0,1,0,0,0,0
STK20261846,0.571428571,1,0.778801843,1,0,0,0,0,0,0,0,1,0,0,0.535087719,0.52173913,0.388059701,1,0,0,0,0,0,1,1,1
STK20261847,0.415584416,1,0.142857143,1,0,0,0,0,0,0,0,0,0,0,0.464912281,0.608695652,0.164179104,0,0,0,0,0,0,1,0,0
STK20261848,0.272727273,0,0.520737327,0,0,0,0,0,0,0,0,0,0,0,0.412280702,0.289855072,0.791044776,0,0,0,0,0,0,0,0,0
STK20261849,0.649350649,0,0.055299539,0,0,0,0,0,0,0,0,0,0,0,0.298245614,0.275362319,0.671641791,0,0,0,0,0,0,0,0,0
STK20261850,0.519480519,1,0.617511521,1,0,0,0,0,0,0,0,0,0,0,0.50877193,0.739130435,0.328358209,0,1,1,0,0,0,1,0,1
STK20261851,0.675324675,1,0.589861751,0,0,1,0,0,0,0,0,1,1,0,0.315789474,0.405797101,0.268656716,1,0,1,0,0,0,0,1,1
STK20261852,0.597402597,0,0.811059908,0,0,0,0,0,0,0,0,0,0,0,0.473684211,0.391304348,0.194029851,1,1,1,1,0,0,1,1,1
STK20261853,0.727272727,1,0.576036866,0,1,0,0,0,0,0,0,0,1,0,0.438596491,0.391304348,0.47761194,1,0,1,0,0,0,1,1,1
STK20261854,0.428571429,1,0.539170507,0,0,0,0,0,0,0,0,0,1,1,0.359649123,0.405797101,0.402985075,0,0,0,0,0,0,0,0,0
STK20261855,1,1,0.534562212,0,1,0,0,0,1,0,0,0,1,1,0.614035088,0.594202899,0.492537313,1,1,1,1,0,0,1,0,1
STK20261856,0.545454545,0,0.115207373,0,0,1,0,0,0,0,0,0,0,0,0.192982456,0.550724638,0.417910448,0,0,0,0,0,0,0,0,0
STK20261857,0.74025974,1,0.442396313,0,0,0,0,0,0,0,0,0,0,1,0.587719298,0.550724638,0.28358209,0,0,0,0,0,0,0,1,0
STK20261858,0.701298701,0,0.207373272,0,0,0,0,0,0,0,0,0,0,0,0.377192982,0.47826087,0.47761194,0,0,0,0,0,0,0,1,0
STK20261859,0.779220779,1,0.414746544,1,0,0,0,0,0,1,0,1,0,1,0.728070175,0.536231884,0.358208955,1,1,0,0,0,0,1,1,1
STK20261860,0.506493506,1,0.737327189,1,0,1,0,0,0,0,0,0,1,0,0.526315789,0.52173913,0.373134328,0,1,1,1,0,0,1,1,1
STK20261861,0.506493506,0,0.3640553,1,0,0,0,0,0,0,0,0,0,1,0.412280702,0.594202899,0.328358209,0,0,0,0,0,1,0,0,0
STK20261862,0.324675325,0,0.520737327,0,0,0,0,0,0,0,0,0,0,0,0.385964912,0.550724638,0.447761194,0,0,0,0,0,1,1,0,0
STK20261863,0.38961039,0,0.271889401,0,0,1,0,0,0,0,0,0,0,1,0.219298246,0.275362319,0.388059701,0,0,0,0,0,0,1,0,0
STK20261864,0.493506494,0,0.552995392,0,0,0,0,0,0,0,0,0,0,0,0.543859649,0.376811594,0.388059701,0,0,0,0,0,0,0,0,0
STK20261865,0.363636364,0,0.400921659,0,0,0,0,0,0,0,0,0,1,0,0.298245614,0.376811594,0.358208955,0,0,0,0,0,0,0,0,0
STK20261866,0.376623377,1,0.474654378,0,0,1,0,0,0,0,0,0,1,0,0.464912281,0.579710145,0.417910448,0,0,0,0,0,0,0,0,0
STK20261867,0.779220779,1,0.368663594,0,0,0,0,0,1,0,0,0,0,1,0.228070175,0.391304348,0.537313433,0,0,0,0,0,0,0,0,0
STK20261868,0.350649351,1,0.377880184,0,0,1,0,0,0,0,0,0,0,0,0.377192982,0.347826087,0.567164179,0,0,0,0,0,0,0,0,0
STK20261869,0.545454545,0,0.783410138,0,0,0,0,0,0,0,0,1,0,0,0.289473684,0.463768116,0.492537313,1,1,1,0,0,1,0,0,1
STK20261870,0.272727273,0,0.64516129,0,0,1,0,0,0,0,0,0,0,0,0.289473684,0.608695652,0.417910448,0,0,0,0,0,0,0,0,0
STK20261871,0.753246753,1,0.829493088,1,0,0,0,0,1,0,0,0,0,1,0.429824561,0.724637681,0.432835821,0,1,0,1,0,1,1,1,1
STK20261872,0.623376623,1,0.290322581,1,0,0,0,0,0,0,0,1,0,0,0.657894737,0.52173913,0.313432836,0,1,1,1,1,1,0,1,1
STK20261873,0.545454545,0,0.322580645,0,0,0,0,0,0,0,0,0,0,0,0.421052632,0.52173913,0.373134328,0,0,0,0,0,0,0,0,0
STK20261874,0.558441558,1,0.235023041,0,0,0,0,0,0,0,0,0,0,0,0.456140351,0.420289855,0.552238806,0,0,0,0,0,0,1,0,0
STK20261875,1,0,0.377880184,0,0,0,0,0,0,0,1,1,0,0,0.578947368,0.608695652,0.313432836,1,1,1,1,1,0,1,0,1
STK20261876,0.831168831,1,0.341013825,0,0,1,0,0,1,0,0,1,0,0,0.421052632,0.536231884,0.417910448,0,0,0,1,0,0,1,1,1
STK20261877,0.493506494,1,0.230414747,1,0,0,0,0,1,0,0,1,0,0,0.412280702,0.463768116,0.447761194,1,0,1,0,0,0,0,1,1
STK20261878,0.337662338,0,0.198156682,0,0,1,0,0,0,0,0,0,0,0,0.438596491,0.420289855,0.447761194,0,0,0,0,0,0,1,0,0
STK20261879,0.727272727,0,0.290322581,0,0,0,0,0,0,0,0,0,1,0,0.464912281,0.144927536,0.432835821,0,0,0,0,0,1,1,0,0
STK20261880,0.818181818,1,0.281105991,0,0,0,0,0,0,0,0,0,0,0,0.385964912,0.376811594,0.432835821,0,1,0,0,0,0,0,0,0
STK20261881,0.454545455,0,0.479262673,0,0,1,0,0,0,0,0,0,0,0,0.315789474,0.463768116,0.194029851,0,0,0,0,1,1,0,0,0
STK20261882,0.545454545,0,0.073732719,0,0,0,0,0,0,0,0,0,0,0,0.315789474,0.550724638,0.388059701,0,0,0,0,0,0,0,0,0
STK20261883,0.532467532,1,0.622119816,0,0,0,0,0,0,0,0,0,0,0,0.412280702,0.347826087,0.23880597,0,0,0,0,0,0,0,0,0
STK20261884,0.688311688,0,0.520737327,1,0,1,0,0,0,0,0,0,1,0,0.684210526,0.594202899,0.417910448,1,0,0,0,0,0,1,0,1
STK20261885,0.558441558,1,0.686635945,0,0,0,0,0,0,0,0,0,0,0,0.438596491,0.420289855,0.388059701,0,0,0,0,0,0,0,0,0
STK20261886,0.441558442,1,0.433179724,1,0,0,0,0,0,0,0,0,0,0,0.605263158,0.608695652,0.507462687,0,0,0,0,0,0,0,0,0
STK20261887,0.376623377,1,0.451612903,0,0,0,0,0,0,0,0,0,1,0,0.447368421,0.31884058,0.417910448,1,0,0,0,1,0,0,0,0
STK20261888,0.441558442,1,0.437788018,0,0,1,0,0,0,0,0,0,0,0,0.228070175,0.362318841,0.149253731,0,0,0,0,0,0,0,0,0
STK20261889,0.909090909,0,0.175115207,1,0,0,0,0,1,0,0,0,0,0,0.684210526,0.623188406,0.567164179,0,1,1,1,0,0,0,0,1
STK20261890,0.61038961,0,0.6359447,0,0,0,0,1,0,0,0,0,0,0,0.403508772,0.31884058,0.537313433,1,0,0,0,0,0,1,0,1
STK20261891,0.779220779,1,0.235023041,0,0,0,0,0,0,0,0,0,0,0,0.289473684,0.594202899,0.462686567,0,0,0,0,0,0,0,0,0
STK20261892,0.701298701,0,0.580645161,0,0,1,0,0,0,0,0,0,0,0,0.48245614,0.623188406,0.447761194,1,0,1,1,0,1,0,1,1
STK20261893,0.584415584,0,0.32718894,0,0,1,0,0,1,0,0,0,0,0,0.385964912,0.550724638,0.298507463,0,0,0,0,0,0,0,0,0
STK20261894,0.532467532,1,0.290322581,0,0,0,0,0,0,0,0,0,0,0,0.271929825,0.608695652,0.358208955,1,0,1,0,0,1,0,0,0
STK20261895,0.350649351,0,0.211981567,0,0,0,0,0,0,0,0,0,0,0,0.166666667,0.434782609,0.373134328,0,0,0,0,1,0,0,0,0
STK20261896,0.766233766,1,0.640552995,0,0,0,0,0,0,0,0,0,0,0,0.614035088,0.449275362,0.447761194,0,0,1,0,0,0,1,0,1
STK20261897,0.779220779,1,0.456221198,1,0,0,0,0,0,0,0,0,0,0,0.736842105,0.68115942,0.373134328,0,1,0,0,0,0,0,1,1
STK20261898,0.558441558,0,0.267281106,0,0,0,0,0,0,0,0,0,0,1,0.377192982,0.594202899,0.343283582,0,0,0,0,0,1,0,0,0
STK20261899,0.441558442,0,0.631336406,0,0,0,0,0,0,0,0,1,0,0,0.385964912,0.507246377,0.552238806,0,0,0,0,0,1,0,0,0
STK20261900,0.38961039,1,0.350230415,0,0,0,0,0,0,0,0,0,1,0,0.438596491,0.304347826,0.462686567,1,0,1,0,1,0,0,0,0
STK20261901,0.545454545,1,0.188940092,1,1,0,0,0,0,0,0,1,0,0,0.649122807,0.463768116,0.552238806,1,1,0,0,0,0,1,0,1
STK20261902,0.493506494,0,0.603686636,0,1,1,0,0,1,0,0,0,0,0,0.51754386,0.405797101,0.253731343,1,0,1,0,0,0,0,0,1
STK20261903,0.519480519,1,0.410138249,1,0,0,0,0,0,0,0,0,0,0,0.51754386,0.724637681,0.492537313,0,0,0,0,0,0,0,0,0
STK20261904,0.753246753,1,0.442396313,1,0,1,0,1,1,0,1,1,0,1,0.587719298,0.710144928,0.358208955,1,0,1,0,0,1,0,1,1
STK20261905,0.584415584,1,0.299539171,1,0,0,0,0,0,0,0,1,1,0,0.456140351,0.594202899,0.402985075,1,1,0,0,0,0,0,0,1
STK20261906,0.701298701,1,0.087557604,1,1,0,0,0,1,0,0,0,1,1,0.728070175,0.594202899,0.388059701,1,1,0,0,0,0,1,0,1
STK20261907,0.714285714,0,0.433179724,0,0,0,0,0,0,0,0,0,0,0,0.377192982,0.362318841,0.447761194,0,0,0,0,0,0,1,0,0
STK20261908,0.467532468,1,0.414746544,0,0,0,0,0,0,0,0,0,0,0,0.350877193,0.246376812,0.179104478,0,0,0,1,0,0,0,0,0
STK20261909,0.441558442,0,0.405529954,0,1,0,0,0,0,0,0,0,0,1,0.385964912,0.362318841,0.432835821,0,0,0,0,0,0,0,0,0
STK20261910,0.285714286,0,0.525345622,0,0,0,0,0,0,0,0,0,0,0,0.412280702,0.550724638,0.268656716,0,0,0,0,0,0,1,0,0
STK20261911,0.415584416,1,0.571428571,0,0,0,0,0,0,0,0,0,0,0,0.421052632,0.420289855,0.671641791,0,0,0,0,0,0,0,0,0
STK20261912,0.441558442,1,0.405529954,0,0,0,0,0,0,0,0,0,0,0,0.236842105,0.376811594,0.134328358,0,0,0,0,0,0,0,0,0
STK20261913,0.311688312,1,0.534562212,0,0,0,0,0,0,0,0,0,1,0,0.175438596,0.376811594,0.537313433,0,0,0,0,0,0,0,1,0
STK20261914,0.61038961,1,0.797235023,1,0,1,0,0,1,0,0,0,1,0,0.50877193,0.695652174,0.402985075,0,0,1,1,0,1,0,0,1
STK20261915,0.597402597,1,0.267281106,1,0,1,0,0,0,0,0,0,0,0,0.578947368,0.536231884,0.417910448,1,0,0,0,0,0,1,1,1
STK20261916,0.246753247,1,0.797235023,0,0,0,0,0,0,0,0,0,0,1,0.245614035,0.405797101,0.388059701,0,0,0,0,0,0,0,0,0
STK20261917,0.532467532,0,0.046082949,0,0,0,0,0,0,0,0,1,1,0,0.429824561,0.333333333,0.402985075,0,0,0,0,0,1,0,0,0
STK20261918,0.532467532,0,0.341013825,0,0,0,0,0,0,0,0,0,0,0,0.359649123,0.47826087,0.313432836,0,0,0,0,0,0,0,0,0
STK20261919,0.493506494,1,0.520737327,0,0,0,0,0,0,0,0,0,0,0,0.473684211,0.362318841,0.47761194,0,0,0,0,0,0,0,0,0
STK20261920,0.428571429,0,0.31797235,0,0,0,0,0,0,0,0,0,0,0,0.175438596,0.246376812,0.432835821,1,0,0,0,1,0,0,0,0
STK20261921,0.532467532,1,0.543778802,1,0,0,0,0,0,0,0,0,0,1,0.745614035,0.579710145,0.671641791,1,1,1,1,0,0,0,1,1
STK20261922,0.61038961,1,0.529953917,1,0,0,0,0,0,1,0,0,0,0,0.561403509,0.594202899,0.343283582,0,0,1,0,0,0,1,0,1
STK20261923,0.584415584,0,0.465437788,0,0,0,0,0,0,0,0,0,0,0,0.421052632,0.47826087,0.313432836,0,0,0,0,0,0,0,0,0
STK20261924,0.428571429,0,0.585253456,0,1,0,0,0,0,0,0,1,0,0,0.228070175,0.463768116,0.164179104,0,0,0,0,0,0,0,0,0
STK20261925,0.38961039,0,0.373271889,0,0,0,0,0,0,0,0,1,0,0,0.219298246,0.52173913,0.253731343,0,0,0,0,1,1,0,0,0
STK20261926,0.441558442,1,0.658986175,0,0,0,0,0,0,0,0,0,0,0,0.359649123,0.579710145,0.507462687,0,0,0,0,0,0,0,0,0
STK20261927,0.467532468,1,0.248847926,0,0,1,0,0,0,0,0,0,1,0,0.271929825,0.507246377,0.328358209,0,0,0,0,0,0,0,0,0
STK20261928,1,1,0.612903226,1,0,1,1,0,0,1,0,1,0,0,0.710526316,0.623188406,0.462686567,1,1,0,0,0,0,1,1,1
STK20261929,0.662337662,1,0.437788018,0,0,1,0,0,0,0,0,1,0,0,0.447368421,0.507246377,0.343283582,0,0,0,0,0,0,0,1,0
STK20261930,0.818181818,1,0.580645161,0,1,0,0,0,0,1,0,0,0,1,0.526315789,0.362318841,0.432835821,1,1,1,0,0,0,1,1,1
STK20261931,0.116883117,0,0.778801843,0,0,0,0,0,0,0,0,0,0,0,0.078947368,0.188405797,0.358208955,0,0,0,0,0,0,0,0,0
STK20261932,0.506493506,0,0.525345622,0,0,0,0,0,0,0,0,1,0,0,0.368421053,0.52173913,0.208955224,0,0,0,0,0,0,0,0,0
STK20261933,0.506493506,0,0.714285714,0,0,0,0,0,0,0,0,0,1,0,0.438596491,0.347826087,0.208955224,0,1,0,1,0,1,0,1,1
STK20261934,0.623376623,0,0.262672811,0,1,1,0,0,0,0,0,1,0,0,0.5,0.492753623,0.597014925,0,0,0,1,0,0,0,0,0
STK20261935,0.519480519,0,0.34562212,0,0,0,0,0,0,0,0,0,0,0,0.342105263,0.347826087,0.402985075,0,0,0,0,0,0,0,0,0
STK20261936,0.688311688,0,0.359447005,0,0,0,0,0,0,0,0,0,0,0,0.228070175,0.507246377,0.074626866,0,0,0,0,0,0,0,0,0
STK20261937,0.896103896,0,0.460829493,0,0,0,0,0,0,0,0,0,0,0,0.692982456,0.434782609,0.417910448,1,1,1,0,0,1,0,1,1
STK20261938,0.168831169,0,0.285714286,0,0,0,0,0,0,0,0,0,0,0,0,0.47826087,0.417910448,0,0,0,0,0,0,0,0,0
STK20261939,0.324675325,0,0.967741935,0,0,1,0,0,0,0,0,0,0,0,0.359649123,0.710144928,0.507462687,1,1,0,0,1,0,1,1,1
STK20261940,0.61038961,0,0.474654378,0,0,0,0,0,0,0,0,0,0,0,0.245614035,0.405797101,0.582089552,0,0,0,0,0,0,0,0,0
STK20261941,0.324675325,0,0.396313364,0,0,0,0,0,0,0,0,0,1,0,0.236842105,0.420289855,0.343283582,0,0,0,1,0,0,0,1,0
STK20261942,0.584415584,1,0.188940092,0,0,0,0,0,0,0,0,0,1,0,0.587719298,0.652173913,0.358208955,0,1,0,0,1,1,0,1,2
STK20261943,0,0,0.341013825,0,0,0,0,0,0,0,0,1,0,0,0.192982456,0.014492754,0.313432836,0,0,0,0,0,0,0,0,0
STK20261944,0.584415584,0,0.331797235,0,0,0,0,0,0,0,0,0,0,0,0.48245614,0.492753623,0.746268657,0,0,0,0,0,0,0,0,0
STK20261945,0.597402597,1,0.649769585,0,0,0,0,0,0,0,0,0,1,1,0.131578947,0.492753623,0.552238806,1,0,0,0,1,1,1,1,1
STK20261946,0.558441558,1,0.30875576,0,1,1,0,0,0,1,0,0,0,1,0.342105263,0.463768116,0.417910448,1,1,0,0,0,1,1,0,1
STK20261947,0.246753247,1,0.382488479,0,0,0,0,0,0,0,0,0,0,0,0.254385965,0.275362319,0.417910448,0,0,0,0,0,0,0,0,0
STK20261948,0.675324675,0,0.442396313,1,1,0,0,0,0,1,0,1,0,0,0.789473684,0.52173913,0.388059701,0,0,0,0,1,0,1,1,2
STK20261949,0.662337662,1,0.585253456,0,0,1,0,0,0,0,0,1,0,1,0.50877193,0.449275362,0.567164179,1,0,1,0,0,0,1,1,1
STK20261950,0.61038961,0,0.465437788,1,0,0,0,0,0,0,0,1,0,0,0.833333333,0.637681159,0.417910448,0,1,1,1,0,1,1,1,1
STK20261951,0.649350649,0,0.511520737,0,0,1,0,0,0,1,0,0,0,0,0.48245614,0.449275362,0.552238806,0,1,1,0,0,1,1,1,1
STK20261952,0.324675325,0,0.414746544,0,0,1,0,0,0,0,0,0,0,0,0.631578947,0.376811594,0.492537313,0,0,0,0,0,0,0,0,0
STK20261953,0.415584416,0,0.119815668,0,0,0,0,0,0,0,0,0,0,0,0.368421053,0.666666667,0.447761194,0,1,0,0,0,0,0,0,0
STK20261954,0.454545455,1,0.543778802,0,0,0,0,0,0,0,0,0,0,1,0.5,0.52173913,0.328358209,0,0,0,0,0,0,0,0,0
STK20261955,0.493506494,1,0.373271889,0,0,0,0,0,0,0,0,1,0,0,0.271929825,0.289855072,0.447761194,0,0,0,0,0,0,0,0,0
STK20261956,0.493506494,0,0.258064516,0,0,1,0,0,0,0,0,0,0,0,0.456140351,0.31884058,0.23880597,0,0,0,0,0,0,0,0,0
STK20261957,0.675324675,1,0.511520737,0,0,1,0,0,0,0,0,0,1,0,0.48245614,0.362318841,0.358208955,0,1,0,0,0,1,1,1,1
STK20261958,0.103896104,0,0.442396313,0,0,0,0,0,0,0,0,0,0,0,0.333333333,0.217391304,0.328358209,0,0,0,0,0,0,0,0,0
STK20261959,0.909090909,0,0.709677419,0,1,0,0,0,1,1,0,0,0,0,0.701754386,0.463768116,0.671641791,1,1,0,0,0,0,1,0,1
STK20261960,0.61038961,1,0.271889401,1,0,0,0,0,0,0,0,0,1,0,0.798245614,0.449275362,0.402985075,1,1,0,0,0,0,1,0,2
STK20261961,0.571428571,1,0.442396313,1,1,0,0,0,0,0,0,0,1,0,0.587719298,0.463768116,0.343283582,1,0,1,0,0,0,1,1,1
STK20261962,0.311688312,0,0.382488479,1,1,0,0,0,0,0,0,0,0,0,0.570175439,0.492753623,0.28358209,0,0,0,0,0,0,1,0,0
STK20261963,0.571428571,1,0.479262673,1,0,0,0,0,0,0,0,0,1,0,0.535087719,0.652173913,0.552238806,1,1,1,1,0,1,1,0,1
STK20261964,0.376623377,0,0.488479263,0,0,0,0,0,0,0,0,0,0,0,0.473684211,0.507246377,0.567164179,0,0,0,0,0,0,0,0,0
STK20261965,0.324675325,0,0.497695853,0,0,1,0,0,0,0,0,0,0,0,0.412280702,0.52173913,0.447761194,0,0,0,0,1,0,0,0,0
STK20261966,0.558441558,1,0.377880184,0,0,0,0,0,0,0,0,0,0,0,0.421052632,0.347826087,0.28358209,0,0,0,1,0,0,0,0,0
STK20261967,0.688311688,0,0.594470046,1,0,1,0,0,0,1,0,0,0,0,0.649122807,0.536231884,0.52238806,0,0,0,1,0,0,0,1,1
STK20261968,0.532467532,1,0.377880184,0,0,1,0,0,0,0,0,0,0,0,0.447368421,0.362318841,0.656716418,0,0,0,0,0,0,0,0,0
STK20261969,0.519480519,1,0.479262673,0,0,0,0,0,0,0,0,0,1,0,0.48245614,0.449275362,0.388059701,0,0,0,0,1,0,0,0,0
STK20261970,0.584415584,1,0,0,1,0,0,0,0,0,0,1,0,0,0.561403509,0.492753623,0.388059701,0,1,0,0,0,0,0,1,0
STK20261971,0.571428571,1,0.6359447,0,0,0,0,0,0,1,0,0,1,0,0.359649123,0.260869565,0.671641791,0,0,0,1,0,0,0,1,1
STK20261972,0.623376623,1,0.479262673,1,0,0,0,0,0,0,0,0,0,0,0.412280702,0.347826087,0.268656716,0,1,1,0,0,0,1,0,1
STK20261973,0.519480519,0,0.350230415,0,0,0,0,0,0,0,0,0,0,0,0.210526316,0.362318841,0.52238806,1,0,1,0,0,0,0,0,0
STK20261974,0.675324675,1,0.437788018,1,0,0,0,0,1,0,1,0,0,1,0.526315789,0.608695652,0.552238806,0,1,0,0,0,0,0,0,1
STK20261975,0.792207792,1,0.548387097,1,0,0,0,1,0,0,0,0,1,0,0.5,0.652173913,0.492537313,1,0,0,0,0,0,0,0,1
STK20261976,0.402597403,0,0.557603687,0,0,0,0,0,0,0,0,0,0,0,0.105263158,0.463768116,1,0,0,0,0,0,1,0,1,0
STK20261977,0.519480519,1,0.622119816,0,0,0,0,0,0,0,0,0,0,1,0.421052632,0.333333333,0.492537313,0,0,0,0,0,0,0,0,0
STK20261978,0.662337662,1,0.442396313,0,0,0,0,0,1,0,1,1,1,0,0.438596491,0.376811594,0.47761194,0,0,0,1,0,1,0,0,1
STK20261979,0.311688312,1,0.248847926,1,0,0,0,0,0,0,0,0,0,0,0.587719298,0.608695652,0.313432836,0,0,0,0,0,0,0,0,0
STK20261980,0.636363636,1,0.202764977,0,1,0,0,0,0,0,0,0,1,1,0.438596491,0.347826087,0.119402985,1,0,1,0,1,0,0,0,1
STK20261981,0.753246753,0,0.460829493,0,0,0,0,1,0,0,0,1,0,0,0.543859649,0.347826087,0.358208955,0,0,0,0,0,0,1,0,0
STK20261982,0.597402597,0,0.474654378,0,0,0,0,0,0,0,0,0,0,0,0.324561404,0.492753623,0.731343284,0,0,0,0,0,1,0,0,0
STK20261983,0.532467532,0,0.023041475,0,0,0,0,0,0,0,0,0,0,0,0.263157895,0.492753623,0.358208955,0,0,0,0,0,0,0,0,0
STK20261984,0.597402597,1,0.626728111,0,0,1,0,0,0,0,0,0,1,0,0.254385965,0.31884058,0.164179104,0,1,1,1,0,0,0,0,1
STK20261985,0.38961039,0,0.460829493,0,0,0,0,0,0,0,0,0,0,0,0.228070175,0.347826087,0.537313433,0,0,0,0,0,0,0,0,0
STK20261986,0.688311688,1,0.488479263,1,0,1,0,0,0,1,0,0,0,1,0.614035088,0.536231884,0.23880597,1,0,1,1,1,0,0,0,2
STK20261987,0.584415584,1,0.30875576,0,0,1,0,0,0,0,0,0,0,1,0.254385965,0.333333333,0.194029851,0,0,0,0,0,0,0,0,0
STK20261988,0.207792208,1,0.359447005,0,0,0,0,0,0,0,0,1,0,0,0.245614035,0.52173913,0.417910448,0,0,0,0,0,0,0,0,0
STK20261989,0.662337662,0,0.539170507,0,0,0,0,0,0,1,0,0,0,0,0.526315789,0.376811594,0.328358209,0,0,0,0,0,0,0,0,0
STK20261990,0.701298701,0,0.3640553,0,0,0,0,0,1,0,0,0,0,0,0.368421053,0.144927536,0.507462687,0,0,0,0,1,0,0,0,0
STK20261991,0.844155844,1,0.493087558,0,0,1,0,0,0,1,0,1,0,0,0.552631579,0.492753623,0.28358209,1,0,1,0,0,1,1,0,1
STK20261992,0.38961039,1,0.31797235,0,0,0,0,0,0,0,0,0,0,0,0.315789474,0.463768116,0.253731343,0,0,0,0,0,1,0,0,0
STK20261993,0.467532468,1,0.695852535,0,0,0,0,0,0,0,0,0,1,0,0.403508772,0.333333333,0.641791045,1,1,1,0,0,1,0,0,1
STK20261994,0.779220779,1,0.502304147,0,0,0,0,0,1,0,0,0,0,0,0.596491228,0.405797101,0.313432836,1,0,1,0,0,1,0,1,1
STK20261995,0.38961039,1,0.152073733,0,0,0,0,0,0,0,0,0,0,0,0.289473684,0.289855072,0.373134328,0,0,0,0,0,0,0,0,0
STK20261996,0.402597403,1,0.778801843,0,0,0,0,0,0,0,0,0,0,0,0.149122807,0.362318841,0.507462687,0,0,0,0,0,0,0,0,0
STK20261997,0.532467532,0,0.778801843,0,0,0,0,0,0,0,0,0,0,0,0.307017544,0.536231884,0.179104478,0,0,0,0,0,0,0,0,0
STK20261998,0.727272727,0,0.322580645,1,1,0,0,0,0,1,0,0,0,0,0.684210526,0.565217391,0.328358209,0,0,1,1,1,0,1,0,2
STK20261999,0.896103896,1,0.571428571,0,0,1,0,0,0,0,1,1,0,0,0.315789474,0.52173913,0.402985075,1,0,1,0,0,0,1,1,2
STK20262000,0.623376623,1,0.442396313,0,0,1,0,0,0,0,0,0,0,0,0.447368421,0.405797101,0.492537313,1,1,0,0,0,0,0,0,1
STK20262001,0.298701299,0,0.216589862,0,0,1,0,0,0,0,0,0,0,0,0.192982456,0.376811594,0.492537313,0,0,1,0,0,0,0,0,0
STK20262002,0.506493506,1,0.695852535,0,0,0,0,0,0,0,0,0,0,1,0.412280702,0.434782609,0.358208955,0,0,0,0,0,0,0,1,0
STK20262003,0.376623377,0,0.488479263,0,1,0,0,1,1,0,0,1,0,0,0.429824561,0.391304348,0.298507463,1,0,0,1,0,0,1,0,1
STK20262004,0.311688312,1,0.557603687,0,0,0,0,0,0,0,0,0,0,0,0.114035088,0.391304348,0.552238806,0,0,0,1,0,0,0,0,0
STK20262005,0.675324675,1,0.700460829,0,0,0,0,0,0,0,0,1,0,0,0.412280702,0.362318841,0.776119403,0,1,0,0,0,1,0,1,1
STK20262006,0.246753247,0,0.170506912,0,0,0,0,0,0,0,0,0,0,0,0.131578947,0.434782609,0.462686567,0,0,0,0,0,0,0,0,0
STK20262007,0.324675325,1,0.377880184,1,0,0,0,0,0,0,0,0,0,0,0.385964912,0.507246377,0.373134328,0,0,0,0,0,0,0,0,0
STK20262008,0.558441558,0,0.313364055,0,0,0,0,0,1,0,0,1,0,0,0.412280702,0.47826087,0.298507463,0,0,1,0,0,0,0,0,0
STK20262009,0.493506494,1,0.534562212,0,0,1,0,0,0,0,0,0,0,0,0.614035088,0.47826087,0.432835821,0,0,0,0,1,0,0,0,0
STK20262010,0.480519481,1,0.207373272,0,0,1,0,0,0,0,0,0,0,0,0.333333333,0.623188406,0.313432836,0,0,0,0,0,0,0,0,0
STK20262011,0.701298701,1,0.34562212,1,0,0,0,0,0,0,0,0,1,1,0.763157895,0.275362319,0.52238806,0,1,0,1,1,0,1,0,1
STK20262012,0.766233766,1,0.695852535,1,0,0,0,0,0,0,0,0,0,1,0.754385965,0.608695652,0.313432836,0,0,1,0,0,1,0,1,2
STK20262013,0.467532468,0,0.414746544,0,0,0,0,0,0,0,0,0,0,0,0.315789474,0.492753623,0.402985075,0,0,0,0,0,0,0,0,0
STK20262014,0.649350649,1,0.396313364,1,0,0,0,0,0,0,0,1,0,0,0.359649123,0.507246377,0.417910448,0,0,0,0,0,0,1,0,0
STK20262015,0.376623377,1,0.470046083,0,0,1,0,0,0,0,0,0,0,0,0.105263158,0.275362319,0.432835821,0,1,0,0,0,0,0,0,0
STK20262016,0.61038961,1,0.239631336,0,0,0,0,0,0,0,0,0,0,0,0.49122807,0.333333333,0.582089552,0,0,0,0,0,0,0,0,0
STK20262017,0.636363636,1,0.405529954,0,1,0,0,0,1,0,0,0,1,0,0.412280702,0.463768116,0.537313433,1,1,0,1,0,1,0,1,1
STK20262018,0.467532468,0,0.603686636,0,0,0,0,0,0,0,0,0,0,0,0.219298246,0.304347826,0.402985075,0,0,0,1,0,0,0,0,0
STK20262019,0.506493506,0,0.184331797,0,0,0,0,0,0,0,0,0,0,0,0.315789474,0.463768116,0.388059701,0,0,0,0,0,0,0,0,0
STK20262020,0.597402597,1,0.589861751,1,0,0,0,0,0,0,0,0,0,1,0.526315789,0.637681159,0.298507463,1,0,1,0,1,0,1,0,1
STK20262021,0.597402597,0,0.170506912,1,0,1,0,0,0,0,1,0,0,0,0.49122807,0.666666667,0.537313433,1,0,1,0,1,1,0,1,1
STK20262022,0.883116883,0,0.01843318,1,0,0,0,0,0,0,0,0,0,0,0.684210526,0.405797101,0.208955224,1,0,0,0,0,0,1,0,1
STK20262023,0.935064935,1,0.253456221,0,0,0,0,0,0,0,0,0,0,0,0.50877193,0.594202899,0.447761194,0,0,0,0,0,0,0,0,0
STK20262024,0.558441558,1,0.552995392,1,0,0,0,0,0,0,0,0,0,0,0.473684211,0.753623188,0.28358209,0,0,1,0,0,0,1,0,1
STK20262025,0.688311688,0,0.428571429,0,0,0,0,0,0,0,0,0,0,0,0.464912281,0.449275362,0.537313433,0,0,0,0,0,0,0,0,0
STK20262026,0.701298701,0,0.470046083,0,0,0,0,0,1,0,0,0,0,0,0.5,0.434782609,0.52238806,0,0,0,0,0,0,0,0,0
STK20262027,0.636363636,1,0.511520737,0,0,0,1,0,1,0,0,0,0,0,0.271929825,0.623188406,0.582089552,1,1,0,0,0,0,1,0,1
STK20262028,0.727272727,0,0.552995392,1,1,1,0,0,1,0,1,0,0,0,0.412280702,0.608695652,0.059701493,1,1,1,0,0,1,0,0,1
STK20262029,0.220779221,0,0.013824885,0,0,0,0,0,1,0,0,0,0,0,0.236842105,0.492753623,0.47761194,0,0,0,0,0,1,0,1,0
STK20262030,0.532467532,1,0.221198157,0,1,0,0,0,0,0,1,1,0,0,0.359649123,0.434782609,0.447761194,0,0,0,0,0,0,0,0,0
STK20262031,0.636363636,1,0.585253456,1,0,1,0,0,0,0,0,0,0,0,0.535087719,0.565217391,0.417910448,1,1,1,0,0,0,1,1,1
STK20262032,0.948051948,1,0.599078341,1,0,0,0,0,0,0,0,0,0,0,0.614035088,0.492753623,0.432835821,1,1,0,0,0,0,0,0,2
STK20262033,0.428571429,1,0.543778802,0,0,1,0,0,0,0,0,0,0,0,0.254385965,0.260869565,0.298507463,0,0,1,0,1,0,0,0,1
STK20262034,0.766233766,1,0.520737327,0,1,0,0,0,0,1,0,0,1,0,0.464912281,0.608695652,0.28358209,0,1,0,0,0,0,0,0,1
STK20262035,0.571428571,0,0.640552995,1,0,0,0,0,0,0,0,0,0,1,0.526315789,0.507246377,0.388059701,1,0,0,0,0,0,1,0,1
STK20262036,0.571428571,1,0.778801843,1,0,0,0,0,0,0,0,1,0,1,0.745614035,0.405797101,0.671641791,0,1,0,1,0,1,1,1,1
STK20262037,0.584415584,1,0.156682028,0,1,0,0,0,0,0,1,0,1,0,0.394736842,0.594202899,0.626865672,1,0,0,0,1,0,0,0,1
STK20262038,0.597402597,0,0.377880184,0,0,0,0,0,0,0,0,1,0,0,0.245614035,0.47826087,0.343283582,0,0,0,0,0,0,0,0,0
STK20262039,1,0,0.714285714,1,0,1,0,0,0,0,0,0,0,0,0.815789474,0.637681159,0.432835821,1,0,0,0,0,0,1,1,2
STK20262040,0.727272727,1,0.31797235,0,0,0,0,0,0,0,0,0,0,0,0.701754386,0.304347826,0.432835821,0,0,0,0,0,0,0,0,0
STK20262041,0.662337662,0,0.548387097,0,0,1,0,0,0,0,0,1,0,0,0.412280702,0.47826087,0.52238806,0,0,0,0,0,0,0,0,0
STK20262042,0.844155844,1,0.566820276,1,0,0,0,0,1,0,0,1,0,0,1,0.68115942,0.641791045,0,1,1,0,0,0,0,1,1
STK20262043,0.441558442,1,0.267281106,1,0,0,0,0,0,0,0,0,0,0,0.456140351,0.637681159,0.134328358,0,0,0,0,0,1,0,0,0
STK20262044,0.532467532,0,0.668202765,0,0,1,0,0,0,0,0,0,0,0,0.394736842,0.405797101,0.417910448,0,0,0,0,0,0,0,0,0
STK20262045,0.636363636,1,0.525345622,0,0,0,0,1,0,0,0,0,0,1,0.271929825,0.492753623,0.432835821,0,0,0,0,0,0,0,1,0
STK20262046,0.480519481,0,0.612903226,0,0,0,0,0,1,0,0,0,0,1,0.342105263,0.492753623,0.417910448,0,0,0,1,0,0,0,0,0
STK20262047,0.818181818,1,0.705069124,0,1,0,0,0,0,0,0,1,0,0,0.473684211,0.550724638,0.358208955,1,0,0,0,1,0,1,1,1
STK20262048,0.116883117,0,0.723502304,0,0,0,0,0,0,0,0,1,0,1,0.210526316,0.405797101,0.432835821,0,0,0,0,0,0,0,0,0
STK20262049,0.324675325,0,0.133640553,0,0,0,0,0,0,0,0,0,0,0,0.263157895,0.492753623,0.373134328,0,0,0,0,0,0,0,0,0
STK20262050,0.805194805,0,0.589861751,1,1,0,0,0,1,0,0,0,0,0,0.666666667,0.652173913,0.328358209,1,1,1,1,0,1,1,1,1
STK20262051,0.545454545,0,0.387096774,0,0,1,0,0,0,0,0,0,0,0,0.289473684,0.333333333,0.671641791,0,0,0,0,0,0,1,0,0
STK20262052,0.792207792,1,0.405529954,1,0,0,0,0,0,0,0,0,0,0,0.412280702,0.536231884,0.492537313,0,1,0,0,1,0,0,1,1
STK20262053,0.545454545,0,0.396313364,0,0,0,0,0,0,0,0,1,1,0,0.236842105,0.550724638,0.462686567,0,0,0,0,0,1,0,0,0
STK20262054,0.597402597,1,0.161290323,0,0,0,0,0,0,0,0,0,0,0,0.359649123,0.536231884,0.358208955,0,0,0,0,0,0,0,0,0
STK20262055,0.909090909,1,0.442396313,1,0,0,0,0,0,0,1,0,0,0,0.666666667,0.623188406,0.417910448,1,1,0,0,1,0,0,0,1
STK20262056,0.285714286,0,0.34562212,0,0,0,0,0,0,0,0,0,0,0,0.210526316,0.130434783,0.462686567,0,0,1,0,0,0,0,0,0
STK20262057,0.506493506,0,0.221198157,1,1,0,0,0,0,0,0,0,0,1,0.447368421,0.608695652,0.373134328,0,1,0,0,0,1,0,1,1
STK20262058,0.415584416,0,0.65437788,1,0,0,0,0,0,0,0,0,0,0,0.307017544,0.637681159,0.432835821,0,0,0,1,0,1,1,1,2
STK20262059,0.454545455,1,0.396313364,0,0,1,0,0,0,0,0,0,0,0,0.464912281,0.507246377,0.492537313,0,0,1,0,0,0,0,1,0
STK20262060,0.74025974,0,0.562211982,1,0,0,1,0,0,0,1,0,0,0,0.771929825,0.666666667,0.253731343,0,0,1,1,1,1,0,0,2
STK20262061,0.545454545,0,0.377880184,0,0,0,0,0,0,0,0,0,0,0,0.587719298,0.420289855,0.492537313,0,0,0,0,0,0,0,0,0
STK20262062,0.519480519,0,0.373271889,1,1,0,1,0,0,0,0,1,0,0,0.763157895,0.420289855,0.313432836,0,1,0,1,0,1,0,1,1
STK20262063,0.233766234,0,0.294930876,0,0,0,0,0,0,0,0,0,0,0,0.447368421,0.52173913,0.791044776,0,0,0,0,1,0,0,0,0
STK20262064,0.714285714,0,0.479262673,0,0,0,0,0,0,0,1,0,0,0,0.403508772,0.579710145,0.417910448,0,0,0,0,0,0,0,0,0
STK20262065,0.701298701,0,0.617511521,1,0,1,0,0,0,0,0,0,0,1,0.701754386,0.623188406,0.597014925,0,0,1,1,1,1,0,0,1
STK20262066,0.506493506,0,0.718894009,0,0,0,0,0,0,0,0,1,0,0,0.359649123,0.52173913,0.567164179,0,0,0,0,0,0,0,0,0
STK20262067,0.298701299,0,0.493087558,0,0,0,0,0,0,0,0,0,0,0,0.157894737,0.550724638,0.23880597,0,0,0,0,0,0,0,0,0
STK20262068,0.376623377,0,0.170506912,0,0,0,0,0,0,0,0,1,0,0,0.412280702,0.217391304,0.119402985,0,0,0,0,0,0,0,0,0
STK20262069,0.220779221,0,0.506912442,0,0,0,0,0,0,0,0,0,0,0,0.175438596,0.391304348,0.313432836,0,0,0,0,0,0,0,0,0
STK20262070,0.415584416,1,0.239631336,0,0,0,0,0,0,0,0,0,0,0,0.175438596,0.463768116,0.253731343,0,0,1,0,1,0,0,0,0
STK20262071,0.337662338,1,0.529953917,0,0,0,0,0,0,0,0,0,1,0,0.342105263,0.449275362,0.432835821,0,0,0,0,0,0,0,0,0
STK20262072,0.701298701,0,0.718894009,0,0,0,0,0,0,0,0,0,0,0,0.438596491,0.52173913,0.582089552,0,0,0,0,0,0,0,1,1
STK20262073,0.545454545,1,0.529953917,0,0,0,0,0,0,0,0,0,0,0,0.456140351,0.420289855,0.313432836,0,0,0,0,0,0,0,0,0
STK20262074,0.415584416,1,0.668202765,1,0,0,0,0,0,0,0,0,0,1,0.49122807,0.47826087,0.552238806,1,1,0,1,1,1,0,0,2
STK20262075,1,0,0.32718894,0,0,0,0,0,0,0,0,0,0,0,0.578947368,0.362318841,0.343283582,0,1,0,0,0,1,1,0,1
STK20262076,0.831168831,0,0.442396313,0,0,1,0,0,0,0,0,1,0,0,0.526315789,0.420289855,0.164179104,0,0,0,0,0,0,0,0,0
STK20262077,0.675324675,1,0.331797235,1,0,0,0,0,0,0,0,1,0,0,0.298245614,0.724637681,0.447761194,0,0,0,0,0,0,0,0,0
STK20262078,0.519480519,1,0.474654378,0,0,0,0,0,0,0,0,1,0,0,0.438596491,0.420289855,0.492537313,1,1,1,1,0,0,0,0,1
STK20262079,0.857142857,1,0.451612903,0,0,0,0,0,0,0,0,1,0,0,0.228070175,0.550724638,0.537313433,0,0,0,1,0,0,0,0,0
STK20262080,0.506493506,0,0.373271889,1,1,0,0,0,0,0,0,1,0,0,0.429824561,0.594202899,0.373134328,1,0,1,0,0,0,1,0,1
STK20262081,0.727272727,0,0.483870968,1,0,0,1,0,1,0,0,0,0,0,0.657894737,0.68115942,0.417910448,1,1,0,0,1,0,1,0,2
STK20262082,0.298701299,1,0.198156682,0,0,0,0,0,0,0,0,0,1,0,0.175438596,0.434782609,0.164179104,0,0,0,0,0,0,0,0,0
STK20262083,0.38961039,1,0.400921659,0,0,0,0,0,0,0,0,0,0,0,0.368421053,0.434782609,0.388059701,0,0,0,0,1,0,0,0,0
STK20262084,0.142857143,0,0.65437788,0,0,0,0,0,0,0,0,0,0,0,0.236842105,0.536231884,0.447761194,0,0,0,0,0,0,0,0,0
STK20262085,0.558441558,1,0.092165899,0,0,0,0,0,0,0,0,0,0,0,0.403508772,0.289855072,0.656716418,0,0,0,0,0,0,0,0,0
STK20262086,0.324675325,0,0.764976959,0,0,0,0,0,0,0,0,0,0,0,0.280701754,0.47826087,0.223880597,0,0,0,0,0,0,0,0,0
STK20262087,0.714285714,0,0.474654378,0,0,1,0,0,0,0,0,0,0,0,0.254385965,0.463768116,0.47761194,0,0,0,0,0,0,0,0,0
STK20262088,0.467532468,1,0.30875576,0,0,0,0,0,0,0,0,1,1,0,0.350877193,0.594202899,0.507462687,0,0,0,0,0,0,0,0,0
STK20262089,0.519480519,0,0.221198157,0,0,0,0,0,0,0,0,0,0,0,0.350877193,0.434782609,0.507462687,0,0,0,0,0,0,0,0,0
STK20262090,0.428571429,0,0.529953917,0,0,0,0,0,0,0,0,0,0,0,0.350877193,0.579710145,0.373134328,0,0,0,0,0,0,0,0,0
STK20262091,0.350649351,1,0.387096774,0,0,0,0,0,0,0,0,0,0,1,0.429824561,0.47826087,0.47761194,0,0,1,0,0,0,0,0,0
STK20262092,0.74025974,1,0.437788018,1,0,1,0,0,0,0,0,0,0,0,0.649122807,0.666666667,0.179104478,1,1,0,0,1,1,0,1,1
STK20262093,0.350649351,1,0.677419355,0,0,1,0,0,0,0,0,0,0,0,0.122807018,0.376811594,0.23880597,0,0,0,0,0,0,0,0,0
STK20262094,0.61038961,1,0.571428571,0,0,0,0,0,0,0,0,0,0,0,0.289473684,0.463768116,0.432835821,0,0,0,0,0,0,0,0,0
STK20262095,0.519480519,0,0.276497696,0,0,0,0,0,0,0,0,1,0,1,0.271929825,0.536231884,0.417910448,0,0,0,0,0,0,0,0,0
STK20262096,0.61038961,1,0.276497696,0,1,0,0,0,0,0,0,1,1,0,0.447368421,0.507246377,0.373134328,1,1,0,0,0,0,1,1,1
STK20262097,0.324675325,1,0.539170507,1,0,0,0,0,0,0,0,0,0,0,0.456140351,0.507246377,0.52238806,0,0,0,0,0,0,0,0,0
STK20262098,0.922077922,1,0.410138249,0,1,0,0,0,0,0,0,1,1,0,0.464912281,0.52173913,0.537313433,1,0,0,1,1,1,1,1,2
STK20262099,0.688311688,0,0.359447005,0,1,0,0,0,0,0,0,0,0,0,0.219298246,0.492753623,0.343283582,0,0,0,0,0,0,0,0,0
STK20262100,0.311688312,1,0.230414747,0,0,0,0,0,0,0,0,0,0,0,0.324561404,0.507246377,0.611940299,0,0,0,0,0,1,0,0,0
STK20262101,0.701298701,1,0.571428571,0,0,0,0,0,0,0,0,0,0,0,0.614035088,0.405797101,0.417910448,0,0,1,0,0,0,0,0,0
STK20262102,0.753246753,1,0.419354839,0,0,0,0,0,0,0,0,0,0,0,0.236842105,0.565217391,0.567164179,0,0,0,0,0,0,0,0,0
STK20262103,0.363636364,1,0.6359447,0,0,0,0,0,0,0,0,0,0,0,0.385964912,0.217391304,0.164179104,0,0,0,0,0,0,0,0,0
STK20262104,0.675324675,0,0.617511521,0,0,0,0,0,0,0,0,0,0,0,0.684210526,0.405797101,0.701492537,0,1,0,0,0,1,0,0,1
STK20262105,0.441558442,1,0.442396313,1,1,0,0,0,0,0,0,0,0,0,0.438596491,0.492753623,0.328358209,1,1,0,1,0,0,0,0,1
STK20262106,0.805194805,0,0.612903226,1,0,0,0,0,1,0,0,0,0,0,0.596491228,0.666666667,0.388059701,1,0,0,0,1,1,0,0,2
STK20262107,0.688311688,0,0.188940092,0,1,1,0,0,0,0,0,0,0,0,0.271929825,0.536231884,0.313432836,0,0,0,0,0,0,0,0,0
STK20262108,0.571428571,1,0.244239631,0,0,0,0,0,0,0,0,0,0,1,0.307017544,0.463768116,0.208955224,0,0,0,0,0,0,0,0,0
STK20262109,0.363636364,1,0.534562212,0,0,0,0,0,0,0,0,0,0,1,0.324561404,0.391304348,0.388059701,0,0,0,0,0,0,0,0,0
STK20262110,0.467532468,0,0.387096774,0,0,0,0,0,0,0,0,0,0,1,0.5,0.507246377,0.462686567,0,0,0,0,0,1,0,1,0
STK20262111,0.922077922,0,0.815668203,1,0,1,0,0,0,0,1,0,0,1,0.526315789,0.724637681,0.552238806,1,1,0,1,0,0,0,0,1
STK20262112,0.077922078,1,0.110599078,0,0,0,0,0,0,0,0,0,0,1,0.473684211,0.304347826,0.52238806,0,0,0,0,0,0,0,0,0
STK20262113,0.675324675,1,0.497695853,0,0,0,0,0,0,0,0,0,0,0,0.412280702,0.579710145,0.402985075,0,0,0,0,0,0,0,0,0
STK20262114,0.454545455,0,0.211981567,0,0,0,0,0,0,0,0,0,0,0,0.456140351,0.376811594,0.298507463,0,0,0,0,0,0,0,0,0
STK20262115,0.74025974,0,0.506912442,1,0,0,0,0,0,0,0,0,0,0,0.552631579,0.47826087,0.388059701,1,1,1,1,0,0,0,1,1
STK20262116,0.805194805,1,0.423963134,1,1,0,1,0,0,0,0,0,0,0,0.728070175,0.304347826,0.626865672,0,1,1,0,0,1,0,1,1
STK20262117,0.896103896,0,0.165898618,0,0,0,0,1,1,0,0,1,0,0,0.631578947,0.565217391,0.343283582,0,1,0,0,0,1,0,0,1
STK20262118,0.376623377,0,0.709677419,0,0,1,0,0,0,0,0,0,0,0,0.429824561,0.333333333,0.462686567,0,0,0,0,0,0,0,1,0
STK20262119,0.428571429,1,0.041474654,0,0,0,0,0,0,0,0,1,0,1,0.350877193,0.31884058,0.343283582,0,0,0,0,0,0,0,0,0
STK20262120,0.61038961,0,0.497695853,0,0,1,0,0,0,0,0,0,0,1,0.596491228,0.420289855,0.134328358,0,0,0,0,0,0,0,0,0
STK20262121,0.25974026,1,0.442396313,0,0,0,0,0,0,0,0,0,1,0,0.280701754,0.144927536,0.358208955,0,0,0,0,0,0,0,0,0
STK20262122,0.038961039,0,0.271889401,0,0,0,0,0,0,0,0,0,0,0,0.201754386,0.47826087,0.432835821,0,0,0,0,0,0,1,0,0
STK20262123,0.74025974,0,0.285714286,0,1,0,0,0,0,1,0,0,0,0,0.368421053,0.507246377,0.611940299,1,1,0,0,0,1,0,1,1
STK20262124,0.441558442,1,0.396313364,0,0,0,0,0,0,0,0,1,0,0,0.377192982,0.536231884,0.417910448,0,0,0,0,0,0,0,0,0
STK20262125,0.298701299,0,0.829493088,0,0,0,0,0,0,0,0,0,0,0,0.236842105,0.420289855,0.388059701,0,0,0,0,0,0,1,0,0
STK20262126,0.480519481,1,0.479262673,1,0,0,0,0,0,0,0,0,0,0,0.394736842,0.449275362,0.23880597,0,0,0,0,0,0,0,0,0
STK20262127,0.727272727,1,0.115207373,1,0,1,0,0,0,0,0,0,0,0,0.684210526,0.550724638,0.52238806,1,0,0,1,0,0,1,1,1
STK20262128,0.792207792,0,0.391705069,1,1,1,0,0,0,0,0,0,0,0,0.789473684,0.623188406,0.343283582,0,0,1,0,0,0,0,0,2
STK20262129,0.688311688,0,0.778801843,0,0,0,0,0,0,0,0,0,0,0,0.359649123,0.449275362,0.358208955,1,1,1,1,1,1,0,0,1
STK20262130,0.597402597,1,0.511520737,1,0,0,0,0,0,0,0,0,0,0,0.561403509,0.550724638,0.47761194,1,0,1,1,0,0,0,1,1
STK20262131,0.181818182,0,0.548387097,0,0,0,0,0,0,0,0,0,0,0,0.175438596,0.47826087,0.402985075,0,0,0,0,0,0,0,0,0
STK20262132,0.649350649,1,0.603686636,0,0,0,0,0,0,0,0,0,1,0,0.385964912,0.275362319,0.373134328,1,1,1,0,0,1,0,1,1
STK20262133,0.688311688,1,0.622119816,0,0,1,0,0,0,0,0,0,0,0,0.412280702,0.594202899,0.28358209,1,0,0,0,1,1,0,1,1
STK20262134,0.506493506,0,0.331797235,0,0,0,0,0,0,0,0,0,0,0,0.49122807,0.449275362,0.47761194,0,0,0,0,0,0,0,0,0
STK20262135,0.766233766,1,0.668202765,0,0,1,0,0,0,0,0,0,0,0,0.535087719,0.391304348,0.417910448,1,1,0,0,1,0,1,0,2
STK20262136,1,0,0.235023041,1,1,1,0,1,0,1,0,0,0,0,0.631578947,0.695652174,0.582089552,1,1,1,0,0,1,0,1,1
STK20262137,0.454545455,0,0.299539171,1,0,0,0,0,0,0,0,0,0,0,0.350877193,0.536231884,0.597014925,0,0,1,0,0,0,0,0,0
STK20262138,0.766233766,0,0.373271889,1,0,1,0,0,1,0,1,0,0,0,0.49122807,0.666666667,0.582089552,1,1,1,0,0,1,1,0,1
STK20262139,0.311688312,0,0.529953917,1,0,0,0,0,0,0,0,0,1,0,0.543859649,0.652173913,0.388059701,0,0,0,0,1,0,1,0,1
STK20262140,0.480519481,1,0.460829493,0,0,1,0,0,0,0,0,0,0,0,0.49122807,0.275362319,0.23880597,0,0,0,0,0,1,0,0,0
STK20262141,0.454545455,0,0.179723502,0,0,0,0,0,0,0,0,0,0,0,0.271929825,0.376811594,0.671641791,0,0,0,0,0,0,0,0,0
STK20262142,0.61038961,0,0.548387097,1,0,0,0,0,0,0,0,0,0,0,0.666666667,0.492753623,0.671641791,1,1,0,0,0,0,0,0,1
STK20262143,0.649350649,1,0.423963134,0,1,0,0,0,0,0,0,0,0,0,0.552631579,0.173913043,0.52238806,0,0,0,0,0,1,0,0,0
STK20262144,0.805194805,0,0.391705069,1,0,1,0,0,0,0,0,0,0,0,0.824561404,0.623188406,0.373134328,1,1,1,1,0,0,0,0,1
STK20262145,0.688311688,1,0.65437788,1,0,0,0,0,0,0,0,0,0,0,0.552631579,0.623188406,0.492537313,0,0,1,0,1,0,0,1,1
STK20262146,0.766233766,0,0.456221198,0,0,0,0,0,1,0,0,0,0,0,0.5,0.550724638,0.567164179,1,0,0,1,0,0,0,1,1
STK20262147,0.493506494,0,0.479262673,0,0,0,0,0,0,0,0,0,0,1,0.271929825,0.434782609,0.417910448,0,0,0,0,0,0,0,0,0
STK20262148,0.701298701,1,0.695852535,0,0,0,0,0,0,0,0,0,0,0,0.298245614,0.52173913,0.253731343,1,0,1,0,0,1,0,0,1
STK20262149,0.688311688,1,0.377880184,0,0,0,0,0,0,0,0,1,0,0,0.228070175,0.579710145,0.492537313,0,0,0,0,0,0,0,0,0
STK20262150,0.25974026,1,0.331797235,0,0,0,0,0,0,0,0,0,1,0,0.412280702,0.289855072,0.358208955,0,0,0,0,0,0,1,0,0
STK20262151,0.727272727,0,0.30875576,0,1,0,0,0,0,0,0,0,0,0,0.649122807,0.304347826,0.298507463,0,0,0,0,0,0,1,0,0
STK20262152,0.519480519,0,0.640552995,0,0,0,0,0,0,0,0,1,0,0,0.50877193,0.579710145,0.253731343,0,0,0,0,0,0,0,0,0
STK20262153,0.467532468,1,0.557603687,1,0,0,0,0,0,0,0,0,1,1,0.543859649,0.52173913,0.492537313,0,1,1,1,1,1,0,1,1
STK20262154,0.376623377,1,0.456221198,0,1,1,0,0,0,0,0,0,0,0,0.245614035,0.52173913,0.373134328,0,0,1,0,0,0,0,0,0
STK20262155,0.480519481,0,0.442396313,0,0,0,0,0,0,0,0,0,0,1,0.368421053,0.376811594,0.402985075,0,0,0,0,0,0,0,0,0
STK20262156,0.350649351,1,0.483870968,0,0,0,0,0,0,0,0,0,1,0,0.429824561,0.434782609,0.417910448,0,0,0,0,1,0,0,0,0
STK20262157,0.727272727,0,0.433179724,0,0,0,0,1,0,0,0,1,0,0,0.421052632,0.449275362,0.373134328,0,1,0,0,0,1,0,0,0
STK20262158,0.675324675,0,0.341013825,0,1,0,0,0,0,0,1,0,0,0,0.535087719,0.463768116,0.104477612,0,0,0,0,0,0,0,0,0
STK20262159,0.545454545,0,0.433179724,0,0,0,0,0,0,0,0,0,0,0,0.219298246,0.507246377,0.223880597,0,0,0,0,0,0,0,0,0
STK20262160,0.350649351,0,0.142857143,0,0,0,0,0,0,0,0,0,0,0,0.429824561,0.434782609,0.358208955,0,0,0,0,0,0,0,0,0
STK20262161,0.441558442,1,0.248847926,0,1,0,0,0,0,0,0,0,0,0,0.280701754,0.347826087,0.417910448,0,0,0,0,0,1,0,0,0
STK20262162,0.532467532,1,0.488479263,0,1,0,0,0,0,0,0,1,1,0,0.377192982,0.608695652,0.47761194,1,1,0,0,1,0,0,0,1
STK20262163,0.480519481,0,0.447004608,0,0,0,0,0,0,0,0,0,0,0,0.421052632,0.695652174,0.343283582,0,0,0,0,0,0,0,0,0
STK20262164,0.363636364,1,0.442396313,0,0,0,0,0,0,0,0,0,0,1,0.210526316,0.449275362,0.432835821,0,0,1,0,1,1,0,0,0
STK20262165,0.883116883,1,0.488479263,0,0,1,0,0,0,0,0,0,0,0,0.456140351,0.376811594,0.328358209,1,1,1,1,1,1,0,0,1
STK20262166,0.337662338,1,0.239631336,0,0,0,0,0,0,0,0,0,0,1,0.289473684,0.507246377,0.641791045,0,0,0,0,1,0,0,1,0
STK20262167,0.623376623,1,0.479262673,1,0,0,0,0,0,0,0,1,0,1,0.5,0.565217391,0.47761194,0,1,0,0,0,0,0,0,1
STK20262168,0.454545455,0,0.479262673,0,0,0,0,0,0,0,0,1,1,0,0.289473684,0.304347826,0.268656716,0,0,0,0,0,0,0,0,0
STK20262169,0.363636364,1,0.350230415,0,0,0,0,0,0,0,0,0,0,0,0.438596491,0.231884058,0.417910448,0,0,0,0,0,0,0,0,0
STK20262170,0.519480519,1,0.442396313,0,0,0,0,0,0,0,0,0,0,0,0.280701754,0.347826087,0.358208955,0,0,0,0,0,0,0,0,0
STK20262171,0.207792208,1,0.267281106,0,0,0,0,0,0,0,0,0,0,0,0.061403509,0.507246377,0.701492537,0,0,0,0,0,0,0,0,0
STK20262172,0.441558442,1,0.170506912,0,0,0,0,0,0,0,0,1,0,0,0.333333333,0.768115942,0.373134328,0,1,0,0,0,0,0,0,0
STK20262173,0.077922078,1,0.225806452,0,0,0,0,0,0,0,0,1,0,0,0.412280702,0.362318841,0.402985075,0,0,0,0,0,0,0,0,0
STK20262174,0.584415584,0,0.267281106,0,0,0,0,0,0,0,0,0,0,0,0.412280702,0.579710145,0.402985075,0,0,1,0,0,0,0,0,0
STK20262175,0.233766234,1,0.465437788,0,0,0,0,0,0,0,0,0,0,0,0.254385965,0.31884058,0.388059701,0,0,0,0,0,0,0,0,0
STK20262176,0.363636364,1,0.405529954,0,0,0,0,0,0,0,0,0,0,0,0.342105263,0.376811594,0.28358209,0,0,0,0,0,0,0,0,0
STK20262177,0.298701299,1,0.520737327,0,0,0,0,0,0,0,0,1,1,0,0.421052632,0.492753623,0.805970149,0,0,0,0,0,0,0,0,0
STK20262178,0.636363636,1,0.373271889,0,0,0,0,0,0,0,0,0,0,0,0.429824561,0.463768116,0.358208955,0,0,0,0,0,0,0,0,0
STK20262179,1,1,0.442396313,1,0,1,0,0,1,0,0,0,0,1,0.587719298,0.565217391,0.358208955,1,0,0,0,1,0,0,1,2
STK20262180,0.571428571,0,0.152073733,0,0,0,0,0,0,0,0,1,0,0,0.394736842,0.405797101,0.388059701,0,1,0,0,0,0,0,0,0
STK20262181,0.74025974,1,0.105990783,1,0,0,0,0,1,1,0,0,0,0,0.789473684,0.52173913,0.373134328,0,0,0,0,0,0,0,0,1
STK20262182,0.844155844,1,0.064516129,1,0,0,0,0,0,0,0,1,0,1,0.333333333,0.594202899,0.402985075,0,1,0,1,0,1,0,1,1
STK20262183,0.61038961,0,0.437788018,0,0,0,0,0,0,0,1,0,0,0,0.280701754,0.594202899,0.208955224,0,0,0,0,0,0,0,0,0
STK20262184,0.623376623,1,0.520737327,1,0,0,0,0,1,0,0,1,0,1,0.631578947,0.594202899,0.253731343,1,1,1,0,0,0,0,0,1
STK20262185,0.961038961,0,0.423963134,1,0,1,0,0,0,0,0,0,0,0,0.649122807,0.637681159,0.104477612,1,0,1,1,0,0,0,0,1
STK20262186,0.727272727,1,0.377880184,0,1,1,0,0,0,0,0,0,0,0,0.51754386,0.68115942,0.432835821,1,1,1,0,0,0,0,1,1
STK20262187,0.402597403,0,0.603686636,1,0,0,0,0,0,0,0,0,0,0,0.473684211,0.391304348,0.432835821,1,1,1,0,0,0,1,1,1
STK20262188,0.077922078,0,0.34562212,0,0,0,0,0,0,0,0,0,0,0,0.105263158,0.347826087,0.47761194,0,0,0,0,0,0,0,1,0
STK20262189,0.714285714,0,0.322580645,1,0,0,0,0,0,0,0,1,0,0,0.640350877,0.666666667,0.641791045,0,1,1,0,1,1,0,0,1
STK20262190,0.324675325,0,0.225806452,0,0,0,0,0,0,0,0,0,0,0,0.692982456,0.507246377,0.358208955,0,0,0,0,0,0,0,0,0
STK20262191,0.909090909,0,0.479262673,1,1,1,0,0,1,1,0,0,0,0,0.745614035,0.565217391,0.47761194,1,0,0,0,0,0,1,0,1
STK20262192,0.649350649,1,0.198156682,1,0,0,0,0,0,0,0,0,1,0,0.640350877,0.550724638,0.223880597,0,1,0,1,0,0,0,0,1
STK20262193,0.428571429,1,0.368663594,0,0,0,0,0,0,0,0,0,0,0,0.333333333,0.594202899,0.343283582,0,0,0,0,0,0,0,0,0
STK20262194,0.246753247,1,0.617511521,0,0,0,0,0,0,0,0,0,0,1,0.412280702,0.405797101,0.417910448,0,0,0,0,0,0,1,0,0
STK20262195,0.727272727,0,0.396313364,0,0,1,0,0,0,0,0,1,1,0,0.333333333,0.362318841,0.567164179,1,1,1,0,0,0,1,0,1
STK20262196,0.766233766,1,0.414746544,1,0,0,0,0,1,0,0,0,0,0,0.622807018,0.536231884,0.417910448,0,0,0,0,1,1,0,1,1
STK20262197,0.480519481,0,0.419354839,0,1,0,0,0,0,0,0,0,0,0,0.5,0.347826087,0.582089552,0,0,0,0,0,0,0,0,0
STK20262198,0.792207792,1,0.239631336,1,0,1,0,0,0,1,0,0,0,0,0.780701754,0.623188406,0.164179104,0,1,0,0,1,1,1,1,2
STK20262199,0.402597403,0,0.829493088,0,0,0,0,1,0,0,0,0,0,0,0.622807018,0.637681159,0.298507463,0,0,1,0,0,1,1,1,1
STK20262200,0.220779221,1,0.341013825,0,0,0,0,0,0,0,0,0,0,0,0.228070175,0.304347826,0.552238806,0,0,0,0,0,0,0,0,0
STK20262201,0.792207792,0,0.387096774,1,0,1,0,1,0,0,0,0,0,0,0.745614035,0.652173913,0.746268657,1,1,1,1,0,1,1,1,1
STK20262202,0.688311688,1,0.617511521,0,0,0,0,0,0,0,0,0,0,1,0.429824561,0.594202899,0.358208955,1,0,1,0,1,0,1,1,1
STK20262203,0.61038961,1,0.202764977,0,0,0,0,0,0,0,0,1,0,0,0.263157895,0.420289855,0.462686567,0,0,0,0,0,0,0,0,0
STK20262204,0.935064935,0,0.585253456,0,0,0,0,0,0,0,0,0,0,0,0.719298246,0.623188406,0.253731343,1,1,1,1,1,0,0,0,1
STK20262205,0.714285714,1,0.608294931,0,0,0,0,0,0,0,0,0,0,0,0.368421053,0.376811594,0.47761194,0,0,0,0,0,1,0,0,0
STK20262206,0.493506494,1,0.294930876,0,0,0,0,0,0,0,0,1,1,0,0.324561404,0.594202899,0.462686567,0,0,0,0,0,1,0,1,0
STK20262207,0.350649351,0,0.322580645,1,0,0,0,0,0,0,0,0,0,0,0.254385965,0.449275362,0.432835821,0,0,0,0,0,0,0,0,0
STK20262208,0.584415584,0,0.668202765,0,1,0,0,0,0,0,0,0,0,0,0.438596491,0.362318841,0.52238806,0,0,1,0,0,0,0,0,1
STK20262209,0.597402597,1,0.944700461,1,0,0,0,0,0,0,0,0,0,1,0.51754386,0.594202899,0.626865672,1,0,0,0,0,0,1,1,1
STK20262210,0.532467532,0,0.322580645,0,0,0,0,0,0,0,0,0,0,0,0.403508772,0.449275362,0.328358209,0,0,0,0,0,0,0,0,0
STK20262211,0.532467532,1,0.493087558,0,1,1,0,0,0,0,0,0,1,1,0.421052632,0.623188406,0.597014925,0,0,1,1,1,0,0,0,1
STK20262212,0.376623377,1,0.253456221,0,0,0,0,0,0,0,0,0,0,0,0.184210526,0.434782609,0.268656716,0,0,0,0,1,0,0,0,0
STK20262213,0.922077922,1,0.299539171,1,0,0,0,0,1,0,1,0,0,0,0.622807018,0.637681159,0.402985075,1,1,1,0,1,0,0,0,2
STK20262214,0.818181818,0,0.01843318,1,1,1,0,0,0,0,0,0,0,0,0.48245614,0.637681159,0.52238806,1,0,1,0,1,1,0,1,1
STK20262215,0.675324675,0,0.267281106,0,0,0,0,0,0,0,0,1,0,0,0.50877193,0.347826087,0.537313433,0,0,0,0,0,0,0,0,0
STK20262216,0.688311688,0,0.792626728,0,0,1,0,0,0,0,0,0,0,0,0.342105263,0.347826087,0.47761194,1,1,1,0,1,1,0,1,1
STK20262217,0.454545455,0,0.32718894,0,0,0,0,0,0,0,0,0,0,0,0.48245614,0.275362319,0.47761194,0,0,0,0,0,0,0,0,0
STK20262218,1,1,0.248847926,1,0,0,1,0,1,1,0,1,0,0,0.701754386,0.710144928,0.358208955,1,0,1,0,0,1,0,1,1
STK20262219,0.454545455,1,0.239631336,0,0,0,0,0,0,0,0,0,0,0,0.298245614,0.260869565,0.552238806,0,0,0,0,0,0,0,0,0
STK20262220,0.857142857,1,0.368663594,1,0,1,0,1,1,0,0,0,0,0,0.745614035,0.652173913,0.417910448,1,0,0,0,1,0,1,0,2
STK20262221,0.974025974,1,0.65437788,1,1,1,0,0,1,1,0,1,0,0,0.745614035,0.550724638,0.253731343,0,1,1,0,0,0,1,1,1
STK20262222,0.415584416,1,0.594470046,1,0,0,0,0,1,0,0,1,1,1,0.701754386,0.463768116,0.388059701,1,1,0,1,1,1,0,0,2
STK20262223,0.272727273,1,0.410138249,0,0,0,0,0,0,0,0,0,0,0,0.298245614,0.434782609,0.552238806,0,1,0,0,0,0,0,0,0
STK20262224,0.623376623,0,0.516129032,1,0,0,0,0,0,0,0,0,0,0,0.421052632,0.565217391,0.23880597,1,0,0,1,0,0,1,1,1
STK20262225,0.675324675,0,0.594470046,1,0,0,0,0,1,0,0,0,1,0,0.51754386,0.347826087,0.432835821,0,1,1,0,1,0,1,0,2
STK20262226,0.675324675,1,0.202764977,0,0,0,0,0,0,0,0,1,1,0,0.298245614,0.434782609,0.417910448,0,0,0,0,0,0,0,0,0
STK20262227,0.272727273,1,0.617511521,0,0,0,0,0,0,0,0,0,0,0,0.228070175,0.362318841,0.686567164,0,0,0,0,0,0,0,0,0
STK20262228,0.506493506,1,0.474654378,0,0,0,0,0,0,0,0,0,1,0,0.271929825,0.449275362,0.597014925,0,0,0,0,0,0,0,0,0
STK20262229,0.428571429,0,0.778801843,0,0,0,0,0,0,0,0,0,0,0,0.333333333,0.52173913,0.164179104,0,0,0,0,0,0,0,0,0
STK20262230,0.519480519,1,0.529953917,0,0,0,0,0,0,0,0,0,0,0,0.333333333,0.449275362,0.52238806,1,0,0,0,0,1,0,0,0
STK20262231,0.116883117,0,0.497695853,0,0,1,0,0,0,0,0,0,0,0,0.271929825,0.31884058,0.447761194,0,0,0,0,0,1,0,0,0
STK20262232,0.337662338,0,0.460829493,0,0,0,0,0,0,0,0,0,0,0,0.543859649,0.507246377,0.358208955,0,0,0,0,0,0,0,0,0
STK20262233,0.480519481,0,0.534562212,0,0,1,0,0,0,0,0,0,0,0,0.385964912,0.463768116,0.343283582,0,0,0,0,0,0,0,0,0
STK20262234,0.688311688,1,0.258064516,0,0,0,0,0,0,0,0,0,0,0,0.324561404,0.52173913,0.582089552,0,0,0,0,0,0,0,0,0
STK20262235,0.467532468,0,0.488479263,0,0,0,0,0,0,0,0,0,1,0,0.421052632,0.768115942,0.298507463,0,0,0,0,0,0,0,0,0
STK20262236,0.675324675,0,0.488479263,0,0,0,0,0,0,0,0,0,0,0,0.48245614,0.492753623,0.417910448,0,0,0,0,0,0,0,0,0
STK20262237,0.571428571,0,0.483870968,0,0,0,0,0,0,0,0,1,0,0,0.324561404,0.391304348,0.208955224,0,0,0,0,1,0,0,0,0
STK20262238,0.337662338,1,0.778801843,0,0,0,0,0,0,0,0,0,0,0,0.201754386,0.31884058,0.462686567,0,0,0,0,0,0,0,0,0
STK20262239,0.376623377,1,0.548387097,1,0,0,0,0,0,0,0,0,0,1,0.51754386,0.710144928,0.417910448,0,0,0,0,0,0,0,0,0
STK20262240,0.363636364,1,0.35483871,0,0,0,0,0,0,0,0,0,0,0,0.447368421,0.536231884,0.358208955,0,0,0,0,0,0,0,0,0
STK20262241,0.454545455,0,0.410138249,0,0,0,0,0,0,0,0,0,0,1,0.350877193,0.347826087,0.462686567,0,0,0,0,0,0,0,0,0
STK20262242,0.623376623,0,0.548387097,0,0,0,0,0,0,0,0,0,0,0,0.429824561,0.333333333,0.567164179,0,0,0,0,0,0,0,0,0
STK20262243,0.779220779,1,0.30875576,1,0,0,0,0,1,0,0,0,0,0,0.605263158,0.449275362,0.462686567,0,1,0,0,1,0,0,1,1
STK20262244,0.324675325,0,0.442396313,0,0,0,0,0,0,0,0,0,0,0,0.263157895,0.347826087,0.552238806,0,0,0,0,0,0,0,0,0
STK20262245,0.597402597,1,0.516129032,1,0,0,0,0,0,1,0,0,0,0,0.543859649,0.594202899,0.447761194,1,1,0,0,0,0,1,1,1
STK20262246,0.363636364,0,0.391705069,0,0,0,0,0,0,0,0,0,0,0,0.289473684,0.246376812,0.492537313,1,0,0,0,0,0,0,0,0
STK20262247,0.506493506,1,0.184331797,0,0,0,0,0,1,0,0,0,0,0,0.342105263,0.434782609,0.641791045,0,0,0,0,0,0,0,0,0
STK20262248,0.441558442,1,0.626728111,1,0,0,0,0,0,0,0,0,1,1,0.236842105,0.434782609,0.52238806,1,1,1,0,0,0,0,0,1
STK20262249,0.493506494,0,0.073732719,0,0,1,0,0,0,0,0,0,0,0,0.50877193,0.637681159,0.402985075,0,0,0,0,0,1,0,0,0
STK20262250,0.376623377,1,0.460829493,0,0,0,0,0,0,0,0,0,0,1,0.298245614,0.463768116,0.328358209,0,0,0,0,0,0,0,0,0
STK20262251,0.467532468,1,0.33640553,0,0,0,0,0,0,0,0,0,0,0,0.236842105,0.275362319,0.462686567,0,0,0,0,0,0,0,0,0
STK20262252,0.935064935,1,0.456221198,1,0,1,1,0,0,1,0,0,0,0,0.807017544,0.68115942,0.492537313,1,1,1,0,1,0,0,0,1
STK20262253,0.350649351,1,0.677419355,0,0,1,0,0,0,0,0,0,0,0,0.149122807,0.362318841,0.462686567,0,0,0,0,0,0,0,0,0
STK20262254,0.662337662,0,0.442396313,1,0,1,0,0,0,0,0,0,0,0,0.605263158,0.507246377,0.417910448,0,1,0,0,0,0,0,0,1
STK20262255,0.649350649,0,0.479262673,1,1,0,0,0,0,0,0,0,0,0,0.298245614,0.31884058,0.582089552,0,0,0,0,0,1,1,1,1
STK20262256,0.480519481,1,0.33640553,0,0,0,0,0,0,0,0,0,1,1,0.412280702,0.347826087,0.223880597,0,0,0,0,0,0,0,0,0
STK20262257,0.402597403,1,0.585253456,1,0,0,0,0,0,0,0,1,0,0,0.684210526,0.449275362,0.194029851,1,1,1,0,0,0,0,0,1
STK20262258,0.337662338,0,0.456221198,0,0,0,0,0,0,0,0,0,0,0,0.184210526,0.289855072,0.52238806,0,1,0,0,0,0,0,0,0
STK20262259,0.584415584,0,0.456221198,0,0,0,0,0,0,0,0,0,0,0,0.333333333,0.463768116,0.537313433,0,0,0,0,1,0,0,0,0
STK20262260,0.545454545,0,0.483870968,0,1,1,0,0,0,0,0,1,0,0,0.526315789,0.449275362,0.47761194,0,1,0,0,0,0,0,0,0
STK20262261,0.155844156,0,0.230414747,0,0,0,0,0,0,0,0,0,0,0,0.438596491,0.391304348,0.313432836,0,0,0,1,0,0,0,0,0
STK20262262,0.350649351,0,0.156682028,0,0,0,0,0,0,0,0,0,0,0,0.245614035,0.333333333,0.537313433,0,0,0,0,0,0,0,0,0
STK20262263,0.337662338,1,0.442396313,1,0,0,0,0,0,0,0,1,0,0,0.48245614,0.47826087,0.28358209,0,0,0,0,0,1,0,0,0
STK20262264,0.454545455,0,0.004608295,0,0,0,0,0,0,1,0,0,0,0,0.315789474,0.217391304,0.23880597,0,0,0,0,0,0,0,0,0
STK20262265,0.688311688,1,0.258064516,1,0,0,0,0,0,0,0,0,0,0,0.5,0.420289855,0.358208955,1,0,1,0,0,1,1,0,1
STK20262266,0.74025974,1,0.65437788,0,0,0,0,0,0,0,0,0,0,0,0.49122807,0.623188406,0.388059701,1,0,1,1,0,0,1,0,1
STK20262267,0.909090909,1,0.419354839,1,0,0,0,0,0,0,0,0,0,0,0.657894737,0.507246377,0.507462687,1,0,1,1,1,0,0,0,1
STK20262268,0.701298701,1,0.437788018,0,0,0,0,0,0,0,0,1,0,0,0.51754386,0.47826087,0.537313433,0,0,0,0,0,0,0,0,0
STK20262269,0.584415584,1,0.313364055,0,0,0,0,0,0,0,0,0,0,0,0.51754386,0.579710145,0.328358209,0,0,1,1,0,1,0,0,0
STK20262270,0.597402597,1,0.557603687,0,0,0,0,0,0,0,0,0,1,0,0.315789474,0.579710145,0.343283582,1,1,1,0,0,1,0,1,1
STK20262271,0.363636364,1,0.341013825,0,0,0,0,0,0,0,0,0,1,0,0.350877193,0.289855072,0.432835821,0,0,0,0,0,0,0,0,0
STK20262272,0.311688312,1,0.405529954,0,0,0,0,0,0,0,0,1,1,0,0.412280702,0.405797101,0.253731343,0,0,0,0,0,0,1,1,0
STK20262273,0.766233766,1,0.313364055,1,0,0,0,0,0,0,0,0,0,0,0.666666667,0.507246377,0.432835821,1,1,0,1,0,1,1,0,1
STK20262274,0.584415584,1,0.552995392,0,0,1,0,0,0,0,0,0,1,0,0.307017544,0.565217391,0.358208955,0,0,0,0,0,1,1,0,1
STK20262275,0.376623377,0,0.221198157,0,0,0,0,0,0,0,0,1,0,1,0.5,0.362318841,0.089552239,0,0,0,0,0,0,0,0,0
STK20262276,0.194805195,1,0.511520737,0,0,0,0,0,0,0,0,0,0,0,0.114035088,0.376811594,0.432835821,0,0,0,0,0,0,0,0,0
STK20262277,0.532467532,1,0.66359447,0,0,0,0,0,0,0,0,0,0,0,0.394736842,0.463768116,0.492537313,0,0,0,0,1,0,0,0,0
STK20262278,0.805194805,0,0.34562212,1,0,1,0,0,0,0,0,0,0,0,0.640350877,0.826086957,0.179104478,1,0,1,0,0,0,1,1,1
STK20262279,0.792207792,1,0.350230415,0,0,1,0,0,0,0,0,0,0,0,0.614035088,0.579710145,0.388059701,0,0,1,0,0,0,0,0,0
STK20262280,0.376623377,1,0.612903226,0,0,0,0,0,0,0,0,0,0,0,0.350877193,0.449275362,0.492537313,0,0,0,0,0,0,0,0,0
STK20262281,0.688311688,0,0.608294931,0,0,0,0,0,0,0,0,0,0,0,0.614035088,0.565217391,0.597014925,0,0,0,0,0,0,0,0,0
STK20262282,0.350649351,1,0.373271889,0,0,0,0,0,0,0,0,0,0,0,0.315789474,0.405797101,0.149253731,0,0,1,0,0,1,0,0,0
STK20262283,0.220779221,0,0.428571429,0,0,0,0,0,0,0,0,1,0,0,0.315789474,0.217391304,0.417910448,0,0,0,0,0,0,0,0,0
STK20262284,0.805194805,0,0.405529954,1,0,1,0,0,0,0,0,1,0,0,0.561403509,0.608695652,0.343283582,1,1,1,0,1,0,0,0,1
STK20262285,0.220779221,0,0,0,0,0,0,0,0,0,0,0,1,0,0,0.492753623,0.328358209,0,0,0,0,0,0,0,0,0
STK20262286,0.519480519,1,0.728110599,0,0,0,0,0,0,1,0,0,0,0,0.298245614,0.246376812,0.47761194,1,0,1,0,0,0,0,1,1
STK20262287,0.324675325,1,0.66359447,0,0,0,0,0,0,0,0,0,0,0,0.377192982,0.275362319,0.358208955,0,0,0,1,0,0,0,0,0
STK20262288,0.454545455,0,0.65437788,0,0,0,0,0,0,0,0,0,0,0,0.324561404,0.333333333,0.432835821,0,0,0,0,0,0,0,0,0
STK20262289,0.506493506,0,0.502304147,0,0,0,0,0,0,0,0,0,0,0,0.271929825,0.47826087,0.432835821,0,0,0,0,0,0,0,0,0
STK20262290,0.675324675,0,0.709677419,0,0,1,0,0,0,0,1,0,0,0,0.526315789,0.463768116,0.373134328,0,1,0,1,0,0,1,0,1
STK20262291,0.493506494,1,0.529953917,0,0,1,0,0,0,0,0,1,1,0,0.219298246,0.376811594,0.28358209,0,0,0,0,0,1,1,0,1
STK20262292,0.935064935,1,0.405529954,1,0,1,0,0,0,0,0,1,0,0,0.938596491,0.666666667,0.313432836,1,0,1,0,0,0,0,0,1
STK20262293,0.428571429,0,0.400921659,0,0,0,0,0,0,0,0,0,0,1,0.315789474,0.608695652,0.417910448,1,1,1,0,0,1,1,1,1
STK20262294,0.376623377,0,0.442396313,0,0,1,0,0,0,0,0,0,0,0,0.394736842,0.623188406,0.388059701,0,0,0,0,0,0,0,0,0
STK20262295,0.402597403,1,0.552995392,0,0,0,0,0,0,0,0,0,1,0,0.359649123,0.347826087,0.194029851,0,0,0,0,0,0,0,0,0
STK20262296,0.597402597,1,0.3640553,0,1,0,0,0,0,0,0,0,0,0,0.552631579,0.507246377,0.402985075,0,0,0,0,0,0,0,0,0
STK20262297,0.805194805,0,0.221198157,1,0,0,0,0,0,0,0,0,0,0,0.48245614,0.753623188,0.373134328,0,1,0,0,1,1,0,0,1
STK20262298,0.701298701,1,0.419354839,0,0,1,0,0,0,0,0,0,0,1,0.385964912,0.420289855,0.417910448,0,0,0,0,0,0,0,0,0
STK20262299,0.376623377,1,0.594470046,0,0,0,0,0,0,0,0,0,1,0,0.289473684,0.52173913,0.507462687,0,0,0,0,0,0,0,0,0
STK20262300,0.987012987,1,0.668202765,1,1,0,0,0,1,1,0,0,0,0,0.666666667,0.753623188,0.447761194,1,0,0,0,0,0,1,1,2
STK20262301,0.25974026,1,0.470046083,1,0,0,0,0,0,0,0,0,0,0,0.412280702,0.52173913,0.313432836,0,0,0,0,0,0,0,0,0
STK20262302,0.831168831,1,0.497695853,1,0,1,0,0,0,0,0,0,0,1,0.684210526,0.507246377,0.537313433,1,1,1,0,0,0,0,1,1
STK20262303,0.155844156,1,0.410138249,0,0,0,0,0,0,0,0,0,0,0,0.078947368,0.449275362,0.447761194,0,0,0,0,0,0,0,0,0
STK20262304,0.779220779,1,0.589861751,0,0,0,0,0,1,0,0,0,0,0,0.649122807,0.463768116,0.268656716,1,0,0,0,0,0,0,0,1
STK20262305,0.623376623,1,0.179723502,0,0,0,0,0,0,0,0,0,0,0,0.780701754,0.231884058,0.373134328,1,0,0,0,0,0,0,0,0
STK20262306,0.545454545,0,0.658986175,0,0,0,0,0,0,0,0,0,0,0,0.48245614,0.333333333,0.358208955,0,0,0,0,0,0,0,0,0
STK20262307,0.766233766,0,0.267281106,1,0,0,0,0,0,0,0,0,0,0,0.561403509,0.637681159,0.656716418,0,1,1,1,0,1,0,0,1
STK20262308,0.493506494,1,0.313364055,0,0,0,0,0,0,0,0,0,0,0,0.377192982,0.405797101,0.343283582,0,0,0,0,0,0,0,0,0
STK20262309,0.12987013,1,0.202764977,0,0,0,0,0,0,0,0,0,1,0,0.201754386,0.130434783,0.149253731,0,0,0,0,1,1,0,0,1
STK20262310,0.467532468,0,0.566820276,0,0,0,0,0,0,0,0,0,0,0,0.49122807,0.507246377,0.388059701,0,0,0,0,0,0,0,0,0
STK20262311,0.428571429,1,0.774193548,0,0,0,0,0,0,0,0,0,0,0,0.473684211,0.492753623,0.47761194,0,0,0,0,0,0,0,0,0
STK20262312,0.61038961,1,0.589861751,0,0,1,0,0,0,0,0,0,1,1,0.377192982,0.608695652,0.268656716,1,1,0,0,0,0,1,1,1
STK20262313,0.207792208,0,0.33640553,0,0,0,0,0,0,0,0,0,0,0,0.271929825,0.391304348,0.313432836,0,1,0,0,0,1,0,0,0
STK20262314,0.636363636,0,0.230414747,0,0,1,0,0,0,0,0,1,0,0,0.535087719,0.47826087,0.402985075,0,0,0,0,0,0,0,0,0
STK20262315,0.805194805,0,0.552995392,0,0,0,0,0,0,0,0,1,0,0,0.614035088,0.579710145,0.432835821,1,0,1,1,0,0,0,0,1
STK20262316,0.350649351,0,0.341013825,1,0,0,0,0,0,0,0,0,0,0,0.543859649,0.710144928,0.208955224,0,0,0,0,0,0,0,0,0
STK20262317,0.493506494,1,0.373271889,0,0,1,0,0,0,0,0,0,0,0,0.263157895,0.52173913,0.328358209,0,0,0,0,0,0,0,0,0
STK20262318,0.428571429,1,0.239631336,0,0,0,0,0,0,0,0,0,0,0,0.394736842,0.550724638,0.656716418,0,0,0,0,0,0,0,0,0
STK20262319,0.363636364,1,0.373271889,0,0,0,0,0,0,0,0,0,1,0,0.271929825,0.391304348,0.701492537,0,0,1,0,0,0,0,0,0
STK20262320,0.558441558,0,0.276497696,0,0,0,0,0,0,0,0,1,0,1,0.350877193,0.405797101,0.582089552,0,0,0,0,0,0,0,0,0
STK20262321,0.961038961,1,0.465437788,0,0,0,0,1,1,0,0,1,0,1,0.5,0.550724638,0.417910448,0,1,0,0,1,0,0,1,2
STK20262322,0.506493506,0,0.589861751,0,0,0,0,0,0,0,0,0,0,0,0.342105263,0.594202899,0.358208955,0,0,0,0,0,0,0,0,0
STK20262323,0.38961039,0,0.847926267,0,0,0,0,0,0,0,0,0,0,0,0.131578947,0.492753623,0.23880597,0,0,0,0,0,0,0,0,0
STK20262324,0.454545455,1,0.202764977,0,0,0,0,0,0,0,0,0,0,0,0.350877193,0.449275362,0.298507463,0,0,0,0,0,0,0,0,0
STK20262325,0.467532468,0,0.341013825,0,0,0,0,0,0,0,0,0,0,0,0.166666667,0.246376812,0.328358209,0,0,0,0,0,0,0,0,0
STK20262326,0.311688312,1,0.520737327,0,0,1,0,0,0,0,0,1,0,0,0.210526316,0.449275362,0.52238806,0,0,0,0,0,0,0,0,0
STK20262327,0.584415584,0,0.603686636,1,1,1,0,0,0,0,0,0,0,0,0.622807018,0.550724638,0.582089552,0,0,1,0,1,1,1,0,1
STK20262328,0.922077922,1,0.580645161,1,1,0,0,1,1,1,0,0,0,0,0.833333333,0.52173913,0.447761194,0,1,1,0,0,0,0,0,1
STK20262329,0.558441558,1,0.32718894,1,0,0,0,0,0,0,0,0,0,0,0.51754386,0.536231884,0.432835821,0,0,0,0,0,0,0,0,0
STK20262330,0.506493506,1,0.313364055,0,0,0,0,0,0,0,0,0,0,0,0.192982456,0.52173913,0.164179104,0,0,0,0,0,0,0,1,0
STK20262331,0.701298701,0,0.34562212,1,0,1,0,0,0,0,0,1,0,0,0.657894737,0.710144928,0.23880597,1,1,0,0,0,0,0,0,1
STK20262332,0.571428571,1,0.778801843,0,0,0,0,0,0,0,0,0,0,0,0.342105263,0.31884058,0.507462687,0,0,0,0,0,1,1,0,1
STK20262333,0.701298701,1,0.382488479,0,0,0,0,0,0,0,0,1,0,0,0.350877193,0.391304348,0.358208955,0,0,0,0,1,0,0,0,0
STK20262334,0.805194805,1,0.437788018,1,0,0,0,0,0,0,0,0,0,0,0.526315789,0.724637681,0.417910448,1,1,0,0,1,0,1,1,1
STK20262335,0.753246753,0,0.506912442,1,0,0,0,0,0,0,0,1,0,1,0.728070175,0.536231884,0.417910448,1,0,1,0,0,1,1,1,1
STK20262336,0.337662338,1,0.552995392,0,0,0,0,0,0,0,0,0,0,0,0.412280702,0.47826087,0.208955224,0,0,0,0,0,0,0,0,0
STK20262337,1,1,0.31797235,0,1,0,0,1,0,0,0,0,0,0,0.657894737,0.565217391,0.52238806,0,1,0,1,0,0,0,1,1
STK20262338,0.688311688,1,0.30875576,1,1,0,0,0,0,0,0,0,0,0,0.622807018,0.52173913,0.537313433,1,0,0,1,0,1,0,0,1
STK20262339,0.636363636,0,0.419354839,1,0,0,0,0,1,0,0,1,0,0,0.780701754,0.652173913,0.835820896,0,1,1,0,0,0,1,0,1
STK20262340,0.714285714,0,0.382488479,0,0,0,0,0,0,0,0,0,0,0,0.464912281,0.376811594,0.417910448,0,0,0,0,0,0,0,0,0
STK20262341,0.272727273,1,0.299539171,0,0,0,0,0,0,0,0,0,0,0,0.175438596,0.463768116,0.358208955,0,0,0,0,0,0,0,0,0
STK20262342,0.571428571,0,0.921658986,0,0,0,0,0,0,0,0,0,0,0,0.385964912,0.405797101,0.388059701,1,0,0,0,0,0,0,0,1
STK20262343,0.766233766,0,0.276497696,1,0,0,0,0,0,0,0,0,0,0,0.649122807,0.463768116,0.52238806,0,1,1,0,0,1,0,0,1
STK20262344,0.61038961,0,0.529953917,0,0,0,0,0,0,0,0,0,0,0,0.447368421,0.47826087,0.373134328,0,0,0,0,0,0,0,0,0
STK20262345,0.688311688,0,0.271889401,1,0,0,0,0,1,0,0,0,0,0,0.429824561,0.579710145,0.328358209,0,0,1,0,0,1,1,0,1
STK20262346,0.376623377,1,0.368663594,0,0,1,0,0,0,0,0,0,1,0,0.333333333,0.449275362,0.432835821,0,0,0,0,1,0,0,0,0
STK20262347,0.532467532,0,0.34562212,0,0,0,0,0,0,0,0,0,0,0,0.50877193,0.492753623,0.492537313,0,0,0,0,0,0,0,0,0
STK20262348,0.402597403,0,0.304147465,1,0,0,0,0,0,0,0,0,0,0,0.526315789,0.594202899,0.194029851,0,0,0,0,0,0,0,0,0
STK20262349,0.61038961,0,0.889400922,0,0,0,1,0,0,0,0,0,0,1,0.149122807,0.565217391,0.492537313,0,1,1,0,0,1,0,0,1
STK20262350,0.948051948,1,0.700460829,1,1,1,0,0,0,0,0,0,0,1,0.543859649,0.579710145,0.358208955,0,1,0,0,0,0,1,0,1
STK20262351,0.987012987,0,0.244239631,1,0,0,0,0,0,0,0,0,0,0,0.622807018,0.550724638,0.432835821,1,0,0,0,0,1,0,1,1
STK20262352,0.480519481,1,0.483870968,0,0,0,0,0,0,0,0,0,0,0,0.149122807,0.420289855,0.298507463,0,0,0,0,0,0,0,0,0
STK20262353,0.74025974,0,0.225806452,0,0,1,0,0,0,0,0,1,0,0,0.377192982,0.449275362,0.507462687,0,0,0,0,0,0,0,0,0
STK20262354,1,0,0.585253456,1,0,0,0,0,1,0,1,1,0,0,0.631578947,0.637681159,0.462686567,1,1,1,0,0,1,0,1,1
STK20262355,0,1,0.677419355,0,0,0,0,0,0,0,0,0,0,1,0.403508772,0.420289855,0.179104478,0,0,0,0,0,0,0,0,0
STK20262356,0.675324675,0,0.165898618,0,0,0,0,0,0,0,0,0,0,0,0.447368421,0.550724638,0.462686567,0,0,0,0,0,1,0,0,0
STK20262357,0.74025974,1,0.497695853,1,0,0,1,0,0,0,0,1,1,0,0.701754386,0.536231884,0.447761194,1,1,0,1,0,0,1,1,1
STK20262358,0.597402597,0,0.626728111,0,0,1,0,0,0,0,0,0,0,1,0.48245614,0.202898551,0.388059701,1,0,1,0,0,0,1,1,1
STK20262359,0.467532468,1,0.285714286,0,0,0,0,0,0,0,0,0,1,0,0.359649123,0.101449275,0.432835821,0,0,0,0,0,0,0,0,0
STK20262360,0.467532468,1,0.184331797,0,0,0,0,0,0,0,0,0,1,0,0.254385965,0.246376812,0.149253731,0,0,0,0,0,0,0,0,0
STK20262361,0.415584416,1,0.331797235,0,0,1,0,0,0,0,0,0,0,0,0.359649123,0.550724638,0.223880597,0,0,0,0,0,0,0,0,0
STK20262362,0.142857143,0,0.405529954,0,0,0,0,0,0,0,0,0,0,0,0.263157895,0.594202899,0.059701493,0,0,0,0,0,1,0,0,0
STK20262363,0.480519481,1,0.230414747,1,0,0,0,0,0,0,0,0,0,0,0.421052632,0.565217391,0.597014925,0,0,0,0,0,0,0,0,0
STK20262364,0.623376623,1,0.69124424,0,1,0,0,0,0,0,0,1,0,0,0.552631579,0.579710145,0.149253731,0,1,1,1,0,0,0,1,1
STK20262365,0.662337662,0,0.35483871,0,1,0,0,0,1,0,0,0,1,0,0.631578947,0.594202899,0.328358209,1,0,0,0,0,1,1,1,1
STK20262366,0.61038961,1,0.428571429,1,0,0,0,0,0,0,0,1,1,1,0.570175439,0.637681159,0.417910448,0,0,1,1,0,0,0,0,2
STK20262367,0.376623377,0,0.281105991,0,0,0,0,0,0,0,0,0,0,0,0.350877193,0.68115942,0.447761194,0,0,0,0,0,0,0,0,0
STK20262368,0.571428571,1,0.396313364,0,1,0,0,0,0,0,0,1,0,0,0.368421053,0.31884058,0.47761194,0,0,0,0,0,0,0,0,0
STK20262369,0.584415584,0,0.437788018,0,0,0,0,0,0,0,0,1,0,0,0.228070175,0.507246377,0.358208955,0,0,0,0,0,0,0,0,0
STK20262370,0.428571429,0,0.442396313,1,0,1,0,0,0,0,0,0,0,0,0.377192982,0.550724638,0.208955224,0,0,0,0,1,0,1,1,2
STK20262371,0.636363636,1,0.442396313,0,0,0,0,0,0,0,0,1,1,0,0.50877193,0.47826087,0.343283582,1,0,1,0,0,1,1,0,1
STK20262372,0.506493506,1,0.423963134,0,0,0,0,1,0,0,0,1,0,0,0.464912281,0.31884058,0.417910448,0,0,0,0,0,0,0,0,0
STK20262373,0.454545455,0,0.603686636,1,0,0,0,0,0,0,0,0,0,0,0.412280702,0.84057971,0.582089552,1,1,1,0,0,0,0,1,1
STK20262374,0.805194805,0,0.428571429,0,0,0,0,1,0,0,0,0,0,0,0.166666667,0.362318841,0.47761194,0,0,1,0,0,0,0,1,0
STK20262375,0.415584416,0,0.456221198,1,0,0,0,0,0,0,0,0,0,0,0.412280702,0.768115942,0.611940299,0,0,1,0,0,0,0,0,0
STK20262376,0.519480519,0,0.423963134,0,1,0,0,0,0,0,0,0,0,0,0.280701754,0.202898551,0.462686567,0,0,0,0,0,0,0,1,0
STK20262377,0.844155844,1,0.520737327,0,1,1,0,0,0,0,0,0,0,0,0.728070175,0.347826087,0.402985075,1,1,0,0,0,0,0,1,1
STK20262378,0.415584416,1,0.221198157,0,0,0,0,0,0,0,0,1,0,0,0.105263158,0.47826087,0.417910448,0,0,0,0,0,0,0,0,0
STK20262379,0.415584416,1,0.649769585,0,0,0,0,0,0,0,0,0,0,1,0.412280702,0.391304348,0.432835821,0,1,0,0,0,0,0,0,0
STK20262380,0.428571429,1,0.156682028,0,0,0,0,0,0,0,0,0,1,0,0.149122807,0.304347826,0.462686567,0,0,0,0,0,0,0,0,0
STK20262381,0.272727273,0,0.313364055,1,0,0,0,0,0,0,0,0,0,0,0.368421053,0.463768116,0.447761194,0,0,0,0,0,0,0,0,0
STK20262382,0.597402597,1,0.216589862,0,0,0,0,0,0,0,0,0,1,0,0.587719298,0.47826087,0.432835821,0,0,0,0,1,0,0,0,0
STK20262383,0.545454545,0,0.709677419,0,0,1,0,0,0,0,0,0,0,0,0.377192982,0.579710145,0.447761194,1,0,1,0,0,1,1,0,1
STK20262384,0.922077922,0,0.419354839,0,0,1,1,0,0,0,1,0,0,0,0.48245614,0.608695652,0.28358209,0,1,1,0,0,1,0,1,2
STK20262385,0.623376623,0,0.221198157,0,0,0,0,0,0,1,0,0,0,0,0.359649123,0.463768116,0.432835821,0,0,0,0,0,0,0,0,0
STK20262386,0.961038961,0,0.267281106,0,0,1,1,0,1,0,0,1,0,1,0.535087719,0.579710145,0.611940299,1,0,0,0,0,1,0,1,1
STK20262387,0.233766234,1,0.539170507,0,0,0,0,0,0,0,0,0,0,0,0.333333333,0.652173913,0.432835821,0,0,0,0,0,0,0,0,0
STK20262388,0.519480519,1,0.599078341,0,0,0,0,0,0,0,0,1,0,0,0.307017544,0.492753623,0.447761194,0,0,0,0,0,0,1,0,0
STK20262389,0.350649351,0,0.760368664,1,0,0,0,0,0,0,0,0,0,0,0.333333333,0.420289855,0.492537313,1,0,1,1,1,0,1,0,1
STK20262390,0.532467532,0,0.073732719,0,0,1,0,0,0,0,0,0,0,0,0.377192982,0.449275362,0.507462687,0,0,0,0,0,0,0,1,0
STK20262391,0.233766234,0,0.391705069,0,0,0,0,0,0,0,0,0,0,0,0.210526316,0.333333333,0.358208955,1,0,0,0,0,0,0,0,0
STK20262392,0.428571429,1,0.350230415,0,0,1,0,0,0,0,0,0,0,0,0.201754386,0.347826087,0.671641791,0,0,0,0,0,0,0,0,0
STK20262393,0.506493506,1,0.820276498,0,0,0,0,0,0,0,0,0,0,0,0.342105263,0.434782609,0.447761194,1,1,1,0,1,0,0,1,1
STK20262394,0.818181818,1,0.267281106,0,0,1,0,0,0,0,0,0,1,1,0.438596491,0.47826087,0.373134328,0,1,1,1,0,0,0,0,1
STK20262395,0.74025974,0,0.096774194,1,0,1,0,0,0,0,0,0,0,0,0.640350877,0.594202899,0.582089552,0,1,0,0,1,0,1,0,2
STK20262396,0.805194805,1,0.497695853,0,0,0,0,0,0,0,0,0,0,1,0.377192982,0.420289855,0.402985075,0,1,1,0,1,1,0,1,1
STK20262397,0.467532468,1,0.677419355,0,0,0,0,0,0,0,0,0,0,0,0.561403509,0.333333333,0.47761194,0,0,0,0,0,0,0,0,0
STK20262398,0.337662338,1,0.585253456,0,0,0,0,0,0,0,0,0,1,0,0.49122807,0.347826087,0.417910448,0,0,0,0,0,0,0,0,0
STK20262399,0.493506494,0,0.377880184,1,0,0,0,0,0,0,0,0,0,0,0.535087719,0.52173913,0.298507463,0,0,0,0,0,0,0,0,0
STK20262400,0.480519481,0,0.502304147,0,0,0,0,0,1,0,0,1,0,0,0.350877193,0.463768116,0.47761194,0,0,0,0,0,0,0,0,0
STK20262401,0.896103896,1,0.267281106,1,1,0,0,0,1,0,0,1,0,1,0.868421053,0.507246377,0.343283582,0,0,0,0,0,0,0,0,1
STK20262402,0.363636364,1,0.188940092,0,0,0,0,0,0,0,0,0,1,0,0.122807018,0.376811594,0.52238806,0,0,0,0,0,0,0,0,0
STK20262403,0.675324675,1,0.414746544,1,0,0,0,0,0,0,0,0,0,1,0.596491228,0.463768116,0.432835821,1,1,1,0,0,1,0,0,1
STK20262404,0.272727273,0,0.253456221,0,0,0,0,0,0,0,0,0,0,0,0,0.31884058,0.462686567,0,0,0,0,0,0,0,0,0
STK20262405,0.376623377,1,0.576036866,0,1,0,0,0,0,0,0,0,1,0,0.464912281,0.579710145,0.104477612,1,0,0,0,0,1,0,0,1
STK20262406,0.532467532,1,0.262672811,0,0,0,0,0,0,0,0,0,0,0,0.078947368,0.347826087,0.28358209,0,0,0,0,0,0,0,0,0
STK20262407,0.467532468,1,0.359447005,0,1,0,0,0,0,0,0,0,0,0,0.280701754,0.362318841,0.582089552,0,0,0,0,0,0,0,0,0
STK20262408,0.441558442,1,0.359447005,0,0,0,0,0,0,0,0,0,0,0,0.175438596,0.31884058,0.417910448,0,0,0,0,0,0,0,0,0
STK20262409,0.246753247,1,0.447004608,0,0,0,0,0,0,0,0,0,0,1,0.50877193,0.405797101,0.23880597,0,0,0,0,0,0,0,0,0
STK20262410,0.090909091,0,0.516129032,0,0,0,0,0,0,0,0,0,0,0,0.035087719,0.449275362,0.313432836,0,0,0,0,0,0,0,0,0
STK20262411,0.532467532,1,0.658986175,0,0,1,0,0,0,0,0,1,0,0,0.114035088,0.637681159,0.268656716,0,0,0,0,0,0,0,0,0
STK20262412,0.688311688,0,0.322580645,0,0,0,0,0,0,0,0,0,0,0,0.50877193,0.260869565,0.567164179,0,0,0,0,0,0,0,0,0
STK20262413,0.857142857,0,0.442396313,1,1,0,0,0,1,0,0,0,0,0,0.833333333,0.739130435,0.686567164,1,0,0,0,1,1,1,1,2
STK20262414,0.506493506,1,0.603686636,1,0,1,0,0,0,0,0,0,0,0,0.412280702,0.594202899,0.223880597,0,1,1,1,0,1,1,0,1
STK20262415,0.428571429,1,0.834101382,0,0,0,0,0,0,0,0,0,0,0,0.403508772,0.362318841,0.447761194,0,0,0,0,0,0,0,0,0
STK20262416,0.597402597,1,0.188940092,0,0,1,0,0,0,0,0,0,0,1,0.48245614,0.289855072,0.253731343,0,0,0,0,0,0,0,0,0
STK20262417,0.61038961,0,0.474654378,1,1,0,0,0,0,0,0,0,0,0,0.719298246,0.608695652,0.671641791,1,1,0,0,0,0,0,1,1
STK20262418,0.415584416,1,0.437788018,1,0,0,0,0,0,0,0,0,0,1,0.48245614,0.463768116,0.298507463,0,0,0,0,0,0,0,1,0
STK20262419,0.61038961,0,0.175115207,0,0,0,0,0,0,0,1,0,0,0,0.456140351,0.536231884,0.47761194,0,0,0,0,0,0,0,0,0
STK20262420,0.571428571,1,0.451612903,0,0,1,0,0,0,0,0,0,0,0,0.394736842,0.507246377,0.313432836,0,0,0,0,0,0,0,0,0
STK20262421,0.584415584,1,0.940092166,0,0,0,0,0,0,0,0,0,0,0,0.50877193,0.376811594,0.492537313,1,1,0,0,1,1,0,1,2
STK20262422,0.519480519,1,0.493087558,0,0,0,0,0,0,0,0,0,0,0,0.403508772,0.579710145,0.447761194,0,0,0,0,0,0,0,0,0
STK20262423,0.831168831,0,0.391705069,0,0,0,0,0,0,0,0,0,0,0,0.578947368,0.434782609,0.432835821,0,0,0,0,0,0,0,0,0
STK20262424,0.714285714,1,0.6359447,1,0,0,0,0,0,0,0,0,0,1,0.859649123,0.710144928,0.373134328,1,1,1,0,0,0,1,0,1
STK20262425,0.714285714,1,0.225806452,0,0,1,0,0,0,0,0,0,0,0,0.377192982,0.550724638,0.462686567,0,0,0,0,0,0,0,0,0
STK20262426,0.688311688,0,0.419354839,0,1,0,0,0,0,0,0,0,0,0,0.666666667,0.347826087,0.626865672,0,0,0,0,0,0,0,0,0
STK20262427,0.662337662,0,0.460829493,0,0,1,0,0,0,0,0,0,0,0,0.403508772,0.52173913,0.447761194,0,0,0,0,0,0,0,0,0
STK20262428,0.649350649,1,0.6359447,0,0,0,0,0,0,0,0,0,0,0,0.438596491,0.565217391,0.402985075,0,0,0,0,0,0,0,0,0
STK20262429,0.87012987,0,0.465437788,1,0,0,0,0,0,0,0,1,0,0,0.543859649,0.753623188,0.47761194,1,1,1,0,0,1,0,1,1
STK20262430,0.415584416,1,0.640552995,0,1,0,0,0,0,0,0,0,0,0,0.412280702,0.492753623,0.134328358,0,0,0,0,0,0,0,0,0
STK20262431,0.376623377,1,0.258064516,0,0,0,0,0,0,0,0,0,0,0,0.192982456,0.550724638,0.298507463,0,0,0,0,1,1,0,0,0
STK20262432,0.636363636,1,0.543778802,0,0,0,0,0,0,0,0,0,0,1,0.219298246,0.492753623,0.358208955,0,0,0,0,0,0,0,0,0
STK20262433,0.727272727,0,0,0,1,0,0,0,0,0,0,0,0,0,0.587719298,0.434782609,0.52238806,0,0,0,0,1,1,0,0,0
STK20262434,0.441558442,0,0.428571429,0,0,0,0,0,0,0,0,0,0,0,0.263157895,0.550724638,0.298507463,0,0,0,0,0,0,0,0,0
STK20262435,1,0,0.382488479,0,1,1,0,0,0,0,0,0,0,0,0.535087719,0.608695652,0.223880597,0,1,0,0,0,0,0,0,1
STK20262436,0.61038961,1,0.313364055,0,0,0,0,0,0,1,0,0,0,0,0.596491228,0.362318841,0.402985075,0,0,0,1,0,1,0,0,0
STK20262437,0.688311688,1,0.520737327,0,0,1,0,0,0,0,0,0,1,0,0.228070175,0.463768116,0.358208955,1,0,1,0,0,0,1,0,1
STK20262438,0.519480519,1,0.525345622,0,0,0,0,0,0,0,0,0,1,0,0.236842105,0.492753623,0.641791045,0,1,0,0,0,0,0,1,0
STK20262439,0.155844156,1,0.313364055,0,0,0,0,0,0,0,0,1,0,1,0.324561404,0.347826087,0.23880597,0,0,0,0,0,0,0,0,0
STK20262440,0.688311688,0,0.829493088,0,0,0,0,0,0,0,0,0,0,0,0.236842105,0.289855072,0.313432836,0,1,1,0,0,0,0,0,1
STK20262441,0.584415584,0,0.281105991,0,0,0,0,0,0,0,0,1,0,1,0.710526316,0.434782609,0.417910448,0,0,0,0,0,0,0,0,0
STK20262442,0.38961039,0,0.483870968,0,0,1,0,0,0,0,0,1,0,0,0.254385965,0.405797101,0.537313433,0,0,0,0,0,0,0,0,0
STK20262443,0.480519481,0,0.211981567,0,0,0,0,0,0,0,0,0,0,0,0.377192982,0.463768116,0.223880597,0,0,0,0,0,0,0,1,0
STK20262444,0.363636364,1,0.460829493,0,0,0,0,0,0,0,0,0,0,0,0.228070175,0.47826087,0.358208955,0,0,0,0,0,0,0,0,0
STK20262445,0.805194805,1,0.253456221,0,1,0,0,0,0,1,0,0,0,0,0.464912281,0.492753623,0.671641791,0,1,0,0,0,1,1,1,1
STK20262446,0.311688312,1,0.382488479,1,0,0,0,0,0,0,0,0,1,1,0.48245614,0.347826087,0.626865672,0,0,0,0,0,0,0,0,0
STK20262447,0.701298701,0,0.350230415,0,0,0,0,0,0,0,0,1,0,0,0.649122807,0.405797101,0.611940299,0,1,0,0,0,0,0,0,0
STK20262448,0.623376623,1,0.746543779,0,0,0,0,0,0,0,0,0,0,0,0.429824561,0.637681159,0.641791045,0,0,1,0,1,0,0,0,2
STK20262449,0.662337662,1,0.396313364,1,0,0,0,0,0,0,0,0,0,0,0.666666667,0.536231884,0.28358209,0,1,0,0,0,0,1,0,2
STK20262450,0.558441558,0,0.511520737,0,0,0,0,0,0,0,0,0,0,0,0.394736842,0.463768116,0.298507463,0,0,0,0,0,0,1,0,0
STK20262451,0.571428571,1,0.626728111,0,0,0,0,0,0,0,0,0,0,1,0.149122807,0.362318841,0.388059701,0,0,0,0,0,1,1,0,0
STK20262452,0.311688312,1,0.313364055,1,0,0,0,0,0,0,0,0,0,0,0.421052632,0.507246377,0.462686567,0,0,0,0,0,0,0,0,0
STK20262453,0.701298701,1,0.566820276,0,0,1,0,0,0,0,0,1,0,0,0.473684211,0.47826087,0.313432836,1,0,1,1,0,0,0,1,1
STK20262454,0.558441558,0,0.474654378,0,0,0,0,0,0,0,0,0,0,0,0.307017544,0.565217391,0.358208955,0,0,0,0,0,0,0,0,0
STK20262455,0.038961039,1,0.34562212,0,0,0,0,0,0,0,0,0,0,0,0.087719298,0.31884058,0.268656716,0,0,0,0,0,0,0,0,0
STK20262456,0.350649351,1,0.387096774,0,0,0,0,0,0,0,0,0,0,1,0.228070175,0.449275362,0.417910448,0,0,0,0,0,0,0,0,0
STK20262457,0.61038961,1,0.138248848,1,0,1,0,0,0,0,0,1,0,0,0.596491228,0.68115942,0.567164179,0,0,0,0,0,1,0,1,1
STK20262458,0.428571429,0,0.414746544,1,0,0,0,0,0,0,0,0,0,0,0.719298246,0.565217391,0.641791045,0,0,0,0,1,0,0,0,0
STK20262459,0.233766234,1,0.502304147,0,0,0,0,0,0,0,0,1,0,0,0.140350877,0.347826087,0.388059701,0,0,0,0,0,0,0,0,0
STK20262460,0.324675325,1,0.400921659,0,0,0,0,0,0,0,0,1,1,0,0.298245614,0.492753623,0.432835821,0,0,0,0,0,0,0,0,0
STK20262461,0.337662338,0,0.594470046,0,0,0,0,0,0,0,0,0,0,0,0.263157895,0.594202899,0.447761194,0,0,0,0,0,0,0,0,0
STK20262462,0.506493506,0,0.470046083,0,0,0,0,0,0,0,0,1,0,0,0.122807018,0.362318841,0.179104478,0,1,0,0,0,0,0,0,0
STK20262463,0.727272727,1,0.658986175,0,1,0,0,0,0,1,0,0,1,0,0.456140351,0.31884058,0.52238806,1,0,0,0,0,1,1,0,1
STK20262464,0.558441558,0,0.350230415,1,0,0,0,0,0,0,0,0,0,0,0.48245614,0.666666667,0.343283582,0,0,0,0,0,0,0,0,0
STK20262465,0.61038961,0,0.608294931,1,0,0,0,0,0,1,0,0,0,0,0.412280702,0.710144928,0.313432836,0,1,0,0,0,0,0,0,1
STK20262466,0.324675325,1,0.649769585,0,0,0,0,0,0,0,0,0,0,0,0.324561404,0.31884058,0.417910448,0,0,0,0,0,0,0,0,0
STK20262467,0.766233766,0,0.387096774,0,0,1,0,1,0,0,0,0,1,0,0.561403509,0.565217391,0.462686567,1,0,0,0,0,0,0,1,1
STK20262468,0.467532468,1,0.377880184,0,0,0,0,0,0,0,0,0,0,1,0.236842105,0.376811594,0.402985075,0,0,0,0,0,0,0,0,0
STK20262469,0.558441558,1,0.751152074,0,0,1,0,1,0,0,0,0,0,0,0.333333333,0.492753623,0.417910448,1,0,0,0,1,0,1,0,2
STK20262470,0.649350649,1,0.534562212,0,0,0,0,0,0,0,0,0,0,0,0.377192982,0.31884058,0.582089552,0,0,0,0,0,0,0,0,0
STK20262471,0.545454545,0,0.368663594,0,0,0,0,0,0,0,0,0,0,0,0.324561404,0.463768116,0.343283582,0,0,0,0,0,0,0,0,0
STK20262472,0.506493506,1,0.423963134,0,1,0,0,0,0,0,0,1,0,1,0.675438596,0.536231884,0.417910448,0,0,0,1,0,0,0,0,0
STK20262473,0.363636364,1,0.442396313,0,1,0,0,0,0,0,0,0,0,1,0.219298246,0.434782609,0.47761194,0,0,0,0,0,0,0,0,0
STK20262474,0.207792208,1,0.714285714,0,0,0,0,0,0,0,0,1,0,0,0.166666667,0.434782609,0.492537313,0,0,0,0,0,0,0,0,0
STK20262475,0.350649351,1,0.774193548,0,0,0,0,0,0,0,0,0,0,1,0.447368421,0.507246377,0.552238806,0,0,0,0,0,0,0,0,0
STK20262476,0.506493506,1,0.474654378,0,0,0,0,0,0,0,0,0,0,0,0.298245614,0.420289855,0.328358209,0,0,0,0,0,0,0,1,0
STK20262477,0.766233766,0,0.442396313,0,1,1,0,0,0,0,0,0,0,0,0.456140351,0.550724638,0.28358209,0,0,1,1,0,0,0,0,1
STK20262478,0.480519481,1,0.6359447,1,0,0,0,0,0,0,0,1,1,0,0.359649123,0.565217391,0.373134328,0,0,0,0,0,0,1,1,1
STK20262479,0.532467532,1,0.594470046,0,1,0,0,0,0,0,0,0,1,0,0.412280702,0.463768116,0.417910448,0,0,1,0,0,1,1,0,1
STK20262480,0.532467532,1,0.359447005,0,0,1,0,0,0,0,0,0,0,0,0.175438596,0.536231884,0.626865672,0,0,0,0,0,0,0,0,0
STK20262481,0.805194805,1,0.456221198,0,0,0,0,0,1,0,0,1,1,1,0.438596491,0.434782609,0.417910448,1,1,0,1,0,0,1,0,2
STK20262482,0.779220779,0,0.442396313,0,0,0,0,0,1,0,0,0,0,0,0.403508772,0.52173913,0.432835821,0,1,0,0,0,0,1,0,1
STK20262483,0.454545455,1,0.304147465,0,0,0,0,0,0,0,0,0,0,0,0.140350877,0.405797101,0.447761194,0,0,0,0,0,0,0,0,0
STK20262484,0.714285714,1,0.483870968,0,0,0,0,0,0,0,0,0,0,0,0.561403509,0.52173913,0.417910448,0,0,0,0,0,1,1,0,0
STK20262485,0.545454545,1,0.617511521,0,0,1,0,0,0,0,0,0,0,0,0.219298246,0.463768116,0.656716418,0,0,0,0,0,0,0,0,0
STK20262486,0.467532468,0,0.350230415,0,1,1,0,0,0,0,0,0,0,0,0.438596491,0.405797101,0.358208955,0,0,0,0,0,0,0,0,0
STK20262487,0.558441558,0,0.829493088,0,0,0,0,0,0,0,0,1,0,1,0.605263158,0.536231884,0.507462687,1,1,0,0,0,1,0,0,1
STK20262488,0.766233766,0,0.147465438,0,0,0,0,0,0,0,0,0,0,0,0.342105263,0.492753623,0.417910448,0,0,0,0,1,0,0,0,0
STK20262489,0.311688312,0,0.202764977,1,0,1,0,0,0,0,0,0,0,0,0.447368421,0.376811594,0.656716418,0,0,0,0,1,0,0,0,0
STK20262490,0.987012987,1,0.313364055,1,1,1,1,0,0,0,0,0,0,0,0.771929825,0.463768116,0.119402985,1,0,1,1,1,0,0,1,1
STK20262491,0.74025974,0,0.410138249,0,0,1,0,1,0,0,0,0,0,0,0.447368421,0.463768116,0.373134328,0,0,0,0,0,1,0,0,1
STK20262492,0.324675325,0,0.571428571,0,0,0,0,0,0,0,0,0,0,0,0.333333333,0.52173913,0.388059701,0,1,0,0,0,1,0,0,0
STK20262493,0.441558442,0,0.299539171,0,0,0,0,0,0,0,0,1,0,0,0.394736842,0.492753623,0.358208955,0,0,0,0,0,0,0,0,0
STK20262494,0.337662338,1,0.142857143,0,0,0,0,0,0,0,0,0,0,1,0.394736842,0.217391304,0.417910448,0,0,0,0,0,0,0,0,0
STK20262495,0.623376623,1,0.788018433,0,0,0,0,0,0,0,0,0,0,0,0.49122807,0.405797101,0.373134328,1,0,0,0,1,1,0,0,1
STK20262496,0.571428571,0,0.474654378,0,0,1,0,0,0,0,0,0,0,0,0.385964912,0.536231884,0.71641791,1,0,0,0,0,0,0,1,0
STK20262497,0.454545455,1,0.640552995,0,0,0,0,0,0,0,0,0,0,1,0.315789474,0.362318841,0.28358209,0,0,0,0,1,1,1,0,0
STK20262498,0.493506494,0,0.437788018,0,0,0,0,0,0,0,0,0,0,0,0.333333333,0.507246377,0.462686567,0,0,0,0,0,0,0,0,0
STK20262499,0.454545455,0,0.299539171,0,1,0,0,0,0,0,0,1,0,1,0.49122807,0.492753623,0.432835821,0,0,0,0,0,1,0,0,0
STK20262500,0.818181818,0,0.732718894,1,1,0,0,0,0,0,0,0,0,0,0.728070175,0.710144928,0.358208955,1,0,1,0,0,0,0,1,1
STK20262501,0.467532468,0,0.419354839,1,0,1,0,0,0,0,0,0,0,0,0.49122807,0.492753623,0.671641791,0,0,0,0,1,0,0,0,0
STK20262502,0.181818182,0,0.285714286,0,0,0,0,0,0,0,0,1,0,0,0.385964912,0.289855072,0.417910448,0,0,1,0,0,0,0,0,0
STK20262503,0.285714286,0,0.350230415,0,0,0,0,0,0,0,0,0,0,0,0.263157895,0.449275362,0.253731343,0,0,0,0,0,0,0,0,0
STK20262504,0.948051948,0,0.33640553,0,0,1,1,1,0,0,0,1,0,0,0.649122807,0.463768116,0.850746269,1,1,0,0,0,1,0,1,1
STK20262505,0.506493506,1,0.483870968,0,0,1,0,0,0,0,0,0,0,0,0.271929825,0.420289855,0.507462687,0,0,0,0,0,0,0,0,0
STK20262506,0.467532468,0,0.714285714,0,0,0,0,0,0,0,0,0,0,0,0.464912281,0.405797101,0.537313433,0,0,0,0,0,0,0,1,2
STK20262507,0.519480519,0,0.30875576,1,0,0,0,0,0,0,0,0,0,0,0.421052632,0.536231884,0.313432836,0,1,0,0,0,0,0,0,0
STK20262508,0.649350649,0,0.497695853,0,0,0,0,0,0,0,0,1,0,0,0.526315789,0.289855072,0.28358209,0,0,0,0,0,0,0,0,0
STK20262509,0.38961039,0,0.400921659,0,0,0,0,0,0,0,0,0,0,0,0.307017544,0.463768116,0.402985075,0,0,0,0,0,0,0,0,0
STK20262510,0.61038961,0,0.626728111,0,0,1,0,0,1,0,0,1,0,0,0.50877193,0.507246377,0.373134328,1,0,1,0,0,0,0,0,1
STK20262511,0.558441558,0,0.571428571,0,0,0,0,0,0,0,0,0,0,0,0.350877193,0.565217391,0.492537313,0,0,1,0,0,0,0,0,0
STK20262512,0.727272727,0,0.092165899,0,0,0,0,0,0,0,0,1,0,0,0.526315789,0.391304348,0.447761194,0,0,0,0,0,0,0,0,0
STK20262513,0.545454545,1,0.493087558,0,0,0,0,0,0,0,0,0,0,0,0.254385965,0.492753623,0.656716418,0,0,0,0,0,0,0,0,0
STK20262514,0.74025974,1,0.709677419,1,0,1,0,0,1,0,0,0,0,0,0.5,0.565217391,0.373134328,1,1,1,1,1,1,0,0,1
STK20262515,0,1,0.285714286,0,0,1,0,0,0,0,0,0,0,0,0.324561404,0.217391304,0.358208955,0,0,0,0,1,1,0,0,0
STK20262516,0.675324675,0,0.442396313,0,0,0,0,0,0,0,0,0,0,0,0.377192982,0.376811594,0.507462687,0,0,0,0,0,0,0,1,0
STK20262517,0.233766234,0,0.557603687,0,0,0,0,0,0,0,0,0,0,0,0.324561404,0.304347826,0.402985075,0,0,0,0,0,1,0,0,0
STK20262518,0.428571429,1,0.470046083,0,0,0,0,0,0,0,0,0,0,0,0.377192982,0.405797101,0.597014925,0,0,0,0,0,0,0,1,0
STK20262519,0.662337662,1,0.622119816,1,0,0,0,0,0,0,0,0,0,0,0.473684211,0.637681159,0.343283582,1,1,1,0,0,1,1,1,1
STK20262520,0.493506494,1,0.225806452,0,1,0,0,0,0,0,0,0,0,0,0.324561404,0.463768116,0.47761194,0,0,0,0,0,0,0,0,0
STK20262521,0.818181818,1,0.092165899,0,0,0,0,0,0,0,0,0,0,0,0.49122807,0.420289855,0.417910448,0,0,0,0,0,0,0,0,0
STK20262522,0.844155844,1,0.276497696,1,1,1,0,0,0,0,0,1,0,0,0.771929825,0.753623188,0.47761194,1,1,0,0,0,0,1,1,1
STK20262523,0.103896104,0,0.470046083,0,1,0,0,0,0,0,0,0,0,0,0.359649123,0.449275362,0.298507463,0,0,0,0,0,0,0,0,0
STK20262524,0.350649351,0,0.451612903,0,0,0,0,0,0,0,0,0,0,0,0.228070175,0.405797101,0.298507463,0,0,0,0,0,0,0,0,0
STK20262525,0.337662338,1,0.488479263,0,0,0,0,0,0,0,0,0,0,0,0.385964912,0.376811594,0.462686567,1,0,0,0,0,0,1,0,1
STK20262526,0.584415584,1,0.451612903,0,0,0,0,0,1,0,0,0,1,0,0.280701754,0.333333333,0.298507463,1,0,1,0,0,0,0,0,1
STK20262527,0.909090909,1,0.267281106,1,0,1,0,0,1,0,0,0,0,0,0.754385965,0.623188406,0.492537313,1,0,0,1,0,1,0,1,1
STK20262528,0.61038961,1,0.612903226,0,0,0,0,0,0,0,0,0,0,0,0.394736842,0.666666667,0.641791045,0,0,0,0,0,0,0,0,0
STK20262529,0.493506494,1,0.30875576,0,0,0,0,0,0,0,1,1,0,0,0.429824561,0.695652174,0.492537313,0,0,0,0,0,0,0,0,0
STK20262530,0.220779221,1,0.728110599,0,0,0,0,1,0,0,0,0,0,1,0.192982456,0.376811594,0.388059701,0,0,0,0,0,0,0,0,0
STK20262531,0.467532468,0,0.055299539,0,0,1,0,0,0,0,1,1,0,0,0.201754386,0.536231884,0.313432836,0,0,0,0,0,0,0,0,0
STK20262532,0.545454545,0,0.529953917,1,0,1,0,0,0,0,0,0,0,0,0.394736842,0.724637681,0.298507463,1,1,1,0,0,0,0,1,1
STK20262533,0.441558442,1,0.276497696,0,0,0,0,0,0,0,0,0,0,0,0.245614035,0.246376812,0.328358209,0,0,0,0,0,0,0,0,0
STK20262534,0.467532468,1,0.67281106,0,0,0,0,0,0,0,0,0,1,0,0.175438596,0.463768116,0.402985075,0,0,0,0,0,1,0,1,1
STK20262535,0.831168831,1,0.571428571,0,0,0,0,1,0,0,0,0,0,0,0.412280702,0.652173913,0.611940299,1,1,0,1,0,0,0,0,1
STK20262536,0.675324675,0,0.299539171,0,0,0,0,0,1,0,0,0,0,0,0.447368421,0.550724638,0.417910448,0,0,0,0,0,0,0,0,0
STK20262537,0.584415584,1,0.811059908,1,0,0,0,0,0,0,0,1,0,0,0.377192982,0.782608696,0.313432836,0,1,0,0,0,0,1,0,1
STK20262538,0.844155844,0,0.230414747,1,1,1,0,0,0,0,1,1,0,0,0.833333333,0.739130435,0.388059701,1,1,0,0,0,1,0,0,1
STK20262539,0.454545455,1,0.202764977,0,0,0,0,0,0,0,0,0,0,0,0.543859649,0.376811594,0.462686567,0,0,0,0,0,0,0,0,0
STK20262540,0.701298701,1,0.248847926,0,0,0,0,0,1,0,0,0,0,0,0.412280702,0.405797101,0.417910448,0,0,0,0,1,0,0,0,0
STK20262541,0.480519481,1,0.520737327,0,0,0,0,0,0,0,0,0,0,1,0.49122807,0.173913043,0.447761194,0,0,0,0,0,0,0,0,0
STK20262542,0.38961039,0,0.281105991,0,0,0,0,0,0,0,0,1,0,0,0.412280702,0.623188406,0.164179104,0,0,0,0,0,0,0,0,0
STK20262543,0.428571429,1,0.580645161,0,0,0,0,0,0,0,0,0,1,0,0.105263158,0.304347826,0.626865672,0,0,0,0,0,0,0,0,0
STK20262544,0.207792208,0,0.67281106,0,0,0,0,0,0,0,0,0,0,0,0.324561404,0.231884058,0.313432836,0,0,0,1,0,0,0,0,0
STK20262545,0.519480519,1,0.341013825,0,0,1,0,0,0,0,0,0,1,0,0.526315789,0.463768116,0.358208955,0,0,0,0,0,0,0,0,0
STK20262546,0.532467532,1,0.709677419,1,0,0,0,0,0,0,0,0,0,0,0.368421053,0.536231884,0.343283582,0,1,1,0,0,0,1,0,1
STK20262547,1,1,0.414746544,0,0,0,1,1,0,0,0,0,0,0,0.184210526,0.52173913,0.447761194,0,0,1,0,0,1,0,0,1
STK20262548,0.818181818,1,0.405529954,0,0,0,0,0,0,0,0,1,0,0,0.464912281,0.362318841,0.402985075,0,0,0,0,0,0,0,0,0
STK20262549,0.441558442,0,0.414746544,0,0,0,0,0,0,0,0,0,0,0,0.412280702,0.376811594,0.23880597,0,0,0,0,0,1,0,0,0
STK20262550,0.168831169,1,0.576036866,1,0,0,0,0,0,0,0,0,0,0,0.184210526,0.434782609,0.298507463,0,0,0,0,0,0,0,0,0
STK20262551,0.623376623,1,0.341013825,0,0,1,0,0,0,0,0,0,0,1,0.377192982,0.434782609,0.507462687,0,0,0,0,0,0,0,0,0
STK20262552,0.376623377,1,0.562211982,0,0,0,0,0,0,0,0,0,0,0,0.228070175,0.507246377,0.388059701,0,0,0,0,0,0,0,0,0
STK20262553,0.675324675,0,0.437788018,0,0,0,0,0,0,0,0,0,0,0,0.543859649,0.449275362,0.417910448,0,0,0,0,0,0,0,0,0
STK20262554,0.415584416,1,0.387096774,0,0,0,0,0,0,0,0,0,1,1,0.368421053,0.333333333,0.28358209,0,0,0,0,0,0,0,0,0
STK20262555,0.792207792,0,0.239631336,0,1,0,0,0,0,0,0,1,0,0,0.587719298,0.347826087,0.537313433,0,1,0,0,0,0,0,0,1
STK20262556,0.376623377,1,0.529953917,0,0,0,0,0,0,0,0,1,0,1,0.140350877,0.202898551,0.208955224,1,0,0,0,0,0,0,1,0
STK20262557,0.935064935,0,0.451612903,1,0,0,0,1,0,0,0,0,0,0,0.543859649,0.811594203,0.388059701,1,1,0,0,0,0,0,1,2
STK20262558,0.493506494,0,0.32718894,0,0,1,0,0,0,0,0,0,0,0,0.473684211,0.47826087,0.417910448,0,0,1,0,0,1,0,0,0
STK20262559,0.298701299,0,0.414746544,0,0,0,0,0,0,0,0,0,0,0,0.184210526,0.275362319,0.373134328,0,0,0,0,0,0,0,0,0
STK20262560,0.532467532,1,0.281105991,0,0,0,0,0,0,0,0,0,0,0,0.201754386,0.391304348,0.417910448,0,0,0,0,0,0,0,0,0
STK20262561,0.038961039,1,0.580645161,0,0,0,0,0,0,0,0,0,0,0,0.280701754,0.188405797,0.28358209,0,0,0,0,0,0,0,0,0
STK20262562,0.467532468,0,0.382488479,0,0,1,0,0,0,0,0,0,0,0,0.122807018,0.623188406,0.492537313,0,0,0,0,0,0,0,0,0
STK20262563,0.636363636,1,0.529953917,0,0,0,0,0,0,0,0,0,0,0,0.324561404,0.449275362,0.626865672,0,0,0,0,0,0,0,0,0
STK20262564,0.714285714,0,0.405529954,0,0,0,0,0,0,0,0,0,0,0,0.429824561,0.811594203,0.402985075,0,0,0,0,0,0,1,0,0
STK20262565,0.571428571,0,0.350230415,0,0,1,0,0,0,0,0,1,0,0,0.192982456,0.405797101,0.492537313,0,0,0,0,0,0,0,0,0
STK20262566,0.896103896,0,0.534562212,0,0,0,1,0,1,0,0,1,0,0,0.394736842,0.275362319,0.462686567,0,1,1,0,0,1,0,0,1
STK20262567,0.636363636,0,0.211981567,0,0,0,0,1,0,0,0,0,0,0,0.456140351,0.275362319,0.402985075,0,0,0,0,0,0,0,0,0
STK20262568,0.766233766,0,0.235023041,1,0,1,0,0,0,0,0,0,0,0,0.684210526,0.826086957,0.507462687,1,0,1,0,0,0,0,0,1
STK20262569,0.909090909,1,0.359447005,1,0,1,0,0,0,0,0,1,0,0,0.824561404,0.710144928,0.373134328,0,1,0,0,0,0,0,1,1
STK20262570,0.025974026,1,0.447004608,0,0,0,0,0,0,0,0,1,1,1,0.157894737,0.507246377,0.417910448,0,0,0,0,0,0,0,0,0
STK20262571,0.675324675,1,0.497695853,1,0,0,0,0,1,0,0,0,0,1,0.640350877,0.579710145,0.358208955,0,0,1,0,1,0,0,1,1
STK20262572,0.766233766,1,0.442396313,0,1,0,0,0,1,0,0,0,1,1,0.561403509,0.231884058,0.208955224,1,0,1,0,1,0,0,0,2
STK20262573,0.597402597,0,0.290322581,0,1,0,0,0,0,0,0,0,0,1,0.438596491,0.608695652,0.432835821,0,0,0,0,0,0,0,0,0
STK20262574,0.532467532,1,0.65437788,0,0,0,0,0,0,0,0,0,0,0,0.412280702,0.304347826,0.462686567,0,0,0,0,0,0,0,0,0
STK20262575,0.688311688,0,0.502304147,0,1,0,0,0,0,0,0,0,0,0,0.51754386,0.507246377,0.373134328,0,0,0,0,0,0,0,0,0
STK20262576,0.571428571,1,0.400921659,0,0,0,0,0,0,0,0,0,0,0,0.561403509,0.376811594,0.432835821,0,0,0,0,0,0,0,0,0
STK20262577,0.558441558,0,0.359447005,0,0,0,0,1,0,0,0,0,0,0,0.175438596,0.376811594,0.447761194,1,0,0,0,1,0,1,0,0
STK20262578,0.701298701,0,0.474654378,1,0,1,0,0,0,0,0,0,0,0,0.684210526,0.420289855,0.402985075,0,0,0,0,1,0,0,0,1
STK20262579,0.649350649,1,0.368663594,0,0,1,0,0,1,0,0,0,0,0,0.50877193,0.420289855,0.268656716,0,0,0,0,0,0,0,0,0
STK20262580,0.532467532,0,0.391705069,0,0,1,0,0,0,0,0,0,0,0,0.271929825,0.434782609,0.462686567,0,0,0,0,0,0,0,0,0
STK20262581,0.584415584,1,0.202764977,1,0,0,0,0,0,0,0,0,0,0,0.473684211,0.826086957,0.492537313,0,0,0,0,0,1,0,0,0
STK20262582,0.831168831,0,0.235023041,1,0,0,0,0,1,0,0,0,0,0,0.570175439,0.753623188,0.626865672,0,0,1,0,0,0,0,1,1
STK20262583,0.623376623,0,0.322580645,0,1,0,0,0,0,0,0,0,0,1,0.368421053,0.449275362,0.52238806,0,0,0,0,1,0,0,0,0
STK20262584,0.467532468,0,0.741935484,0,0,0,0,0,0,0,0,0,0,0,0.315789474,0.550724638,0.582089552,0,0,0,0,1,0,0,0,0
STK20262585,0.688311688,0,0.33640553,1,0,1,0,1,0,0,0,0,0,0,0.710526316,0.637681159,0.417910448,1,0,0,1,0,1,1,1,1
STK20262586,0.688311688,0,0.414746544,0,0,1,0,0,0,0,0,0,0,0,0.368421053,0.623188406,0.328358209,0,0,0,0,0,0,0,0,0
STK20262587,0.662337662,0,0.437788018,0,0,1,0,1,0,0,0,0,0,0,0.447368421,0.31884058,0.28358209,0,0,0,0,0,0,0,0,0
STK20262588,0.636363636,0,0.576036866,0,1,1,1,0,0,0,0,1,0,0,0.350877193,0.231884058,0.611940299,1,0,1,1,1,0,1,1,1
STK20262589,0.662337662,0,0.525345622,0,0,0,0,0,0,0,0,0,0,0,0.289473684,0.463768116,0.253731343,0,0,0,0,0,0,1,0,0
STK20262590,0.38961039,1,0.755760369,0,0,0,0,0,0,0,0,0,0,0,0.403508772,0.405797101,0.253731343,0,1,0,0,0,0,0,0,0
STK20262591,0.636363636,0,0.603686636,0,0,0,0,0,0,0,0,0,0,0,0.263157895,0.434782609,0.28358209,0,0,0,0,0,0,1,0,0
STK20262592,0.454545455,1,0.115207373,0,1,0,0,0,0,0,0,0,0,1,0.385964912,0.376811594,0.298507463,0,1,0,0,0,0,0,0,0
STK20262593,0.571428571,0,0.230414747,0,0,0,0,0,0,0,0,1,0,0,0.385964912,0.391304348,0.328358209,0,0,0,0,0,0,0,0,0
STK20262594,0.558441558,0,0.6359447,0,0,0,0,0,0,0,0,0,0,0,0.359649123,0.47826087,0.447761194,0,0,0,0,0,0,0,0,0
STK20262595,1,0,0.483870968,1,0,0,0,0,1,0,1,0,0,0,0.894736842,0.536231884,0.671641791,0,0,1,0,1,0,1,0,2
STK20262596,0.818181818,0,0.470046083,0,0,0,0,0,0,0,0,0,0,0,0.543859649,0.405797101,0.626865672,0,0,0,0,0,0,0,1,0
STK20262597,0.545454545,0,0.304147465,0,0,0,0,0,0,0,0,0,0,0,0.385964912,0.536231884,0.567164179,0,0,0,0,0,0,0,0,0
STK20262598,0.311688312,0,0.516129032,0,0,0,0,0,0,0,0,0,1,0,0.201754386,0.333333333,0.432835821,0,0,0,0,0,0,0,0,0
STK20262599,0.805194805,0,0.359447005,1,0,0,0,0,0,0,0,0,0,0,0.552631579,0.594202899,0.447761194,0,1,1,0,0,1,1,0,1
STK20262600,0.961038961,1,0.281105991,1,1,1,0,0,0,0,0,0,0,0,0.798245614,0.652173913,0.343283582,1,1,1,1,0,1,1,1,1
STK20262601,0.324675325,0,0.359447005,0,0,0,0,0,0,0,0,0,0,0,0.166666667,0.507246377,0.402985075,0,0,0,0,0,0,0,1,0
STK20262602,0.922077922,0,0.073732719,1,1,0,0,0,1,1,0,0,0,0,0.552631579,0.608695652,0.567164179,1,0,0,0,0,0,0,1,1
STK20262603,0.376623377,0,0.34562212,0,0,0,0,0,0,0,0,0,0,0,0.245614035,0.289855072,0.507462687,0,0,1,0,0,0,0,0,0
STK20262604,0.532467532,1,0.294930876,1,0,0,0,0,0,0,0,1,0,0,0.412280702,0.710144928,0.402985075,1,0,0,0,0,0,0,0,0
STK20262605,0.246753247,0,0.493087558,0,0,0,0,0,0,0,0,1,0,0,0.166666667,0.391304348,0.462686567,0,0,0,0,0,0,0,0,0
STK20262606,0.25974026,0,0.67281106,0,0,0,0,0,0,0,0,0,0,0,0.254385965,0.420289855,0.417910448,0,0,0,0,1,0,0,0,0
STK20262607,0.207792208,0,0.331797235,0,0,0,0,0,0,0,0,1,0,0,0.271929825,0.420289855,0.507462687,0,0,0,0,0,0,0,0,0
STK20262608,0.506493506,1,0.350230415,0,0,1,0,0,0,0,0,1,0,0,0.315789474,0.623188406,0.492537313,0,0,0,0,0,0,0,0,0
STK20262609,0.688311688,0,0.428571429,1,0,0,0,0,1,0,0,0,0,0,0.605263158,0.579710145,0.567164179,1,1,1,0,0,1,0,1,1
STK20262610,0.558441558,1,0.760368664,0,0,0,0,1,0,0,0,0,1,0,0.421052632,0.565217391,0.388059701,0,1,1,0,0,1,1,0,1
STK20262611,0.818181818,1,0.230414747,1,1,0,0,1,0,0,0,0,0,0,0.763157895,0.52173913,0.597014925,1,0,1,1,1,0,0,1,1
STK20262612,0.662337662,1,0.737327189,0,0,0,0,0,0,0,0,0,0,0,0.473684211,0.347826087,0.417910448,0,0,1,0,0,1,1,1,1
STK20262613,0.324675325,1,0.6359447,0,0,0,0,0,0,0,0,0,1,0,0.192982456,0.188405797,0.552238806,0,0,0,0,0,0,0,0,0
STK20262614,0.545454545,0,0.30875576,0,0,0,0,0,0,0,0,1,0,0,0.157894737,0.579710145,0.656716418,0,0,0,0,0,0,1,0,0
STK20262615,0.922077922,1,0.506912442,0,1,0,1,0,0,0,0,0,0,0,0.684210526,0.550724638,0.417910448,1,1,1,0,1,1,0,0,1
STK20262616,0.74025974,0,0.534562212,0,0,0,0,0,0,0,0,1,0,0,0.412280702,0.217391304,0.462686567,0,0,0,0,0,0,0,0,0
STK20262617,0.818181818,1,0.506912442,1,0,1,0,0,0,0,0,0,0,0,0.631578947,0.507246377,0.447761194,1,1,1,1,0,0,1,1,1
STK20262618,0.493506494,1,0.824884793,0,0,0,0,0,0,0,0,0,1,0,0.307017544,0.434782609,0.373134328,1,1,0,0,0,1,0,0,1
STK20262619,0.155844156,0,0.34562212,0,0,0,0,0,0,0,0,0,0,0,0.245614035,0.362318841,0.582089552,0,0,0,0,0,0,0,0,0
STK20262620,0.532467532,0,0.479262673,0,0,1,0,0,0,0,0,1,0,0,0.333333333,0.405797101,0.641791045,0,0,0,0,0,1,0,0,0
STK20262621,0.077922078,0,0.442396313,0,0,0,0,0,0,0,0,0,0,0,0.333333333,0.463768116,0.119402985,0,0,0,0,0,0,0,0,0
STK20262622,0.272727273,0,0.235023041,1,0,0,0,0,0,0,0,0,0,0,0.342105263,0.536231884,0.328358209,0,0,0,0,0,1,0,0,0
STK20262623,0.454545455,0,0.520737327,0,0,0,0,0,1,0,0,0,0,0,0.210526316,0.753623188,0.462686567,0,0,0,1,0,0,1,0,0
STK20262624,0.532467532,0,0.502304147,0,0,0,0,0,0,0,0,0,0,0,0.412280702,0.376811594,0.597014925,0,0,0,0,0,0,0,0,0
STK20262625,0.285714286,1,0.732718894,0,1,0,0,0,0,0,0,0,0,0,0.219298246,0.608695652,0.343283582,0,0,0,0,0,0,0,0,0
STK20262626,0.558441558,1,0.419354839,0,0,0,0,0,0,0,0,0,1,0,0.456140351,0.391304348,0.507462687,0,0,0,0,1,0,0,0,0
STK20262627,0.636363636,0,0.502304147,1,1,0,0,0,0,0,0,1,0,0,0.5,0.579710145,0.149253731,1,1,0,0,0,0,0,0,1
STK20262628,0.480519481,0,0.67281106,0,0,1,0,0,0,0,0,1,0,1,0.342105263,0.333333333,0.373134328,1,0,1,0,0,0,0,0,1
STK20262629,0.792207792,1,0.608294931,0,0,0,0,0,0,0,0,0,0,1,0.5,0.376811594,0.388059701,0,1,1,0,0,1,0,0,1
STK20262630,0.597402597,1,0.442396313,0,0,0,0,0,0,0,0,0,1,1,0.429824561,0.492753623,0.582089552,1,1,1,0,1,0,0,1,1
STK20262631,0.779220779,1,0.391705069,0,0,0,0,1,1,0,0,0,0,0,0.350877193,0.52173913,0.402985075,0,1,0,0,1,0,0,0,2
STK20262632,0.727272727,0,0.428571429,1,0,0,0,0,0,0,0,0,0,0,0.631578947,0.565217391,0.641791045,0,1,0,0,0,0,0,1,1
STK20262633,0.545454545,1,0.271889401,0,1,0,0,0,0,0,0,1,0,0,0.315789474,0.536231884,0.597014925,0,0,0,0,0,0,0,0,0
STK20262634,0.480519481,0,0.506912442,1,0,0,0,0,0,0,0,0,0,0,0.49122807,0.420289855,0.164179104,0,0,0,0,0,1,0,0,0
